course_id,Title,URL,Short Intro,Category,Sub-Category,Course Type,Skills,Instructors,Rating,Number of viewers,Duration,Site,Level,Number of Reviews,Prequisites,What you learn,skills_list,domain
C0001,Machine Learning Specialization,https://www.coursera.org/specializations/machine-learning-introduction,"#BreakIntoAI with Machine Learning Specialization. Master fundamental AI concepts and develop practical machine learning skills in the beginner-friendly, 3-course program by AI visionary Andrew Ng",Data Science,Machine Learning,Specialization,"Decision Trees, Artificial Neural Network, Logistic Regression, Recommender Systems, Linear Regression, Regularization to Avoid Overfitting, Gradient Descent, Supervised Learning, Logistic Regression for Classification, Xgboost, Tensorflow, Tree Ensembles, ","Andrew Ng ,Eddy Shyu ,Aarti Bagul ,Geoff Ladwig ,",4.9,10438.0,Approximately 3 months to complete,Coursera,,,,,"['Decision Trees', 'Artificial Neural Network', 'Logistic Regression', 'Recommender Systems', 'Linear Regression', 'Regularization to Avoid Overfitting', 'Gradient Descent', 'Supervised Learning', 'Logistic Regression for Classification', 'Xgboost', 'Tensorflow', 'Tree Ensembles']",Data Science
C0002,Introduction to Data Science Specialization,https://www.coursera.org/specializations/introduction-data-science,Launch your career in data science. Gain foundational data science skills to prepare for a career or further advanced learning in data science. ,Data Science,Data Analysis,Specialization,"Data Science, Relational Database Management System (RDBMS), Cloud Databases, Python Programming, SQL, Deep Learning, Machine Learning, Big Data, Data Mining, Github, Jupyter notebooks, Rstudio, ","Rav Ahuja ,Alex Aklson ,Aije Egwaikhide ,Svetlana Levitan ,Romeo Kienzler ,Polong Lin ,Hima Vasudevan ,",4.7,11927.0,Approximately 5 months to complete,Coursera,,,,,"['Data Science', 'Relational Database Management System (RDBMS)', 'Cloud Databases', 'Python Programming', 'SQL', 'Deep Learning', 'Machine Learning', 'Big Data', 'Data Mining', 'Github', 'Jupyter notebooks', 'Rstudio']",Data Science
C0003,Data Science Fundamentals with Python and SQL Specialization,https://www.coursera.org/specializations/data-science-fundamentals-python-sql,"Build the Foundation for your Data Science career. Develop hands-on experience with Jupyter, Python, SQL. Perform Statistical Analysis on real data sets.",Data Science,Data Analysis,Specialization,"Data Science, Github, Python Programming, Jupyter notebooks, Rstudio, Data Analysis, Pandas, Numpy, Probability And Statistics, Regression Analysis, Data Visualization (DataViz), Statistical Hypothesis Testing, ","Aije Egwaikhide ,Svetlana Levitan ,Romeo Kienzler ,Joseph Santarcangelo ,Azim Hirjani ,Murtaza Haider ,Rav Ahuja ,Hima Vasudevan ,",4.6,2295.0,Approximately 7 months to complete,Coursera,,,,,"['Data Science', 'Github', 'Python Programming', 'Jupyter notebooks', 'Rstudio', 'Data Analysis', 'Pandas', 'Numpy', 'Probability And Statistics', 'Regression Analysis', 'Data Visualization (DataViz)', 'Statistical Hypothesis Testing']",Data Science
C0004,Deep Learning Specialization,https://www.coursera.org/specializations/deep-learning,Become a Machine Learning expert. Master the fundamentals of deep learning and break into AI. Recently updated with cutting-edge techniques!,Data Science,Machine Learning,Specialization,"Artificial Neural Network, Convolutional Neural Network, Tensorflow, Recurrent Neural Network, Transformers, Deep Learning, Backpropagation, Python Programming, Neural Network Architecture, Mathematical Optimization, hyperparameter tuning, Inductive Transfer, ","Andrew Ng ,Kian Katanforoosh ,Younes Bensouda Mourri ,",4.9,129253.0,Approximately 5 months to complete,Coursera,,,,,"['Artificial Neural Network', 'Convolutional Neural Network', 'Tensorflow', 'Recurrent Neural Network', 'Transformers', 'Deep Learning', 'Backpropagation', 'Python Programming', 'Neural Network Architecture', 'Mathematical Optimization', 'hyperparameter tuning', 'Inductive Transfer']",Data Science
C0005,IBM & Darden Digital Strategy Specialization,https://www.coursera.org/specializations/digital-strategy,Get ahead with key business and technical skills. Understand how current technologies are changing industry and create strategy to transform your business,Data Science,Machine Learning,Specialization,"Data Science, Digital transformation, Artificial Intelligence (AI), Business Strategy, Cloud Computing, Deep Learning, Jobs, Machine Learning, strategy, Swot Analysis, Value Proposition, Competitiveness, ","Rav Ahuja ,Jared Harris ,Michael Lenox ,Rajkumar Venkatesan ,Yael Grushka-Cockayne  ,",4.8,262.0,Approximately 7 months to complete,Coursera,,,,,"['Data Science', 'Digital transformation', 'Artificial Intelligence (AI)', 'Business Strategy', 'Cloud Computing', 'Deep Learning', 'Jobs', 'Machine Learning', 'strategy', 'Swot Analysis', 'Value Proposition', 'Competitiveness']",Data Science
C0006,IBM AI Foundations for Business Specialization,https://www.coursera.org/specializations/ibm-ai-foundations-for-business,,Data Science,Machine Learning,Specialization,"Data Science, Artificial Intelligence (AI), Information Technology (IT) Architecture, Data Architecture, Leadership, Deep Learning, Jobs, Machine Learning, Big Data, Data Mining, Management, Analytics, ","Rav Ahuja ,Alex Aklson ,Mark J Grover ,Ray Lopez, Ph.D. ,",4.7,1076.0,Approximately 2 months to complete,Coursera,,,,,"['Data Science', 'Artificial Intelligence (AI)', 'Information Technology (IT) Architecture', 'Data Architecture', 'Leadership', 'Deep Learning', 'Jobs', 'Machine Learning', 'Big Data', 'Data Mining', 'Management', 'Analytics']",Data Science
C0007,Data Analysis and Visualization Foundations Specialization,https://www.coursera.org/specializations/data-analysis-visualization-foundations,"Get ahead w/ Data Analysis & Visualization skills. Enhance your career by learning to analyze data using Excel spreadsheets, and create stunning visualizations and interactive dashboards with Cognos.",Data Science,Data Analysis,Specialization,"Data Science, Spreadsheet, Microsoft Excel, Data Analysis, Data Visualization (DataViz), Pivot Table, IBM Cognos Analytics, Dashboard, ","Rav Ahuja ,Sandip Saha Joy ,Steve Ryan ,Kevin McFaul ,Skills Network ,",4.8,2171.0,Approximately 4 months to complete,Coursera,,,,,"['Data Science', 'Spreadsheet', 'Microsoft Excel', 'Data Analysis', 'Data Visualization (DataViz)', 'Pivot Table', 'IBM Cognos Analytics', 'Dashboard']",Data Science
C0008,Applied Data Science Specialization,https://www.coursera.org/specializations/applied-data-science,"Get hands-on skills for a career in data science. Learn Python, analyze and visualize data. Apply your skills to data science and machine learning. ",Data Science,Machine Learning,Specialization,"Data Science, Python Programming, Data Analysis, Pandas, Numpy, Jupyter notebooks, Predictive Modelling, Data Visualization (DataViz), Model Selection, Dashboards and Charts, dash, Matplotlib, ","Joseph Santarcangelo ,Azim Hirjani ,Saishruthi Swaminathan ,Yan Luo ,",4.6,7175.0,Approximately 6 months to complete,Coursera,,,,,"['Data Science', 'Python Programming', 'Data Analysis', 'Pandas', 'Numpy', 'Jupyter notebooks', 'Predictive Modelling', 'Data Visualization (DataViz)', 'Model Selection', 'Dashboards and Charts', 'dash', 'Matplotlib']",Data Science
C0009,Data Engineering Foundations Specialization,https://www.coursera.org/specializations/data-engineering-foundations,"Build the Foundation for a Data Engineering Career. Develop hands-on experience with Python, SQL, and Relational Databases and master the fundamentals of the Data Engineering ecosystem. ",Information Technology,Data Management,Specialization,"Information Engineering, Python Programming, Extraction, Transformation And Loading (ETL), Relational Database Management System (RDBMS), SQL, Data Science, Database (DBMS), NoSQL, Data Analysis, Pandas, Numpy, Jupyter notebooks, ","Rav Ahuja ,Priya Kapoor ,Joseph Santarcangelo ,Ramesh Sannareddy ,Sandip Saha Joy ,Lin Joyner ,Rose Malcolm ,Hima Vasudevan ,",4.7,922.0,Approximately 5 months to complete,Coursera,,,,,"['Information Engineering', 'Python Programming', 'Extraction', 'Transformation And Loading (ETL)', 'Relational Database Management System (RDBMS)', 'SQL', 'Data Science', 'Database (DBMS)', 'NoSQL', 'Data Analysis', 'Pandas', 'Numpy', 'Jupyter notebooks']",Data Science
C0010,IT Fundamentals for Cybersecurity Specialization,https://www.coursera.org/specializations/it-fundamentals-cybersecurity,Launch your career in Cybersecurity. Acquire the knowledge you need to work in Cybersecurity,Information Technology,Security,Specialization,"Operating System Security, database vulnerabilities, Cybersecurity, networking basics, Cyber Attacks, Information Security (INFOSEC), IBM New Collar, Malware, Network Security, Sql Injection, ","IBM Security Learning Services ,",4.6,4996.0,Approximately 5 months to complete,Coursera,,,,,"['Operating System Security', 'database vulnerabilities', 'Cybersecurity', 'networking basics', 'Cyber Attacks', 'Information Security (INFOSEC)', 'IBM New Collar', 'Malware', 'Network Security', 'Sql Injection']",Cybersecurity
C0011,Applied Software Engineering Fundamentals Specialization,https://www.coursera.org/specializations/software-engineering-fundamentals,"Build the foundation of your career in Software. Develop hands-on experience with Git, GitHub, Linux, and Python, and learn the fundamentals of Software Engineering. ",Computer Science,Software Development,Specialization,"Linux, Software Design and Architecture, Python Programming, Git and GitHub, Software Development Lifecycle (SDLC), Basic programming concepts, Careers in software engineering, Programming languages and frameworks, The Software Development Lifecycle (SDLC), Software Architecture, Shell Script, Bash (Unix Shell), ","Rav Ahuja ,Lin Joyner ,Bethany Hudnutt ,Sam Prokopchuk ,Ramesh Sannareddy ,Upkar Lidder ,Joseph Santarcangelo ,",4.7,201.0,Approximately 5 months to complete,Coursera,,,,,"['Linux', 'Software Design and Architecture', 'Python Programming', 'Git and GitHub', 'Software Development Lifecycle (SDLC)', 'Basic programming concepts', 'Careers in software engineering', 'Programming languages and frameworks', 'The Software Development Lifecycle (SDLC)', 'Software Architecture', 'Shell Script', 'Bash (Unix Shell)']",Web Development
C0012,"DevOps, Cloud, and Agile Foundations Specialization",https://www.coursera.org/specializations/devops-cloud-and-agile-foundations,,Computer Science,Design and Product,Specialization,"Cloud Native, Devops, Scrum, Cloud Computing, agile, Test-Driven Development, CI/CD, Behavior-Driven Development, Iaas PaaS Saas, Hybrid Multicloud, Agile Software Development, Scrum Methodology, ","John Rofrano ,Rav Ahuja ,",4.8,625.0,Approximately 4 months to complete,Coursera,,,,,"['Cloud Native', 'Devops', 'Scrum', 'Cloud Computing', 'agile', 'Test-Driven Development', 'CI/CD', 'Behavior-Driven Development', 'Iaas PaaS Saas', 'Hybrid Multicloud', 'Agile Software Development', 'Scrum Methodology']",Web Development
C0013,Cloud Application Development Foundations Specialization,https://www.coursera.org/specializations/ibm-cloud-application-development-foundations,Kickstart Your Career as a Cloud Native Developer. Learn the foundational front-end and back-end skills for developing and deploying applications on Cloud.,Information Technology,Cloud Computing,Specialization,"Devops, Python Programming, Node.Js, HTML and CSS, Cloud Applications, Cloud Native, Iaas PaaS Saas, Hybrid Multicloud, Cloud Computing, Cascading Style Sheets (CSS), HTML, Git (Software), ","Rav Ahuja ,Upkar Lidder ,Michelle Saltoun ,Sachin Jambur ,",4.5,342.0,Approximately 6 months to complete,Coursera,,,,,"['Devops', 'Python Programming', 'Node.Js', 'HTML and CSS', 'Cloud Applications', 'Cloud Native', 'Iaas PaaS Saas', 'Hybrid Multicloud', 'Cloud Computing', 'Cascading Style Sheets (CSS)', 'HTML', 'Git (Software)']",Data Science
C0014,Python for Everybody Specialization,https://www.coursera.org/specializations/python,"Learn to Program and Analyze Data with Python. Develop programs to gather, clean, analyze, and visualize data.",Computer Science,Software Development,Specialization,"Json, Xml, Python Programming, Database (DBMS), Python Syntax And Semantics, Basic Programming Language, Computer Programming, Data Structure, Tuple, Web Scraping, Sqlite, SQL, ","Charles Russell Severance ,",4.8,202757.0,Approximately 8 months to complete,Coursera,,,,,"['Json', 'Xml', 'Python Programming', 'Database (DBMS)', 'Python Syntax And Semantics', 'Basic Programming Language', 'Computer Programming', 'Data Structure', 'Tuple', 'Web Scraping', 'Sqlite', 'SQL']",Web Development
C0015,Information Technology (IT) and Cloud Fundamentals Specialization,https://www.coursera.org/specializations/it-cloud-fundamentals,"Kickstart a new IT and Cloud Career . Master hardware, operating systems, programming, database, networking, storage, cybersecurity, and Cloud computing essentials. ",Information Technology,Cloud Computing,Specialization,"IT Fundamentals, Cybersecurity, Cloud, Networking, hardware, Technical Support, IT Service Management (ITSM), Troubleshooting, IT Career, Software Development Process, database management, Software Application Development, ","Skills Network ,Rav Ahuja ,",4.8,278.0,Approximately 7 months to complete,Coursera,,,,,"['IT Fundamentals', 'Cybersecurity', 'Cloud', 'Networking', 'hardware', 'Technical Support', 'IT Service Management (ITSM)', 'Troubleshooting', 'IT Career', 'Software Development Process', 'database management', 'Software Application Development']",Data Science
C0016,"BI Foundations with SQL, ETL and Data Warehousing Specialization",https://www.coursera.org/specializations/bi-foundations-sql-etl-data-warehouse,"Springboard for BI Analytics success. Develop hands-on skills for building data pipelines, warehouses,  reports and dashboards.",Information Technology,Data Management,Specialization,"Shell Script, Bash (Unix Shell), Linux, Cloud Databases, Python Programming, Jupyter notebooks, Relational Database Management System (RDBMS), SQL, Extraction, Transformation And Loading (ETL), Apache Kafka, Apache Airflow, Data Pipelines, ","Rav Ahuja ,Sam Prokopchuk ,Ramesh Sannareddy ,Hima Vasudevan ,Yan Luo ,Jeff Grossman ,Sabrina Spillner ,",4.6,210.0,Approximately 5 months to complete,Coursera,,,,,"['Shell Script', 'Bash (Unix Shell)', 'Linux', 'Cloud Databases', 'Python Programming', 'Jupyter notebooks', 'Relational Database Management System (RDBMS)', 'SQL', 'Extraction', 'Transformation And Loading (ETL)', 'Apache Kafka', 'Apache Airflow', 'Data Pipelines']",Data Science
C0017,Natural Language Processing Specialization,https://www.coursera.org/specializations/natural-language-processing,Break into NLP. Master cutting-edge NLP techniques through four hands-on courses! Updated with the latest techniques in October '21.,Data Science,Machine Learning,Specialization,"Word2vec, Machine Translation, Sentiment Analysis, Transformers, Attention Models, Word Embeddings, Locality-Sensitive Hashing, Vector Space Models, Parts-of-Speech Tagging, N-gram Language Models, Autocorrect, Word Embedding, ","Younes Bensouda Mourri ,Łukasz Kaiser ,Eddy Shyu ,",4.6,4787.0,Approximately 4 months to complete,Coursera,,,,,"['Word2vec', 'Machine Translation', 'Sentiment Analysis', 'Transformers', 'Attention Models', 'Word Embeddings', 'Locality-Sensitive Hashing', 'Vector Space Models', 'Parts-of-Speech Tagging', 'N-gram Language Models', 'Autocorrect', 'Word Embedding']",Data Science
C0018,Meta React Native Specialization,https://www.coursera.org/specializations/meta-react-native,"Become a cross-platform mobile app developer. Learn in-demand skills for developing reliable, scalable and user-friendly mobile apps for multiple operating systems, such as iOS and Android.",Computer Science,Mobile and Web Development,Specialization,"Web Development, React (Web Framework), HTML and CSS, Mobile Development, JavaScript, Test-Driven Development, Front-End Web Development, Object-Oriented Programming (OOP), Linux, Bash (Unix Shell), Github, Version Control, ","Taught by Meta Staff ,",4.8,564.0,Approximately 8 months to complete,Coursera,,,,,"['Web Development', 'React (Web Framework)', 'HTML and CSS', 'Mobile Development', 'JavaScript', 'Test-Driven Development', 'Front-End Web Development', 'Object-Oriented Programming (OOP)', 'Linux', 'Bash (Unix Shell)', 'Github', 'Version Control']",Web Development
C0019,Mathematics for Machine Learning and Data Science Specialization,https://www.coursera.org/specializations/mathematics-for-machine-learning-and-data-science,"Master the Toolkit of AI and Machine Learning. Mathematics for Machine Learning and Data Science is a beginner-friendly Specialization where you’ll learn the fundamental mathematics toolkit of machine learning: calculus, linear algebra, statistics, and probability.",Computer Science,Algorithms,Specialization,"Bayesian Statistics, Machine Learning, Mathematics, Probability, Linear Regression, Linear Equation, Eigenvalues And Eigenvectors, Linear Algebra, Determinants, Calculus, Mathematical Optimization, Gradient Descent, ","Luis Serrano ,Elena Sanina ,Anshuman Singh ,Magdalena Bouza ,",4.5,369.0,Approximately 3 months to complete,Coursera,,,,,"['Bayesian Statistics', 'Machine Learning', 'Mathematics', 'Probability', 'Linear Regression', 'Linear Equation', 'Eigenvalues And Eigenvectors', 'Linear Algebra', 'Determinants', 'Calculus', 'Mathematical Optimization', 'Gradient Descent']",Web Development
C0020,AI Foundations for Everyone Specialization,https://www.coursera.org/specializations/ai-foundations-for-everyone,,Data Science,Data Analysis,Specialization,"Data Science, Deep Learning, Artificial Intelligence (AI), Machine Learning, Watson (Computer), Jobs, Application Programming Interfaces (API), watson, ","Rav Ahuja ,Antonio Cangiano ,",4.7,2218.0,Approximately 3 months to complete,Coursera,,,,,"['Data Science', 'Deep Learning', 'Artificial Intelligence (AI)', 'Machine Learning', 'Watson (Computer)', 'Jobs', 'Application Programming Interfaces (API)', 'watson']",Data Science
C0021,Machine Learning Engineering for Production (MLOps) Specialization,https://www.coursera.org/specializations/machine-learning-engineering-for-production-mlops,Become a Machine Learning expert. Productionize your machine learning knowledge and expand your production engineering capabilities.,Data Science,Machine Learning,Specialization,"Managing Machine Learning Production Systems, Deployment Pipelines, Model Pipelines, Data Pipelines, Machine Learning Engineering for Production, Human-level Performance (HLP), Concept Drift, Model baseline, Project Scoping and Design, ML Deployment Challenges, ML Metadata, Convolutional Neural Network, ","Andrew Ng ,Cristian Bartolomé Arámburu ,Robert Crowe ,Laurence Moroney ,",4.7,2780.0,Approximately 4 months to complete,Coursera,,,,,"['Managing Machine Learning Production Systems', 'Deployment Pipelines', 'Model Pipelines', 'Data Pipelines', 'Machine Learning Engineering for Production', 'Human-level Performance (HLP)', 'Concept Drift', 'Model baseline', 'Project Scoping and Design', 'ML Deployment Challenges', 'ML Metadata', 'Convolutional Neural Network']",Data Science
C0022,Business Analytics Specialization,https://www.coursera.org/specializations/business-analytics,Make Data-Driven Business Decisions. Achieve fluency in business data strategies in four discipline-specific courses.,Data Science,Data Analysis,Specialization,"Customer Analytics, Analytics, Business Analytics, Decision Tree, Predictive Analytics, Regression Analysis, Marketing Performance Measurement And Management, Simulation, Mathematical Optimization, Solver, Talent Management, Performance Management, ","Eric Bradlow ,Peter Fader ,Raghu Iyengar ,Ron Berman ,Senthil Veeraraghavan ,Sergei Savin ,Noah Gans ,Cade Massey ,Martine Haas ,Matthew Bidwell ,Brian J Bushee ,Christopher D. Ittner ,Wharton Teaching Staff ,",4.6,15725.0,Approximately 6 months to complete,Coursera,,,,,"['Customer Analytics', 'Analytics', 'Business Analytics', 'Decision Tree', 'Predictive Analytics', 'Regression Analysis', 'Marketing Performance Measurement And Management', 'Simulation', 'Mathematical Optimization', 'Solver', 'Talent Management', 'Performance Management']",Data Science
C0023,Learn SQL Basics for Data Science Specialization,https://www.coursera.org/specializations/learn-sql-basics-data-science,,Data Science,Data Analysis,Specialization,"Data Analysis, Apache Spark, Delta Lake, SQL, Data Science, Sqlite, A/B Testing, Query String, Predictive Analytics, Presentation Skills, creating metrics, Exploratory Data Analysis, ","Sadie St. Lawrence ,Katrina Glaeser Poole ,Brooke Wenig ,Conor Murphy ,Don Noxon ,",4.5,8649.0,Approximately 4 months to complete,Coursera,,,,,"['Data Analysis', 'Apache Spark', 'Delta Lake', 'SQL', 'Data Science', 'Sqlite', 'A/B Testing', 'Query String', 'Predictive Analytics', 'Presentation Skills', 'creating metrics', 'Exploratory Data Analysis']",Data Science
C0024,Digital Product Management Specialization,https://www.coursera.org/specializations/uva-darden-digital-product-management,Implement a modern approach to product management. Master the fundamentals that create great teams and products,Computer Science,Design and Product,Specialization,"hypothesis-driven development, Product Management, Design Thinking, agile, Lean Startup, Product/Market Fit, Innovation Pipeline, agile user stories, User Experience Design (UXD), Agile Software Development, Software Development, Usability Testing, ","Alex Cowan ,",4.8,2681.0,Approximately 5 months to complete,Coursera,,,,,"['hypothesis-driven development', 'Product Management', 'Design Thinking', 'agile', 'Lean Startup', 'Product/Market Fit', 'Innovation Pipeline', 'agile user stories', 'User Experience Design (UXD)', 'Agile Software Development', 'Software Development', 'Usability Testing']",Web Development
C0025,Security Analyst Fundamentals Specialization,https://www.coursera.org/specializations/security-analyst-fundamentals,Launch your career in Cybersecurity.. Acquire the knowledge you need to work as a Cybersecurity Analyst.,Information Technology,Security,Specialization,"threat intelligence, Digital Forensics, Data Breach, cybersecurity analyst, Computer Security Incident Management, scripting, forensics, Penetration Test, Cybersecurity, Application Security, network defensive tactics, security analyst, ","IBM Security Learning Services ,",4.8,749.0,Approximately 4 months to complete,Coursera,,,,,"['threat intelligence', 'Digital Forensics', 'Data Breach', 'cybersecurity analyst', 'Computer Security Incident Management', 'scripting', 'forensics', 'Penetration Test', 'Cybersecurity', 'Application Security', 'network defensive tactics', 'security analyst']",Cybersecurity
C0026,Data Science Specialization,https://www.coursera.org/specializations/jhu-data-science,"Launch Your Career in Data Science. A ten-course introduction to data science, developed and taught by leading professors.",Data Science,Data Analysis,Specialization,"Github, Machine Learning, R Programming, Regression Analysis, Data Science, Rstudio, Data Analysis, Debugging, Data Manipulation, Regular Expression (REGEX), Data Cleansing, Cluster Analysis, ","Jeff Leek, PhD ,Roger D. Peng, PhD ,Brian Caffo, PhD ,",4.5,38510.0,Approximately 11 months to complete,Coursera,,,,,"['Github', 'Machine Learning', 'R Programming', 'Regression Analysis', 'Data Science', 'Rstudio', 'Data Analysis', 'Debugging', 'Data Manipulation', 'Regular Expression (REGEX)', 'Data Cleansing', 'Cluster Analysis']",Data Science
C0027,AI Product Management Specialization,https://www.coursera.org/specializations/ai-product-management-duke,"Manage the Design & Development of ML Products. Understand how machine learning works and when and how it can be applied to solve problems.  Learn to apply the data science process and best practices to lead machine learning projects,  and how to develop human-centered AI products which ensure privacy and ethical standards.",Data Science,Machine Learning,Specialization,"Data Science, Artificial Intelligence (AI), Machine Learning, Predictive Analytics, Modeling, Artificial Neural Network, Project Management, Privacy, Design Thinking, Ethics, ","Jon Reifschneider ,",4.7,165.0,Approximately 4 months to complete,Coursera,,,,,"['Data Science', 'Artificial Intelligence (AI)', 'Machine Learning', 'Predictive Analytics', 'Modeling', 'Artificial Neural Network', 'Project Management', 'Privacy', 'Design Thinking', 'Ethics']",Data Science
C0028,Introduction to Programming with Python and Java Specialization,https://www.coursera.org/specializations/programming-python-java,"Boost Your Computer Programming Skills. With minimal previous exposure, learn two popular programming languages at an accelerated pace.",Computer Science,Software Development,Specialization,"Programming Principles, Python Programming, Java Programming, Data Structure, Computer Programming, Python Tools, Python Syntax And Semantics, Data Science, Python Libraries, Data Analysis, Data Visualization (DataViz), Java Tools, ","Brandon Krakowsky ,",4.4,960.0,Approximately 4 months to complete,Coursera,,,,,"['Programming Principles', 'Python Programming', 'Java Programming', 'Data Structure', 'Computer Programming', 'Python Tools', 'Python Syntax And Semantics', 'Data Science', 'Python Libraries', 'Data Analysis', 'Data Visualization (DataViz)', 'Java Tools']",Web Development
C0029,IBM Introduction to Machine Learning Specialization,https://www.coursera.org/specializations/ibm-intro-machine-learning,Learn machine learning through real use cases. Build the skills for a career in one of the most relevant fields of modern AI through hands-on projects and curriculum from IBM’s experts.,Data Science,Data Analysis,Specialization,"Machine Learning Regression, Machine Learning Classification, Machine Learning, Unsupervised Learning, Exploratory Data Analysis, Artificial Intelligence (AI), Feature Engineering, Statistical Hypothesis Testing, Regression Analysis, Supervised Learning, Linear Regression, Ridge Regression, ","Joseph Santarcangelo ,Svitlana (Lana) Kramar ,Mark J Grover ,Miguel Maldonado ,Yan Luo ,Xintong Li ,",4.7,251.0,Approximately 6 months to complete,Coursera,,,,,"['Machine Learning Regression', 'Machine Learning Classification', 'Machine Learning', 'Unsupervised Learning', 'Exploratory Data Analysis', 'Artificial Intelligence (AI)', 'Feature Engineering', 'Statistical Hypothesis Testing', 'Regression Analysis', 'Supervised Learning', 'Linear Regression', 'Ridge Regression']",Data Science
C0030,AWS Fundamentals Specialization,https://www.coursera.org/specializations/aws-fundamentals,,Information Technology,Cloud Computing,Specialization,"AWS Identity and Access Management, Networking on AWS, AWS Management Console, Cloud Computing, aws security, aws, Information Privacy, Cloud Management, security, Cloud Applications, AWS Lambda, Amazon Lex, ","Morgan Willis ,Seph Robinson ,Rudy Chetty ,Hong Pham ,Alex G. ,Wes Gruver ,Bobbie Atristain ,Rick Hurst ,Adam Becker ,",4.6,10966.0,Approximately 5 months to complete,Coursera,,,,,"['AWS Identity and Access Management', 'Networking on AWS', 'AWS Management Console', 'Cloud Computing', 'aws security', 'aws', 'Information Privacy', 'Cloud Management', 'security', 'Cloud Applications', 'AWS Lambda', 'Amazon Lex']",Data Science
C0031,Data Science: Foundations using R Specialization,https://www.coursera.org/specializations/data-science-foundations-r,,Data Science,Data Analysis,Specialization,"Data Science, Machine Learning, Github, R Programming, Exploratory Data Analysis, Rstudio, Data Analysis, Debugging, Data Manipulation, Regular Expression (REGEX), Data Cleansing, Cluster Analysis, ","Jeff Leek, PhD ,Roger D. Peng, PhD ,Brian Caffo, PhD ,",4.6,5839.0,Approximately 5 months to complete,Coursera,,,,,"['Data Science', 'Machine Learning', 'Github', 'R Programming', 'Exploratory Data Analysis', 'Rstudio', 'Data Analysis', 'Debugging', 'Data Manipulation', 'Regular Expression (REGEX)', 'Data Cleansing', 'Cluster Analysis']",Data Science
C0032,Python 3 Programming Specialization,https://www.coursera.org/specializations/python-3-programming,Become a Fluent Python Programmer. Learn the fundamentals and become an independent programmer.,Computer Science,Software Development,Specialization,"Json, Computer Programming, Python Programming, Sorting, ","Paul Resnick ,Steve Oney ,Christopher Brooks ,",4.7,15871.0,Approximately 5 months to complete,Coursera,,,,,"['Json', 'Computer Programming', 'Python Programming', 'Sorting']",Web Development
C0033,Reinforcement Learning Specialization,https://www.coursera.org/specializations/reinforcement-learning,Master the Concepts of Reinforcement Learning. Implement a complete RL solution and understand how to apply AI tools to solve real-world problems.,Data Science,Machine Learning,Specialization,"Artificial Intelligence (AI), Machine Learning, Reinforcement Learning, Function Approximation, Intelligent Systems, ","Martha White ,Adam White ,",4.8,2965.0,Approximately 5 months to complete,Coursera,,,,,"['Artificial Intelligence (AI)', 'Machine Learning', 'Reinforcement Learning', 'Function Approximation', 'Intelligent Systems']",Data Science
C0034,Accelerated Computer Science Fundamentals Specialization,https://www.coursera.org/specializations/cs-fundamentals,Data Structures and Algorithms in C++. Learn fundamentals of computer science while implementing efficient data structures in C++.,Computer Science,Algorithms,Specialization,"Run-time Analysis, Algorithms, Hash Table, Trees (Data Structures), Object-Oriented Programming (OOP), ","Wade Fagen-Ulmschneider ,",4.7,2340.0,Approximately 3 months to complete,Coursera,,,,,"['Run-time Analysis', 'Algorithms', 'Hash Table', 'Trees (Data Structures)', 'Object-Oriented Programming (OOP)']",Web Development
C0035,DevOps on AWS Specialization,https://www.coursera.org/specializations/aws-devops,Launch your career in DevOps. Master DevOps methodologies and AWS services to deliver faster and more reliable updates to your customers,Computer Science,Software Development,Specialization,"Continuous Integration, Devops, Monitoring and Logging, Continuous Delivery, Microservices, AWS Identity and Access Management, Networking on AWS, AWS Management Console, Cloud Computing, aws security, Test Automation, AWS cloud, ","Morgan Willis ,Seph Robinson ,Rafael Lopes ,Russell Sayers ,Alana Layton ,",4.7,811.0,Approximately 3 months to complete,Coursera,,,,,"['Continuous Integration', 'Devops', 'Monitoring and Logging', 'Continuous Delivery', 'Microservices', 'AWS Identity and Access Management', 'Networking on AWS', 'AWS Management Console', 'Cloud Computing', 'aws security', 'Test Automation', 'AWS cloud']",Web Development
C0036,Generative Adversarial Networks (GANs) Specialization,https://www.coursera.org/specializations/generative-adversarial-networks-gans,Break into the GANs space. Master cutting-edge GANs techniques through three hands-on courses!,Data Science,Machine Learning,Specialization,"Generator, Image-to-Image Translation, glossary of computer graphics, Discriminator, Generative Adversarial Networks, Controllable Generation, WGANs, Conditional Generation, Components of GANs, DCGANs, Bias in GANs, StyleGANs, ","Sharon Zhou ,Eda Zhou ,Eric Zelikman ,",4.7,1902.0,Approximately 3 months to complete,Coursera,,,,,"['Generator', 'Image-to-Image Translation', 'glossary of computer graphics', 'Discriminator', 'Generative Adversarial Networks', 'Controllable Generation', 'WGANs', 'Conditional Generation', 'Components of GANs', 'DCGANs', 'Bias in GANs', 'StyleGANs']",Data Science
C0037,Data Visualization with Tableau Specialization,https://www.coursera.org/specializations/data-visualization,Visualize Business Data with Tableau. Create powerful business intelligence reports,Data Science,Data Analysis,Specialization,"Storyboarding, Map, Tableau Software, Data Visualization (DataViz), Data Virtualization, Visualization (Computer Graphics), Data Analysis, Visual Analytics, Interactive Visualization, ","Desiree' Abbott ,Govind Acharya ,Hunter Whitney ,Suk S. Brar, M.B.A. ,",4.5,6556.0,Approximately 6 months to complete,Coursera,,,,,"['Storyboarding', 'Map', 'Tableau Software', 'Data Visualization (DataViz)', 'Data Virtualization', 'Visualization (Computer Graphics)', 'Data Analysis', 'Visual Analytics', 'Interactive Visualization']",Data Science
C0038,Certified in Cybersecurity Specialization,https://www.coursera.org/specializations/certified-in-cybersecurity,Advance Your IT Career with Cybersecurity Skills. Gain Flexibility with Self-Paced Learning,Information Technology,Security,Specialization,"Cybersecurity, Network Security, security principles, Risk, Information Assurance, security, governance, Computer Security Incident Management, Business Continuity, Disaster Recovery, Logical Controls, administrative controls, ","(ISC)² Education & Training ,",4.6,114.0,Approximately 8 months to complete,Coursera,,,,,"['Cybersecurity', 'Network Security', 'security principles', 'Risk', 'Information Assurance', 'security', 'governance', 'Computer Security Incident Management', 'Business Continuity', 'Disaster Recovery', 'Logical Controls', 'administrative controls']",Cybersecurity
C0039,Applied Data Science with Python Specialization,https://www.coursera.org/specializations/data-science-python,"Gain new insights into your data  . Learn to apply data science methods and techniques, and acquire analysis skills.",Data Science,Data Analysis,Specialization,"Text Mining, Python Programming, Pandas, Matplotlib, Numpy, Data Cleansing, Data Virtualization, Data Visualization (DataViz), Machine Learning (ML) Algorithms, Machine Learning, Scikit-Learn, Natural Language Toolkit (NLTK), ","Christopher Brooks ,Kevyn Collins-Thompson ,V. G. Vinod Vydiswaran ,Daniel Romero ,",4.5,25522.0,Approximately 5 months to complete,Coursera,,,,,"['Text Mining', 'Python Programming', 'Pandas', 'Matplotlib', 'Numpy', 'Data Cleansing', 'Data Virtualization', 'Data Visualization (DataViz)', 'Machine Learning (ML) Algorithms', 'Machine Learning', 'Scikit-Learn', 'Natural Language Toolkit (NLTK)']",Data Science
C0040,Data Structures and Algorithms Specialization,https://www.coursera.org/specializations/data-structures-algorithms,"Master Algorithmic Programming Techniques. Advance your Software Engineering or Data Science Career by Learning Algorithms through Programming and Puzzle Solving. Ace coding interviews by implementing each algorithmic challenge in this Specialization. Apply the newly-learned algorithmic techniques to real-life problems, such as analyzing a huge social network or sequencing a genome of a deadly pathogen. ",Computer Science,Algorithms,Specialization,"Debugging, Software Testing, Algorithms, Data Structure, Computer Programming, Dynamic Programming, Binary Search Tree, Priority Queue, Hash Table, Stack (Abstract Data Type), List, Graph Theory, ","Neil Rhodes ,Daniel M Kane ,Michael Levin ,Michael Levin ,Pavel  Pevzner ,Alexander S. Kulikov ,",4.6,12782.0,Approximately 8 months to complete,Coursera,,,,,"['Debugging', 'Software Testing', 'Algorithms', 'Data Structure', 'Computer Programming', 'Dynamic Programming', 'Binary Search Tree', 'Priority Queue', 'Hash Table', 'Stack (Abstract Data Type)', 'List', 'Graph Theory']",Web Development
C0041,Software Product Management Specialization,https://www.coursera.org/specializations/product-management,Create Better Software using Agile Practices. Master Agile development and effective interactions to drive the making of great software products,Computer Science,Design and Product,Specialization,"Software Requirements, Product Management, Scrum, agile, Project Management, Agile Software Development, Software Product Management, Software Project Management, Lean Software Development, Software Development Process, Scrum (Software Development), User Story, ","Kenny Wong ,",4.7,8428.0,Approximately 6 months to complete,Coursera,,,,,"['Software Requirements', 'Product Management', 'Scrum', 'agile', 'Project Management', 'Agile Software Development', 'Software Product Management', 'Software Project Management', 'Lean Software Development', 'Software Development Process', 'Scrum (Software Development)', 'User Story']",Web Development
C0042,Genomic Data Science Specialization,https://www.coursera.org/specializations/genomic-data-science,Be a next generation sequencing data scientist.. Master the tools and techniques at the forefront of the sequencing data revolution.,Data Science,Data Analysis,Specialization,"Bioinformatics, Statistics, Data Science, Computational Biology, Biopython, Python Programming, Genomics, Bioinformatics Algorithms, Algorithms, Algorithms On Strings, Samtools, Unix, ","Steven Salzberg, PhD ,Jeff Leek, PhD ,Mihaela Pertea, PhD ,Ben Langmead, PhD ,Jacob Pritt ,Liliana Florea, PhD ,Kasper Daniel Hansen, PhD ,",4.4,5102.0,Approximately 6 months to complete,Coursera,,,,,"['Bioinformatics', 'Statistics', 'Data Science', 'Computational Biology', 'Biopython', 'Python Programming', 'Genomics', 'Bioinformatics Algorithms', 'Algorithms', 'Algorithms On Strings', 'Samtools', 'Unix']",Data Science
C0043,"NoSQL, Big Data, and Spark Foundations Specialization",https://www.coursera.org/specializations/nosql-big-data-and-spark-foundations,"Springboard your Big Data career. Master fundamentals of NoSQL, Big Data, and Apache Spark with hands-on job-ready skills in machine learning and data engineering. ",Information Technology,Data Management,Specialization,"Apache Hadoop, Mongodb, Big Data, Apache Spark, NoSQL Databases, NoSQL, Cloud Database, Cloudant, Cassandra, SparkSQL, SparkML, ","Rav Ahuja ,Ramesh Sannareddy ,Steve Ryan ,Karthik Muthuraman ,Aije Egwaikhide ,Romeo Kienzler ,",4.3,102.0,Approximately 4 months to complete,Coursera,,,,,"['Apache Hadoop', 'Mongodb', 'Big Data', 'Apache Spark', 'NoSQL Databases', 'NoSQL', 'Cloud Database', 'Cloudant', 'Cassandra', 'SparkSQL', 'SparkML']",Data Science
C0044,TensorFlow: Advanced Techniques Specialization,https://www.coursera.org/specializations/tensorflow-advanced-techniques,Expand your skill set and master TensorFlow. Customize your machine learning models through four hands-on courses! ,Data Science,Machine Learning,Specialization,"Model Interpretability, Custom Training Loops, Custom and Exotic Models, Generative Machine Learning, Object Detection, Functional API, Custom Layers, Custom and Exotic Models with Functional API, Custom Loss Functions, Distribution Strategies, Basic Tensor Functionality, GradientTape for Optimization, ","Laurence Moroney ,Eddy Shyu ,",4.8,1157.0,Approximately 5 months to complete,Coursera,,,,,"['Model Interpretability', 'Custom Training Loops', 'Custom and Exotic Models', 'Generative Machine Learning', 'Object Detection', 'Functional API', 'Custom Layers', 'Custom and Exotic Models with Functional API', 'Custom Loss Functions', 'Distribution Strategies', 'Basic Tensor Functionality', 'GradientTape for Optimization']",Data Science
C0045,"Data Engineering, Big Data, and Machine Learning on GCP Specialization",https://www.coursera.org/specializations/gcp-data-machine-learning,Data Engineering on Google Cloud. Launch your career in Data Engineering. Deliver business value with big data and machine learning.,Data Science,Machine Learning,Specialization,"Tensorflow, Bigquery, Google Cloud Platform, Cloud Computing, ","Google Cloud Training ,",4.6,12174.0,Approximately 4 months to complete,Coursera,,,,,"['Tensorflow', 'Bigquery', 'Google Cloud Platform', 'Cloud Computing']",Data Science
C0046,Mathematics for Machine Learning Specialization,https://www.coursera.org/specializations/mathematics-machine-learning, Mathematics for Machine Learning. Learn about the prerequisite mathematics for applications in data science and machine learning ,Data Science,Machine Learning,Specialization,"Eigenvalues And Eigenvectors, Principal Component Analysis (PCA), Multivariable Calculus, Linear Algebra, Basis (Linear Algebra), Transformation Matrix, Linear Regression, Vector Calculus, Gradient Descent, Dimensionality Reduction, Python Programming, ","David Dye ,Samuel J. Cooper ,A. Freddie Page ,Marc Peter Deisenroth ,",4.6,12121.0,Approximately 4 months to complete,Coursera,,,,,"['Eigenvalues And Eigenvectors', 'Principal Component Analysis (PCA)', 'Multivariable Calculus', 'Linear Algebra', 'Basis (Linear Algebra)', 'Transformation Matrix', 'Linear Regression', 'Vector Calculus', 'Gradient Descent', 'Dimensionality Reduction', 'Python Programming']",Data Science
C0047,Agile Development Specialization,https://www.coursera.org/specializations/agile-development,Drive to Value with Agile Methods . Master an adaptive approach to product development,Computer Science,Design and Product,Specialization,"hypothesis-driven development, Design Thinking, User Experience (UX), agile, Lean Startup, agile user stories, User Experience Design (UXD), Agile Software Development, Product Management, Software Development, Usability Testing, Continuous Delivery, ","Alex Cowan ,",4.7,2736.0,Approximately 4 months to complete,Coursera,,,,,"['hypothesis-driven development', 'Design Thinking', 'User Experience (UX)', 'agile', 'Lean Startup', 'agile user stories', 'User Experience Design (UXD)', 'Agile Software Development', 'Product Management', 'Software Development', 'Usability Testing', 'Continuous Delivery']",Web Development
C0048,Practical Data Science on the AWS Cloud Specialization,https://www.coursera.org/specializations/practical-data-science,Become a cloud data science expert. Develop and scale your data science projects into the cloud using Amazon SageMaker,Data Science,Machine Learning,Specialization,"Natural Language Processing with BERT, ML Pipelines and ML Operations (MLOps), A/B Testing and Model Deployment, Data Labeling at Scale, Automated Machine Learning (AutoML), Statistical Data Bias Detection, Multi-class Classification with FastText and BlazingText, Data ingestion, Exploratory Data Analysis, ML Pipelines and MLOps, Model Training and Deployment with BERT, Model Debugging and Evaluation, ","Antje Barth ,Shelbee Eigenbrode ,Sireesha Muppala ,Chris Fregly ,",4.6,438.0,Approximately 3 months to complete,Coursera,,,,,"['Natural Language Processing with BERT', 'ML Pipelines and ML Operations (MLOps)', 'A/B Testing and Model Deployment', 'Data Labeling at Scale', 'Automated Machine Learning (AutoML)', 'Statistical Data Bias Detection', 'Multi-class Classification with FastText and BlazingText', 'Data ingestion', 'Exploratory Data Analysis', 'ML Pipelines and MLOps', 'Model Training and Deployment with BERT', 'Model Debugging and Evaluation']",Data Science
C0049,Google Cloud Database Engineer Specialization,https://www.coursera.org/specializations/google-cloud-database-engineer,Advance your cloud career in database engineering,Information Technology,Cloud Computing,Specialization,"Cloud Platforms, Cloud Storage, Google Cloud Platform, Google Compute Engine, Google App Engine (GAE), Cloud Computing, MySQL, cloud sql, SQL Operations, Database (DBMS), Data Management, Postgresql, ","Google Cloud Training ,",4.7,99.0,Approximately 7 months to complete,Coursera,,,,,"['Cloud Platforms', 'Cloud Storage', 'Google Cloud Platform', 'Google Compute Engine', 'Google App Engine (GAE)', 'Cloud Computing', 'MySQL', 'cloud sql', 'SQL Operations', 'Database (DBMS)', 'Data Management', 'Postgresql']",Data Science
C0050,Architecting with Google Compute Engine Specialization,https://www.coursera.org/specializations/gcp-architecture,"Launch your career in Cloud Architecture. Design, develop, and manage cloud solutions to drive business objectives.",Information Technology,Cloud Computing,Specialization,"Google Compute Engine, Google App Engine (GAE), Google Cloud Platform, Cloud Computing, Virtual Machine, Network Architecture, Debugging, Cloud Storage, Data Store, Load Balancing, Virtual Private Network (VPN), Autoscaling, ","Google Cloud Training ,",4.7,26329.0,Approximately 5 months to complete,Coursera,,,,,"['Google Compute Engine', 'Google App Engine (GAE)', 'Google Cloud Platform', 'Cloud Computing', 'Virtual Machine', 'Network Architecture', 'Debugging', 'Cloud Storage', 'Data Store', 'Load Balancing', 'Virtual Private Network (VPN)', 'Autoscaling']",Data Science
C0051,Algorithms Specialization,https://www.coursera.org/specializations/algorithms,Learn To Think Like A Computer Scientist. Master the fundamentals of the design and analysis of algorithms.,Computer Science,Algorithms,Specialization,"Algorithms, Dynamic Programming, Greedy Algorithm, Divide And Conquer Algorithms, Randomized Algorithm, Sorting Algorithm, Graphs, Data Structure, Hash Table, Spanning Tree, Np-Completeness, ","Tim Roughgarden ,",4.8,5381.0,Approximately 4 months to complete,Coursera,,,,,"['Algorithms', 'Dynamic Programming', 'Greedy Algorithm', 'Divide And Conquer Algorithms', 'Randomized Algorithm', 'Sorting Algorithm', 'Graphs', 'Data Structure', 'Hash Table', 'Spanning Tree', 'Np-Completeness']",Web Development
C0052,Applied Data Science with R Specialization,https://www.coursera.org/specializations/applied-data-science-r,Build Your Data Science Skills with R & SQL. Master the ability to transform data into information and insights.,Data Science,Data Analysis,Specialization,"Shiny Dashboards, Data Analysis and Modelling, R Programmin Language, Data Visualization (DataViz), SQL & RDBMS, Data Science, R Programming, Select (Sql), Relational Databases (RDBMS), Data Analysis, Statistical Analysis, Linear Regression, ","Yan Luo ,Rav Ahuja ,Tiffany Zhu ,Yiwen Li ,Gabriela de Queiroz ,Saishruthi Swaminathan ,Jeff Grossman ,",4.5,90.0,Approximately 7 months to complete,Coursera,,,,,"['Shiny Dashboards', 'Data Analysis and Modelling', 'R Programmin Language', 'Data Visualization (DataViz)', 'SQL & RDBMS', 'Data Science', 'R Programming', 'Select (Sql)', 'Relational Databases (RDBMS)', 'Data Analysis', 'Statistical Analysis', 'Linear Regression']",Data Science
C0053,Geographic Information Systems  (GIS) Specialization,https://www.coursera.org/specializations/gis,"Map Your World With GIS. Explore the tools, concepts, and terminology of spatial analysis and modeling",Data Science,Data Analysis,Specialization,"Geographic Information System (GIS), Satellite, Imagery Analysis, Model Building, spatial visualization, Spatial Analysis, Data Analysis, Data Visualization (DataViz), Software, Analytics, Workflow, Data Management, ","Nick Santos ,",4.8,5458.0,Approximately 6 months to complete,Coursera,,,,,"['Geographic Information System (GIS)', 'Satellite', 'Imagery Analysis', 'Model Building', 'spatial visualization', 'Spatial Analysis', 'Data Analysis', 'Data Visualization (DataViz)', 'Software', 'Analytics', 'Workflow', 'Data Management']",Data Science
C0054,Java Programming and Software Engineering Fundamentals Specialization,https://www.coursera.org/specializations/java-programming,Explore a Career as a Software Engineer. Learn the basics of programming and software development,Computer Science,Software Development,Specialization,"HTML, JavaScript, Cascading Style Sheets (CSS), Java Programming, Html5, Algorithms, Problem Solving, String (Computer Science), Data Structure, Cryptography, Hash Table, Programming Principles, ","Susan H. Rodger ,Robert Duvall ,Owen Astrachan ,Andrew D. Hilton ,",4.6,13832.0,Approximately 5 months to complete,Coursera,,,,,"['HTML', 'JavaScript', 'Cascading Style Sheets (CSS)', 'Java Programming', 'Html5', 'Algorithms', 'Problem Solving', 'String (Computer Science)', 'Data Structure', 'Cryptography', 'Hash Table', 'Programming Principles']",Web Development
C0055,MATLAB Programming for Engineers and Scientists Specialization,https://www.coursera.org/specializations/matlab-programming-engineers-scientists,From Zero to MATLAB Hero in Three Courses.. Gain a solid foundation in computer programming and become a MATLAB expert.,Computer Science,Software Development,Specialization,"Matlab, Data Analysis, Object-Oriented Programming (OOP), Image Processing, Computer Programming, Problem Solving, Programming Language, ","Akos Ledeczi ,Mike Fitzpatrick ,Jack Noble ,",4.8,4284.0,Approximately 6 months to complete,Coursera,,,,,"['Matlab', 'Data Analysis', 'Object-Oriented Programming (OOP)', 'Image Processing', 'Computer Programming', 'Problem Solving', 'Programming Language']",Web Development
C0056,Architecting with Google Kubernetes Engine Specialization,https://www.coursera.org/specializations/architecting-google-kubernetes-engine,,Information Technology,Cloud Computing,Specialization,"Google Compute Engine, Google App Engine (GAE), Google Cloud Platform, Cloud Computing, ","Google Cloud Training ,",4.7,6484.0,Approximately 4 months to complete,Coursera,,,,,"['Google Compute Engine', 'Google App Engine (GAE)', 'Google Cloud Platform', 'Cloud Computing']",Data Science
C0057,Security in Google Cloud Specialization,https://www.coursera.org/specializations/security-google-cloud-platform,"Launch your career in Cloud Security. This self-paced Specialization gives a broad study of security controls, best practices, and techniques on Google Cloud.",Information Technology,Security,Specialization,"Google Compute Engine, Google App Engine (GAE), Google Cloud Platform, Cloud Computing, ","Google Cloud Training ,",4.7,3827.0,Approximately 6 months to complete,Coursera,,,,,"['Google Compute Engine', 'Google App Engine (GAE)', 'Google Cloud Platform', 'Cloud Computing']",Cybersecurity
C0058,Coding for Everyone: C and C++ Specialization,https://www.coursera.org/specializations/coding-for-everyone,"Beginner to Programmer — Learn to Code in C & C++. Gain a deep understanding of computer programming by learning to code, debug, and solve complex problems with C and C++.",Computer Science,Software Development,Specialization,"Algorithms, C Programming, Coding, C++, Computer Programming, Graph Theory, C++11, Graph Algorithms, Standard Template Library, ","Ira Pohl ,",4.4,2473.0,Approximately 6 months to complete,Coursera,,,,,"['Algorithms', 'C Programming', 'Coding', 'C++', 'Computer Programming', 'Graph Theory', 'C++11', 'Graph Algorithms', 'Standard Template Library']",Web Development
C0059,Developing Applications with Google Cloud Specialization,https://www.coursera.org/specializations/developing-apps-gcp,"Design, Develop, and Deploy Apps on Google Cloud. Build secure, scalable, and intelligent cloud-native applications. ",Computer Science,Software Development,Specialization,"Debugging, Google Cloud Platform, Cloud Storage, Application development, Cloud Computing, Google Compute Engine, Google App Engine (GAE), Data Store, Application Programming Interfaces (API), Cloud Functions, Identity Management (IDM), Cloud Endpoints, ","Google Cloud Training ,",4.7,7991.0,Approximately 6 months to complete,Coursera,,,,,"['Debugging', 'Google Cloud Platform', 'Cloud Storage', 'Application development', 'Cloud Computing', 'Google Compute Engine', 'Google App Engine (GAE)', 'Data Store', 'Application Programming Interfaces (API)', 'Cloud Functions', 'Identity Management (IDM)', 'Cloud Endpoints']",Web Development
C0060,Real-World Product Management Specialization,https://www.coursera.org/specializations/real-world-product-management,"Sponsored by AWS.. Is product management right for you? How do you get your first, or next, product management role? Learn from Nancy Wang, one of the youngest general managers and director of product and engineering at AWS, and 20 other real, full-time product leaders, including CEOs, who make hiring and promotion decisions across the industry! Learn from the same playbooks as Amazon, Google, Meta, Microsoft, and startups! Hone your skills with real-world projects and hundreds of real PM interview questions. ACE® approved—upon completion, you can earn up to 6 college credits.",Computer Science,Design and Product,Specialization,"PM Interviewing, Real-World Examples, Product Management, Real-World Assignments, Technology Leadership, Go-to-market Strategy, Product/Market Fit, Tech Leadership, B2B Sales, Monetization Strategy, A/B/n testing, Customer Retention, ","Nancy Wang ,",4.5,665.0,Approximately 4 months to complete,Coursera,,,,,"['PM Interviewing', 'Real-World Examples', 'Product Management', 'Real-World Assignments', 'Technology Leadership', 'Go-to-market Strategy', 'Product/Market Fit', 'Tech Leadership', 'B2B Sales', 'Monetization Strategy', 'A/B/n testing', 'Customer Retention']",Web Development
C0061,Networking in Google Cloud Specialization,https://www.coursera.org/specializations/networking-google-cloud-platform,"Launch your career in Cloud Networking. Design, develop, and manage cloud networking solutions to drive business objectives.",Information Technology,Networking,Specialization,"Google Compute Engine, Google App Engine (GAE), Google Cloud Platform, Cloud Computing, ","Google Cloud Training ,",4.8,4384.0,Approximately 6 months to complete,Coursera,,,,,"['Google Compute Engine', 'Google App Engine (GAE)', 'Google Cloud Platform', 'Cloud Computing']",Cybersecurity
C0062,Introduction to Cyber Security Specialization,https://www.coursera.org/specializations/intro-cyber-security,Cyber Security. An introduction to modern information and system protection technology and methods.,Computer Science,Computer Security and Networks,Specialization,"Cryptography, Cybersecurity, Risk Assessment, Cyber Defense, Cyber Attacks, Information Security (INFOSEC), Denial-Of-Service Attack (DOS), Public-Key Cryptography, ","Dr. Edward G. Amoroso ,",4.7,2665.0,Approximately 4 months to complete,Coursera,,,,,"['Cryptography', 'Cybersecurity', 'Risk Assessment', 'Cyber Defense', 'Cyber Attacks', 'Information Security (INFOSEC)', 'Denial-Of-Service Attack (DOS)', 'Public-Key Cryptography']",Cybersecurity
C0063,Business Data Management and Communication Specialization,https://www.coursera.org/specializations/business-data-management-communication,"Discover and discern the value of information. Learners will be able to work with data, obtain valuable information, and gauge its economic utility. ",Data Science,Data Analysis,Specialization,"Asset Management, Business Analytics, Financial Accounting, Data Analysis, Rstudio, Accounting, Accrual, Financial Statement, Cash Flow, Cash Flow Statement, Analytics, Health Care, ","Oktay Urcan ,Kevin Hartman ,Ronald Guymon ,Ashish Khandelwal ,Douglas B. Laney ,",4.9,32.0,Approximately 6 months to complete,Coursera,,,,,"['Asset Management', 'Business Analytics', 'Financial Accounting', 'Data Analysis', 'Rstudio', 'Accounting', 'Accrual', 'Financial Statement', 'Cash Flow', 'Cash Flow Statement', 'Analytics', 'Health Care']",Data Science
C0064,AI for Medicine Specialization,https://www.coursera.org/specializations/ai-for-medicine,,Data Science,Machine Learning,Specialization,"model interpretation, Image Segmentation, natural language extraction, Machine Learning, time-to-event modeling, Deep Learning, model evaluation, Multi-class classification, Random Forest, model tuning, treatment effect estimation, machine learning interpretation, ","Pranav Rajpurkar ,Bora Uyumazturk ,Amirhossein Kiani ,Eddy Shyu ,",4.7,1986.0,Approximately 3 months to complete,Coursera,,,,,"['model interpretation', 'Image Segmentation', 'natural language extraction', 'Machine Learning', 'time-to-event modeling', 'Deep Learning', 'model evaluation', 'Multi-class classification', 'Random Forest', 'model tuning', 'treatment effect estimation', 'machine learning interpretation']",Data Science
C0065,User Experience Research and Design Specialization,https://www.coursera.org/specializations/michiganux,Begin your journey in UX Research and Design . Gain a solid foundation in UX Research and Design to create great products and advance your career.,Computer Science,Design and Product,Specialization,"User Research, Affinity Diagram, human computer interaction, User Experience (UX), User Experience Design (UXD), Adobe Photoshop, ","Mark Newman ,Kentaro Toyama ,Predrag Klasnja ,Clifford Lampe ,Lija Hogan ,",4.8,1694.0,Approximately 9 months to complete,Coursera,,,,,"['User Research', 'Affinity Diagram', 'human computer interaction', 'User Experience (UX)', 'User Experience Design (UXD)', 'Adobe Photoshop']",Web Development
C0066,Web Design for Everybody: Basics of Web Development & Coding Specialization,https://www.coursera.org/specializations/web-design,"Learn to Design and Create Websites. Build a responsive and accessible web portfolio using HTML5, CSS3, and JavaScript",Computer Science,Mobile and Web Development,Specialization,"Web Development, Cascading Style Sheets (CSS), Html5, JavaScript, Responsive Web Design, Web Design, Web Accessibility, HTML, Style Sheets, Document Object Model (DOM), Bootstrap (Front-End Framework), ","Colleen van Lent, Ph.D. ,Charles Russell Severance ,",4.8,24209.0,Approximately 6 months to complete,Coursera,,,,,"['Web Development', 'Cascading Style Sheets (CSS)', 'Html5', 'JavaScript', 'Responsive Web Design', 'Web Design', 'Web Accessibility', 'HTML', 'Style Sheets', 'Document Object Model (DOM)', 'Bootstrap (Front-End Framework)']",Web Development
C0067,Microsoft Azure Fundamentals AZ-900 Exam Prep Specialization,https://www.coursera.org/specializations/microsoft-azure-fundamentals-az-900,Launch your career in cloud computing. Prepare for the Microsoft AZ-900 certification exam.,Computer Science,Software Development,Specialization,"Microsoft Azure, Cloud Computing, Cloud Computing Security, Artificial Intelligence (AI), Internet Of Things (IOT), Application Design, Cloud Governance Strategy, Test Preparation, "," Microsoft ,",4.6,1692.0,Approximately 5 months to complete,Coursera,,,,,"['Microsoft Azure', 'Cloud Computing', 'Cloud Computing Security', 'Artificial Intelligence (AI)', 'Internet Of Things (IOT)', 'Application Design', 'Cloud Governance Strategy', 'Test Preparation']",Web Development
C0068,Data Analysis with R Specialization,https://www.coursera.org/specializations/statistics,"Master Data Analysis with R. Statistical mastery of data analysis including basic data visualization, statistical testing and inference, and linear modeling",Data Science,Data Analysis,Specialization,"Statistics, R Programming, Rstudio, Exploratory Data Analysis, Statistical Inference, Statistical Hypothesis Testing, Linear Regression, Regression Analysis, ","Mine Çetinkaya-Rundel ,",4.7,5669.0,Approximately 5 months to complete,Coursera,,,,,"['Statistics', 'R Programming', 'Rstudio', 'Exploratory Data Analysis', 'Statistical Inference', 'Statistical Hypothesis Testing', 'Linear Regression', 'Regression Analysis']",Data Science
C0069,Bayesian Statistics Specialization,https://www.coursera.org/specializations/bayesian-statistics,Bayesian Statistics for Modeling and Prediction. Learn the foundations and practice your data analysis skills.,Data Science,Probability and Statistics,Specialization,"Bayesian Statistics, Data Science, R Programming, Data Analysis, Statistics, Bayesian Inference, Gibbs Sampling, Markov Model, Mixture Model, Forecasting, Dynamic Linear Modeling, Time Series, ","Herbert Lee ,Matthew Heiner ,Abel Rodriguez ,Raquel Prado ,Jizhou Kang ,",4.7,206.0,Approximately 6 months to complete,Coursera,,,,,"['Bayesian Statistics', 'Data Science', 'R Programming', 'Data Analysis', 'Statistics', 'Bayesian Inference', 'Gibbs Sampling', 'Markov Model', 'Mixture Model', 'Forecasting', 'Dynamic Linear Modeling', 'Time Series']",Data Science
C0070,Data Science Foundations: Data Structures and Algorithms Specialization,https://www.coursera.org/specializations/boulder-data-structures-algorithms,,Computer Science,Algorithms,Specialization,"Algorithm Design, Python Programming, Data Structure Design, Analysis of Algorithms, Hashtables, Graphs Algorithms, Intractability, ","Sriram Sankaranarayanan ,",4.7,197.0,Approximately 3 months to complete,Coursera,,,,,"['Algorithm Design', 'Python Programming', 'Data Structure Design', 'Analysis of Algorithms', 'Hashtables', 'Graphs Algorithms', 'Intractability']",Web Development
C0071,Neuroscience and Neuroimaging Specialization,https://www.coursera.org/specializations/computational-neuroscience,"Familiarize yourself with fundamental concepts in neuroscience, like Functional Magnetic Resonance Imaging (fMRI), neurohacking (in R), and neuroimaging.",Data Science,Data Analysis,Specialization,"Experiment, Neuroscience, R Programming, Image Processing, Statistics, Statistical Analysis, Statistical Model, Preprocessor, Brain, Neurology, ","Arnold Bakker ,Martin Lindquist, PhD, MSc ,Tor Wager, PhD ,Dr. Elizabeth Sweeney  ,Ciprian M. Crainiceanu ,John Muschelli III  ,",4.7,764.0,Approximately 4 months to complete,Coursera,,,,,"['Experiment', 'Neuroscience', 'R Programming', 'Image Processing', 'Statistics', 'Statistical Analysis', 'Statistical Model', 'Preprocessor', 'Brain', 'Neurology']",Data Science
C0072,Excel/VBA for Creative Problem Solving Specialization,https://www.coursera.org/specializations/excel-vba-creative-problem-solving,Optimize Your Excel Spreadsheets With VBA. Learn how to automate your Excel spreadsheets with Visual Basic for Applications,Computer Science,Design and Product,Specialization,"Microsoft Excel Vba, Computer Programming, Problem Solving, Arrays, Debugging, ","Charlie Nuttelman ,",4.8,3552.0,Approximately 4 months to complete,Coursera,,,,,"['Microsoft Excel Vba', 'Computer Programming', 'Problem Solving', 'Arrays', 'Debugging']",Web Development
C0073,Business Statistics and Analysis Specialization,https://www.coursera.org/specializations/business-statistics-analysis,Build Data Analysis and Business Modeling Skills. Gain the ability to apply statistics and data analysis tools to various business applications.,Data Science,Probability and Statistics,Specialization,"Microsoft Excel, Linear Regression, Statistical Hypothesis Testing, Lookup Table, Data Analysis, Pivot Table, Statistics, Statistical Analysis, Normal Distribution, Poisson Distribution, Log–Log Plot, Interaction (Statistics), ","Sharad Borle ,",4.7,7080.0,Approximately 5 months to complete,Coursera,,,,,"['Microsoft Excel', 'Linear Regression', 'Statistical Hypothesis Testing', 'Lookup Table', 'Data Analysis', 'Pivot Table', 'Statistics', 'Statistical Analysis', 'Normal Distribution', 'Poisson Distribution', 'Log–Log Plot', 'Interaction (Statistics)']",Data Science
C0074,Object Oriented Programming in Java Specialization,https://www.coursera.org/specializations/object-oriented-programming,Grow Your Portfolio as a Software Engineer. Learn about Object Oriented Design in four project-based courses.,Computer Science,Software Development,Specialization,"Data Structure, Hash Table, Java Programming, Object-Oriented Programming (OOP), Algorithms, Problem Solving, String (Computer Science), Cryptography, Logic Programming, Sorting Algorithm, Trees (Data Structures), Linked List, ","Owen Astrachan ,Robert Duvall ,Andrew D. Hilton ,Susan H. Rodger ,Mia Minnes ,Leo Porter ,Christine Alvarado ,",4.6,3723.0,Approximately 5 months to complete,Coursera,,,,,"['Data Structure', 'Hash Table', 'Java Programming', 'Object-Oriented Programming (OOP)', 'Algorithms', 'Problem Solving', 'String (Computer Science)', 'Cryptography', 'Logic Programming', 'Sorting Algorithm', 'Trees (Data Structures)', 'Linked List']",Web Development
C0075,Databases for Data Scientists Specialization,https://www.coursera.org/specializations/databases-for-data-scientists,"All about Databases for Data Scientists. Learn to design and create efficient and effective relational databases, fill them with data, and work with them using SQL.",Information Technology,Data Management,Specialization,"Database (DB) Design, Data Warehousing, NoSQL, database administration, SQL, Database (DBMS), Relational Models, Normalization, Entity–Relationship (E-R) Model, Data Science, Database Application, SQL (Structured Query Language), ","Di Wu ,Alan Paradise ,",4.7,259.0,Approximately 4 months to complete,Coursera,,,,,"['Database (DB) Design', 'Data Warehousing', 'NoSQL', 'database administration', 'SQL', 'Database (DBMS)', 'Relational Models', 'Normalization', 'Entity–Relationship (E-R) Model', 'Data Science', 'Database Application', 'SQL (Structured Query Language)']",Data Science
C0076,PostgreSQL for Everybody Specialization,https://www.coursera.org/specializations/postgresql-for-everybody,"SQL: From Basic to Advanced. Learn SQL skills you can use in an actual, real-world environment",Computer Science,Mobile and Web Development,Specialization,"Json, Database (DBMS), Natural Language Processing, SQL, ","Charles Russell Severance ,",4.7,803.0,Approximately 4 months to complete,Coursera,,,,,"['Json', 'Database (DBMS)', 'Natural Language Processing', 'SQL']",Web Development
C0077,Advanced Data Science with IBM Specialization,https://www.coursera.org/specializations/advanced-data-science-ibm,"Expert in Data Science, Machine Learning and AI. Become an IBM-approved Expert in Data Science, Machine Learning and Artificial Intelligence.",Data Science,Machine Learning,Specialization,"Data Science, Internet Of Things (IOT), Deep Learning, Apache Spark, Statistics, Machine Learning, Long Short-Term Memory (ISTM), ","Romeo Kienzler ,Nikolay Manchev ,Niketan Pansare ,Tom Hanlon ,Max Pumperla ,Ilja Rasin ,",4.4,2335.0,Approximately 4 months to complete,Coursera,,,,,"['Data Science', 'Internet Of Things (IOT)', 'Deep Learning', 'Apache Spark', 'Statistics', 'Machine Learning', 'Long Short-Term Memory (ISTM)']",Data Science
C0078,Probabilistic Graphical Models  Specialization,https://www.coursera.org/specializations/probabilistic-graphical-models,Probabilistic Graphical Models. Master a new way of reasoning and learning in complex domains,Data Science,Machine Learning,Specialization,"Inference, Bayesian Network, Belief Propagation, Graphical Model, Markov Random Field, Gibbs Sampling, Markov Chain Monte Carlo (MCMC), Algorithms, Expectation–Maximization (EM) Algorithm, ","Daphne Koller ,",4.6,1250.0,Approximately 4 months to complete,Coursera,,,,,"['Inference', 'Bayesian Network', 'Belief Propagation', 'Graphical Model', 'Markov Random Field', 'Gibbs Sampling', 'Markov Chain Monte Carlo (MCMC)', 'Algorithms', 'Expectation–Maximization (EM) Algorithm']",Data Science
C0079,Blockchain Specialization,https://www.coursera.org/specializations/blockchain,Innovate with the Next Frontier in Technology. Learn how the blockchain is leading to a paradigm shift in decentralized application programming,Computer Science,Software Development,Specialization,"Smart Contract, Ethereum, Blockchains, Solidity, Cryptography, Bitcoin, Cryptocurrency, Blockchain, Remix IDE, MetaMask client, Decentralized Applications, Truffle IDE, ","Bina Ramamurthy ,",4.6,6541.0,Approximately 4 months to complete,Coursera,,,,,"['Smart Contract', 'Ethereum', 'Blockchains', 'Solidity', 'Cryptography', 'Bitcoin', 'Cryptocurrency', 'Blockchain', 'Remix IDE', 'MetaMask client', 'Decentralized Applications', 'Truffle IDE']",Web Development
C0080,Software Design and Architecture Specialization,https://www.coursera.org/specializations/software-design-architecture,Mindful Strategies for Quality Software. Think like an expert architect and create quality software using design patterns and principles.,Computer Science,Software Development,Specialization,"Software Architecture, Java, Software Design Pattern, Object-Oriented Programming (OOP), Object-Oriented Design, Object-Oriented Analysis And Design, Unified Modeling Language (UML), Web Service, Microservices, Representational State Transfer (REST), Service-Oriented Architecture, ","Kenny Wong ,",4.6,2473.0,Approximately 4 months to complete,Coursera,,,,,"['Software Architecture', 'Java', 'Software Design Pattern', 'Object-Oriented Programming (OOP)', 'Object-Oriented Design', 'Object-Oriented Analysis And Design', 'Unified Modeling Language (UML)', 'Web Service', 'Microservices', 'Representational State Transfer (REST)', 'Service-Oriented Architecture']",Web Development
C0081,Functional Programming in Scala Specialization,https://www.coursera.org/specializations/scala,Program on a Higher Level. Write elegant functional code to analyze data that's big or small,Computer Science,Software Development,Specialization,"Scala Programming, Parallel Computing, Apache Spark, Functional Programming, Recursion, Immutable Data Types, Higher-Order Function, Laziness, Type Class, Referential Transparency, Reactive Programming, Data Structure, ","Martin Odersky ,Prof. Viktor Kuncak ,Dr. Aleksandar Prokopec ,Prof. Heather Miller ,Julien Richard-Foy ,",4.7,6835.0,Approximately 7 months to complete,Coursera,,,,,"['Scala Programming', 'Parallel Computing', 'Apache Spark', 'Functional Programming', 'Recursion', 'Immutable Data Types', 'Higher-Order Function', 'Laziness', 'Type Class', 'Referential Transparency', 'Reactive Programming', 'Data Structure']",Web Development
C0082,Microsoft Azure Data Fundamentals DP-900 Exam Prep Specialization,https://www.coursera.org/specializations/microsoft-azure-dp-900-data-fundamentals,"Launch Your Career in Data Science. Learn the fundamentals of database concepts in a cloud environment, get basic skilling in cloud data services, and build their foundational knowledge of cloud data services within Microsoft Azure.",Data Science,Data Analysis,Specialization,"Describe how to work with relational data on Azure, Describe core data concepts, Describe how to work with non-relational data on Azure, Describe an analytics workload on Azure, Microsoft Azure, Data Management, Data Storage, Data Concepts, Database (DBMS), NoSQL, SQL, Relational Data, "," Microsoft ,",4.7,394.0,Approximately 4 months to complete,Coursera,,,,,"['Describe how to work with relational data on Azure', 'Describe core data concepts', 'Describe how to work with non-relational data on Azure', 'Describe an analytics workload on Azure', 'Microsoft Azure', 'Data Management', 'Data Storage', 'Data Concepts', 'Database (DBMS)', 'NoSQL', 'SQL', 'Relational Data']",Data Science
C0083,Machine Learning on Google Cloud Specialization,https://www.coursera.org/specializations/machine-learning-tensorflow-gcp,Learn machine learning with Google Cloud. Real-world experimentation with end-to-end ML,Data Science,Machine Learning,Specialization,"Vertex AI, Machine Learning, Feature Engineering, Tensorflow, Cloud Computing, Application Programming Interfaces (API), Inclusive ML, Google Cloud Platform, Bigquery, Data Cleansing, Python Programming, Build Input Data Pipeline, ","Google Cloud Training ,",4.6,8391.0,Approximately 4 months to complete,Coursera,,,,,"['Vertex AI', 'Machine Learning', 'Feature Engineering', 'Tensorflow', 'Cloud Computing', 'Application Programming Interfaces (API)', 'Inclusive ML', 'Google Cloud Platform', 'Bigquery', 'Data Cleansing', 'Python Programming', 'Build Input Data Pipeline']",Data Science
C0084,Introduction to Discrete Mathematics for Computer Science Specialization,https://www.coursera.org/specializations/discrete-mathematics,"Learn the language of Computer Science. Learn the math that defines computer science, and practice applying it through mathematical proofs and Python code",Computer Science,Algorithms,Specialization,"Graph Theory, Number Theory, Cryptography, Probability, Mathematical Induction, Proof Theory, Discrete Mathematics, Mathematical Logic, Random Variable, Probability Interpretations, Combinatorics, Modular Exponentiation, ","Alexander S. Kulikov ,Michael Levin ,Владимир Подольский ,Michael Levin ,",4.5,2447.0,Approximately 6 months to complete,Coursera,,,,,"['Graph Theory', 'Number Theory', 'Cryptography', 'Probability', 'Mathematical Induction', 'Proof Theory', 'Discrete Mathematics', 'Mathematical Logic', 'Random Variable', 'Probability Interpretations', 'Combinatorics', 'Modular Exponentiation']",Web Development
C0085,Core Java Specialization,https://www.coursera.org/specializations/core-java,Learn the Skills Needed to be a Java Programmer. Quickly master the Java programming language and the packages that constitute its rich set of core libraries.,Computer Science,Software Development,Specialization,"Computer Programming, Java Programming, Web Development, Java Database Connectivity (JDBC), Java Class Library, Object-Oriented Programming (OOP), Crt0, Recursively Enumerable Set, Java Compiler, Javac, Iterator, Linearity, ","Noel J. Bergman ,Evan Bergman ,",4.6,1182.0,Approximately 5 months to complete,Coursera,,,,,"['Computer Programming', 'Java Programming', 'Web Development', 'Java Database Connectivity (JDBC)', 'Java Class Library', 'Object-Oriented Programming (OOP)', 'Crt0', 'Recursively Enumerable Set', 'Java Compiler', 'Javac', 'Iterator', 'Linearity']",Web Development
C0086,Cybersecurity Attack and Defense Fundamentals Specialization,https://www.coursera.org/specializations/cybersecurity-attack-and-defense,"Learn Ethical Hacking, Network Defense & Forensics. Master foundational skills to pursue a cybersecurity career and help build and maintain a secure infrastructure.",Computer Science,Computer Security and Networks,Specialization,"Cyberattacks, Network Defense, Digital Forensics, Cybersecurity, Ethical Hacking, Ethica Hacking, Network Security, Computer Forensics, ","EC-Council ,",4.6,88.0,Approximately 5 months to complete,Coursera,,,,,"['Cyberattacks', 'Network Defense', 'Digital Forensics', 'Cybersecurity', 'Ethical Hacking', 'Ethica Hacking', 'Network Security', 'Computer Forensics']",Cybersecurity
C0087,"GIS, Mapping, and Spatial Analysis Specialization",https://www.coursera.org/specializations/gis-mapping-spatial-analysis,"Launch your career in mapping and GIS!. Learn the concepts, tools, and techniques to make great maps that answer geographic questions.",Data Science,Data Analysis,Specialization,"Geographic Information System (GIS), Cartography, Esri, Mapping, Spatial Analysis, ","Don Boyes ,",4.9,2107.0,Approximately 6 months to complete,Coursera,,,,,"['Geographic Information System (GIS)', 'Cartography', 'Esri', 'Mapping', 'Spatial Analysis']",Data Science
C0088,Web Applications for Everybody Specialization,https://www.coursera.org/specializations/web-applications,"Build dynamic database-backed web sites.. Use PHP, MySQL, jQuery, and Handlebars to build web and database applications.",Computer Science,Mobile and Web Development,Specialization,"Jquery, web application development, Hypertext Preprocessor (PHP), JavaScript, MySQL, HTML, Cascading Style Sheets (CSS), Phpmyadmin, Relational Database, SQL, Create, Read, Update And Delete, ","Charles Russell Severance ,",4.8,5521.0,Approximately 6 months to complete,Coursera,,,,,"['Jquery', 'web application development', 'Hypertext Preprocessor (PHP)', 'JavaScript', 'MySQL', 'HTML', 'Cascading Style Sheets (CSS)', 'Phpmyadmin', 'Relational Database', 'SQL', 'Create', 'Read', 'Update And Delete']",Web Development
C0089,Introduction to Computer Science and Programming Specialization,https://www.coursera.org/specializations/introduction-computer-science-programming,"Get ready for computer science. Create graphical programs, learn computing mathematics, develop mental models of computer systems. ",Computer Science,Software Development,Specialization,"Computer Graphics (CG), Problem Solving, Mathematics, JavaScript, Computer Programming, ","Dr Edward Anstead ,Dr Simon Katan ,Prof Marco Gillies ,Omar Karakchi ,Dr Matthew Yee-King ,",4.2,946.0,Approximately 4 months to complete,Coursera,,,,,"['Computer Graphics (CG)', 'Problem Solving', 'Mathematics', 'JavaScript', 'Computer Programming']",Web Development
C0090,C# Programming for Unity Game Development Specialization,https://www.coursera.org/specializations/programming-unity-game-development,Learn to Program Unity Games with C#. Learn C# programming and how to use C# in Unity games,Computer Science,Software Development,Specialization,"Video Game Development, C Sharp (C#) (Programming Language), Unity (User Interface), Game Programming, Crt0, For Loop, Console Applications, Foreach Loop, ","Dr. Tim ""Dr. T"" Chamillard ,",4.7,2165.0,Approximately 5 months to complete,Coursera,,,,,"['Video Game Development', 'C Sharp (C#) (Programming Language)', 'Unity (User Interface)', 'Game Programming', 'Crt0', 'For Loop', 'Console Applications', 'Foreach Loop']",Web Development
C0091,Artificial Intelligence: an Overview Specialization,https://www.coursera.org/specializations/artificial-intelligence-overview,Enter the artificial intelligence world,Computer Science,Algorithms,Specialization,"Artificial Intelligence (AI), Ethical issues of artificial intelligence, Machine Learning, Legal issues of artificial intelligence, ","Nicola Gatti ,Viola Schiaffonati ,Annamaria Italiano ,Manuel Roveri ,Marcello Restelli ,",4.7,40.0,Approximately 5 months to complete,Coursera,,,,,"['Artificial Intelligence (AI)', 'Ethical issues of artificial intelligence', 'Machine Learning', 'Legal issues of artificial intelligence']",Web Development
C0092,Everyday Excel Specialization,https://www.coursera.org/specializations/everyday-excel,"Learn Excel From Scratch to Expert. Starting from zero knowledge of Excel, you'll learn basic spreadsheet skills and apply them in to several exciting projects in the capstone ""Projects"" course.",Computer Science,Design and Product,Specialization,"Spreadsheet, Microsoft Excel, Problem Solving, Project, computing, Data Management, Real World, Real-world projects, ","Charlie Nuttelman ,",4.7,1443.0,Approximately 4 months to complete,Coursera,,,,,"['Spreadsheet', 'Microsoft Excel', 'Problem Solving', 'Project', 'computing', 'Data Management', 'Real World', 'Real-world projects']",Web Development
C0093,C Programming with Linux Specialization,https://www.coursera.org/specializations/c-programming-linux,Gain skills in computer engineering - C and Linux.  Become a skilled C programmer and start a career in computer engineering.,Computer Science,Software Development,Specialization,"Linux, Debugging, Algorithms, Software Engineering, C Programming, Computer Programming, Computer Science, Compiler, computer programs/algorithms, Command-Line Interface, ","Rémi SHARROCK ,Petra Bonfert-Taylor ,",4.7,145.0,Approximately 6 months to complete,Coursera,,,,,"['Linux', 'Debugging', 'Algorithms', 'Software Engineering', 'C Programming', 'Computer Programming', 'Computer Science', 'Compiler', 'computer programs/algorithms', 'Command-Line Interface']",Web Development
C0094,Blockchain Revolution in Financial Services Specialization,https://www.coursera.org/specializations/blockchain-financial-services,,Computer Science,Computer Security and Networks,Specialization,"Collaborative Working Environment, Blockchain (Database), Open Collaboration, Access Structure, Object Binding, Alcatel Business Communications, Centurylink, Base Address, ","Don Tapscott ,Alex Tapscott ,",4.7,764.0,Approximately 5 months to complete,Coursera,,,,,"['Collaborative Working Environment', 'Blockchain (Database)', 'Open Collaboration', 'Access Structure', 'Object Binding', 'Alcatel Business Communications', 'Centurylink', 'Base Address']",Cybersecurity
C0095,Managing Cybersecurity Specialization,https://www.coursera.org/specializations/managing-cybersecurity,Managing Cybersecurity. Mastering the basics of managing cybersecurity in organizations,Information Technology,Security,Specialization,"Security Management, Network Security, Risk Management, Security Governance, Computer Security Incident Management, Security vulnerabilities and treatments, Threats to cybersecurity, Cybersecurity terminology, cybersecurity program elements, Cybersecurity planning, Cybersecurity performance measurement, Risk identification, ","Herbert J. Mattord, Ph.D., CISM, CISSP, CDP ,Michael Whitman, Ph.D., CISM, CISSP ,",4.8,448.0,Approximately 9 months to complete,Coursera,,,,,"['Security Management', 'Network Security', 'Risk Management', 'Security Governance', 'Computer Security Incident Management', 'Security vulnerabilities and treatments', 'Threats to cybersecurity', 'Cybersecurity terminology', 'cybersecurity program elements', 'Cybersecurity planning', 'Cybersecurity performance measurement', 'Risk identification']",Cybersecurity
C0096,Interaction Design Specialization,https://www.coursera.org/specializations/interaction-design,Learn how to design great user experiences. Design that delights users,Computer Science,Design and Product,Specialization,"Storyboarding, Heuristic Evaluation, R Programming, A/B Testing, Rapid Prototyping, Paper Prototyping, User Experience (UX), User Experience Design (UXD), User Interface, User Research, Persona (User Experience), Human–Computer Interaction, ","Scott  Klemmer ,Elizabeth Gerber ,Jacob O. Wobbrock ,",4.5,3077.0,Approximately 10 months to complete,Coursera,,,,,"['Storyboarding', 'Heuristic Evaluation', 'R Programming', 'A/B Testing', 'Rapid Prototyping', 'Paper Prototyping', 'User Experience (UX)', 'User Experience Design (UXD)', 'User Interface', 'User Research', 'Persona (User Experience)', 'Human–Computer Interaction']",Web Development
C0097,Introductory C Programming Specialization,https://www.coursera.org/specializations/c-programming,Learn Essential Programming Fundamentals. Master programming skills to solve complex problems.,Computer Science,Software Development,Specialization,"Software Development Process, Algorithms, Software Engineering, C Programming, Computer Programming, Programming Language Concepts, Problem Solving, Compiler, Debugging, ","Andrew D. Hilton ,Genevieve M. Lipp ,Anne Bracy ,",4.6,5294.0,Approximately 5 months to complete,Coursera,,,,,"['Software Development Process', 'Algorithms', 'Software Engineering', 'C Programming', 'Computer Programming', 'Programming Language Concepts', 'Problem Solving', 'Compiler', 'Debugging']",Web Development
C0098,Spring Framework Specialization,https://www.coursera.org/specializations/spring-framework,"Master Spring Frameworks Configurations Techniques. Discover how Java interacts with databases in the Spring framework, and develop Java based Web Applications.",Computer Science,Software Development,Specialization,"Spring Framework, Netflix OSS, Java Programming, Spring Configuration, Spring Data, Spring Configuration Techniques, Inversion Of Control, Dependency Injection, Junit, Restful services, Spring Boot, Spring Support for JPA, ","Derek Parsons ,",3.9,275.0,Approximately 3 months to complete,Coursera,,,,,"['Spring Framework', 'Netflix OSS', 'Java Programming', 'Spring Configuration', 'Spring Data', 'Spring Configuration Techniques', 'Inversion Of Control', 'Dependency Injection', 'Junit', 'Restful services', 'Spring Boot', 'Spring Support for JPA']",Web Development
C0099,Data Visualization & Dashboarding with R Specialization,https://www.coursera.org/specializations/jhu-data-visualization-dashboarding-with-r,Visualize Data in R and Share Insights with Others,Data Science,Data Analysis,Specialization,"Data Science, Data Analysis, Data Visualization (DataViz), Reproducible Research, ","Collin Paschall ,",4.9,256.0,Approximately 4 months to complete,Coursera,,,,,"['Data Science', 'Data Analysis', 'Data Visualization (DataViz)', 'Reproducible Research']",Data Science
C0100,Software Testing and Automation Specialization,https://www.coursera.org/specializations/software-testing-automation,"Develop Skills in Software Testing. Practice and master theory, techniques, and tools to effectively test software.",Computer Science,Software Development,Specialization,"Black-box Testing Techniques, White-box Testing Techniques, Unit Testing, Static Analysis, Testing Automation, Writing Test Plans, Writing Defect Reports, Understanding of Testing Theory, Writing Tests, Testing Vocabulary, Executing Tests, Software Testing, ","Sanjai Rayadurgam ,Kevin Wendt ,Mike ,",4.1,430.0,Approximately 4 months to complete,Coursera,,,,,"['Black-box Testing Techniques', 'White-box Testing Techniques', 'Unit Testing', 'Static Analysis', 'Testing Automation', 'Writing Test Plans', 'Writing Defect Reports', 'Understanding of Testing Theory', 'Writing Tests', 'Testing Vocabulary', 'Executing Tests', 'Software Testing']",Web Development
C0101,Linux and Private Cloud Administration on IBM Power Systems Specialization,https://www.coursera.org/specializations/linux-private-cloud-administration-power-systems,Master Linux and Cloud Computing. Learn how enterprises use and administer Linux in a private cloud environment.,Information Technology,Cloud Computing,Specialization,"System Administration, Red Hat Enterprise Linux, virtualization, IBM Power Systems, Cloud Computing, Red Hat Linux, Linux, IBM PowerVC, infrastructure as a service, Openstack, IBM Cloud, ","Chris Caillouet ,Upendra Rajan ,Bill Miller ,",4.8,503.0,Approximately 4 months to complete,Coursera,,,,,"['System Administration', 'Red Hat Enterprise Linux', 'virtualization', 'IBM Power Systems', 'Cloud Computing', 'Red Hat Linux', 'Linux', 'IBM PowerVC', 'infrastructure as a service', 'Openstack', 'IBM Cloud']",Data Science
C0102,Microsoft Azure AI Fundamentals AI-900 Exam Prep Specialization,https://www.coursera.org/specializations/microsoft-azure-ai-900-ai-fundamentals,Launch Your Career in Artificial Intelligence. User services on Microsoft Azure to create AI solutions,Data Science,Machine Learning,Specialization,"Describe fundamental principles of machine learning on Azure, Describe AI workloads and considerations, Describe features of conversational AI workloads on Azure, Describe features of computer vision workloads on Azure, Describe features of Natural Language Processing (NLP) workloads on Azure, Artificial Intelligence (AI), Microsoft Azure, Machine Learning, Computer Vision, Natural Language Processing, Test Preparation, "," Microsoft ,",4.6,312.0,Approximately 4 months to complete,Coursera,,,,,"['Describe fundamental principles of machine learning on Azure', 'Describe AI workloads and considerations', 'Describe features of conversational AI workloads on Azure', 'Describe features of computer vision workloads on Azure', 'Describe features of Natural Language Processing (NLP) workloads on Azure', 'Artificial Intelligence (AI)', 'Microsoft Azure', 'Machine Learning', 'Computer Vision', 'Natural Language Processing', 'Test Preparation']",Data Science
C0103,Cybersecurity Specialization,https://www.coursera.org/specializations/cyber-security,Cybersecurity Fundamentals. Construction of Secure Systems,Computer Science,Computer Security and Networks,Specialization,"Software Testing, Cryptography, Usability, Penetration Test, Cybersecurity, Privacy, User Interface, Fuzz Testing, Buffer Overflow, Sql Injection, Number Theory, Public-Key Cryptography, ","Jennifer Golbeck ,Michael Hicks ,Jonathan  Katz ,Gang Qu ,",4.6,4210.0,Approximately 8 months to complete,Coursera,,,,,"['Software Testing', 'Cryptography', 'Usability', 'Penetration Test', 'Cybersecurity', 'Privacy', 'User Interface', 'Fuzz Testing', 'Buffer Overflow', 'Sql Injection', 'Number Theory', 'Public-Key Cryptography']",Cybersecurity
C0104,Statistics with Python Specialization,https://www.coursera.org/specializations/statistics-with-python,"Practical and Modern Statistical Thinking For All. Use Python for statistical visualization, inference, and modeling",Data Science,Probability and Statistics,Specialization,"Python Programming, Data Visualization (DataViz), Statistical Model, Statistical inference methods, Statistics, Data Analysis, Confidence Interval, Statistical Inference, Statistical Hypothesis Testing, Bayesian Statistics, statistical regression, ","Brenda Gunderson ,Brady T. West ,Kerby Shedden ,",4.6,2647.0,Approximately 3 months to complete,Coursera,,,,,"['Python Programming', 'Data Visualization (DataViz)', 'Statistical Model', 'Statistical inference methods', 'Statistics', 'Data Analysis', 'Confidence Interval', 'Statistical Inference', 'Statistical Hypothesis Testing', 'Bayesian Statistics', 'statistical regression']",Data Science
C0105,Big Data Specialization,https://www.coursera.org/specializations/big-data,Unlock Value in Massive Datasets. Learn fundamental big data methods in six straightforward courses.,Data Science,Data Analysis,Specialization,"Big Data, Neo4j, Mongodb, Apache Spark, Apache Hadoop, Mapreduce, Cloudera, Data Model, Data Modeling, Data Management, Splunk, Machine Learning Concepts, ","Ilkay Altintas ,Amarnath Gupta ,Mai Nguyen ,",4.5,9407.0,Approximately 8 months to complete,Coursera,,,,,"['Big Data', 'Neo4j', 'Mongodb', 'Apache Spark', 'Apache Hadoop', 'Mapreduce', 'Cloudera', 'Data Model', 'Data Modeling', 'Data Management', 'Splunk', 'Machine Learning Concepts']",Data Science
C0106,Robotic Process Automation (RPA) Specialization,https://www.coursera.org/specializations/roboticprocessautomation,Learn RPA Design & Development with UiPath. Master building automation projects independently. ,Computer Science,Software Development,Specialization,"Uipath, Studio, Automation, Workflow, rpa, Data Manipulation, List, Dictionary, Input Actions Automation, Selectors, Recording in Studio, User Interface Automation, ","UiPath ,",4.7,123.0,Approximately 4 months to complete,Coursera,,,,,"['Uipath', 'Studio', 'Automation', 'Workflow', 'rpa', 'Data Manipulation', 'List', 'Dictionary', 'Input Actions Automation', 'Selectors', 'Recording in Studio', 'User Interface Automation']",Web Development
C0107,Data Mining  Specialization,https://www.coursera.org/specializations/data-mining,"Analyze Text, Discover Patterns, Visualize Data. Solve real-world data mining challenges.",Data Science,Machine Learning,Specialization,"Data Clustering Algorithms, Text Mining, Data Visualization (DataViz), Data Mining, Data Visualization Software, Tableau Software, Data Virtualization, Information Retrieval (IR), Document Retrieval, Machine Learning, Recommender Systems, Probabilistic Models, ","John C. Hart ,ChengXiang Zhai ,Jiawei Han ,",4.5,1929.0,Approximately 8 months to complete,Coursera,,,,,"['Data Clustering Algorithms', 'Text Mining', 'Data Visualization (DataViz)', 'Data Mining', 'Data Visualization Software', 'Tableau Software', 'Data Virtualization', 'Information Retrieval (IR)', 'Document Retrieval', 'Machine Learning', 'Recommender Systems', 'Probabilistic Models']",Data Science
C0108,"Python, Bash and SQL Essentials for Data Engineering Specialization",https://www.coursera.org/specializations/python-bash-sql-data-engineering-duke,Launch Your Career in Data Engineering. Master foundational strategies and tools to become proficient in developing data engineering and machine learning solutions,Information Technology,Data Management,Specialization,"Bash (Unix Shell), Database (DBMS), Web Application, Python Programming, SQL, Vim, Pandas, Visual Studio Code, Data Structure, Data Management, Linux, Web Scraping, ","Kennedy Behrman ,Alfredo Deza ,Noah Gift ,",4.4,172.0,Approximately 4 months to complete,Coursera,,,,,"['Bash (Unix Shell)', 'Database (DBMS)', 'Web Application', 'Python Programming', 'SQL', 'Vim', 'Pandas', 'Visual Studio Code', 'Data Structure', 'Data Management', 'Linux', 'Web Scraping']",Data Science
C0109,Oracle SQL Databases Specialization,https://www.coursera.org/specializations/oracle-sql-databases,Become Proficient with Oracle SQL Databases. Master creating and editing databases with Oracle SQL,Information Technology,Data Management,Specialization,"Insert and Modify Oracle SQL Databases, Delete from Oracle SQL Databases, Create Oracle SQL Databases, ","Rafiq Wayani ,",4.6,332.0,Approximately 2 months to complete,Coursera,,,,,"['Insert and Modify Oracle SQL Databases', 'Delete from Oracle SQL Databases', 'Create Oracle SQL Databases']",Data Science
C0110,Machine Learning for Trading Specialization,https://www.coursera.org/specializations/machine-learning-trading,Start Your Career in Machine Learning for Trading. Learn the machine learning techniques used in quantitative trading.,Data Science,Machine Learning,Specialization,"Finance, Trading, Investment, Machine Learning applied to Finance, Algorithmic Trading, Python Programming, Machine Learning, Reinforcement Learning Model Development, Reinforcement Learning Trading Algorithm Optimization, Reinforcement Learning Trading Strategy Development, Reinforcement Learning Trading Algo Development, ","Jack Farmer ,",3.9,967.0,Approximately 3 months to complete,Coursera,,,,,"['Finance', 'Trading', 'Investment', 'Machine Learning applied to Finance', 'Algorithmic Trading', 'Python Programming', 'Machine Learning', 'Reinforcement Learning Model Development', 'Reinforcement Learning Trading Algorithm Optimization', 'Reinforcement Learning Trading Strategy Development', 'Reinforcement Learning Trading Algo Development']",Data Science
C0111,Software Development Lifecycle Specialization,https://www.coursera.org/specializations/software-development-lifecycle,Launch Your Career in Software Development. Master techniques and best practices for traditional and agile software project management.,Computer Science,Software Development,Specialization,"Lean Software Development, Kanban, Agile Software Development, Software Development Process, Software Development Kit (SDK), Scrum (Software Development), Application Security, Software Architecture, Software Testing, Software Design, Software Quality, ","Praveen Mittal ,Kevin Wendt ,",4.6,2031.0,Approximately 4 months to complete,Coursera,,,,,"['Lean Software Development', 'Kanban', 'Agile Software Development', 'Software Development Process', 'Software Development Kit (SDK)', 'Scrum (Software Development)', 'Application Security', 'Software Architecture', 'Software Testing', 'Software Design', 'Software Quality']",Web Development
C0112,Design of Experiments Specialization,https://www.coursera.org/specializations/design-experiments,"Design, Develop and Improve Products and Processes. Be able to apply modern experimental techniques to improve existing products and processes and bring new products and processes to market faster",Data Science,Probability and Statistics,Specialization,"Experimental Design, statistical Methods for Process and Product improvement, design of experiments, experiment design, designing experiments, ","Douglas C. Montgomery ,",4.7,231.0,Approximately 4 months to complete,Coursera,,,,,"['Experimental Design', 'statistical Methods for Process and Product improvement', 'design of experiments', 'experiment design', 'designing experiments']",Data Science
C0113,Creativity and AI Specialization,https://www.coursera.org/specializations/creativity-ai,AI and Design Thinking for Creativity. Discover the world of creative AI while building your toolkit for innovative breakthroughs.,Computer Science,Design and Product,Specialization,"Artificial Intelligence (AI), Innovation Strategies, Design Thinking, Business Applications, Applied Creativity, Machine Learning, Computational Creativity, Theories of Creativity, Organizational Transformation, ","Jeongki Lim ,",4.6,35.0,Approximately 4 months to complete,Coursera,,,,,"['Artificial Intelligence (AI)', 'Innovation Strategies', 'Design Thinking', 'Business Applications', 'Applied Creativity', 'Machine Learning', 'Computational Creativity', 'Theories of Creativity', 'Organizational Transformation']",Web Development
C0114,Learning Linux for LFCA Certification Specialization,https://www.coursera.org/specializations/linux-for-lfca-certification,Become proficient with Linux. Learn Linux for LFCA Certification,Computer Science,Software Development,Specialization,"creating links to files and directories, updating packages, managing Linux File Systems, filtering text files, applying permissions, Cybersecurity, Information Technology, Linux, Virtual Machine, Version Control, Hypervisor, Use Case, ","Aspen Olmsted ,",4.5,452.0,Approximately 4 months to complete,Coursera,,,,,"['creating links to files and directories', 'updating packages', 'managing Linux File Systems', 'filtering text files', 'applying permissions', 'Cybersecurity', 'Information Technology', 'Linux', 'Virtual Machine', 'Version Control', 'Hypervisor', 'Use Case']",Web Development
C0115,Getting started with Google Workspace Specialization,https://www.coursera.org/specializations/getting-started-with-google-workspace,,Information Technology,Cloud Computing,Specialization,"Communication, Spreadsheet Software, Collaboration, ","Google Cloud Training ,",4.8,815.0,Approximately 3 months to complete,Coursera,,,,,"['Communication', 'Spreadsheet Software', 'Collaboration']",Data Science
C0116,First Principles of Computer Vision Specialization,https://www.coursera.org/specializations/firstprinciplesofcomputervision,Master the First Principles of Computer Vision. Advance the mathematical and physical algorithms empowering computer vision ,Computer Science,Algorithms,Specialization,"perception, features and boundaries, Object Recognition, Camera and imaging, 3d reconstruction, Fourier Transform, High-Dynamic-Range (HDR) Imaging, Image Formation, Convolution and Deconvolution, Working Principles of a Camera, Scale Space, Active Contours, ","Shree Nayar ,",4.8,100.0,Approximately 7 months to complete,Coursera,,,,,"['perception', 'features and boundaries', 'Object Recognition', 'Camera and imaging', '3d reconstruction', 'Fourier Transform', 'High-Dynamic-Range (HDR) Imaging', 'Image Formation', 'Convolution and Deconvolution', 'Working Principles of a Camera', 'Scale Space', 'Active Contours']",Web Development
C0117,Machine Learning and Reinforcement Learning in Finance Specialization,https://www.coursera.org/specializations/machine-learning-reinforcement-finance,Reinforce Your Career: Machine Learning in Finance. Extend your expertise of algorithms and tools needed to predict financial markets.,Data Science,Machine Learning,Specialization,"Predictive Modelling, Financial Engineering, Machine Learning, Tensorflow, Reinforcement Learning, option pricing and risk management, simple model for market dynamics, Q-learning using financial problems, optimal trading, Portfolio Optimization, ","Igor Halperin ,",3.7,726.0,Approximately 4 months to complete,Coursera,,,,,"['Predictive Modelling', 'Financial Engineering', 'Machine Learning', 'Tensorflow', 'Reinforcement Learning', 'option pricing and risk management', 'simple model for market dynamics', 'Q-learning using financial problems', 'optimal trading', 'Portfolio Optimization']",Data Science
C0118,Fundamentals of Computing Specialization,https://www.coursera.org/specializations/computer-fundamentals,Prepare for Advanced Computer Science Courses. Learn how to program and think like a Computer Scientist,Computer Science,Software Development,Specialization,"Recursion, Algorithms, Python Programming, Dynamic Programming, Programming Principles, Python Syntax And Semantics, Computer Programming, Logic Programming, Object-Oriented Programming (OOP), Combinatorics, Tree (Data Structure), Graph Theory, ","John Greiner ,Stephen Wong ,Scott Rixner ,Joe Warren ,Luay Nakhleh ,",4.8,2867.0,Approximately 7 months to complete,Coursera,,,,,"['Recursion', 'Algorithms', 'Python Programming', 'Dynamic Programming', 'Programming Principles', 'Python Syntax And Semantics', 'Computer Programming', 'Logic Programming', 'Object-Oriented Programming (OOP)', 'Combinatorics', 'Tree (Data Structure)', 'Graph Theory']",Web Development
C0119,Executive Data Science Specialization,https://www.coursera.org/specializations/executive-data-science,Be The Leader Your Data Team Needs. Learn to lead a data science team that generates first-rate analyses in four courses.,Data Science,Data Analysis,Specialization,"Data Science, Data Management, Data Analysis, Communication, Leadership, Machine Learning, Project, Team Building, Management, Team Management, Interpretation, Exploratory Data Analysis, ","Jeff Leek, PhD ,Brian Caffo, PhD ,Roger D. Peng, PhD ,",4.5,7076.0,Approximately 2 months to complete,Coursera,,,,,"['Data Science', 'Data Management', 'Data Analysis', 'Communication', 'Leadership', 'Machine Learning', 'Project', 'Team Building', 'Management', 'Team Management', 'Interpretation', 'Exploratory Data Analysis']",Data Science
C0120,Django for Everybody Specialization,https://www.coursera.org/specializations/django,Build & deploy rich web applications using Django. Learn the fundamentals of building a full-featured web site using Django,Computer Science,Mobile and Web Development,Specialization,"Cascading Style Sheets (CSS), HTML, JavaScript, SQL, Django (Web Framework), Hypertext Transfer Protocol (HTTP), Django Template Language, GET & POST, Object-Oriented Programming (OOP), Cross-Site Scripting Forgery (CSRF), User authentication, Sessions and cookies, ","Charles Russell Severance ,",4.7,2022.0,Approximately 5 months to complete,Coursera,,,,,"['Cascading Style Sheets (CSS)', 'HTML', 'JavaScript', 'SQL', 'Django (Web Framework)', 'Hypertext Transfer Protocol (HTTP)', 'Django Template Language', 'GET & POST', 'Object-Oriented Programming (OOP)', 'Cross-Site Scripting Forgery (CSRF)', 'User authentication', 'Sessions and cookies']",Web Development
C0121,Data Warehousing for Business Intelligence Specialization,https://www.coursera.org/specializations/data-warehousing,Harness Business Data . Build a fully-optimized business data warehouse in five courses.,Data Science,Data Analysis,Specialization,"Pentaho, Data Visualization (DataViz), Data Warehouse, SQL, Database (DB) Design, Entity–Relationship (E-R) Model, Database (DBMS), Extraction, Transformation And Loading (ETL), Data Integration, Data Warehousing, Materialized View, Business Intelligence, ","Michael Mannino ,Jahangir Karimi ,",4.5,2316.0,Approximately 8 months to complete,Coursera,,,,,"['Pentaho', 'Data Visualization (DataViz)', 'Data Warehouse', 'SQL', 'Database (DB) Design', 'Entity–Relationship (E-R) Model', 'Database (DBMS)', 'Extraction', 'Transformation And Loading (ETL)', 'Data Integration', 'Data Warehousing', 'Materialized View', 'Business Intelligence']",Data Science
C0122,Data Science: Statistics and Machine Learning Specialization,https://www.coursera.org/specializations/data-science-statistics-machine-learning,,Data Science,Data Analysis,Specialization,"Machine Learning, Github, R Programming, Regression Analysis, Data Visualization (DataViz), Statistics, Statistical Inference, Statistical Hypothesis Testing, Model Selection, Generalized Linear Model, Linear Regression, Random Forest, ","Brian Caffo, PhD ,Roger D. Peng, PhD ,Jeff Leek, PhD ,",4.6,564.0,Approximately 6 months to complete,Coursera,,,,,"['Machine Learning', 'Github', 'R Programming', 'Regression Analysis', 'Data Visualization (DataViz)', 'Statistics', 'Statistical Inference', 'Statistical Hypothesis Testing', 'Model Selection', 'Generalized Linear Model', 'Linear Regression', 'Random Forest']",Data Science
C0123,Data Science Foundations: Statistical Inference Specialization,https://www.coursera.org/specializations/statistical-inference-for-data-science-applications,Build Your Statistical Skills for Data Science. Master the Statistics Necessary for Data Science,Data Science,Probability and Statistics,Specialization,"Inference, Statistics, Data Science, Probability, central limit theorem, continuous random variables, Bayes' Theorem, discrete random variables, ","Anne Dougherty ,Jem Corcoran ,",4.3,96.0,Approximately 4 months to complete,Coursera,,,,,"['Inference', 'Statistics', 'Data Science', 'Probability', 'central limit theorem', 'continuous random variables', ""Bayes' Theorem"", 'discrete random variables']",Data Science
C0124,Hands-on Internet of Things Specialization,https://www.coursera.org/specializations/uiuc-iot,Gain real-world experience with IoT. Techniques and Concepts of  Internet of Things,Computer Science,Computer Security and Networks,Specialization,"Python Programming, Device Programming, Raspberry Pi, Machine Learning, Internet, Internet Of Things (IOT), Wireless, Front And Back Ends, Service Discovery, ","Matthew Caesar ,",4.6,96.0,Approximately 4 months to complete,Coursera,,,,,"['Python Programming', 'Device Programming', 'Raspberry Pi', 'Machine Learning', 'Internet', 'Internet Of Things (IOT)', 'Wireless', 'Front And Back Ends', 'Service Discovery']",Cybersecurity
C0125,Survey Data Collection and Analytics  Specialization,https://www.coursera.org/specializations/data-collection,"Collect and analyze data, and communicate results. Learn to collect quality data and conduct insightful data analysis in six courses.",Data Science,Data Analysis,Specialization,"Data Collection, Cluster Sampling, R Programming, Missing Data, Data Quality, Data Analysis, Data Generating Process, ","Frauke Kreuter, Ph.D. ,Mariel Leonard ,Frederick Conrad, Ph.D. ,James M Lepkowski ,Richard Valliant, Ph.D. ,",4.3,809.0,Approximately 8 months to complete,Coursera,,,,,"['Data Collection', 'Cluster Sampling', 'R Programming', 'Missing Data', 'Data Quality', 'Data Analysis', 'Data Generating Process']",Data Science
C0126,Computer Security and Systems Management Specialization,https://www.coursera.org/specializations/computer-security-systems-management,Practical Application to System Management. Learn how to securely design and manage enterprise systems utilizing mainstream operating systems,Information Technology,Security,Specialization,"Subnetwork, Cybersecurity, Enterprise System, Linux, Information Security (INFOSEC), ","Greg Williams ,",4.7,1023.0,Approximately 5 months to complete,Coursera,,,,,"['Subnetwork', 'Cybersecurity', 'Enterprise System', 'Linux', 'Information Security (INFOSEC)']",Cybersecurity
C0127,Android App Development Specialization,https://www.coursera.org/specializations/android-app-development,Launch Your Android App Development Career. Master the knowledge and skills necessary to develop maintainable mobile computing apps,Computer Science,Mobile and Web Development,Specialization,"Software Testing, Android Software Development, Java Programming, Junit, Logic Programming, Android Studio, Object-Oriented Programming (OOP), Computer Programming, Concurrent Computing, Unit Testing, ","Dr. Jerry Roth ,Dr. Julie L. Johnson ,Michael Walker ,Dr. Douglas C. Schmidt ,Dr. Jules White ,",4.5,2782.0,Approximately 5 months to complete,Coursera,,,,,"['Software Testing', 'Android Software Development', 'Java Programming', 'Junit', 'Logic Programming', 'Android Studio', 'Object-Oriented Programming (OOP)', 'Computer Programming', 'Concurrent Computing', 'Unit Testing']",Web Development
C0128,Cloud-Native Development with OpenShift and Kubernetes Specialization,https://www.coursera.org/specializations/cloud-native-development-openshift-kubernetes,"Explore the world of containerized applications. Learn what a containerized application is, and then learn about Kubernetes and the Red Hat OpenShift Container Platform (RHOCP) as container orchestration platforms.",Information Technology,Cloud Computing,Specialization,"Kubernetes, Containers, RHOCP, Openshift, Cloud Computing, Cloud Platforms, Cloud Applications, "," Marek Czernek ,",4.7,55.0,Approximately 4 months to complete,Coursera,,,,,"['Kubernetes', 'Containers', 'RHOCP', 'Openshift', 'Cloud Computing', 'Cloud Platforms', 'Cloud Applications']",Data Science
C0129,C++ Programming for Unreal Game Development Specialization,https://www.coursera.org/specializations/cplusplusunrealgamedevelopment,Learn C++ and how to use C++ in Unreal games,Computer Science,Software Development,Specialization,"Video Game Development, Game Programming, Unreal Engine (User Interface), C++ (Programming Language), ","Dr. Tim ""Dr. T"" Chamillard ,",4.6,121.0,Approximately 4 months to complete,Coursera,,,,,"['Video Game Development', 'Game Programming', 'Unreal Engine (User Interface)', 'C++ (Programming Language)']",Web Development
C0130,TensorFlow: Data and Deployment Specialization,https://www.coursera.org/specializations/tensorflow-data-and-deployment,,Data Science,Machine Learning,Specialization,"Machine Learning, Tensorflow, advanced deployment, Object Detection, JavaScript, Convolutional Neural Network, TensorFlow.js, TensorFlow Lite, Mathematical Optimization, Artificial Neural Network, Extraction, Transformation And Loading (ETL), Data Pipelines, ","Laurence Moroney ,",4.7,1205.0,Approximately 4 months to complete,Coursera,,,,,"['Machine Learning', 'Tensorflow', 'advanced deployment', 'Object Detection', 'JavaScript', 'Convolutional Neural Network', 'TensorFlow.js', 'TensorFlow Lite', 'Mathematical Optimization', 'Artificial Neural Network', 'Extraction', 'Transformation And Loading (ETL)', 'Data Pipelines']",Data Science
C0131,Organizational Change and Culture for Adopting Google Cloud Specialization,https://www.coursera.org/specializations/organizational-change-and-culture-for-adopting-google-cloud,,Information Technology,Cloud Computing,Specialization,"Organizational Culture, Business Transformation, Business Value, Business Strategy, Business Case Analysis, SRE Culture, ","Google Cloud Training ,",4.8,314.0,Approximately 2 months to complete,Coursera,,,,,"['Organizational Culture', 'Business Transformation', 'Business Value', 'Business Strategy', 'Business Case Analysis', 'SRE Culture']",Data Science
C0132,Python for Cybersecurity Specialization,https://www.coursera.org/specializations/pythonforcybersecurity,Master Python for a variety of cybersecurity tasks. This Specialization provides an application-driven introduction to using Python for cybersecurity.,Information Technology,Security,Specialization,"pre-att&ck, Python Programming, Cybersecurity, attack and defend, Computer Programming, introduction to python for cybersecurity, Persistence, privilege escalation and evasion, Execution, active defense, ","Howard Poston ,",4.5,261.0,Approximately 5 months to complete,Coursera,,,,,"['pre-att&ck', 'Python Programming', 'Cybersecurity', 'attack and defend', 'Computer Programming', 'introduction to python for cybersecurity', 'Persistence', 'privilege escalation and evasion', 'Execution', 'active defense']",Cybersecurity
C0133,Object Oriented Java Programming: Data Structures and Beyond Specialization,https://www.coursera.org/specializations/java-object-oriented,Develop Powerful Interactive Software. Advance your software development knowledge in four comprehensive courses.,Computer Science,Software Development,Specialization,"Data Structure, Problem Solving, Java Programming, Object-Oriented Programming (OOP), Logic Programming, Sorting Algorithm, Trees (Data Structures), Linked List, Binary Tree, Graphs, Search Algorithm, Graph Algorithms, ","Mia Minnes ,Leo Porter ,Christine Alvarado ,",4.7,3341.0,Approximately 7 months to complete,Coursera,,,,,"['Data Structure', 'Problem Solving', 'Java Programming', 'Object-Oriented Programming (OOP)', 'Logic Programming', 'Sorting Algorithm', 'Trees (Data Structures)', 'Linked List', 'Binary Tree', 'Graphs', 'Search Algorithm', 'Graph Algorithms']",Web Development
C0134,Accounting Data Analytics Specialization,https://www.coursera.org/specializations/accounting-data-analytics,"Develop Data Analytics Skills for Accountants. This specialization develops students’ skills of data preparation, data visualization, data analysis, data interpretation, and machine learning algorithms and their applications to real-world problems.",Data Science,Data Analysis,Specialization,"Machine Learning, Python Programming, Data Visualization (DataViz), Data Preparation, Exploratory Data Analysis, Data Analysis, Predictive Analytics, Data Architecture, Coding, Linear Regression, SQL, Text Analysis, ","Ronald Guymon ,Linden Lu ,",4.6,151.0,Approximately 7 months to complete,Coursera,,,,,"['Machine Learning', 'Python Programming', 'Data Visualization (DataViz)', 'Data Preparation', 'Exploratory Data Analysis', 'Data Analysis', 'Predictive Analytics', 'Data Architecture', 'Coding', 'Linear Regression', 'SQL', 'Text Analysis']",Data Science
C0135,Modern Big Data Analysis with SQL Specialization,https://www.coursera.org/specializations/cloudera-big-data-analysis-sql,Learn Data Analysis for Big Data. Master using SQL for data analysis on distributed big data systems ,Data Science,Data Analysis,Specialization,"Cloud Storage, Data Analysis, Big Data, Cloudera, SQL, Database (DBMS), Data Warehousing, Apache Hive, Apache Impala, Data Management, Distributed File Systems, ","Glynn Durham ,Ian Cook ,",4.8,1130.0,Approximately 4 months to complete,Coursera,,,,,"['Cloud Storage', 'Data Analysis', 'Big Data', 'Cloudera', 'SQL', 'Database (DBMS)', 'Data Warehousing', 'Apache Hive', 'Apache Impala', 'Data Management', 'Distributed File Systems']",Data Science
C0136,Clinical Data Science Specialization,https://www.coursera.org/specializations/clinical-data-science,Launch your career in Clinical Data Science. A six-course introduction to using clinical data to improve the care of tomorrow's patients.,Data Science,Data Analysis,Specialization,"Implementation Science, Clinical Text Mining, R Programming, Computational Phenotyping, Data Quality Assessment, ","Laura K. Wiley, PhD ,Michael G. Kahn, MD, PhD ,",4.4,303.0,Approximately 7 months to complete,Coursera,,,,,"['Implementation Science', 'Clinical Text Mining', 'R Programming', 'Computational Phenotyping', 'Data Quality Assessment']",Data Science
C0137,Game Design and Development with Unity 2020 Specialization,https://www.coursera.org/specializations/game-design-and-development,Launch Your Career in Game Design and Development. Learn the theory and practice of game making using Unity 2020,Computer Science,Software Development,Specialization,"Video Game Development, Unity, video game, Game Design, technology, Game Making, ","Brian Winn ,",4.7,389.0,Approximately 5 months to complete,Coursera,,,,,"['Video Game Development', 'Unity', 'video game', 'Game Design', 'technology', 'Game Making']",Web Development
C0138,TensorFlow 2 for Deep Learning Specialization,https://www.coursera.org/specializations/tensorflow2-deeplearning,,Data Science,Machine Learning,Specialization,"Tensorflow, keras, TensorFlow Probability, Probabilistic Neural Networks, Deep Learning, Probabilistic Neural Network, Generative Model, Probabilistic Programming Language (PRPL), ","Dr Kevin Webster ,",4.8,526.0,Approximately 4 months to complete,Coursera,,,,,"['Tensorflow', 'keras', 'TensorFlow Probability', 'Probabilistic Neural Networks', 'Deep Learning', 'Probabilistic Neural Network', 'Generative Model', 'Probabilistic Programming Language (PRPL)']",Data Science
C0139,Digital Transformation Using AI/ML with Google Cloud Specialization,https://www.coursera.org/specializations/digital-transformation-using-ai-ml-with-google-cloud,,Information Technology,Cloud Computing,Specialization,"Organizational Culture, Business Transformation, Business Value, Business Strategy, Business Case Analysis, ","Google Cloud Training ,",4.7,410.0,Approximately 2 months to complete,Coursera,,,,,"['Organizational Culture', 'Business Transformation', 'Business Value', 'Business Strategy', 'Business Case Analysis']",Data Science
C0140,Data Science with Databricks for Data Analysts Specialization,https://www.coursera.org/specializations/data-science-with-databricks-for-data-analysts,,Data Science,Data Analysis,Specialization,"Data Science, Data Analysis, Machine Learning, Spark SQL, SQL, Databricks, ","Kate Sullivan ,Emma Freeman ,Mark Roepke ,Kevin Coyle ,",4.5,390.0,Approximately 5 months to complete,Coursera,,,,,"['Data Science', 'Data Analysis', 'Machine Learning', 'Spark SQL', 'SQL', 'Databricks']",Data Science
C0141,User Interface Design Specialization,https://www.coursera.org/specializations/user-interface-design,Design Better User Interfaces. Learn to create effective and usable interfaces for a range of products and devices.,Computer Science,Design and Product,Specialization,"Usability, User Interface Design (UI Design), Design Theory, User Interface, User Research, Heuristic Evaluation, ","Loren Terveen ,Haiyi Zhu ,Lana Yarosh ,Dr. Brent Hecht ,Joseph A Konstan ,",4.6,1318.0,Approximately 4 months to complete,Coursera,,,,,"['Usability', 'User Interface Design (UI Design)', 'Design Theory', 'User Interface', 'User Research', 'Heuristic Evaluation']",Web Development
C0142,JavaScript for Beginners Specialization,https://www.coursera.org/specializations/javascript-beginner,Build Your Skills in JavaScript and jQuery. Start a journey to using JavaScript to become a programmer.,Computer Science,Mobile and Web Development,Specialization,"web interactivty, Jquery, Data Manipulation, JavaScript, animations, ","William Mead ,",4.7,591.0,Approximately 4 months to complete,Coursera,,,,,"['web interactivty', 'Jquery', 'Data Manipulation', 'JavaScript', 'animations']",Web Development
C0143,"Data Engineering, Big Data and ML on Google Cloud 日本語版 Specialization",https://www.coursera.org/specializations/gcp-data-machine-learning-jp,Data Engineering on Google Cloud Platform 専門講座. データ エンジニアリングのキャリアをスタートして、ビッグデータと機械学習でビジネス価値を生み出す力をつけましょう。,Computer Science,Software Development,Specialization,"Tensorflow, Bigquery, Google Cloud Platform, Cloud Computing, ","Google Cloud Training ,",4.5,160.0,Approximately 5 months to complete,Coursera,,,,,"['Tensorflow', 'Bigquery', 'Google Cloud Platform', 'Cloud Computing']",Web Development
C0144,Information​ ​Systems Specialization,https://www.coursera.org/specializations/information-systems,Information Technology . Become a better manager of information technology to address business problems,Information Technology,Support and Operations,Specialization,"Project Management, Critical Thinking, Management, IT Skills and Knowledge, Finance and accounting skills and knowledge, Business analysis skills and knowledge, Project management skills and knowledge, ","Gautam Ray ,Ken Reily ,Jason Chan ,Soumya Sen ,",4.8,1133.0,Approximately 5 months to complete,Coursera,,,,,"['Project Management', 'Critical Thinking', 'Management', 'IT Skills and Knowledge', 'Finance and accounting skills and knowledge', 'Business analysis skills and knowledge', 'Project management skills and knowledge']",Data Science
C0145,IBM AI Enterprise Workflow Specialization,https://www.coursera.org/specializations/ibm-ai-workflow,,Data Science,Machine Learning,Specialization,"Data Science, Information Engineering, Artificial Intelligence (AI), Machine Learning, Python Programming, ","Mark J Grover ,Ray Lopez, Ph.D. ,",4.4,178.0,Approximately 4 months to complete,Coursera,,,,,"['Data Science', 'Information Engineering', 'Artificial Intelligence (AI)', 'Machine Learning', 'Python Programming']",Data Science
C0146,Programming in C++: A Hands-on Introduction Specialization,https://www.coursera.org/specializations/hands-on-cpp,Hands-on Introduction to C++ Programming. Code and run your first C++ program in minutes without installing anything!,Computer Science,Software Development,Specialization,"Computer Science, Computer Programming, C++, Object-Oriented Programming (OOP), Iteration, Variables, Conditionals, vectors, Files, Strings, Functions, Recursion, ","Anh Le ,Elise Deitrick ,Kevin Noelsaint ,",4.6,629.0,Approximately 4 months to complete,Coursera,,,,,"['Computer Science', 'Computer Programming', 'C++', 'Object-Oriented Programming (OOP)', 'Iteration', 'Variables', 'Conditionals', 'vectors', 'Files', 'Strings', 'Functions', 'Recursion']",Web Development
C0147,Vital Skills for Data Science Specialization,https://www.coursera.org/specializations/vital-skills-for-data-science,Gain Exposure to Key Data Science Areas  . Gain professional knowledge in the field of Data Science and learn applicable skills in Cybersecurity and Ethics.,Data Science,Data Analysis,Specialization,"Information Privacy, Cybersecurity, analysis, Ethics, Data Science, Applied Mathematics, Information Science, Statistics, Computer Science, Algorithms, Privacy, Philosophy, ","Jane Wall ,Bobby Schnabel ,Al Pisano ,Danielle Szafir ,",4.5,42.0,Approximately 5 months to complete,Coursera,,,,,"['Information Privacy', 'Cybersecurity', 'analysis', 'Ethics', 'Data Science', 'Applied Mathematics', 'Information Science', 'Statistics', 'Computer Science', 'Algorithms', 'Privacy', 'Philosophy']",Data Science
C0148,Building Cloud Computing Solutions at Scale Specialization,https://www.coursera.org/specializations/building-cloud-computing-solutions-at-scale,Launch Your Career in Cloud Computing. Master strategies and tools to become proficient in developing data science and machine learning solutions in the Cloud,Information Technology,Cloud Computing,Specialization,"Cloud Platforms, Cloud API, Machine Learning, Cloud Databases, Cloud Computing, Github, Devops, ","Noah Gift ,",4.4,215.0,Approximately 4 months to complete,Coursera,,,,,"['Cloud Platforms', 'Cloud API', 'Machine Learning', 'Cloud Databases', 'Cloud Computing', 'Github', 'Devops']",Data Science
C0149,Building No-Code Apps with AppSheet Specialization,https://www.coursera.org/specializations/building-no-code-apps-with-appsheet,"Build apps and solve business problems with AppSheet. Enable citizen developers to recognize the use cases for no-code application development, and learn the recommended practices to build, secure and manage apps with Google Cloud’s AppSheet development platform.",Information Technology,Cloud Computing,Specialization,"AppSheet, Google Sheets, No-code application development, AppSheet Automation, Navigate the AppSheet UI and editor to build an app, Learn the process to deploy and publish an app, Understand the capabilities of the AppSheet no-code app development platform, Work with app data sources using Google sheets, Create and customize the user experience of an app using AppSheet views and branding, App behaviors and automation, Application and data access control, App authoring and collaboration, ","Google Cloud Training ,",4.6,33.0,Approximately 2 months to complete,Coursera,,,,,"['AppSheet', 'Google Sheets', 'No-code application development', 'AppSheet Automation', 'Navigate the AppSheet UI and editor to build an app', 'Learn the process to deploy and publish an app', 'Understand the capabilities of the AppSheet no-code app development platform', 'Work with app data sources using Google sheets', 'Create and customize the user experience of an app using AppSheet views and branding', 'App behaviors and automation', 'Application and data access control', 'App authoring and collaboration']",Data Science
C0150,3D Printing and Additive Manufacturing Specialization,https://www.coursera.org/specializations/3d-printing-additive-manufacturing,"Turn Your Ideas into Objects with 3D Printing. Obtain a rich understanding of what 3D printing is and how 3D printers work and develop skills in 3D Modeling. Consider how this new technology is being used by both firms and individuals with revolutionary potential; acquire a set of tangible skills that will allow you to design, prototype, manufacture, and share (or sell) physical objects.",Computer Science,Design and Product,Specialization,"Prototyping, Fusion360, Tinkercad, 3D printing, 3d modeling, Materials, Product Development, New Product Development, Human–Computer Interaction, ","Aric Rindfleisch ,Vishal Sachdev ,Jeffrey Smith ,Matthew Griffin ,Alex Larson ,",4.5,164.0,Approximately 6 months to complete,Coursera,,,,,"['Prototyping', 'Fusion360', 'Tinkercad', '3D printing', '3d modeling', 'Materials', 'Product Development', 'New Product Development', 'Human–Computer Interaction']",Web Development
C0151,Leverage Data Science for a More Agile Supply Chain Specialization,https://www.coursera.org/specializations/leverage-data-science-agile-supply-chain,Data Science Strategies in Supply Chain Management. Master data science skills to create a more agile supply chain.,Data Science,Data Analysis,Specialization,"Data-Informed Decision-Making, Analyze Metrics, Resource and Capacity Optimization, Risk identification, Agile Supply Chain Planning, Demand Planning, Data Analysis, Supply Chain, constrained forecast, supply planning, ","Paul Jan ,",4.4,58.0,Approximately 3 months to complete,Coursera,,,,,"['Data-Informed Decision-Making', 'Analyze Metrics', 'Resource and Capacity Optimization', 'Risk identification', 'Agile Supply Chain Planning', 'Demand Planning', 'Data Analysis', 'Supply Chain', 'constrained forecast', 'supply planning']",Data Science
C0152,Getting Started with Google Workspace en Español Specialization,https://www.coursera.org/specializations/getting-started-with-google-workspace-es,,Information Technology,Cloud Computing,Specialization,"File Shortcut, Email, Signature, Confidentiality, Streams, Retain, Upload, ","Google Cloud Training ,",4.7,36.0,Approximately 4 months to complete,Coursera,,,,,"['File Shortcut', 'Email', 'Signature', 'Confidentiality', 'Streams', 'Retain', 'Upload']",Data Science
C0153,Introduction to Scripting in Python Specialization,https://www.coursera.org/specializations/introduction-scripting-in-python,Launch Your Career in Python Programming. Master the core concepts of scripting in Python to enable you to solve practical problems.,Computer Science,Software Development,Specialization,"Codeskulptor, Data Analysis, Python Programming, Data Visualization (DataViz), Python Syntax And Semantics, Debugging, Tuple, List & Label, ","Scott Rixner ,Joe Warren ,",4.7,2852.0,Approximately 4 months to complete,Coursera,,,,,"['Codeskulptor', 'Data Analysis', 'Python Programming', 'Data Visualization (DataViz)', 'Python Syntax And Semantics', 'Debugging', 'Tuple', 'List & Label']",Web Development
C0154,Self-Driving Cars Specialization,https://www.coursera.org/specializations/self-driving-cars,Launch Your Career in Self-Driving Cars. Be at the forefront of the autonomous driving industry.,Computer Science,Software Development,Specialization,,"Steven Waslander ,Jonathan Kelly ,",4.7,2509.0,Approximately 7 months to complete,Coursera,,,,,[],Web Development
C0155,Scrum Master Certification Specialization,https://www.coursera.org/specializations/learnquest-certified-scrum-master,Learn to be a Scrum Master. This Specialization is designed to help Scrum beginners learn the foundational knowledge to become proficient with Agile Scrum,Computer Science,Design and Product,Specialization,,"Jim Sullivan ,",4.7,1835.0,Approximately 2 months to complete,Coursera,,,,,[],Web Development
C0156,Programming with Google Go Specialization,https://www.coursera.org/specializations/google-golang,"Advance Your Computer Programming Career. Develop efficient applications with Google's innovative programming language, Go!",Computer Science,Software Development,Specialization,,"Ian Harris ,",4.6,2281.0,Approximately 3 months to complete,Coursera,,,,,[],Web Development
C0157,Sports Performance Analytics Specialization,https://www.coursera.org/specializations/sports-analytics,Predictive Sports Analytics with Real Sports Data. Anticipate player and team performance using sports analytics principles.,Data Science,Data Analysis,Specialization,,"Wenche Wang ,Stefan Szymanski ,Youngho Park ,Peter F. Bodary ,Christopher Brooks ,",4.5,164.0,Approximately 7 months to complete,Coursera,,,,,[],Data Science
C0158,Blockchain Revolution Specialization,https://www.coursera.org/specializations/blockchain-revolution-enterprise,"Learn the fundamentals of blockchain technology. Featuring Don Tapscott, world-renowned expert on business innovation and technology.",Computer Science,Software Development,Specialization,,"Don Tapscott ,Alex Tapscott ,",4.7,2091.0,Approximately 5 months to complete,Coursera,,,,,[],Web Development
C0159,Creating Business Value with Data and Looker Specialization,https://www.coursera.org/specializations/creating-business-value-with-data-and-looker,Build skills to leverage cloud data with Looker. Introduction to Data in the Cloud and Looker for a Looker Developer,Information Technology,Cloud Computing,Specialization,,"Google Cloud Training ,",4.7,196.0,Approximately 2 months to complete,Coursera,,,,,[],Data Science
C0160,Introducción a la inteligencia artificial Specialization,https://www.coursera.org/specializations/inteligencia-artificial,Introducción a la Inteligencia Artificial. Conoce distintas técnicas y conceptos relacionados a la construcción de sistemas inteligentes.,Computer Science,Algorithms,Specialization,,"Carlos Gershenson ,David A. Rosenblueth ,Stalin Muñoz Gutiérrez ,Katya Rodríguez Vázquez ,Dra. Wendy Elizabeth Aguilar Martínez ,Gibran Fuentes Pineda ,",4.6,288.0,Approximately 8 months to complete,Coursera,,,,,[],Web Development
C0161,Advanced Embedded Linux Development Specialization,https://www.coursera.org/specializations/advanced-embedded-linux-development,Deploy and Develop Software for Embedded Linux. Learn how to develop and deploy software for Embedded Linux based devices,Computer Science,Software Development,Specialization,"Linux, Kernel Programming, Embedded Systems, C Programming, Embedded Software, Embedded Systems Engineering, Shell Script, Electrical Engineering, Agile Software Development, ","Daniel Walkes ,",,,Approximately 4 months to complete,Coursera,,,,,"['Linux', 'Kernel Programming', 'Embedded Systems', 'C Programming', 'Embedded Software', 'Embedded Systems Engineering', 'Shell Script', 'Electrical Engineering', 'Agile Software Development']",Web Development
C0162,GPU Programming Specialization,https://www.coursera.org/specializations/gpu-programming,Solve Challenges with Powerful GPUs. Develop mastery in high performance computing and apply to numerous fields.,Computer Science,Software Development,Specialization,"Machine Learning, GPU, Parallel Computing, Image Processing, C++, Cuda, Python Programming, Thread (Computing), Algorithms, C/C++, Nvidia, Data Science, ","Chancellor Thomas Pascale ,",,,Approximately 5 months to complete,Coursera,,,,,"['Machine Learning', 'GPU', 'Parallel Computing', 'Image Processing', 'C++', 'Cuda', 'Python Programming', 'Thread (Computing)', 'Algorithms', 'C/C++', 'Nvidia', 'Data Science']",Web Development
C0163,Deep Learning for Healthcare Specialization,https://www.coursera.org/specializations/deep-learning-healthcare,Neural Networks in Applied Medicine. Learn the latest cutting-edge methods in Deep Learning for Medical Applications,Data Science,Machine Learning,Specialization,"Big Data, Machine Learning, Deep Learning, Health Care, Graphs, Unsupervised Learning, Autoencoder, ","Jimeng Sun ,",,,Approximately 3 months to complete,Coursera,,,,,"['Big Data', 'Machine Learning', 'Deep Learning', 'Health Care', 'Graphs', 'Unsupervised Learning', 'Autoencoder']",Data Science
C0164,Google Data Analytics Professional Certificate,https://www.coursera.org/professional-certificates/google-data-analytics,"This is your path to a career in data analytics. In this program, you’ll learn in-demand skills that will have you job-ready in less than 6 months. No degree or experience required. ",Data Science,Data Analysis,Professional Certificate,"Spreadsheet,Data Cleansing,Data Analysis,Data Visualization (DataViz),SQL,Questioning,Decision-Making,Problem Solving,Metadata,Data Collection,Data Ethics,Sample Size Determination,Data Integrity,Data Calculations,Data Aggregation,Tableau Software,Presentation,R Programming,R Markdown,Rstudio,Job portfolio,case study,",Google Career Certificates,4.8,,6 months at 10 hours a week,Coursera,,,,,"['Spreadsheet', 'Data Cleansing', 'Data Analysis', 'Data Visualization (DataViz)', 'SQL', 'Questioning', 'Decision-Making', 'Problem Solving', 'Metadata', 'Data Collection', 'Data Ethics', 'Sample Size Determination', 'Data Integrity', 'Data Calculations', 'Data Aggregation', 'Tableau Software', 'Presentation', 'R Programming', 'R Markdown', 'Rstudio', 'Job portfolio', 'case study']",Data Science
C0165,IBM Data Science Professional Certificate,https://www.coursera.org/professional-certificates/ibm-data-science,"Kickstart your career in data science & ML. Build data science skills, learn Python & SQL, analyze & visualize data, build machine learning models. No degree or prior experience required.",Data Science,Data Analysis,Professional Certificate,"Data Science,Deep Learning,Machine Learning,Big Data,Data Mining,Github,Python Programming,Jupyter notebooks,Rstudio,Methodology,CRISP-DM,Data Analysis,Pandas,Numpy,Cloud Databases,Relational Database Management System (RDBMS),SQL,Predictive Modelling,Data Visualization (DataViz),Model Selection,Dashboards and Charts,dash,Matplotlib,SciPy and scikit-learn,regression,classification,Hierarchical Clustering,Jupyter Notebook,Data Science Methodology,K-Means Clustering,",Rav Ahuja,4.6,,5 months at 3 hours a week,Coursera,,,,,"['Data Science', 'Deep Learning', 'Machine Learning', 'Big Data', 'Data Mining', 'Github', 'Python Programming', 'Jupyter notebooks', 'Rstudio', 'Methodology', 'CRISP-DM', 'Data Analysis', 'Pandas', 'Numpy', 'Cloud Databases', 'Relational Database Management System (RDBMS)', 'SQL', 'Predictive Modelling', 'Data Visualization (DataViz)', 'Model Selection', 'Dashboards and Charts', 'dash', 'Matplotlib', 'SciPy and scikit-learn', 'regression', 'classification', 'Hierarchical Clustering', 'Jupyter Notebook', 'Data Science Methodology', 'K-Means Clustering']",Data Science
C0166,Google UX Design Professional Certificate,https://www.coursera.org/professional-certificates/google-ux-design,"This is your path to a career in UX design. In this program, you’ll learn in-demand skills that will have you job-ready in less than 6 months. No degree or experience required.",Computer Science,Design and Product,Professional Certificate,"User Experience (UX),UX Research,Wireframe,Prototype,User Experience Design (UXD),Usability Testing,mockup,Figma,Adobe XD,UX design jobs,",Google Career Certificates,4.8,,6 months at 10 hours a week,Coursera,,,,,"['User Experience (UX)', 'UX Research', 'Wireframe', 'Prototype', 'User Experience Design (UXD)', 'Usability Testing', 'mockup', 'Figma', 'Adobe XD', 'UX design jobs']",Web Development
C0167,Google IT Support Professional Certificate,https://www.coursera.org/professional-certificates/google-it-support,"This is your path to a career in IT. In this program, you’ll learn in-demand skills that will have you job-ready in less than 6 months. No degree or experience required. ",Information Technology,Support and Operations,Professional Certificate,"Debugging,Encryption Algorithms and Techniques,Customer Service,Network Protocols,Cloud Computing,",Google Career Certificates,4.8,,6 months at 10 hours a week,Coursera,,,,,"['Debugging', 'Encryption Algorithms and Techniques', 'Customer Service', 'Network Protocols', 'Cloud Computing']",Data Science
C0168,IBM Data Analyst Professional Certificate,https://www.coursera.org/professional-certificates/ibm-data-analyst,Unlock your potential in data analytics. Build job-ready skills for an in-demand career as a data analyst. No degree or prior experience required.,Data Science,Data Analysis,Professional Certificate,"Microsoft Excel,Python Programming,Data Analysis,Data Visualization (DataViz),SQL,",Rav Ahuja,4.7,,4 months at 10 hours a week,Coursera,,,,,"['Microsoft Excel', 'Python Programming', 'Data Analysis', 'Data Visualization (DataViz)', 'SQL']",Data Science
C0169,IBM DevOps and Software Engineering Professional Certificate,https://www.coursera.org/professional-certificates/devops-and-software-engineering,"Launch your DevOps and Software Engineering Career. Master DevOps, Agile, Scrum, CI/CD and Cloud Native with hands-on job-ready skills.",Computer Science,Software Development,Professional Certificate,"Test-Driven Development,CI/CD,Behavior-Driven Development,Devops,Cloud Native,Iaas PaaS Saas,Hybrid Multicloud,Cloud Computing,Agile Software Development,Scrum Methodology,Zenhub,Kanban,Sprint Planning,Basic programming concepts,Careers in software engineering,Programming languages and frameworks,The Software Development Lifecycle (SDLC),Software Architecture,Shell Script,Bash (Unix Shell),Linux,Distributed Version Control (DRCS),open source,Version Control Systems,Github,Git (Software),Data Science,Python Programming,Data Analysis,Pandas,Numpy,Artificial Intelligence (AI),Web Application,Application development,Flask,Kubernetes,Docker,Containers,Openshift,Swagger,serverless,Microservices,Representational State Transfer (REST),IBM Code Engine,Test Case,Software Testing,Automated Testing,Continuous Integration,Continuous Development,Automation,Infrastructure As Code,Open Web Application Security Project (OWASP),Observability,security,Monitoring,logging,agile,",John Rofrano,4.7,,3 months at 10 hours a week,Coursera,,,,,"['Test-Driven Development', 'CI/CD', 'Behavior-Driven Development', 'Devops', 'Cloud Native', 'Iaas PaaS Saas', 'Hybrid Multicloud', 'Cloud Computing', 'Agile Software Development', 'Scrum Methodology', 'Zenhub', 'Kanban', 'Sprint Planning', 'Basic programming concepts', 'Careers in software engineering', 'Programming languages and frameworks', 'The Software Development Lifecycle (SDLC)', 'Software Architecture', 'Shell Script', 'Bash (Unix Shell)', 'Linux', 'Distributed Version Control (DRCS)', 'open source', 'Version Control Systems', 'Github', 'Git (Software)', 'Data Science', 'Python Programming', 'Data Analysis', 'Pandas', 'Numpy', 'Artificial Intelligence (AI)', 'Web Application', 'Application development', 'Flask', 'Kubernetes', 'Docker', 'Containers', 'Openshift', 'Swagger', 'serverless', 'Microservices', 'Representational State Transfer (REST)', 'IBM Code Engine', 'Test Case', 'Software Testing', 'Automated Testing', 'Continuous Integration', 'Continuous Development', 'Automation', 'Infrastructure As Code', 'Open Web Application Security Project (OWASP)', 'Observability', 'security', 'Monitoring', 'logging', 'agile']",Web Development
C0170,IBM Full Stack Software Developer Professional Certificate,https://www.coursera.org/professional-certificates/ibm-full-stack-cloud-developer,"Kickstart your career in application development. Master Cloud Native and Full Stack Development using hands-on projects involving HTML, JavaScript, Node.js, Python, Django, Containers, Microservices and more. No prior experience required.",Information Technology,Cloud Computing,Professional Certificate,"Cloud Native,Devops,Iaas PaaS Saas,Hybrid Multicloud,Cloud Computing,Cascading Style Sheets (CSS),HTML,Git (Software),JavaScript,Cloud Applications,Distributed Version Control (DRCS),open source,Version Control Systems,Github,Web Development,User Interface,React (Web Framework),Front-end Development,back-end development,Server-side JavaScript,express,Computer Science,Data Science,Python Programming,Data Analysis,Pandas,Numpy,Artificial Intelligence (AI),Web Application,Application development,Flask,Django (Web Framework),Database (DBMS),SQL,Kubernetes,Docker,Containers,Openshift,Swagger,serverless,Microservices,Representational State Transfer (REST),IBM Code Engine,Node.Js,",Rav Ahuja,4.5,,4 months at 10 hours a week,Coursera,,,,,"['Cloud Native', 'Devops', 'Iaas PaaS Saas', 'Hybrid Multicloud', 'Cloud Computing', 'Cascading Style Sheets (CSS)', 'HTML', 'Git (Software)', 'JavaScript', 'Cloud Applications', 'Distributed Version Control (DRCS)', 'open source', 'Version Control Systems', 'Github', 'Web Development', 'User Interface', 'React (Web Framework)', 'Front-end Development', 'back-end development', 'Server-side JavaScript', 'express', 'Computer Science', 'Data Science', 'Python Programming', 'Data Analysis', 'Pandas', 'Numpy', 'Artificial Intelligence (AI)', 'Web Application', 'Application development', 'Flask', 'Django (Web Framework)', 'Database (DBMS)', 'SQL', 'Kubernetes', 'Docker', 'Containers', 'Openshift', 'Swagger', 'serverless', 'Microservices', 'Representational State Transfer (REST)', 'IBM Code Engine', 'Node.Js']",Data Science
C0171,IBM Data Engineering Professional Certificate,https://www.coursera.org/professional-certificates/ibm-data-engineer,"Launch your new career in Data Engineering. Master SQL, RDBMS, ETL, Data Warehousing, NoSQL, Big Data and Spark with hands-on job-ready skills.",Information Technology,Data Management,Professional Certificate,"Relational Database Management Syste (RDBMS),ETL & Data Pipelines,NoSQL and Big Data,Apache Spark,SQL,",Rav Ahuja,4.6,,5 months at 10 hours a week,Coursera,,,,,"['Relational Database Management Syste (RDBMS)', 'ETL & Data Pipelines', 'NoSQL and Big Data', 'Apache Spark', 'SQL']",Data Science
C0172,IBM Data Analytics with Excel and R Professional Certificate,https://www.coursera.org/professional-certificates/ibm-data-analyst-r-excel,Kickstart Your Data Analytics Career w/ Excel & R. Master the data analysis and visualization tools to transform data into information and insights.,Data Science,Data Analysis,Professional Certificate,"Microsoft Excel,Relational Databases (RDBMS),R Programming,Data Analysis,Data Visualization (DataViz),",Rav Ahuja,4.7,,3 months at 10 hours a week,Coursera,,,,,"['Microsoft Excel', 'Relational Databases (RDBMS)', 'R Programming', 'Data Analysis', 'Data Visualization (DataViz)']",Data Science
C0173,IBM Cybersecurity Analyst Professional Certificate,https://www.coursera.org/professional-certificates/ibm-cybersecurity-analyst,"Get ready to launch your career in cybersecurity. Build job-ready skills for an in-demand role in the field, no degree or prior experience required.",Information Technology,Security,Professional Certificate,"information security analyst,IT security analyst,security analyst,Junior cybersecurity analyst,",IBM Security Learning Services,4.6,,3 months at 10 hours a week,Coursera,,,,,"['information security analyst', 'IT security analyst', 'security analyst', 'Junior cybersecurity analyst']",Cybersecurity
C0174,Google Advanced Data Analytics Professional Certificate,https://www.coursera.org/professional-certificates/google-advanced-data-analytics,"Learn in-demand skills like statistical analysis, Python, regression models, and machine learning in less than 6 months.",Data Science,Data Analysis,Professional Certificate,"Data Science,Regression Models,Predictive Modelling,Exploratory Data Analysis (EDA),Statistical Analysis,Machine Learning,Python Programming,Data Analysis,Jupyter Notebook,Tableau Software,Data Visualization (DataViz),Kaggle,",Google Career Certificates,4.7,,6 months at 10 hours a week,Coursera,,,,,"['Data Science', 'Regression Models', 'Predictive Modelling', 'Exploratory Data Analysis (EDA)', 'Statistical Analysis', 'Machine Learning', 'Python Programming', 'Data Analysis', 'Jupyter Notebook', 'Tableau Software', 'Data Visualization (DataViz)', 'Kaggle']",Data Science
C0175,IBM Back-End Development Professional Certificate,https://www.coursera.org/professional-certificates/ibm-backend-development,Prepare for a career as a back-end developer.. Gain the in-demand skills and hands-on experience to get job-ready in less than 6 months. ,Computer Science,Software Development,Professional Certificate,"Database (DBMS),Containers,Python Programming,Microservices,Backend Development,",John Rofrano,4.8,,12 months at 10 hours a week,Coursera,,,,,"['Database (DBMS)', 'Containers', 'Python Programming', 'Microservices', 'Backend Development']",Web Development
C0176,IBM Applied AI Professional Certificate,https://www.coursera.org/professional-certificates/applied-artifical-intelligence-ibm-watson-ai,"Kickstart your career in artificial intelligence. Learn Python, build a chatbot, explore machine learning and computer vision, and leverage IBM Watson. ",Data Science,Machine Learning,Professional Certificate,"Data Science,Deep Learning,Artificial Intelligence (AI),Jobs,Machine Learning,Application Programming Interfaces (API),watson,Python Programming,Data Analysis,Pandas,Numpy,Web Application,Application development,Flask,Artifical Intelligence,Watson AI,Chatbot,",Rav Ahuja,4.6,,6 months at 3 hours a week,Coursera,,,,,"['Data Science', 'Deep Learning', 'Artificial Intelligence (AI)', 'Jobs', 'Machine Learning', 'Application Programming Interfaces (API)', 'watson', 'Python Programming', 'Data Analysis', 'Pandas', 'Numpy', 'Web Application', 'Application development', 'Flask', 'Artifical Intelligence', 'Watson AI', 'Chatbot']",Data Science
C0177,IBM IT Support  Professional Certificate,https://www.coursera.org/professional-certificates/ibm-technical-support,Launch your rewarding new career in tech. This program will prepare you with job-ready skills valued by employers in as little as 3 months. No degree or prior experience needed to get started.,Information Technology,Support and Operations,Professional Certificate,"Networking/Cybersecurity Essentials,IT Fundamentals,Hardware/Software Setup,Technical Support,Cloud Computing,",Rav Ahuja,4.8,,2 months at 10 hours a week,Coursera,,,,,"['Networking/Cybersecurity Essentials', 'IT Fundamentals', 'Hardware/Software Setup', 'Technical Support', 'Cloud Computing']",Data Science
C0178,Google IT Automation with Python Professional Certificate,https://www.coursera.org/professional-certificates/google-it-automation,"Learn in-demand skills like Python, Git, and IT automation to advance your career",Information Technology,Support and Operations,Professional Certificate,"Using Version Control,Troubleshooting & Debugging,Python Programming,Configuration Management,Automation,",Google Career Certificates,4.9,,6 months at 10 hours a week,Coursera,,,,,"['Using Version Control', 'Troubleshooting & Debugging', 'Python Programming', 'Configuration Management', 'Automation']",Data Science
C0179,IBM Data Warehouse Engineer Professional Certificate,https://www.coursera.org/professional-certificates/data-warehouse-engineering,Kickstart your Career in BI Engineering. Develop job-ready skills for an entry level role in Data Warehousing.,Information Technology,Data Management,Professional Certificate,"Data Science,Database (DBMS),NoSQL,SQL,Database (DB) Design,Database Architecture,Postgresql,MySQL,Relational Database Management System (RDBMS),Create, Read, Update And Delete,Data Analysis,Shell Script,Bash (Unix Shell),Linux,Database Servers,Relational Database,Database Security,database administration,Extraction, Transformation And Loading (ETL),Apache Kafka,Apache Airflow,Data Pipelines,Data Warehousing,Cube and Rollup,Business Intelligence (BI),Star and Snowflake Schema,cognos analytics,OLTP Databases,",Rav Ahuja,4.7,,3 months at 10 hours a week,Coursera,,,,,"['Data Science', 'Database (DBMS)', 'NoSQL', 'SQL', 'Database (DB) Design', 'Database Architecture', 'Postgresql', 'MySQL', 'Relational Database Management System (RDBMS)', 'Create', 'Read', 'Update And Delete', 'Data Analysis', 'Shell Script', 'Bash (Unix Shell)', 'Linux', 'Database Servers', 'Relational Database', 'Database Security', 'database administration', 'Extraction', 'Transformation And Loading (ETL)', 'Apache Kafka', 'Apache Airflow', 'Data Pipelines', 'Data Warehousing', 'Cube and Rollup', 'Business Intelligence (BI)', 'Star and Snowflake Schema', 'cognos analytics', 'OLTP Databases']",Data Science
C0180,IBM AI Engineering Professional Certificate,https://www.coursera.org/professional-certificates/ai-engineer,Launch your career as an AI engineer. Learn how to provide business insights from big data using machine learning and deep learning techniques. ,Data Science,Machine Learning,Professional Certificate,"SciPy and scikit-learn,Machine Learning,regression,classification,Hierarchical Clustering,Deep Learning,Artificial Neural Network,Artificial Intelligence (AI),keras,Opencv,Image Processing,Computer Vision,",SAEED AGHABOZORGI,4.5,,8 months at 3 hours a week,Coursera,,,,,"['SciPy and scikit-learn', 'Machine Learning', 'regression', 'classification', 'Hierarchical Clustering', 'Deep Learning', 'Artificial Neural Network', 'Artificial Intelligence (AI)', 'keras', 'Opencv', 'Image Processing', 'Computer Vision']",Data Science
C0181,IBM Applied DevOps Engineering Professional Certificate,https://www.coursera.org/professional-certificates/ibm-applied-devops-engineering,"Advance your career to high demand field of DevOps. Build on your software development skills with the latest DevOps concepts, tools, and technologies to get job ready in less than 3 months.",Computer Science,Software Development,Professional Certificate,"Site Reliability Engineering (SRE),DevOps Engineering,Kubernetes,Agile Methodologies,Continuous Integration and Continuous Deployment (CI/CD),",John Rofrano,4.9,,3 months at 10 hours a week,Coursera,,,,,"['Site Reliability Engineering (SRE)', 'DevOps Engineering', 'Kubernetes', 'Agile Methodologies', 'Continuous Integration and Continuous Deployment (CI/CD)']",Web Development
C0182,DeepLearning.AI TensorFlow Developer Professional Certificate,https://www.coursera.org/professional-certificates/tensorflow-in-practice,Instructor: Laurence Moroney ,Data Science,Machine Learning,Professional Certificate,"Computer Vision,Convolutional Neural Network,Machine Learning,Natural Language Processing,",Laurence Moroney,4.7,,4 months at 5 hours a week,Coursera,,,,,"['Computer Vision', 'Convolutional Neural Network', 'Machine Learning', 'Natural Language Processing']",Data Science
C0183,Meta Back-End Developer Professional Certificate,https://www.coursera.org/professional-certificates/meta-back-end-developer,Launch your career as a back-end developer. Build job-ready skills for an in-demand career and earn a credential from Meta. No degree or prior experience required to get started.,Computer Science,Mobile and Web Development,Professional Certificate,"Cloud Hosting,Application Programming Interfaces (API),Python Programming,Computer Programming,Django (Web Framework),Linux,Web Development,Bash (Unix Shell),Github,Version Control,MySQL,Database (DBMS),database administration,Build a data model,Design a web application,Debugging,Authentication and authorization,REST APIs,Filtering and ordering,Serializers and deserializers,Cascading Style Sheets (CSS),HTML,Production environments,JavaScript,API endpoints,Pseudocode,Algorithms,Communication,Data Structure,Computer Science,",Taught by Meta Staff,4.7,,8 months at 6 hours a week,Coursera,,,,,"['Cloud Hosting', 'Application Programming Interfaces (API)', 'Python Programming', 'Computer Programming', 'Django (Web Framework)', 'Linux', 'Web Development', 'Bash (Unix Shell)', 'Github', 'Version Control', 'MySQL', 'Database (DBMS)', 'database administration', 'Build a data model', 'Design a web application', 'Debugging', 'Authentication and authorization', 'REST APIs', 'Filtering and ordering', 'Serializers and deserializers', 'Cascading Style Sheets (CSS)', 'HTML', 'Production environments', 'JavaScript', 'API endpoints', 'Pseudocode', 'Algorithms', 'Communication', 'Data Structure', 'Computer Science']",Web Development
C0184,Meta iOS Developer Professional Certificate,https://www.coursera.org/professional-certificates/meta-ios-developer,Launch your career as an iOS developer. Build job-ready skills for an in-demand career and earn a credential from Meta. No degree or prior experience required to get started. ,Computer Science,Mobile and Web Development,Professional Certificate,"iOS App Development,Application development,Mobile Development,Linux,Web Development,Bash (Unix Shell),Github,Version Control,Swift Programming,Web Design,Front-End Web Development,User Experience (UX),Accessibility,use navigation in your apps,Json,APIs,Core Data,•	Create simple JavaScript code,•	Create and manipulate objects and arrays,•	Write unit testing using Jest,Web Application,React (Web Framework),React (Javascript Library),React,Software Architecture,UI development,Data Management,Pseudocode,Algorithms,Communication,Data Structure,Computer Science,",Taught by Meta Staff,4.7,,8 months at 7 hours a week,Coursera,,,,,"['iOS App Development', 'Application development', 'Mobile Development', 'Linux', 'Web Development', 'Bash (Unix Shell)', 'Github', 'Version Control', 'Swift Programming', 'Web Design', 'Front-End Web Development', 'User Experience (UX)', 'Accessibility', 'use navigation in your apps', 'Json', 'APIs', 'Core Data', '•\tCreate simple JavaScript code', '•\tCreate and manipulate objects and arrays', '•\tWrite unit testing using Jest', 'Web Application', 'React (Web Framework)', 'React (Javascript Library)', 'React', 'Software Architecture', 'UI development', 'Data Management', 'Pseudocode', 'Algorithms', 'Communication', 'Data Structure', 'Computer Science']",Web Development
C0185,Google Business Intelligence Professional Certificate,https://www.coursera.org/professional-certificates/google-business-intelligence,"Learn in-demand skills like data modeling, data visualization, and dashboarding and reporting in less than 2 months.",Data Science,Data Analysis,Professional Certificate,"Data Modeling,Business Analysis,Bigquery,Sheets,Data Analysis,Extraction, Transformation And Loading (ETL),Business Process,Tableau Software,Data Visualization (DataViz),Business Intelligence,SQL,Dashboarding and Reporting,",Google Career Certificates,5.0,,2 months at 10 hours a week,Coursera,,,,,"['Data Modeling', 'Business Analysis', 'Bigquery', 'Sheets', 'Data Analysis', 'Extraction', 'Transformation And Loading (ETL)', 'Business Process', 'Tableau Software', 'Data Visualization (DataViz)', 'Business Intelligence', 'SQL', 'Dashboarding and Reporting']",Data Science
C0186,Meta Android Developer Professional Certificate,https://www.coursera.org/professional-certificates/meta-android-developer,Launch your career as an Android app developer. Build job-ready skills for an in-demand career and earn a credential from Meta. No degree or prior experience required to get started. ,Computer Science,Mobile and Web Development,Professional Certificate,"Android Studio,Application development,Mobile Development,Linux,Web Development,Bash (Unix Shell),Github,Version Control,create arrays,Kotlin Playground,create control flow patterns using conditionals and loops,practice using and extending protocols.,declare and initialize different types of variables,Web Design,Front-End Web Development,User Experience (UX),Accessibility,Use UI component libraries to build Android UI,Create a simple Android UI,Compose UI using Kotlin UI views,Build a simple UI using the Layout Editor,Working with SQlite,Rest API's,data and databases,•	Create simple JavaScript code,•	Create and manipulate objects and arrays,•	Write unit testing using Jest,Web Application,React (Web Framework),React (Javascript Library),React,Kotlin,UX and UI,Pseudocode,Algorithms,Communication,Data Structure,Computer Science,",Taught by Meta Staff,4.7,,8 months at 7 hours a week,Coursera,,,,,"['Android Studio', 'Application development', 'Mobile Development', 'Linux', 'Web Development', 'Bash (Unix Shell)', 'Github', 'Version Control', 'create arrays', 'Kotlin Playground', 'create control flow patterns using conditionals and loops', 'practice using and extending protocols.', 'declare and initialize different types of variables', 'Web Design', 'Front-End Web Development', 'User Experience (UX)', 'Accessibility', 'Use UI component libraries to build Android UI', 'Create a simple Android UI', 'Compose UI using Kotlin UI views', 'Build a simple UI using the Layout Editor', 'Working with SQlite', ""Rest API's"", 'data and databases', '•\tCreate simple JavaScript code', '•\tCreate and manipulate objects and arrays', '•\tWrite unit testing using Jest', 'Web Application', 'React (Web Framework)', 'React (Javascript Library)', 'React', 'Kotlin', 'UX and UI', 'Pseudocode', 'Algorithms', 'Communication', 'Data Structure', 'Computer Science']",Web Development
C0187,Meta Database Engineer Professional Certificate,https://www.coursera.org/professional-certificates/meta-database-engineer,Launch your career as a Database Engineer. Build job-ready skills for an in-demand career and earn a credential from Meta. No degree or experience required to get started. ,Information Technology,Data Management,Professional Certificate,"SQL and Python syntax,database management,database administration,MySQL,Tabular records,",Taught by Meta Staff,4.6,,6 months at 6 hours a week,Coursera,,,,,"['SQL and Python syntax', 'database management', 'database administration', 'MySQL', 'Tabular records']",Data Science
C0188,AWS Cloud Solutions Architect  Professional Certificate,https://www.coursera.org/professional-certificates/aws-cloud-solutions-architect,Start here to become an AWS Solutions Architect. Gain the skills and knowledge to design architectural solutions on AWS and prepare for your AWS Certified Solutions Architect - Associate exam.,Information Technology,Cloud Computing,Professional Certificate,"AWS Certification Preparation,Cloud Architecture,Architecting on AWS,Data Lakes,AWS Management Console,",Morgan Willis,4.8,,5 months at 4 hours a week,Coursera,,,,,"['AWS Certification Preparation', 'Cloud Architecture', 'Architecting on AWS', 'Data Lakes', 'AWS Management Console']",Data Science
C0189,Preparing for Google Cloud Certification: Machine Learning Engineer Professional Certificate,https://www.coursera.org/professional-certificates/preparing-for-google-cloud-machine-learning-engineer-professional-certificate,Advance your career as a Cloud ML Engineer,Information Technology,Cloud Computing,Professional Certificate,"Google Cloud,Machine Learning,Feature Engineering,Tensorflow,Cloud Computing,",Google Cloud Training,4.6,,7 months at 5 hours a week,Coursera,,,,,"['Google Cloud', 'Machine Learning', 'Feature Engineering', 'Tensorflow', 'Cloud Computing']",Data Science
C0190,Preparing for Google Cloud Certification: Cloud Data Engineer Professional Certificate,https://www.coursera.org/professional-certificates/gcp-data-engineering,Advance your career in data engineering,Data Science,Machine Learning,Professional Certificate,"Information Engineering,Google Cloud,Bigquery,Tensorflow,Cloud Computing,",Google Cloud Training,4.6,,5 months at 3 hours a week,Coursera,,,,,"['Information Engineering', 'Google Cloud', 'Bigquery', 'Tensorflow', 'Cloud Computing']",Data Science
C0191,Preparing for Google Cloud Certification: Cloud Architect Professional Certificate,https://www.coursera.org/professional-certificates/gcp-cloud-architect,Advance your career in cloud architecture. ,Information Technology,Cloud Computing,Professional Certificate,"Google Compute Engine,Google App Engine (GAE),Google Cloud Platform,Cloud Computing,Virtual Machine,Network Architecture,Debugging,Cloud Storage,Data Store,Load Balancing,Virtual Private Network (VPN),Autoscaling,Disaster Recovery,Site Reliability Engineering,",Google Cloud Training,4.8,,5 months at 3 hours a week,Coursera,,,,,"['Google Compute Engine', 'Google App Engine (GAE)', 'Google Cloud Platform', 'Cloud Computing', 'Virtual Machine', 'Network Architecture', 'Debugging', 'Cloud Storage', 'Data Store', 'Load Balancing', 'Virtual Private Network (VPN)', 'Autoscaling', 'Disaster Recovery', 'Site Reliability Engineering']",Data Science
C0192,Google Data Analytics (PT) Professional Certificate,https://www.coursera.org/professional-certificates/analise-de-dados-do-google,"Seu caminho para uma carreira em análise de dados. Neste programa, você aprenderá as habilidades necessárias para estar pronto para trabalhar em menos de seis meses.",Data Science,Data Analysis,Professional Certificate,"Visualização de dados (DataViz),Limpeza de dados,Planilha,SQL,Análise dos dados,análise de dados,Questionamento,Solução de problemas,Tomada de decisões,Metadados,Ética em Dados,Coleta de Dados,Integridade dos dados,Determinação do tamanho da amostra,Cálculos de dados,Agregação de dados,Apresentação,Software Tableau,programação em R,R Markdown,Rstudio,Estudo de caso,Portfólio profissional,",Google Career Certificates,4.9,,6 months at 10 hours a week,Coursera,,,,,"['Visualização de dados (DataViz)', 'Limpeza de dados', 'Planilha', 'SQL', 'Análise dos dados', 'análise de dados', 'Questionamento', 'Solução de problemas', 'Tomada de decisões', 'Metadados', 'Ética em Dados', 'Coleta de Dados', 'Integridade dos dados', 'Determinação do tamanho da amostra', 'Cálculos de dados', 'Agregação de dados', 'Apresentação', 'Software Tableau', 'programação em R', 'R Markdown', 'Rstudio', 'Estudo de caso', 'Portfólio profissional']",Data Science
C0193,Preparing for Google Cloud Certification: Cloud Engineer Professional Certificate,https://www.coursera.org/professional-certificates/cloud-engineering-gcp,Start your career in the cloud.,Information Technology,Cloud Computing,Professional Certificate,"Google Compute Engine,Google App Engine (GAE),Google Cloud Platform,Cloud Computing,Virtual Machine,Network Architecture,Debugging,Cloud Storage,Data Store,Load Balancing,Virtual Private Network (VPN),Autoscaling,Google Cloud,GCP Infrastructure,GCP ACE Certification,",Google Cloud Training,4.8,,6 months at 2 hours a week,Coursera,,,,,"['Google Compute Engine', 'Google App Engine (GAE)', 'Google Cloud Platform', 'Cloud Computing', 'Virtual Machine', 'Network Architecture', 'Debugging', 'Cloud Storage', 'Data Store', 'Load Balancing', 'Virtual Private Network (VPN)', 'Autoscaling', 'Google Cloud', 'GCP Infrastructure', 'GCP ACE Certification']",Data Science
C0194,Preparing for Google Cloud Certification: Cloud DevOps Engineer Professional Certificate,https://www.coursera.org/professional-certificates/sre-devops-engineer-google-cloud,Advance your career as an SRE & DevOps Engineer,Information Technology,Cloud Computing,Professional Certificate,"Google Compute Engine,Google App Engine (GAE),Google Cloud Platform,Cloud Computing,SRE Culture,Business Value,Organizational Culture,Disaster Recovery,Site Reliability Engineering,Continuous Delivery,Kubernetes,Jenkins (Software),",Google Cloud Training,4.8,,5 months at 3 hours a week,Coursera,,,,,"['Google Compute Engine', 'Google App Engine (GAE)', 'Google Cloud Platform', 'Cloud Computing', 'SRE Culture', 'Business Value', 'Organizational Culture', 'Disaster Recovery', 'Site Reliability Engineering', 'Continuous Delivery', 'Kubernetes', 'Jenkins (Software)']",Data Science
C0195,Preparing for Google Cloud Certification: Cloud Developer Professional Certificate,https://www.coursera.org/professional-certificates/google-cloud-developer,Developer Best Practices on Google Cloud,Information Technology,Cloud Computing,Professional Certificate,"Debugging,Google Cloud Platform,Cloud Storage,Application development,Cloud Computing,",Google Cloud Training,4.7,,2 months at 5 hours a week,Coursera,,,,,"['Debugging', 'Google Cloud Platform', 'Cloud Storage', 'Application development', 'Cloud Computing']",Data Science
C0196,Preparing for Google Cloud Certification: Cloud Security Engineer Professional Certificate,https://www.coursera.org/professional-certificates/google-cloud-security,Advance your career as a Cloud Security Engineer,Information Technology,Cloud Computing,Professional Certificate,"Google Compute Engine,Google App Engine (GAE),Google Cloud Platform,Cloud Computing,Create and understand custom IAM roles,Secure a Kubernetes environment,Create and configure network peering,",Google Cloud Training,4.8,,11 months at 1 hours a week,Coursera,,,,,"['Google Compute Engine', 'Google App Engine (GAE)', 'Google Cloud Platform', 'Cloud Computing', 'Create and understand custom IAM roles', 'Secure a Kubernetes environment', 'Create and configure network peering']",Data Science
C0197,Preparing for Google Cloud Certification: Cloud Network Engineer Professional Certificate,https://www.coursera.org/professional-certificates/google-cloud-networking,Advance your career as a Cloud Networking Engineer,Information Technology,Cloud Computing,Professional Certificate,"Google Compute Engine,Google App Engine (GAE),Google Cloud Platform,Cloud Computing,",Google Cloud Training,4.7,,6 months at 1 hours a week,Coursera,,,,,"['Google Compute Engine', 'Google App Engine (GAE)', 'Google Cloud Platform', 'Cloud Computing']",Data Science
C0198,SAS Programmer Professional Certificate,https://www.coursera.org/professional-certificates/sas-programming,Launch Your Career with a SAS® Credential. Master the skills required for the SAS® Base Programmer certification.,Data Science,Data Analysis,Professional Certificate,"SAS Studio,Import Data,Reports,Prepare Data,SAS Programs,",Stacey Syphus,4.8,,5 months at 4 hours a week,Coursera,,,,,"['SAS Studio', 'Import Data', 'Reports', 'Prepare Data', 'SAS Programs']",Data Science
C0199,Google UX Design (PT) Professional Certificate,https://www.coursera.org/professional-certificates/ux-design-do-google,"Seu caminho para uma carreira em design de UX. Neste programa, você aprenderá as habilidades necessárias para começar a trabalhar em menos de seis meses. ",Computer Science,Design and Product,Professional Certificate,"Pesquisa de UX,Design de experiência do usuário (UXD),Wireframe,Prototipo,Experiência do usuário (UX),Testagem de usabilidade,maquete,Figma,Adobe XD,Empregos em Design de UX,",Google Career Certificates,4.9,,6 months at 10 hours a week,Coursera,,,,,"['Pesquisa de UX', 'Design de experiência do usuário (UXD)', 'Wireframe', 'Prototipo', 'Experiência do usuário (UX)', 'Testagem de usabilidade', 'maquete', 'Figma', 'Adobe XD', 'Empregos em Design de UX']",Web Development
C0200,Microsoft Azure Data Scientist Associate (DP-100)  Professional Certificate,https://www.coursera.org/professional-certificates/azure-data-scientist,Launch Your Career in Data Science. Apply  data science and machine learning to implement and run machine learning workloads on Azure.,Computer Science,Software Development,Professional Certificate,"Manage Azure resources for machine learning,Deploy and operationalize machine learning solutions,Run experiments and train models,Implement responsible machine learning,", Microsoft,4.5,,6 months at 4 hours a week,Coursera,,,,,"['Manage Azure resources for machine learning', 'Deploy and operationalize machine learning solutions', 'Run experiments and train models', 'Implement responsible machine learning']",Web Development
C0201,تحليلات البيانات من Google Professional Certificate,https://www.coursera.org/professional-certificates/google-data-analytics-arabic,هذا هو مسارك إلى مهنة في تحليلات البيانات. في هذا البرنامج، ستتعلم المهارات المطلوبة التي تجعلك جاهزًا للوظيفة في أقل من 6 أشهر. لا يلزم الحصول على درجة علمية أو خبرة.,Data Science,Data Analysis,Professional Certificate,"دول البيانات,مؤثرات عرض البيانات (DataViz),تنظيف البيانات,SQL,تحليل البيانات,طرح الأسئلة,جدول البيانات,عملية اتخاذ القرار,حل المشكلات,أخلاقيات البيانات,جمع البيانات,بيانات التعريف,سلامة البيانات,نظيف البيانات,تحديد حجم العينة,تجميع البيانات,العمليات الحسابية للبيانات,تحليلات البيانات,العرض التقديمي,برنامج Tableau,R Markdown,لغة البرمجة R,Rstudio,محفظة الوظائف,دراسة الحالة,",Google Career Certificates,4.8,,9 months at 5 hours a week,Coursera,,,,,"['دول البيانات', 'مؤثرات عرض البيانات (DataViz)', 'تنظيف البيانات', 'SQL', 'تحليل البيانات', 'طرح الأسئلة', 'جدول البيانات', 'عملية اتخاذ القرار', 'حل المشكلات', 'أخلاقيات البيانات', 'جمع البيانات', 'بيانات التعريف', 'سلامة البيانات', 'نظيف البيانات', 'تحديد حجم العينة', 'تجميع البيانات', 'العمليات الحسابية للبيانات', 'تحليلات البيانات', 'العرض التقديمي', 'برنامج Tableau', 'R Markdown', 'لغة البرمجة R', 'Rstudio', 'محفظة الوظائف', 'دراسة الحالة']",Data Science
C0202,SAS Visual Business Analytics Professional Certificate,https://www.coursera.org/professional-certificates/sas-visual-business-analytics,Launch Your Career with a SAS® Credential. Master the skills required for the SAS® Visual Business Analyst Certification,Data Science,Data Analysis,Professional Certificate,"Business Analytics,SAS VA,SAS Visual Analytics,",Nicole Ball,4.7,,2 months at 4 hours a week,Coursera,,,,,"['Business Analytics', 'SAS VA', 'SAS Visual Analytics']",Data Science
C0203,Palo Alto Networks Cybersecurity Professional Certificate,https://www.coursera.org/professional-certificates/palo-alto-networks-cybersecurity-fundamentals,Palo Alto Networks Cybersecurity. Gain cybersecurity workforce entry level skills in compliance with NIST / NICE workforce role requirements.,Information Technology,Security,Professional Certificate,"Managing and encrypting a zero-trust environment,Deploying VPNs and SSL/SSH encryption,Analyzing firewall logs and configuring security controls,Configuring network protection and dynamic routing using firewalls,Mitigating vulnerabilities using packet capture and analysis,",James Dalton,4.7,,6 months at 2 hours a week,Coursera,,,,,"['Managing and encrypting a zero-trust environment', 'Deploying VPNs and SSL/SSH encryption', 'Analyzing firewall logs and configuring security controls', 'Configuring network protection and dynamic routing using firewalls', 'Mitigating vulnerabilities using packet capture and analysis']",Cybersecurity
C0204,Google IT Support (Deutsch)  Professional Certificate,https://www.coursera.org/professional-certificates/google-it-de,Ihr Start in eine erfolgreiche IT-Karriere. Im Rahmen dieses Programms werden Ihnen innerhalb von 3 bis 6 Monaten wichtige Kenntnisse und Fähigkeiten für eine Karriere in der IT vermittelt. Sie brauchen dafür keinerlei Vorkenntnisse oder vorherige Abschlüsse.,Information Technology,Support and Operations,Professional Certificate,"Debugging,Customer Service,Network Protocols,Encryption Algorithms,Cloud Computing,",Google Career Certificates,4.7,,6 months at 10 hours a week,Coursera,,,,,"['Debugging', 'Customer Service', 'Network Protocols', 'Encryption Algorithms', 'Cloud Computing']",Data Science
C0205,Preparing for Google Cloud Certification: Cloud Data Engineer Professional Certificate 日本語版 Professional Certificate,https://www.coursera.org/professional-certificates/gcp-data-engineering-jp,データ エンジニアリングでのキャリア前進,Data Science,Machine Learning,Professional Certificate,"Tensorflow,Bigquery,Google Cloud Platform,Cloud Computing,",Google Cloud Training,4.6,,7 months at 3 hours a week,Coursera,,,,,"['Tensorflow', 'Bigquery', 'Google Cloud Platform', 'Cloud Computing']",Data Science
C0206,Analitik Data Google Professional Certificate,https://www.coursera.org/professional-certificates/analitik-data-google,"Ini adalah jalan berkarier di bidang analitik data. Dalam program ini, Anda akan mempelajari keterampilan yang banyak dicari dan akan membuat Anda siap kerja dalam waktu kurang dari 6 bulan. Tidak membutuhkan gelar atau pengalaman.",Data Science,Data Analysis,Professional Certificate,"Analisis data,Visualisasi Data (DataViz),Pembersihan Data,SQL,Aplikasi Spreadsheet,Spreadsheet,Pengambilan keputusan,Mengajukan pertanyaan,Pemecahan Masalah,Pengumpulan data,Metadata,Etika data,Sample Size Determination (Penentuan Ukuran Sampel),Data Integrity (Integritas data),Data Cleansing (Pembersihan Data),Agregasi data,Kalkulasi Data,Perangkat Lunak Tableau,Presentasi,Pemrograman R,R Markdown,Rstudio,Studi kasus,Portofolio Kerja,",Google Career Certificates,4.9,,9 months at 5 hours a week,Coursera,,,,,"['Analisis data', 'Visualisasi Data (DataViz)', 'Pembersihan Data', 'SQL', 'Aplikasi Spreadsheet', 'Spreadsheet', 'Pengambilan keputusan', 'Mengajukan pertanyaan', 'Pemecahan Masalah', 'Pengumpulan data', 'Metadata', 'Etika data', 'Sample Size Determination (Penentuan Ukuran Sampel)', 'Data Integrity (Integritas data)', 'Data Cleansing (Pembersihan Data)', 'Agregasi data', 'Kalkulasi Data', 'Perangkat Lunak Tableau', 'Presentasi', 'Pemrograman R', 'R Markdown', 'Rstudio', 'Studi kasus', 'Portofolio Kerja']",Data Science
C0207,Google Data Analytics (DE) Professional Certificate,https://www.coursera.org/professional-certificates/google-data-analytics-de,"Ihr Karriere im Bereich Data Analytics. In diesem Programm erlernen Sie gefragte Fähigkeiten, mit denen Sie in weniger als 6 Monaten soweit sind, eine Tätigkeit im Bereich UX-Design zu beginnen. Vorerfahrungen oder ein Abschluss sind nicht erforderlich.",Data Science,Data Analysis,Professional Certificate,"Datenbereinigung,Kalkulationstabelle,Datenvisualisierung (DataViz),Datenanalyse,SQL,Entscheidungsfindung,Tabellenkalkulation,Problemlösung,Fragestellung,Datenerhebung,Metadaten,Datenethik,Datenintegrität,Bestimmung der Stichprobengröße,Datenberechnungen,-	Tabellenkalkulation,Datenaggregation,-	Präsentation,-	Datenanalyse,-	Datenvisualisierung (DataViz),-	Tableau-Software,-	R-Programmierung,-	Rstudio,-	R Markdown,-	Fallstudie,-	Job-Portfolio,-	Datenbereinigung,",Google Career Certificates,4.5,,6 months at 10 hours a week,Coursera,,,,,"['Datenbereinigung', 'Kalkulationstabelle', 'Datenvisualisierung (DataViz)', 'Datenanalyse', 'SQL', 'Entscheidungsfindung', 'Tabellenkalkulation', 'Problemlösung', 'Fragestellung', 'Datenerhebung', 'Metadaten', 'Datenethik', 'Datenintegrität', 'Bestimmung der Stichprobengröße', 'Datenberechnungen', '-\tTabellenkalkulation', 'Datenaggregation', '-\tPräsentation', '-\tDatenanalyse', '-\tDatenvisualisierung (DataViz)', '-\tTableau-Software', '-\tR-Programmierung', '-\tRstudio', '-\tR Markdown', '-\tFallstudie', '-\tJob-Portfolio', '-\tDatenbereinigung']",Data Science
C0208,IBM Machine Learning Professional Certificate,https://www.coursera.org/professional-certificates/ibm-machine-learning,"Machine Learning, Time Series & Survival Analysis. Develop working skills in the main areas of Machine Learning: Supervised Learning, Unsupervised Learning, Deep Learning, and Reinforcement Learning. Also gain practice in specialized topics such as Time Series Analysis and Survival Analysis.",Data Science,Machine Learning,Professional Certificate,"Artificial Intelligence (AI),Machine Learning,Feature Engineering,Statistical Hypothesis Testing,Exploratory Data Analysis,Regression Analysis,Supervised Learning,Linear Regression,Ridge Regression,Machine Learning (ML) Algorithms,Decision Tree,Ensemble Learning,Classification Algorithms,Dimensionality Reduction,Unsupervised Learning,Cluster Analysis,K Means Clustering,Principal Component Analysis (PCA),Deep Learning,Artificial Neural Network,Reinforcement Learning,keras,Python Programming,Data Analysis,unsupervised machine learning,",Joseph Santarcangelo,4.6,,10 months at 3 hours a week,Coursera,,,,,"['Artificial Intelligence (AI)', 'Machine Learning', 'Feature Engineering', 'Statistical Hypothesis Testing', 'Exploratory Data Analysis', 'Regression Analysis', 'Supervised Learning', 'Linear Regression', 'Ridge Regression', 'Machine Learning (ML) Algorithms', 'Decision Tree', 'Ensemble Learning', 'Classification Algorithms', 'Dimensionality Reduction', 'Unsupervised Learning', 'Cluster Analysis', 'K Means Clustering', 'Principal Component Analysis (PCA)', 'Deep Learning', 'Artificial Neural Network', 'Reinforcement Learning', 'keras', 'Python Programming', 'Data Analysis', 'unsupervised machine learning']",Data Science
C0209,Microsoft Azure Data Engineering Associate (DP-203) Professional Certificate,https://www.coursera.org/professional-certificates/microsoft-azure-dp-203-data-engineering,Launch Your Career in Data Engineering. Master designing and implementing data solutions that use Microsoft Azure data services ,Data Science,Data Analysis,Professional Certificate,"Develop for Azure storage,Develop Azure compute solutions,Connect to and consume Azure services and third-party services,Implement Azure security,Monitor and troubleshoot Azure solutions,", Microsoft,4.3,,13 months at 2 hours a week,Coursera,,,,,"['Develop for Azure storage', 'Develop Azure compute solutions', 'Connect to and consume Azure services and third-party services', 'Implement Azure security', 'Monitor and troubleshoot Azure solutions']",Data Science
C0210,IBM Mainframe Developer Professional Certificate,https://www.coursera.org/professional-certificates/ibm-mainframe-developer,Mainframe COBOL Programmer Developer Analyst . Learn and use COBOL programming language,Computer Science,Software Development,Professional Certificate,"Mainframe,z/OS,Enterprise Software,security,IBM Z,COBOL Divisions,COBOL coding,Column Structure,COBOL Structure,Symbols,Computer Programming,Euler'S Totient Function,Intrinsic Function,Sorting,Issue Tracking System,Scrum (Software Development),Interfaces,Command-Line Interface,",Jeff Bisti,4.4,,3 months at 10 hours a week,Coursera,,,,,"['Mainframe', 'z/OS', 'Enterprise Software', 'security', 'IBM Z', 'COBOL Divisions', 'COBOL coding', 'Column Structure', 'COBOL Structure', 'Symbols', 'Computer Programming', ""Euler'S Totient Function"", 'Intrinsic Function', 'Sorting', 'Issue Tracking System', 'Scrum (Software Development)', 'Interfaces', 'Command-Line Interface']",Web Development
C0211,Google Cloud Digital Leader Training Professional Certificate,https://www.coursera.org/professional-certificates/google-cloud-digital-leader-training,Gain foundational literacy in cloud & digital transformation. Increase your cloud confidence so you can speak with colleagues in technical cloud roles and contribute to informed cloud-related business decisions.,Information Technology,Cloud Computing,Professional Certificate,,Google Cloud Training,4.8,,1 months at 2 hours a week,Coursera,,,,,[],Data Science
C0212,IBM z/OS Mainframe Practitioner Professional Certificate,https://www.coursera.org/professional-certificates/ibm-z-mainframe,"Launch your career as an IBM z/OS Practitioner. Build skills in IBM Z, a platform used in the world's most critical businesses. ",Information Technology,Data Management,Professional Certificate,"Linux,Mainframe,z systems,security,IBM Z,",Jeff Bisti,4.7,,2 months at 5 hours a week,Coursera,,,,,"['Linux', 'Mainframe', 'z systems', 'security', 'IBM Z']",Data Science
C0213,Soporte de Tecnologías de la Información de Google Professional Certificate,https://www.coursera.org/professional-certificates/soporte-de-tecnologias-de-informacion-google,Instructor: Google Career Certificates ,Information Technology,Support and Operations,Professional Certificate,"Linux,Código binario,Solución de problemas,Soporte al cliente,Ipv4,Sistema de nombres de dominio,Modelo de red,Powershell,Interfaz de comandos,Sistemas de archivos de Linux,Protocolo ligero de acceso a directorios,Respaldo,Servicio de directorio,Ciberseguridad,Criptografía,Seguridad inalámbrica,Seguridad de la red,",Google Career Certificates,4.9,,6 months at 10 hours a week,Coursera,,,,,"['Linux', 'Código binario', 'Solución de problemas', 'Soporte al cliente', 'Ipv4', 'Sistema de nombres de dominio', 'Modelo de red', 'Powershell', 'Interfaz de comandos', 'Sistemas de archivos de Linux', 'Protocolo ligero de acceso a directorios', 'Respaldo', 'Servicio de directorio', 'Ciberseguridad', 'Criptografía', 'Seguridad inalámbrica', 'Seguridad de la red']",Data Science
C0214,Meta AR Developer  Professional Certificate,https://www.coursera.org/professional-certificates/meta-ar-developer,"Prepare for a career as an AR Developer. In this program, advance your software development skills with the latest augmented reality concepts, tools, and technologies.",Computer Science,Software Development,Professional Certificate,"Unity,JavaScript coding,Meta Spark,Vuforia,C# coding,",Taught by Meta Staff,,,Flexible schedule,Coursera,,,,,"['Unity', 'JavaScript coding', 'Meta Spark', 'Vuforia', 'C# coding']",Web Development
C0215,Google Professional Workspace Administrator Professional Certificate,https://www.coursera.org/professional-certificates/g-suite-administration,Instructor: Google Cloud Training ,Computer Science,Computer Security and Networks,Professional Certificate,,Google Cloud Training,4.7,,1 months at 4 hours a week,Coursera,,,,,[],Cybersecurity
C0216,SAS Advanced Programmer Professional Certificate,https://www.coursera.org/professional-certificates/sas-advanced-programmer,Grow Your Career with a SAS® Credential. Master the skills required for the SAS® Advanced Programming Professional certification.,Data Science,Data Analysis,Professional Certificate,,Peter Styliadis,4.8,,4 months at 4 hours a week,Coursera,,,,,[],Data Science
C0217,Desarrollador back-end de Meta Professional Certificate,https://www.coursera.org/professional-certificates/meta-back-end-developer-es,Launch your career as a back-end developer. Build job-ready skills for an in-demand career and earn a credential from Meta. No degree or prior experience required to get started.,Computer Science,Mobile and Web Development,Professional Certificate,"Linux,Cloud Hosting,Web Development,Bash (Unix Shell),Python Programming,Application Programming Interfaces (API),Computer Programming,Django (Web Framework),",Taught by Meta Staff,,,Flexible schedule,Coursera,,,,,"['Linux', 'Cloud Hosting', 'Web Development', 'Bash (Unix Shell)', 'Python Programming', 'Application Programming Interfaces (API)', 'Computer Programming', 'Django (Web Framework)']",Web Development
C0218,Pre-MBA Statistics,https://www.coursera.org/learn/pre-mbastatistics,"Welcome to the Pre-MBA Statistics course! By the end of this course, you will be able to describe how statistics can be used to summarize, analyze, and interpret data. This course introduces you to some aspects of descriptive and inferential statistics. You will learn to distinguish between various data types and describe the operations that you can execute with each type of data and the right tools to use. The course also discusses the concepts of probability, which form the backbone of statistical analysis. In particular, the course explores how data behaves and provides insight into its analysis. Further, it discusses how data can be sampled and the pros and cons of these methods. The course also delves deeper into the behavior of large data sets based on well-established statistical results. This also enables you to identify the pitfalls of incorrectly using statistical laws. Lastly, you will learn how to estimate population parameters based on limited data and check the correctness of hypotheses about populations from limited data. ",Data Science,Probability and Statistics,Course,"Probability And Statistics,Data Science,Data Analysis,General Statistics,",Sriram Sankaranarayanan,,,Approx. 23 hours to complete,Coursera,,,,,"['Probability And Statistics', 'Data Science', 'Data Analysis', 'General Statistics']",Data Science
C0219,Probability & Statistics for Machine Learning & Data Science,https://www.coursera.org/learn/machine-learning-probability-and-statistics,"After completing this course, learners will be able to:",Computer Science,Algorithms,Course,"Statistical Analysis,Probability And Statistics,Probability,Statistical Hypothesis Testing,Machine Learning (ML) Algorithms,",Luis Serrano,,,Approx. 12 hours to complete,Coursera,,,,,"['Statistical Analysis', 'Probability And Statistics', 'Probability', 'Statistical Hypothesis Testing', 'Machine Learning (ML) Algorithms']",Web Development
C0220,Become a CBRS Certified Professional Installer by Google,https://www.coursera.org/learn/google-cbrs-cpi-training,"This six-module program, developed by Google, will train you to be a Certificated Professional Installer (CPI) of radios which utilize the Citizens Broadband Radio Service (CBRS) band to provide communications infrastructure. You can expect to leave this training with the skills you need to get started as a Certified Professional Installer. ",Information Technology,Networking,Course,,Google,4.6,172.0,Approx. 3 hours to complete,Coursera,,,,,[],Cybersecurity
C0221,Introduction to Statistics,https://www.coursera.org/learn/stanford-statistics,"Stanford's ""Introduction to Statistics"" teaches you statistical thinking concepts that are essential for learning from data and communicating insights. By the end of the course, you will be able to perform exploratory data analysis, understand key principles of sampling, and select appropriate tests of significance for multiple contexts. You will gain the foundational skills that prepare you to pursue more advanced topics in statistical thinking and machine learning.",Data Science,Data Analysis,Course,,Guenther Walther,4.6,2156.0,Approx. 14 hours to complete,Coursera,,,,,[],Data Science
C0222,"Cybersecurity Roles, Processes & Operating System Security",https://www.coursera.org/learn/cybersecurity-roles-processes-operating-system-security,This course gives you the background needed to understand basic Cybersecurity  around people. process and technology.  You will learn:,Information Technology,Security,Course,,IBM Security Learning Services,4.6,4824.0,Approx. 10 hours to complete,Coursera,,,,,[],Cybersecurity
C0223,Introduction to Cybersecurity Foundations,https://www.coursera.org/learn/introduction-to-cybersecurity-foundations,"Most introductory or beginner level cybersecurity courses are not truly beginner level. Most of them assume some level of technical competence and expect that cybersecurity is not your first technical job role. However, as I've successfully mentored people coming from fields such as nursing, aviation (an airline pilot!), and real estate, I've learned that these people are underserved as far a true introduction. This Learning Path is an answer to that gap.",Computer Science,Computer Security and Networks,Course,,Keatron Evans,4.7,232.0,Approx. 2 hours to complete,Coursera,,,,,[],Cybersecurity
C0224,Object-Oriented Data Structures in C++,https://www.coursera.org/learn/cs-fundamentals-1,"This course teaches learners how to write a program in the C++ language, including how to set up a development environment for writing and debugging C++ code and how to implement data structures as C++ classes. It is the first course in the Accelerated CS Fundamentals specialization, and subsequent courses in this specialization will be using C++ as the language for implementing the data structures covered in class.",Computer Science,Software Development,Course,,Wade Fagen-Ulmschneider,4.7,2763.0,Approx. 21 hours to complete,Coursera,,,,,[],Web Development
C0225,Cybersecurity for Everyone,https://www.coursera.org/learn/cybersecurity-for-everyone,"Cybersecurity affects everyone, including in the delivery of basic products and services. If you or your organization want to better understand how to address your cybersecurity, this is the course for you and your colleagues to take -- from seasoned professionals to your non-technical colleagues.",Computer Science,Computer Security and Networks,Course,,Charles Harry,4.7,711.0,Approx. 21 hours to complete,Coursera,,,,,[],Cybersecurity
C0226,Introduction to Scrum Master Training,https://www.coursera.org/learn/introduction-to-certified-scrum-master,"This course is designed to help Scrum beginners learn the foundational knowledge to become proficient with Agile Scrum. Throughout the course, learners will explore Agile methodologies and benefits of building incrementally. They will also learn about the roles within Scrum teams, events that happen during a Sprint, Agile artifacts, and the Definition of Done for a Sprint.",Computer Science,Design and Product,Course,,Jim Sullivan,4.7,1399.0,Approx. 9 hours to complete,Coursera,,,,,[],Web Development
C0227,Kotlin for Java Developers,https://www.coursera.org/learn/kotlin-for-java-developers,"The Kotlin programming language is a modern language that gives you more power for your everyday tasks. Kotlin is concise, safe, pragmatic, and focused on interoperability with Java code. It can be used almost everywhere Java is used today: for server-side development, Android apps, and much more. Kotlin is 100% compatible with all existing Java frameworks, and has good tooling support. It’s a pragmatic language with a very low learning curve, and can be quickly grasped by Java developers. Kotlin code might be compiled not only to JVM bytecode but to JavaScript and Native code as well, but this course is focused on Kotlin/JVM.",Computer Science,Software Development,Course,,Svetlana Isakova,4.7,1924.0,Approx. 25 hours to complete,Coursera,,,,,[],Web Development
C0228,Site Reliability Engineering: Measuring and Managing Reliability,https://www.coursera.org/learn/site-reliability-engineering-slos,"Service level indicators (SLIs) and service level objectives (SLOs) are fundamental tools for measuring and managing reliability. In this course, students learn approaches for devising appropriate SLIs and SLOs and managing reliability through the use of an error budget.",Information Technology,Cloud Computing,Course,,Google Cloud Training,4.5,825.0,Approx. 13 hours to complete,Coursera,,,,,[],Data Science
C0229,Cybersecurity Compliance Framework & System Administration,https://www.coursera.org/learn/cybersecurity-compliance-framework-system-administration,This course gives you the background needed to understand the key cybersecurity compliance and industry standards.  This knowledge will be important for you to learn no matter what cybersecurity role you would like to acquire or have within an organization.,Information Technology,Security,Course,,IBM Security Learning Services,4.7,2882.0,Approx. 17 hours to complete,Coursera,,,,,[],Cybersecurity
C0230,Getting Started with Go,https://www.coursera.org/learn/golang-getting-started,"Learn the basics of Go, an open source programming language originally developed by a team at Google and enhanced by many contributors from the open source community. This course is designed for individuals with previous programming experience using such languages as C, Python, or Java, and covers the fundamental elements of Go. Topics include data types, protocols, formats, and writing code that incorporates RFCs and JSON. Most importantly, you’ll have a chance to practice writing Go programs and receive feedback from your peers. Upon completing this course, you'll be able to implement simple Go programs, which will prepare you for subsequent study at a more advanced level.",Computer Science,Software Development,Course,,Ian Harris,4.6,2118.0,Approx. 10 hours to complete,Coursera,,,,,[],Web Development
C0231,Python Basics,https://www.coursera.org/learn/python-basics,"This course introduces the basics of Python 3, including conditional execution and iteration as control structures, and strings and lists as data structures. You'll program an on-screen Turtle to draw pretty pictures. You'll also learn to draw reference diagrams as a way to reason about program executions, which will help to build up your debugging skills. The course has no prerequisites. It will cover Chapters 1-9 of the textbook ""Fundamentals of Python Programming,"" which is the accompanying text (optional and free) for this course.",Computer Science,Software Development,Course,,Paul Resnick,4.8,16316.0,Approx. 34 hours to complete,Coursera,,,,,[],Web Development
C0232,Blockchain: Foundations and Use Cases,https://www.coursera.org/learn/blockchain-foundations-and-use-cases,"This course is the definitive introduction to blockchain for both the developer and non-developer audience. Beyond the technology, this course will introduce you to some of the philosophy behind decentralization and why there is so much excitement around it. Join ConsenSys Academy and course instructor Nick Nelson in this rich-media introduction to the foundations of blockchain.",Computer Science,Computer Security and Networks,Course,,ConsenSys Academy,4.7,813.0,Approx. 9 hours to complete,Coursera,,,,,[],Cybersecurity
C0233,Fundamentals of Machine Learning for Healthcare,https://www.coursera.org/learn/fundamental-machine-learning-healthcare,Machine learning and artificial intelligence hold the potential to transform healthcare and open up a world of incredible promise. But we will never realize the potential of these technologies unless all stakeholders have basic competencies in both healthcare and machine learning concepts and principles. ,Data Science,Machine Learning,Course,,Matthew Lungren,4.8,280.0,Approx. 14 hours to complete,Coursera,,,,,[],Data Science
C0234,Ordered Data Structures,https://www.coursera.org/learn/cs-fundamentals-2,"In this course, you will learn new data structures for efficiently storing and retrieving data that is structured in an ordered sequence. Such data includes an alphabetical list of names, a family tree, a calendar of events or an inventory organized by part numbers. The specific data structures covered by this course include arrays, linked lists, queues, stacks, trees, binary trees, AVL trees, B-trees and heaps. This course also shows, through algorithm complexity analysis, how these structures enable the fastest algorithms to search and sort data.",Computer Science,Software Development,Course,,Wade Fagen-Ulmschneider,4.8,826.0,Approx. 18 hours to complete,Coursera,,,,,[],Web Development
C0235,Malware Analysis and Introduction to Assembly Language,https://www.coursera.org/learn/malware-analysis-and-assembly,"Malicious software, or malware, is typically delivered over a network and is designed to cause disruption to a computer, client, server, or network. Disruptions can include leaked private information, unauthorized access to information or systems, blocked user access, interference with security and privacy, or numerous other variations of attacking systems.",Information Technology,Security,Course,,IBM Security Learning Services,4.2,15.0,Approx. 21 hours to complete,Coursera,,,,,[],Cybersecurity
C0236,Machine Learning for All,https://www.coursera.org/learn/uol-machine-learning-for-all,"Machine Learning, often called Artificial Intelligence or AI, is one of the most exciting areas of technology at the moment. We see daily news stories that herald new breakthroughs in facial recognition technology, self driving cars or computers that can have a conversation just like a real person. Machine Learning technology is set to revolutionise almost any area of human life and work, and so will affect all our lives, and so you are likely to want to find out more about it. Machine Learning has a reputation for being one of the most complex areas of computer science, requiring advanced mathematics and engineering skills to understand it. While it is true that working as a Machine Learning engineer does involve a lot of mathematics and programming, we believe that anyone can understand the basic concepts of Machine Learning, and given the importance of this technology, everyone should. The big AI breakthroughs sound like science fiction, but they come down to a simple idea: the use of data to train statistical algorithms. In this course you will learn to understand the basic idea of machine learning, even if you don't have any background in math or programming. Not only that, you will get hands on and use user friendly tools developed at Goldsmiths, University of London to actually do a machine learning project: training a computer to recognise images. This course is for a lot of different people. It could be a good first step into a technical career in Machine Learning, after all it is always better to start with the high level concepts before the technical details, but it is also great if your role is non-technical. You might be a manager or other non-technical role in a company that is considering using Machine Learning. You really need to understand this technology, and this course is a great place to get that understanding. Or you might just be following the news reports about AI and interested in finding out more about the hottest new technology of the moment. Whoever you are, we are looking forward to guiding you through you first machine learning project.",Computer Science,Software Development,Course,,Prof Marco Gillies,4.7,3164.0,Approx. 21 hours to complete,Coursera,,,,,[],Web Development
C0237,Scrum Master Certification: Scrum Methodologies,https://www.coursera.org/learn/csm-practice-process-management,"This course is designed to help Scrum beginners learn the foundational knowledge to become proficient with Agile Scrum. Throughout the course, learners will explore User Stories and how they are prioritized in Agile, Velocity, Backlog Refinement, and Market Actions. Learners will also learn about different Scrum Reports and methods of managing risks.",Computer Science,Design and Product,Course,,Jim Sullivan,4.7,548.0,Approx. 8 hours to complete,Coursera,,,,,[],Web Development
C0238,Introduction to Back-End Development,https://www.coursera.org/learn/introduction-to-back-end-development,"Welcome to Introduction to Back-End Development, the first course in the Meta Back-End Developer program.  ",Computer Science,Mobile and Web Development,Course,,Taught by Meta Staff,4.8,1764.0,Approx. 18 hours to complete,Coursera,,,,,[],Web Development
C0239,Introduction to Clinical Data,https://www.coursera.org/learn/introduction-clinical-data,This course introduces you to a framework for successful and ethical medical data mining. We will explore the variety of clinical data collected during the delivery of healthcare. You will learn to construct analysis-ready datasets and apply computational procedures to answer clinical questions. We will also explore issues of fairness and bias that may arise when we leverage healthcare data to make decisions about patient care.,Data Science,Data Analysis,Course,,Nigam Shah,4.6,205.0,Approx. 11 hours to complete,Coursera,,,,,[],Data Science
C0240,Machine Translation,https://www.coursera.org/learn/machinetranslation,Welcome to the CLICS-Machine Translation MOOC,Data Science,Machine Learning,Course,,Alexander Waibel,4.5,119.0,Approx. 27 hours to complete,Coursera,,,,,[],Data Science
C0241,Deep Neural Networks with PyTorch,https://www.coursera.org/learn/deep-neural-networks-with-pytorch,"The course will teach you how to develop deep learning models using  Pytorch. The course will start with Pytorch's  tensors and Automatic differentiation package. Then each section will cover different models starting off with fundamentals such as Linear Regression, and logistic/softmax regression. Followed by  Feedforward deep neural networks, the role of different activation functions, normalization and dropout layers. Then Convolutional Neural Networks and Transfer learning will be covered. Finally, several other Deep learning methods will be covered.",Data Science,Machine Learning,Course,,Joseph Santarcangelo,4.4,1343.0,Approx. 30 hours to complete,Coursera,,,,,[],Data Science
C0242,AI Strategy and Governance,https://www.coursera.org/learn/wharton-ai-strategy-governance,"In this course, you will discover AI and the strategies that are used in transforming business in order to gain a competitive advantage. You will explore the multitude of uses for AI in an enterprise setting and the tools that are available to lower the barriers to AI use. You will get a closer look at the purpose, function, and use-cases for explainable AI. This course will also provide you with the tools to build responsible AI governance algorithms as faculty dive into the large datasets that you can expect to see in an enterprise setting and how that affects the business on a greater scale. Finally, you will examine AI in the organizational structure, how AI is playing a crucial role in change management, and the risks with AI processes. By the end of this course, you will learn different strategies to recognize biases that exist within data, how to ensure that you maintain and build trust with user data and privacy, and what it takes to construct a responsible governance strategy. For additional reading, Professor Hosanagar's book ""A Human’s Guide to Machine Intelligence"" can be used as an additional resource for more extensive information on topics covered in this module.",Data Science,Machine Learning,Course,,Kartik Hosanagar,4.9,31.0,Approx. 9 hours to complete,Coursera,,,,,[],Data Science
C0243,Introduction to Self-Driving Cars,https://www.coursera.org/learn/intro-self-driving-cars,"Welcome to Introduction to Self-Driving Cars, the first course in University of Toronto’s Self-Driving Cars Specialization. ",Computer Science,Software Development,Course,,Steven Waslander,4.7,2698.0,Approx. 35 hours to complete,Coursera,,,,,[],Web Development
C0244,Building AI Powered Chatbots Without Programming,https://www.coursera.org/learn/building-ai-powered-chatbots,This course will teach you how to create useful chatbots without the need to write any code.,Computer Science,Design and Product,Course,,Antonio Cangiano,4.8,2370.0,Approx. 10 hours to complete,Coursera,,,,,[],Web Development
C0245,Cyber Security Fundamentals,https://www.coursera.org/learn/cyber-security-fundamentals,"This course is intended to provide a general introduction to key concepts in cyber security. It is aimed at anyone with a good general knowledge of information and communications technology. The nature, scope and importance of cyber security are explained, and key concepts are justified and explored. This includes examining the types of threat that cyber security must address, as well as the range of mechanisms, both technological and procedural, that can be deployed.",Computer Science,Computer Security and Networks,Course,,Chris Mitchell,4.8,81.0,Approx. 21 hours to complete,Coursera,,,,,[],Cybersecurity
C0246,Supervised Machine Learning: Regression and Classification ,https://www.coursera.org/learn/machine-learning,"In the first course of the Machine Learning Specialization, you will:",Data Science,Machine Learning,Course,"Regularization to Avoid Overfitting,Gradient Descent,Supervised Learning,Linear Regression,Logistic Regression for Classification,",Andrew Ng,4.9,9090.0,Approx. 33 hours to complete,Coursera,,,,,"['Regularization to Avoid Overfitting', 'Gradient Descent', 'Supervised Learning', 'Linear Regression', 'Logistic Regression for Classification']",Data Science
C0247,"Foundations: Data, Data, Everywhere",https://www.coursera.org/learn/foundations-data,"This is the first course in the Google Data Analytics Certificate. These courses will equip you with the skills you need to apply to introductory-level data analyst jobs. Organizations of all kinds need data analysts to help them improve their processes, identify opportunities and trends, launch new products, and make thoughtful decisions. In this course, you’ll be introduced to the world of data analytics through hands-on curriculum developed by Google. The material shared covers plenty of key data analytics topics, and it’s designed to give you an overview of what’s to come in the Google Data Analytics Certificate. Current Google data analysts will instruct and provide you with hands-on ways to accomplish common data analyst tasks with the best tools and resources.",Data Science,Data Analysis,Course,"Spreadsheet,Data Cleansing,Data Analysis,Data Visualization (DataViz),SQL,",Google Career Certificates,4.8,79775.0,Approx. 22 hours to complete,Coursera,,,,,"['Spreadsheet', 'Data Cleansing', 'Data Analysis', 'Data Visualization (DataViz)', 'SQL']",Data Science
C0248,Technical Support Fundamentals,https://www.coursera.org/learn/technical-support-fundamentals,"This course is the first of a series that aims to prepare you for a role as an entry-level IT Support Specialist. In this course, you’ll be introduced to the world of Information Technology, or IT. You’ll learn about the different facets of Information Technology, like computer hardware, the Internet, computer software, troubleshooting, and customer service. This course covers a wide variety of topics in IT that are designed to give you an overview of what’s to come in this certificate program.",Information Technology,Support and Operations,Course,"Binary Code,Customer Support,Linux,Troubleshooting,",Google Career Certificates,4.8,136391.0,Approx. 21 hours to complete,Coursera,,,,,"['Binary Code', 'Customer Support', 'Linux', 'Troubleshooting']",Data Science
C0249,Foundations of User Experience (UX) Design,https://www.coursera.org/learn/foundations-user-experience-design,"Foundations of User Experience (UX) Design is the first of a series of seven courses that will equip you with the skills needed to apply to entry-level jobs in user experience design. UX designers focus on the interactions that people have with products like websites, mobile apps, and physical objects. UX designers make those everyday interactions usable, enjoyable, and accessible. The role of an entry-level UX designer might include empathizing with users, defining their pain points, coming up with ideas for design solutions, creating wireframes, prototypes, and mockups, and testing designs to get feedback. ",Computer Science,Design and Product,Course,"User Experience (UX),UX Research,Wireframe,Prototype,User Experience Design (UXD),",Google Career Certificates,4.8,51969.0,Approx. 18 hours to complete,Coursera,,,,,"['User Experience (UX)', 'UX Research', 'Wireframe', 'Prototype', 'User Experience Design (UXD)']",Web Development
C0250,Ask Questions to Make Data-Driven Decisions,https://www.coursera.org/learn/ask-questions-make-decisions,"This is the second course in the Google Data Analytics Certificate. These courses will equip you with the skills needed to apply to introductory-level data analyst jobs. You’ll build on your understanding of the topics that were introduced in the first Google Data Analytics Certificate course. The material will help you learn how to ask effective questions to make data-driven decisions, while connecting with stakeholders’ needs. Current Google data analysts will continue to instruct and provide you with hands-on ways to accomplish common data analyst tasks with the best tools and resources.",Data Science,Data Analysis,Course,"Spreadsheet,Questioning,Decision-Making,Problem Solving,Data Analysis,",Google Career Certificates,4.7,24198.0,Approx. 21 hours to complete,Coursera,,,,,"['Spreadsheet', 'Questioning', 'Decision-Making', 'Problem Solving', 'Data Analysis']",Data Science
C0251,Advanced Learning Algorithms,https://www.coursera.org/learn/advanced-learning-algorithms,"In the second course of the Machine Learning Specialization, you will:",Data Science,Machine Learning,Course,"Artificial Neural Network,Xgboost,Tensorflow,Tree Ensembles,Advice for Model Development,",Andrew Ng,4.9,2220.0,Approx. 34 hours to complete,Coursera,,,,,"['Artificial Neural Network', 'Xgboost', 'Tensorflow', 'Tree Ensembles', 'Advice for Model Development']",Data Science
C0252,Neural Networks and Deep Learning,https://www.coursera.org/learn/neural-networks-deep-learning,"In the first course of the Deep Learning Specialization, you will study the foundational concept of neural networks and deep learning. ",Data Science,Machine Learning,Course,"Deep Learning,Artificial Neural Network,Backpropagation,Python Programming,Neural Network Architecture,",Andrew Ng,4.9,118113.0,Approx. 24 hours to complete,Coursera,,,,,"['Deep Learning', 'Artificial Neural Network', 'Backpropagation', 'Python Programming', 'Neural Network Architecture']",Data Science
C0253,The Bits and Bytes of Computer Networking,https://www.coursera.org/learn/computer-networking,This course is designed to provide a full overview of computer networking. We’ll cover everything from the fundamentals of modern networking technologies and protocols to an overview of the cloud to practical applications and network troubleshooting. ,Information Technology,Networking,Course,"Domain Name System (DNS),Ipv4,Network Model,Troubleshooting,",Google Career Certificates,4.7,43556.0,Approx. 27 hours to complete,Coursera,,,,,"['Domain Name System (DNS)', 'Ipv4', 'Network Model', 'Troubleshooting']",Cybersecurity
C0254,Prepare Data for Exploration,https://www.coursera.org/learn/data-preparation,"This is the third course in the Google Data Analytics Certificate. These courses will equip you with the skills needed to apply to introductory-level data analyst jobs. As you continue to build on your understanding of the topics from the first two courses, you’ll also be introduced to new topics that will help you gain practical data analytics skills. You’ll learn how to use tools like spreadsheets and SQL to extract and make use of the right data for your objectives and how to organize and protect your data. Current Google data analysts will continue to instruct and provide you with hands-on ways to accomplish common data analyst tasks with the best tools and resources.",Data Science,Data Analysis,Course,"Spreadsheet,Metadata,Data Collection,Data Ethics,SQL,",Google Career Certificates,4.8,14449.0,Approx. 25 hours to complete,Coursera,,,,,"['Spreadsheet', 'Metadata', 'Data Collection', 'Data Ethics', 'SQL']",Data Science
C0255,Introduction to Cybersecurity Tools & Cyber Attacks,https://www.coursera.org/learn/introduction-cybersecurity-cyber-attacks,"This course gives you the background needed to understand basic Cybersecurity.  You will learn the history of Cybersecurity, types and motives of cyber attacks to further your knowledge of current threats to organizations and individuals.  Key terminology, basic system concepts and tools will be examined as an introduction to the Cybersecurity field.",Information Technology,Cloud Computing,Course,"Information Security (INFOSEC),IBM New Collar,Malware,Cybersecurity,Cyber Attacks,",IBM Security Learning Services,4.6,13658.0,Approx. 16 hours to complete,Coursera,,,,,"['Information Security (INFOSEC)', 'IBM New Collar', 'Malware', 'Cybersecurity', 'Cyber Attacks']",Data Science
C0256,What is Data Science? ,https://www.coursera.org/learn/what-is-datascience,"Do you want to know why Data Science has been labelled as the sexiest profession of the 21st century? After taking this course you will be able to answer this question, and get a thorough understanding of what is Data Science, what data scientists do, and learn about career paths in the field. ",Data Science,Data Analysis,Course,"Data Science,Deep Learning,Machine Learning,Big Data,Data Mining,",Rav Ahuja,4.7,62499.0,Approx. 7 hours to complete,Coursera,,,,,"['Data Science', 'Deep Learning', 'Machine Learning', 'Big Data', 'Data Mining']",Data Science
C0257,"Start the UX Design Process: Empathize, Define, and Ideate",https://www.coursera.org/learn/start-ux-design-process,"Start the UX design process: Empathize, Define, Ideate is the second course in a certificate program that will equip you with the skills needed to apply to entry-level jobs in user experience (UX) design. In this course, you’ll complete the first phases of the design process for a project that you’ll be able to include in your portfolio. You will learn how to empathize with users and understand their pain points, define user needs using problem statements, and come up with lots of ideas for solutions to those user problems. ",Computer Science,Design and Product,Course,"User Experience (UX),UX Research,Wireframe,Prototype,User Experience Design (UXD),",Google Career Certificates,4.8,11376.0,Approx. 28 hours to complete,Coursera,,,,,"['User Experience (UX)', 'UX Research', 'Wireframe', 'Prototype', 'User Experience Design (UXD)']",Web Development
C0258,Linear Algebra for Machine Learning and Data Science,https://www.coursera.org/learn/machine-learning-linear-algebra,"After completing this course, learners will be able to:",Computer Science,Algorithms,Course,"Machine Learning,Linear Equation,Eigenvalues And Eigenvectors,Linear Algebra,Determinants,",Luis Serrano,4.4,314.0,Approx. 21 hours to complete,Coursera,,,,,"['Machine Learning', 'Linear Equation', 'Eigenvalues And Eigenvectors', 'Linear Algebra', 'Determinants']",Web Development
C0259,"HTML, CSS, and Javascript for Web Developers",https://www.coursera.org/learn/html-css-javascript-for-web-developers,"Do you realize that the only functionality of a web application that the user directly interacts with is through the web page? Implement it poorly and, to the user, the server-side becomes irrelevant! Today’s user expects a lot out of the web page: it has to load fast, expose the desired service, and be comfortable to view on all devices: from a desktop computers to tablets and mobile phones.",Computer Science,Mobile and Web Development,Course,"HTML,JavaScript,Css Frameworks,Cascading Style Sheets (CSS),",Yaakov Chaikin,4.7,15248.0,Approx. 40 hours to complete,Coursera,,,,,"['HTML', 'JavaScript', 'Css Frameworks', 'Cascading Style Sheets (CSS)']",Web Development
C0260,Introduction to Data Analytics,https://www.coursera.org/learn/introduction-to-data-analytics,"Ready to start a career in Data Analysis but don’t know where to begin? This course presents you with a gentle introduction to Data Analysis, the role of a Data Analyst, and the tools used in this job. You will learn about the skills and responsibilities of a data analyst and hear from several data experts sharing their tips & advice to start a career. This course will help you to differentiate between the roles of Data Analysts, Data Scientists, and Data Engineers. ",Data Science,Data Analysis,Course,"Data Science,Spreadsheet,Microsoft Excel,Data Analysis,Data Visualization (DataViz),",Rav Ahuja,4.8,10984.0,Approx. 10 hours to complete,Coursera,,,,,"['Data Science', 'Spreadsheet', 'Microsoft Excel', 'Data Analysis', 'Data Visualization (DataViz)']",Data Science
C0261,"Unsupervised Learning, Recommenders, Reinforcement Learning",https://www.coursera.org/learn/unsupervised-learning-recommenders-reinforcement-learning,"In the third course of the Machine Learning Specialization, you will:",Data Science,Machine Learning,Course,"Collaborative Filtering,Unsupervised Learning,Recommender Systems,Reinforcement Learning,Anomaly Detection,",Andrew Ng,4.9,1099.0,Approx. 27 hours to complete,Coursera,,,,,"['Collaborative Filtering', 'Unsupervised Learning', 'Recommender Systems', 'Reinforcement Learning', 'Anomaly Detection']",Data Science
C0262,Process Data from Dirty to Clean,https://www.coursera.org/learn/process-data,"This is the fourth course in the Google Data Analytics Certificate. These courses will equip you with the skills needed to apply to introductory-level data analyst jobs. In this course, you’ll continue to build your understanding of data analytics and the concepts and tools that data analysts use in their work. You’ll learn how to check and clean your data using spreadsheets and SQL as well as how to verify and report your data cleaning results. Current Google data analysts will continue to instruct and provide you with hands-on ways to accomplish common data analyst tasks with the best tools and resources.",Data Science,Data Analysis,Course,"Spreadsheet,Data Cleansing,Sample Size Determination,SQL,Data Integrity,",Google Career Certificates,4.8,10846.0,Approx. 23 hours to complete,Coursera,,,,,"['Spreadsheet', 'Data Cleansing', 'Sample Size Determination', 'SQL', 'Data Integrity']",Data Science
C0263,Foundations of Data Science,https://www.coursera.org/learn/foundations-of-data-science,"This is the first of seven courses in the Google Advanced Data Analytics Certificate, which will help develop the skills needed to apply for more advanced data professional roles, such as an entry-level data scientist or advanced-level data analyst. Data professionals analyze data to help businesses make better decisions. To do this, they use powerful techniques like data storytelling, statistics, and machine learning. In this course, you’ll begin your learning journey by exploring the role of data professionals in the workplace. You’ll also learn about the project workflow PACE (Plan, Analyze, Construct, Execute) and how it can help you organize data projects.   ",Data Science,Data Analysis,Course,"Sharing Insights With Stakeholders,Effective Written Communication,Asking Effective Questions,Cross-Functional Team Dynamics,Project Management,",Google Career Certificates,4.7,161.0,Approx. 21 hours to complete,Coursera,,,,,"['Sharing Insights With Stakeholders', 'Effective Written Communication', 'Asking Effective Questions', 'Cross-Functional Team Dynamics', 'Project Management']",Data Science
C0264,Tools for Data Science,https://www.coursera.org/learn/open-source-tools-for-data-science,"In order to be successful in Data Science, you need to be skilled with using tools that Data Science professionals employ as part of their jobs. This course teaches you about the popular tools in Data Science and how to use them. ",Data Science,Data Analysis,Course,"Data Science,Github,Python Programming,Jupyter notebooks,Rstudio,",Aije Egwaikhide,4.5,26232.0,Approx. 17 hours to complete,Coursera,,,,,"['Data Science', 'Github', 'Python Programming', 'Jupyter notebooks', 'Rstudio']",Data Science
C0265,"Python for Data Science, AI & Development",https://www.coursera.org/learn/python-for-applied-data-science-ai,Kickstart your learning of Python with this beginner-friendly self-paced course taught by an expert. Python is one of the most popular languages in the programming and data science world and demand for individuals who have the ability to apply Python has never been higher.  ,Data Science,Data Analysis,Course,"Data Science,Python Programming,Data Analysis,Pandas,Numpy,",Joseph Santarcangelo,4.6,31403.0,Approx. 20 hours to complete,Coursera,,,,,"['Data Science', 'Python Programming', 'Data Analysis', 'Pandas', 'Numpy']",Data Science
C0266,Foundations of Business Intelligence,https://www.coursera.org/learn/foundations-of-business-intelligence,"This is the first of three courses in the Google Business Intelligence Certificate, which will help develop the skills needed to apply for entry-level roles as a business intelligence (BI) professional. People who work in BI help organizations access the right data, use data to help businesses grow and improve, and put insights into action. In this course, you’ll discover the role of BI professionals within an organization and explore BI tools you can use on the job. ",Data Science,Data Analysis,Course,"Stakeholder Management,Sharing Insights With Stakeholders,Asking Effective Questions,Cross-Functional Team Dynamics,Business Processes and Requirements,",Google Career Certificates,4.8,109.0,Approx. 24 hours to complete,Coursera,,,,,"['Stakeholder Management', 'Sharing Insights With Stakeholders', 'Asking Effective Questions', 'Cross-Functional Team Dynamics', 'Business Processes and Requirements']",Data Science
C0267,Operating Systems and You: Becoming a Power User,https://www.coursera.org/learn/os-power-user,"In this course -- through a combination of video lectures, demonstrations, and hands-on practice -- you’ll learn about the main components of an operating system and how to perform critical tasks like managing software and users, and configuring hardware. ",Information Technology,Support and Operations,Course,"Powershell,Linux File Systems,Linux,Command-Line Interface,",Google Career Certificates,4.7,24990.0,Approx. 33 hours to complete,Coursera,,,,,"['Powershell', 'Linux File Systems', 'Linux', 'Command-Line Interface']",Data Science
C0268,Programming for Everybody (Getting Started with Python),https://www.coursera.org/learn/python,"This course aims to teach everyone the basics of programming computers using Python. We cover the basics of how one constructs a program from a series of simple instructions in Python.  The course has no pre-requisites and avoids all but the simplest mathematics. Anyone with moderate computer experience should be able to master the materials in this course. This course will cover Chapters 1-5 of the textbook “Python for Everybody”.  Once a student completes this course, they will be ready to take more advanced programming courses. This course covers Python 3.",Computer Science,Software Development,Course,"Python Syntax And Semantics,Basic Programming Language,Computer Programming,Python Programming,",Charles Russell Severance,4.8,220747.0,Approx. 19 hours to complete,Coursera,,,,,"['Python Syntax And Semantics', 'Basic Programming Language', 'Computer Programming', 'Python Programming']",Web Development
C0269,Analyze Data to Answer Questions,https://www.coursera.org/learn/analyze-data,"This is the fifth course in the Google Data Analytics Certificate. These courses will equip you with the skills needed to apply to introductory-level data analyst jobs. In this course, you’ll explore the “analyze” phase of the data analysis process. You’ll take what you’ve learned to this point and apply it to your analysis to make sense of the data you’ve collected. You’ll learn how to organize and format your data using spreadsheets and SQL to help you look at and think about your data in different ways. You’ll also find out how to perform complex calculations on your data to complete business objectives. You’ll learn how to use formulas, functions, and SQL queries as you conduct your analysis. Current Google data analysts will continue to instruct and provide you with hands-on ways to accomplish common data analyst tasks with the best tools and resources.",Data Science,Data Analysis,Course,"Spreadsheet,Data Analysis,SQL,Data Calculations,Data Aggregation,",Google Career Certificates,4.6,7909.0,Approx. 26 hours to complete,Coursera,,,,,"['Spreadsheet', 'Data Analysis', 'SQL', 'Data Calculations', 'Data Aggregation']",Data Science
C0270,Natural Language Processing with Classification and Vector Spaces,https://www.coursera.org/learn/classification-vector-spaces-in-nlp,"In Course 1 of the Natural Language Processing Specialization, you will:   ",Data Science,Machine Learning,Course,"Machine Translation,Word Embeddings,Locality-Sensitive Hashing,Sentiment Analysis,Vector Space Models,",Younes Bensouda Mourri,4.6,3876.0,Approx. 34 hours to complete,Coursera,,,,,"['Machine Translation', 'Word Embeddings', 'Locality-Sensitive Hashing', 'Sentiment Analysis', 'Vector Space Models']",Data Science
C0271,"Improving Deep Neural Networks: Hyperparameter Tuning, Regularization and Optimization",https://www.coursera.org/learn/deep-neural-network,"In the second course of the Deep Learning Specialization, you will open the deep learning black box to understand the processes that drive performance and generate good results systematically. ",Data Science,Machine Learning,Course,"Tensorflow,Deep Learning,Mathematical Optimization,hyperparameter tuning,",Andrew Ng,4.9,61980.0,Approx. 23 hours to complete,Coursera,,,,,"['Tensorflow', 'Deep Learning', 'Mathematical Optimization', 'hyperparameter tuning']",Data Science
C0272,Agile with Atlassian Jira,https://www.coursera.org/learn/agile-atlassian-jira,"This course discusses common foundational principles and practices used by agile methodologies, providing you with a flexible set of tools to use in your role (e.g. product owner, scrum master, project manager, team member) on an agile team. Learn agile and lean principles, including kanban and scrum, and use Jira Software Cloud as the tool to apply hands-on exercises in these topics. The course includes instruction on company-managed and team-managed Jira projects. ",Computer Science,Software Development,Course,"Project Management,Agile Management,work management,Scrum (Software Development),",Kashmira Shukla,4.7,7841.0,Approx. 12 hours to complete,Coursera,,,,,"['Project Management', 'Agile Management', 'work management', 'Scrum (Software Development)']",Web Development
C0273,Crash Course on Python,https://www.coursera.org/learn/python-crash-course,"This course is designed to teach you the foundations in order to write simple programs in Python using the most common structures. No previous exposure to programming is needed. By the end of this course, you'll understand the benefits of programming in IT roles; be able to write simple programs using Python; figure out how the building blocks of programming fit together; and combine all of this knowledge to solve a complex programming problem. ",Information Technology,Support and Operations,Course,"Basic Python Data Structures,Fundamental Programming Concepts,Basic Python Syntax,Python Programming,Object-Oriented Programming (OOP),",Google Career Certificates,4.8,30746.0,Approx. 26 hours to complete,Coursera,,,,,"['Basic Python Data Structures', 'Fundamental Programming Concepts', 'Basic Python Syntax', 'Python Programming', 'Object-Oriented Programming (OOP)']",Data Science
C0274,SQL for Data Science,https://www.coursera.org/learn/sql-for-data-science,"As data collection has increased exponentially, so has the need for people skilled at using and interacting with data; to be able to think critically, and provide insights to make better decisions and optimize their businesses. This is a data scientist, “part mathematician, part computer scientist, and part trend spotter” (SAS Institute, Inc.). According to Glassdoor, being a data scientist is the best job in America; with a median base salary of $110,000 and thousands of job openings at a time. The skills necessary to be a good data scientist include being able to retrieve and work with data, and to do that you need to be well versed in SQL, the standard language for communicating with database systems.",Data Science,Data Analysis,Course,"Data Science,Data Analysis,Sqlite,SQL,",Sadie St. Lawrence,4.6,14748.0,Approx. 14 hours to complete,Coursera,,,,,"['Data Science', 'Data Analysis', 'Sqlite', 'SQL']",Data Science
C0275,Introduction to Artificial Intelligence (AI),https://www.coursera.org/learn/introduction-to-ai,"In this course you will learn what Artificial Intelligence (AI) is, explore use cases and applications of AI, understand AI concepts and terms like machine learning, deep learning and neural networks. You will be exposed to various issues and concerns surrounding AI such as ethics and bias, & jobs, and get advice from experts about learning and starting a career in AI.  You will also demonstrate AI in action with a mini project.",Data Science,Machine Learning,Course,"Data Science,Deep Learning,Artificial Intelligence (AI),Jobs,Machine Learning,",Rav Ahuja,4.7,10615.0,Approx. 9 hours to complete,Coursera,,,,,"['Data Science', 'Deep Learning', 'Artificial Intelligence (AI)', 'Jobs', 'Machine Learning']",Data Science
C0276,Get Started with Python,https://www.coursera.org/learn/get-started-with-python,"This is the second of seven courses in the Google Advanced Data Analytics Certificate. The Python programming language is a powerful tool for data analysis. In this course, you’ll learn the basic concepts of Python programming and how data professionals use Python on the job. You'll explore concepts such as object-oriented programming, variables, data types, functions, conditional statements, loops, and data structures. ",Data Science,Data Analysis,Course,"Using Comments to Enhance Code Readability,Python Programming,Jupyter Notebook,Data Visualization (DataViz),Coding,",Google Career Certificates,4.8,43.0,Approx. 25 hours to complete,Coursera,,,,,"['Using Comments to Enhance Code Readability', 'Python Programming', 'Jupyter Notebook', 'Data Visualization (DataViz)', 'Coding']",Data Science
C0277, System Administration and IT Infrastructure Services,https://www.coursera.org/learn/system-administration-it-infrastructure-services,"This course will transition you from working on a single computer to an entire fleet. Systems administration is the field of IT that’s responsible for maintaining reliable computers systems in a multi-user environment. In this course, you’ll learn about the infrastructure services that keep all organizations, big and small, up and running. We’ll deep dive on cloud so that you’ll understand everything from typical cloud infrastructure setups to how to manage cloud resources. You'll also learn how to manage and configure servers and how to use industry tools to manage computers, user information, and user productivity. Finally, you’ll learn how to recover your organization’s IT infrastructure in the event of a disaster.",Information Technology,Support and Operations,Course,"Directory Service,Lightweight Directory Access Protocol (LDAP),Backup,",Google Career Certificates,4.7,22160.0,Approx. 25 hours to complete,Coursera,,,,,"['Directory Service', 'Lightweight Directory Access Protocol (LDAP)', 'Backup']",Data Science
C0278,Excel Basics for Data Analysis,https://www.coursera.org/learn/excel-basics-data-analysis-ibm,"Spreadsheet tools like Excel are an essential tool for working with data - whether for data analytics, business, marketing, or research. This course is designed to give you a basic working knowledge of Excel and how to use it for analyzing data. ",Data Science,Data Analysis,Course,"Data Science,Spreadsheet,Microsoft Excel,Data Analysis,Pivot Table,",Sandip Saha Joy,4.8,5413.0,Approx. 12 hours to complete,Coursera,,,,,"['Data Science', 'Spreadsheet', 'Microsoft Excel', 'Data Analysis', 'Pivot Table']",Data Science
C0279,AWS Cloud Practitioner Essentials,https://www.coursera.org/learn/aws-cloud-practitioner-essentials,"Welcome to AWS Cloud Practitioner Essentials. If you’re new to the cloud, whether you’re in a technical or non-technical role such as finance, legal, sales, marketing, this course will provide you with an understanding of fundamental AWS Cloud concepts to help you gain confidence to contribute to your organization’s cloud initiatives. This course is also the starting point to prepare for your AWS Certified Cloud Practitioner certification whenever it’s convenient for you.",Information Technology,Cloud Computing,Course,"Cloud Computing Security,AWS cloud,cloud networking,Cloud Computing,Migration and Innovation,",Rudy Chetty,4.8,1279.0,Approx. 18 hours to complete,Coursera,,,,,"['Cloud Computing Security', 'AWS cloud', 'cloud networking', 'Cloud Computing', 'Migration and Innovation']",Data Science
C0280,Share Data Through the Art of Visualization,https://www.coursera.org/learn/visualize-data,"This is the sixth course in the Google Data Analytics Certificate. These courses will equip you with the skills needed to apply to introductory-level data analyst jobs. You’ll learn how to visualize and present your data findings as you complete the data analysis process. This course will show you how data visualizations, such as visual dashboards, can help bring your data to life. You’ll also explore Tableau, a data visualization platform that will help you create effective visualizations for your presentations. Current Google data analysts will continue to instruct and provide you with hands-on ways to accomplish common data analyst tasks with the best tools and resources.",Data Science,Data Analysis,Course,"Data Analysis,Tableau Software,Data Visualization (DataViz),Presentation,",Google Career Certificates,4.6,6342.0,Approx. 24 hours to complete,Coursera,,,,,"['Data Analysis', 'Tableau Software', 'Data Visualization (DataViz)', 'Presentation']",Data Science
C0281,Introduction to Cloud Computing,https://www.coursera.org/learn/introduction-to-cloud,"Get started in Cloud Computing with this beginner friendly, self-paced course! You will gain the foundational knowledge required for understanding cloud computing from a business perspective and also as a cloud practitioner.  ",Information Technology,Cloud Computing,Course,"Cloud Native,Devops,Iaas PaaS Saas,Hybrid Multicloud,Cloud Computing,",Rav Ahuja,4.7,3538.0,Approx. 12 hours to complete,Coursera,,,,,"['Cloud Native', 'Devops', 'Iaas PaaS Saas', 'Hybrid Multicloud', 'Cloud Computing']",Data Science
C0282,Introduction to Machine Learning in Production,https://www.coursera.org/learn/introduction-to-machine-learning-in-production,"In the first course of Machine Learning Engineering for Production Specialization, you will identify the various components and design an ML production system end-to-end: project scoping, data needs, modeling strategies, and deployment constraints and requirements; and learn how to establish a model baseline, address concept drift, and prototype the process for developing, deploying, and continuously improving a productionized ML application.",Data Science,Machine Learning,Course,"Human-level Performance (HLP),Concept Drift,Model baseline,Project Scoping and Design,ML Deployment Challenges,",Andrew Ng,4.8,2377.0,Approx. 11 hours to complete,Coursera,,,,,"['Human-level Performance (HLP)', 'Concept Drift', 'Model baseline', 'Project Scoping and Design', 'ML Deployment Challenges']",Data Science
C0283,"Introduction to TensorFlow for Artificial Intelligence, Machine Learning, and Deep Learning",https://www.coursera.org/learn/introduction-tensorflow,"If you are a software developer who wants to build scalable AI-powered algorithms, you need to understand how to use the tools to build them. This course is part of the upcoming Machine Learning in Tensorflow Specialization and will teach you best practices for using TensorFlow, a popular open-source framework for machine learning. ",Computer Science,Software Development,Course,"Computer Vision,Tensorflow,Machine Learning,",Laurence Moroney,4.8,18364.0,Approx. 17 hours to complete,Coursera,,,,,"['Computer Vision', 'Tensorflow', 'Machine Learning']",Web Development
C0284,Data Analysis with R Programming,https://www.coursera.org/learn/data-analysis-r,"This course is the seventh course in the Google Data Analytics Certificate. These courses will equip you with the skills needed to apply to introductory-level data analyst jobs. In this course, you’ll learn about the programming language known as R. You’ll find out how to use RStudio, the environment that allows you to work with R. This course will also cover the software applications and tools that are unique to R, such as R packages. You’ll discover how R lets you clean, organize, analyze, visualize, and report data in new and more powerful ways.  Current Google data analysts will continue to instruct and provide you with hands-on ways to accomplish common data analyst tasks with the best tools and resources.",Data Science,Data Analysis,Course,"R Programming,Data Analysis,Data Visualization (DataViz),R Markdown,Rstudio,",Google Career Certificates,4.8,7066.0,Approx. 37 hours to complete,Coursera,,,,,"['R Programming', 'Data Analysis', 'Data Visualization (DataViz)', 'R Markdown', 'Rstudio']",Data Science
C0285,Convolutional Neural Networks,https://www.coursera.org/learn/convolutional-neural-networks,"In the fourth course of the Deep Learning Specialization, you will understand how computer vision has evolved and become familiar with its exciting applications such as autonomous driving, face recognition, reading radiology images, and more.",Data Science,Machine Learning,Course,"Deep Learning,Facial Recognition System,Convolutional Neural Network,Tensorflow,Object Detection and Segmentation,",Andrew Ng,4.9,41376.0,Approx. 36 hours to complete,Coursera,,,,,"['Deep Learning', 'Facial Recognition System', 'Convolutional Neural Network', 'Tensorflow', 'Object Detection and Segmentation']",Data Science
C0286,SQL: A Practical Introduction for Querying Databases,https://www.coursera.org/learn/sql-practical-introduction-for-querying-databases,"Much of the world's data lives in databases. SQL (or Structured Query Language) is a powerful programming language that is used for communicating with and manipulating data in databases. A working knowledge of databases and SQL is a must for anyone who wants to start a career in Data Engineering, Data Warehousing, Data Analytics, Data Science or Business Intelligence. The purpose of this course is to help you learn and apply foundational and intermediate knowledge of the SQL language, and become familiar with many relational database (RDBMS) concepts along the way.",Data Science,Data Analysis,Course,"Create, Read, Update And Delete,Data Analysis,MySQL,Relational Database Management System (RDBMS),SQL,",Rav Ahuja,4.7,38.0,Approx. 21 hours to complete,Coursera,,,,,"['Create', 'Read', 'Update And Delete', 'Data Analysis', 'MySQL', 'Relational Database Management System (RDBMS)', 'SQL']",Data Science
C0287,Structuring Machine Learning Projects,https://www.coursera.org/learn/machine-learning-projects,"In the third course of the Deep Learning Specialization, you will learn how to build a successful machine learning project and get to practice decision-making as a machine learning project leader. ",Data Science,Data Analysis,Course,"Deep Learning,Inductive Transfer,Machine Learning,Multi-Task Learning,Decision-Making,",Andrew Ng,4.8,49034.0,Approx. 6 hours to complete,Coursera,,,,,"['Deep Learning', 'Inductive Transfer', 'Machine Learning', 'Multi-Task Learning', 'Decision-Making']",Data Science
C0288, IT Security: Defense against the digital dark arts ,https://www.coursera.org/learn/it-security,"This course covers a wide variety of IT security concepts, tools, and best practices. It introduces threats and attacks and the many ways they can show up. We’ll give you some background of encryption algorithms and how they’re used to safeguard data. Then, we’ll dive into the three As of information security: authentication, authorization, and accounting. We’ll also cover network security solutions, ranging from firewalls to Wifi encryption options. The course is rounded out by putting all these elements together into a multi-layered, in-depth security architecture, followed by recommendations on how to integrate a culture of security into your organization or team.",Information Technology,Security,Course,"Cybersecurity,Wireless Security,Cryptography,Network Security,",Google Career Certificates,4.8,19135.0,Approx. 31 hours to complete,Coursera,,,,,"['Cybersecurity', 'Wireless Security', 'Cryptography', 'Network Security']",Cybersecurity
C0289,Build Wireframes and Low-Fidelity Prototypes,https://www.coursera.org/learn/wireframes-low-fidelity-prototypes,"Build Wireframes and Low-Fidelity Prototypes is the third course in a certificate program that will equip you with the skills you need to apply to entry-level jobs in user experience (UX) design. In this course, you’ll continue to design a mobile app for your professional UX portfolio. You’ll start by creating storyboards and getting familiar with the basics of drawing. Then, you'll create paper wireframes and digital wireframes using the design tool Figma. You’ll also create a paper prototype and a digital low-fidelity prototype in Figma. ",Computer Science,Design and Product,Course,"User Experience (UX),UX Research,Wireframe,Prototype,User Experience Design (UXD),",Google Career Certificates,4.9,6275.0,Approx. 23 hours to complete,Coursera,,,,,"['User Experience (UX)', 'UX Research', 'Wireframe', 'Prototype', 'User Experience Design (UXD)']",Web Development
C0290,ITIL 4 Exam Preparation,https://www.coursera.org/learn/itil-4-exam-preparation,"ITIL® 4 Foundation Test Preparation is designed to introduce learners to the key concepts, terminology, and best practices for creating, and improving the quality of IT services across the IT organization. This class is focused on exam preparation. Through a series of self-paced learning, practice quizzes and exams, students become acquainted with ITIL terminology, and how it applies to the Service Value Lifecycle.",Information Technology,Support and Operations,Course,"ITIL 4 Foundation topics,ITIL Terminogy,",Allyson Pippin,4.7,805.0,Approx. 17 hours to complete,Coursera,,,,,"['ITIL 4 Foundation topics', 'ITIL Terminogy']",Data Science
C0291,Introduction to User Experience Design ,https://www.coursera.org/learn/user-experience-design,The focus of this course is to introduce the learner to User Experience (UX) Design,Computer Science,Design and Product,Course,"Usability,User Experience (UX),User Experience Design (UXD),User Interface,",Dr. Rosa I. Arriaga,4.5,7610.0,Approx. 6 hours to complete,Coursera,,,,,"['Usability', 'User Experience (UX)', 'User Experience Design (UXD)', 'User Interface']",Web Development
C0292,Databases and SQL for Data Science with Python,https://www.coursera.org/learn/sql-data-science,"Working knowledge of SQL (or Structured Query Language) is a must for data professionals like Data Scientists, Data Analysts and Data Engineers. Much of the world's data resides in databases. SQL is a powerful language used for communicating with and extracting data from databases.  ",Data Science,Data Analysis,Course,"Cloud Databases,Python Programming,Jupyter notebooks,Relational Database Management System (RDBMS),SQL,",Rav Ahuja,4.6,17406.0,Approx. 39 hours to complete,Coursera,,,,,"['Cloud Databases', 'Python Programming', 'Jupyter notebooks', 'Relational Database Management System (RDBMS)', 'SQL']",Data Science
C0293,Data Science Methodology,https://www.coursera.org/learn/data-science-methodology,"If there is a shortcut to becoming a Data Scientist, then learning to think and work like a successful Data Scientist is it. Most of the established data scientists follow a similar methodology for solving Data Science problems.  In this course you will learn and then apply this methodology that can be used to tackle any Data Science scenario.  ",Data Science,Data Analysis,Course,"Data Science,Methodology,CRISP-DM,Data Analysis,Data Mining,",Alex Aklson,4.6,18923.0,Approx. 8 hours to complete,Coursera,,,,,"['Data Science', 'Methodology', 'CRISP-DM', 'Data Analysis', 'Data Mining']",Data Science
C0294,Machine Learning with Python,https://www.coursera.org/learn/machine-learning-with-python,Get ready to dive into the world of Machine Learning (ML) by using Python! This course is for you whether you want to advance your Data Science career or get started in Machine Learning and Deep Learning.  ,Data Science,Machine Learning,Course,"SciPy and scikit-learn,Machine Learning,regression,classification,Hierarchical Clustering,",SAEED AGHABOZORGI,4.7,13939.0,Approx. 12 hours to complete,Coursera,,,,,"['SciPy and scikit-learn', 'Machine Learning', 'regression', 'classification', 'Hierarchical Clustering']",Data Science
C0295,Sequence Models,https://www.coursera.org/learn/nlp-sequence-models,"In the fifth course of the Deep Learning Specialization, you will become familiar with sequence models and their exciting applications such as speech recognition, music synthesis, chatbots, machine translation, natural language processing (NLP), and more. ",Data Science,Machine Learning,Course,"Natural Language Processing,Long Short Term Memory (LSTM),Gated Recurrent Unit (GRU),Recurrent Neural Network,Attention Models,",Andrew Ng,4.8,29226.0,Approx. 37 hours to complete,Coursera,,,,,"['Natural Language Processing', 'Long Short Term Memory (LSTM)', 'Gated Recurrent Unit (GRU)', 'Recurrent Neural Network', 'Attention Models']",Data Science
C0296,Introduction to Front-End Development,https://www.coursera.org/learn/introduction-to-front-end-development,"Welcome to Introduction to Front-End Development, the first course in the Meta Front-End Developer program.  ",Computer Science,Mobile and Web Development,Course,"Web Development Tools,User Interface,Front-End Web Development,HTML and CSS,Responsive Web Design,",Taught by Meta Staff,4.8,5705.0,Approx. 18 hours to complete,Coursera,,,,,"['Web Development Tools', 'User Interface', 'Front-End Web Development', 'HTML and CSS', 'Responsive Web Design']",Web Development
C0297,Google Data Analytics Capstone: Complete a Case Study,https://www.coursera.org/learn/google-data-analytics-capstone,"This course is the eighth course in the Google Data Analytics Certificate. You’ll have the opportunity to complete an optional case study, which will help prepare you for the data analytics job hunt. Case studies are commonly used by employers to assess analytical skills. For your case study, you’ll choose an analytics-based scenario. You’ll then ask questions, prepare, process, analyze, visualize and act on the data from the scenario. You’ll also learn other useful job hunt skills through videos with common interview questions and responses, helpful materials to build a portfolio online, and more. Current Google data analysts will continue to instruct and provide you with hands-on ways to accomplish common data analyst tasks with the best tools and resources.",Data Science,Data Analysis,Course,"Job portfolio,Data Cleansing,Data Analysis,Data Visualization (DataViz),case study,",Google Career Certificates,4.8,9946.0,Approx. 9 hours to complete,Coursera,,,,,"['Job portfolio', 'Data Cleansing', 'Data Analysis', 'Data Visualization (DataViz)', 'case study']",Data Science
C0298,Python Project for Data Science,https://www.coursera.org/learn/python-project-for-data-science,This mini-course is intended to for you to demonstrate foundational Python skills for working with data. This course primarily involves completing a project in which you will assume the role of a Data Scientist or a Data Analyst and be provided with a real-world data set and a real-world inspired scenario to identify patterns and trends. ,Data Science,Data Analysis,Course,"Data Science,Python Programming,Data Analysis,Pandas,Jupyter notebooks,",Azim Hirjani,4.5,3071.0,Approx. 8 hours to complete,Coursera,,,,,"['Data Science', 'Python Programming', 'Data Analysis', 'Pandas', 'Jupyter notebooks']",Data Science
C0299,Cryptography I,https://www.coursera.org/learn/crypto,"Cryptography is an indispensable tool for protecting information in computer systems. In this course you will learn the inner workings of cryptographic systems and how to correctly use them in real-world applications. The course begins with a detailed discussion of how two parties who have a shared secret key can communicate securely when a powerful adversary eavesdrops and tampers with traffic. We will examine many deployed protocols and analyze mistakes in existing systems. The second half of the course discusses public-key techniques that let two parties generate a shared secret key. Throughout the course participants will be exposed to many exciting open problems in the field and work on fun (optional) programming projects. In a second course (Crypto II) we will cover more advanced cryptographic tasks such as zero-knowledge, privacy mechanisms, and other forms of encryption.",Computer Science,Computer Security and Networks,Course,"Cryptography,Cryptographic Attacks,Public-Key Cryptography,Symmetric-Key Algorithm,",Dan Boneh,4.8,4084.0,Approx. 23 hours to complete,Coursera,,,,,"['Cryptography', 'Cryptographic Attacks', 'Public-Key Cryptography', 'Symmetric-Key Algorithm']",Cybersecurity
C0300,Machine Learning Foundations for Product Managers,https://www.coursera.org/learn/machine-learning-foundations-for-product-managers,"In this first course of the AI Product Management Specialization offered by Duke University's Pratt School of Engineering, you will build a foundational understanding of what machine learning is, how it works and when and why it is applied.  To successfully manage an AI team or product and work collaboratively with data scientists, software engineers, and customers you need to understand the basics of machine learning technology.  This course provides a non-coding introduction to machine learning, with focus on the process of developing models, ML model evaluation and interpretation, and the intuition behind common ML and deep learning algorithms.  The course will conclude with a hands-on project in which you will have a chance to train and optimize a machine learning model on a simple real-world problem.",Data Science,Machine Learning,Course,"Data Science,Artificial Neural Network,Machine Learning,Predictive Analytics,Modeling,",Jon Reifschneider,4.6,152.0,Approx. 15 hours to complete,Coursera,,,,,"['Data Science', 'Artificial Neural Network', 'Machine Learning', 'Predictive Analytics', 'Modeling']",Data Science
C0301,Data Analysis with Python,https://www.coursera.org/learn/data-analysis-with-python,Analyzing data with Python is an essential skill for Data Scientists and Data Analysts. This course will take you from the basics of data analysis with Python to building and evaluating data models.  ,Data Science,Data Analysis,Course,"Predictive Modelling,Python Programming,Data Analysis,Data Visualization (DataViz),Model Selection,",Joseph Santarcangelo,4.7,16505.0,Approx. 14 hours to complete,Coursera,,,,,"['Predictive Modelling', 'Python Programming', 'Data Analysis', 'Data Visualization (DataViz)', 'Model Selection']",Data Science
C0302,Gamification,https://www.coursera.org/learn/gamification,"Gamification is the application of game elements and digital game design techniques to non-game problems, such as business and social impact challenges. This course will teach you the mechanisms of gamification, why it has such tremendous potential, and how to use it effectively. For additional information on the concepts described in the course, you can purchase Professor Werbach's book For the Win: How Game Thinking Can Revolutionize Your Business in print or ebook format in several languages.",Computer Science,Design and Product,Course,"Psychology,Marketing,Game Design,Gamification,",Kevin Werbach,4.8,2381.0,Approx. 17 hours to complete,Coursera,,,,,"['Psychology', 'Marketing', 'Game Design', 'Gamification']",Web Development
C0303,The Path to Insights: Data Models and Pipelines,https://www.coursera.org/learn/the-path-to-insights-data-models-and-pipelines,"This is the second of three courses in the Google Business Intelligence Certificate. In this course, you'll explore data modeling and how databases are designed. Then you’ll learn about extract, transform, load (ETL) processes that extract data from source systems, transform it into formats that enable analysis, and drive business processes and goals.",Data Science,Data Analysis,Course,"Data Management,Google Dataflow/Google BigQuery,Extraction, Transformation And Loading (ETL),Database Optimization,Data transformation,",Google Career Certificates,4.8,52.0,Approx. 23 hours to complete,Coursera,,,,,"['Data Management', 'Google Dataflow/Google BigQuery', 'Extraction', 'Transformation And Loading (ETL)', 'Database Optimization', 'Data transformation']",Data Science
C0304,Learn to Program: The Fundamentals,https://www.coursera.org/learn/learn-to-program,"Behind every mouse click and touch-screen tap, there is a computer program that makes things happen. This course introduces the fundamental building blocks of programming and teaches you how to write fun and useful programs using the Python language.",Computer Science,Software Development,Course,"Python Syntax And Semantics,Computer Programming,Python Programming,Idle (Python),",Jennifer Campbell,4.7,6025.0,Approx. 25 hours to complete,Coursera,,,,,"['Python Syntax And Semantics', 'Computer Programming', 'Python Programming', 'Idle (Python)']",Web Development
C0305,Python Data Structures,https://www.coursera.org/learn/python-data,"This course will introduce the core data structures of the Python programming language. We will move past the basics of procedural programming and explore how we can use the Python built-in data structures such as lists, dictionaries, and tuples to perform increasingly complex data analysis. This course will cover Chapters 6-10 of the textbook “Python for Everybody”.  This course covers Python 3.",Computer Science,Software Development,Course,"Python Syntax And Semantics,Data Structure,Tuple,Python Programming,",Charles Russell Severance,4.9,92485.0,Approx. 19 hours to complete,Coursera,,,,,"['Python Syntax And Semantics', 'Data Structure', 'Tuple', 'Python Programming']",Web Development
C0306,Calculus for Machine Learning and Data Science,https://www.coursera.org/learn/machine-learning-calculus,"After completing this course, learners will be able to:",Computer Science,Algorithms,Course,"Calculus,Mathematical Optimization,Gradient Descent,Machine Learning,Newton'S Method,",Luis Serrano,4.8,110.0,Approx. 25 hours to complete,Coursera,,,,,"['Calculus', 'Mathematical Optimization', 'Gradient Descent', 'Machine Learning', ""Newton'S Method""]",Web Development
C0307,Introduction to Data Engineering,https://www.coursera.org/learn/introduction-to-data-engineering,"This course introduces you to the core concepts, processes, and tools you need to know in order to get a foundational knowledge of data engineering. You will gain an understanding of the modern data ecosystem and the role Data Engineers, Data Scientists, and Data Analysts play in this ecosystem. ",Information Technology,Data Management,Course,"Data Science,Database (DBMS),NoSQL,SQL,",Rav Ahuja,4.7,1675.0,Approx. 14 hours to complete,Coursera,,,,,"['Data Science', 'Database (DBMS)', 'NoSQL', 'SQL']",Data Science
C0308,AWS Cloud Technical Essentials,https://www.coursera.org/learn/aws-cloud-technical-essentials,"Are you in a technical role and want to learn the fundamentals of AWS? Do you aspire to have a job or career as a cloud developer, architect, or in an operations role? If so, AWS Cloud Technical Essentials is an ideal way to start. This course was designed for those at the beginning of their cloud-learning journey - no prior knowledge of cloud computing or AWS products and services required!",Information Technology,Cloud Computing,Course,"AWS Identity and Access Management,Networking on AWS,AWS Management Console,Cloud Computing,aws security,",Morgan Willis,4.8,3455.0,Approx. 24 hours to complete,Coursera,,,,,"['AWS Identity and Access Management', 'Networking on AWS', 'AWS Management Console', 'Cloud Computing', 'aws security']",Data Science
C0309,Conduct UX Research and Test Early Concepts,https://www.coursera.org/learn/conduct-ux-research,"Conduct UX Research and Test Early Concepts is the fourth course in a certificate program that will equip you with the skills you need to apply to entry-level jobs in user experience (UX) design. In this course, you will learn how to plan and conduct a usability study to gather feedback about designs. Then, you will modify your low-fidelity designs based on insights from your research. ",Computer Science,Design and Product,Course,"User Experience (UX),Usability Testing,UX Research,Prototype,User Experience Design (UXD),",Google Career Certificates,4.8,3617.0,Approx. 24 hours to complete,Coursera,,,,,"['User Experience (UX)', 'Usability Testing', 'UX Research', 'Prototype', 'User Experience Design (UXD)']",Web Development
C0310,Customer Service Fundamentals,https://www.coursera.org/learn/customer-service-fundamentals,"There are a growing number of exciting, well-paying jobs in today’s tech industry that do not require a traditional college degree, an one of the hottest areas with high demand is in IT customer service and support. Customer Service is a perfect entry point to start your career in IT, with a multitude of job openings ranging from onsite or remote help desk work to customer care or client support. We can help you get there with the Customer Service Fundamentals course.  ",Information Technology,Support and Operations,Course,"Process Management,Communication,Problem Solving,IT Customer Support,",Keith Gibson,4.8,1331.0,Approx. 23 hours to complete,Coursera,,,,,"['Process Management', 'Communication', 'Problem Solving', 'IT Customer Support']",Data Science
C0311,Build Basic Generative Adversarial Networks (GANs),https://www.coursera.org/learn/build-basic-generative-adversarial-networks-gans,"In this course, you will:",Data Science,Machine Learning,Course,"Controllable Generation,WGANs,Conditional Generation,Components of GANs,DCGANs,",Sharon Zhou,4.7,1698.0,Approx. 33 hours to complete,Coursera,,,,,"['Controllable Generation', 'WGANs', 'Conditional Generation', 'Components of GANs', 'DCGANs']",Data Science
C0312,Natural Language Processing with Probabilistic Models,https://www.coursera.org/learn/probabilistic-models-in-nlp,"In Course 2 of the Natural Language Processing Specialization, you will:",Data Science,Machine Learning,Course,"Word2vec,Parts-of-Speech Tagging,N-gram Language Models,Autocorrect,",Younes Bensouda Mourri,4.7,1505.0,Approx. 31 hours to complete,Coursera,,,,,"['Word2vec', 'Parts-of-Speech Tagging', 'N-gram Language Models', 'Autocorrect']",Data Science
C0313,Computational Thinking for Problem Solving,https://www.coursera.org/learn/computational-thinking-problem-solving,"Computational thinking is the process of approaching a problem in a systematic manner and creating and expressing a solution such that it can be carried out by a computer.  But you don't need to be a computer scientist to think like a computer scientist!  In fact, we encourage students from any field of study to take this course.  Many quantitative and data-centric problems can be solved using computational thinking and an understanding of computational thinking will give you a foundation for solving problems that have real-world, social impact.   ",Computer Science,Algorithms,Course,"Simple Algorithm,Python Programming,Problem Solving,Computation,",Susan Davidson,4.7,1257.0,Approx. 17 hours to complete,Coursera,,,,,"['Simple Algorithm', 'Python Programming', 'Problem Solving', 'Computation']",Web Development
C0314,Data Visualization and Dashboards with Excel and Cognos,https://www.coursera.org/learn/data-visualization-dashboards-excel-cognos,Learn how to create data visualizations and dashboards using spreadsheets and analytics tools. This course covers some of the first steps for telling a compelling story with your data using various types of charts and graphs. You'll learn the basics of visualizing data with Excel and IBM Cognos Analytics without having to write any code. ,Data Science,Data Analysis,Course,"Microsoft Excel,Data Analysis,Data Visualization (DataViz),IBM Cognos Analytics,Dashboard,",Sandip Saha Joy,4.7,2606.0,Approx. 9 hours to complete,Coursera,,,,,"['Microsoft Excel', 'Data Analysis', 'Data Visualization (DataViz)', 'IBM Cognos Analytics', 'Dashboard']",Data Science
C0315,Introduction to Python Programming,https://www.coursera.org/learn/python-programming-intro,"This course provides an introduction to programming and the Python language.  Students are introduced to core programming concepts like data structures, conditionals, loops, variables, and functions.  This course includes an overview of the various tools available for writing and running Python, and gets students coding quickly.  It also provides hands-on coding exercises using commonly used data structures, writing custom functions, and reading and writing to files. This course may be more robust than some other introductory python courses, as it delves deeper into certain essential programming topics.",Computer Science,Software Development,Course,"Python Tools,Python Syntax And Semantics,Programming Principles,Python Programming,Computer Programming,",Brandon Krakowsky,4.4,846.0,Approx. 27 hours to complete,Coursera,,,,,"['Python Tools', 'Python Syntax And Semantics', 'Programming Principles', 'Python Programming', 'Computer Programming']",Web Development
C0316,Convolutional Neural Networks in TensorFlow,https://www.coursera.org/learn/convolutional-neural-networks-tensorflow,"If you are a software developer who wants to build scalable AI-powered algorithms, you need to understand how to use the tools to build them. This course is part of the upcoming Machine Learning in Tensorflow Specialization and will teach you best practices for using TensorFlow, a popular open-source framework for machine learning.",Data Science,Machine Learning,Course,"Inductive Transfer,Augmentation,Dropouts,Machine Learning,Tensorflow,",Laurence Moroney,4.7,7721.0,Approx. 16 hours to complete,Coursera,,,,,"['Inductive Transfer', 'Augmentation', 'Dropouts', 'Machine Learning', 'Tensorflow']",Data Science
C0317,Go Beyond the Numbers: Translate Data into Insights,https://www.coursera.org/learn/go-beyond-the-numbers-translate-data-into-insight,"This is the third of seven courses in the Google Advanced Data Analytics Certificate. In this course, you’ll learn how to find the story within data and tell that story in a compelling way. You'll discover how data professionals use storytelling to better understand their data and communicate key insights to teammates and stakeholders. You'll also practice exploratory data analysis and learn how to create effective data visualizations. ",Data Science,Data Analysis,Course,"Python Programming,Tableau Software,Data Visualization (DataViz),Effective Communication,Exploratory Data Analysis,",Google Career Certificates,4.8,35.0,Approx. 28 hours to complete,Coursera,,,,,"['Python Programming', 'Tableau Software', 'Data Visualization (DataViz)', 'Effective Communication', 'Exploratory Data Analysis']",Data Science
C0318,Machine Learning Data Lifecycle in Production ,https://www.coursera.org/learn/machine-learning-data-lifecycle-in-production,"In the second course of Machine Learning Engineering for Production Specialization, you will build data pipelines by gathering, cleaning, and validating datasets and assessing data quality; implement feature engineering, transformation, and selection with TensorFlow Extended and get the most predictive power out of your data; and establish the data lifecycle by leveraging data lineage and provenance metadata tools and follow data evolution with enterprise data schemas.",Data Science,Machine Learning,Course,"ML Metadata,Convolutional Neural Network,TensorFlow Extended (TFX),Data Validation,Data transformation,",Robert Crowe,4.3,635.0,Approx. 21 hours to complete,Coursera,,,,,"['ML Metadata', 'Convolutional Neural Network', 'TensorFlow Extended (TFX)', 'Data Validation', 'Data transformation']",Data Science
C0319,"Information Systems Auditing, Controls and Assurance",https://www.coursera.org/learn/information-systems-audit,"The course is awarded The Best Free Online Courses of All Time, and Best Online Courses of the Year (2021 Edition) by Class Central (http://www.classcentral.com).",Information Technology,Security,Course,"Information Security (INFOSEC),Information Technology (IT) Management,Audit,Risk Management,Change Management,",Garvin Percy DIAS,4.7,2801.0,Approx. 8 hours to complete,Coursera,,,,,"['Information Security (INFOSEC)', 'Information Technology (IT) Management', 'Audit', 'Risk Management', 'Change Management']",Cybersecurity
C0320,Build a Modern Computer from First Principles: From Nand to Tetris (Project-Centered Course),https://www.coursera.org/learn/build-a-computer,What you’ll achieve:,Computer Science,Algorithms,Course,"Logic Gate,Computer Architecture,Assembly Languages,Hardware Description Language (HDL),",Shimon Schocken,4.9,3352.0,Approx. 43 hours to complete,Coursera,,,,,"['Logic Gate', 'Computer Architecture', 'Assembly Languages', 'Hardware Description Language (HDL)']",Web Development
C0321,Introduction to DevOps,https://www.coursera.org/learn/intro-to-devops,DevOps skills are in demand! DevOps skills are expected to be one of the fastest-growing skills in the workforce. This course can be a first step in obtaining those skills. ,Computer Science,Software Development,Course,"Test-Driven Development,CI/CD,Behavior-Driven Development,Devops,",John Rofrano,4.8,1411.0,Approx. 9 hours to complete,Coursera,,,,,"['Test-Driven Development', 'CI/CD', 'Behavior-Driven Development', 'Devops']",Web Development
C0322,Introduction to Software Engineering,https://www.coursera.org/learn/introduction-to-software-engineering,"If you are curious to learn more about the field of software engineering, this course is for you. No prior knowledge or qualification in programming or software development is necessary. Software Engineers are in great demand and now is a great time to learn more about this exciting career path.  ",Computer Science,Software Development,Course,"Basic programming concepts,Careers in software engineering,Programming languages and frameworks,The Software Development Lifecycle (SDLC),Software Architecture,",Rav Ahuja,4.7,155.0,Approx. 14 hours to complete,Coursera,,,,,"['Basic programming concepts', 'Careers in software engineering', 'Programming languages and frameworks', 'The Software Development Lifecycle (SDLC)', 'Software Architecture']",Web Development
C0323,Introduction to Medical Software,https://www.coursera.org/learn/introduction-to-medical-software,"In this class, we present a broad overview of the field of medical software.  You will learn from Yale professors and a series of industry experts who connect the course concepts to their real world applications.",Computer Science,Design and Product,Course,"Software Testing,Software Design,Entrepreneurship,Medical Software,User Research,",Xenophon Papademetris,4.8,74.0,Approx. 37 hours to complete,Coursera,,,,,"['Software Testing', 'Software Design', 'Entrepreneurship', 'Medical Software', 'User Research']",Web Development
C0324,Natural Language Processing with Attention Models,https://www.coursera.org/learn/attention-models-in-nlp,"In Course 4 of the Natural Language Processing Specialization, you will:",Data Science,Machine Learning,Course,"Reformer Models,Neural Machine Translation,Chatterbot,T5+BERT Models,Attention Models,",Younes Bensouda Mourri,4.3,861.0,Approx. 35 hours to complete,Coursera,,,,,"['Reformer Models', 'Neural Machine Translation', 'Chatterbot', 'T5+BERT Models', 'Attention Models']",Data Science
C0325,Introduction to Technical Support ,https://www.coursera.org/learn/introduction-to-technical-support,Gain the daily work skills and knowledge you’ll need for IT Technical Support career success.,Information Technology,Support and Operations,Course,"Information Technology,Customer Service,Ticketing Systems,Service Level Agreements,Technical Support,",Rav Ahuja,4.8,349.0,Approx. 12 hours to complete,Coursera,,,,,"['Information Technology', 'Customer Service', 'Ticketing Systems', 'Service Level Agreements', 'Technical Support']",Data Science
C0326,Create High-Fidelity Designs and Prototypes in Figma,https://www.coursera.org/learn/high-fidelity-designs-prototype,"Create High-Fidelity Designs and Prototypes in Figma is the fifth course in a certificate program that will equip you with the skills you need to apply to entry-level jobs in user experience (UX) design. In this course, you will follow step-by-step tutorials to learn how to create high-fidelity designs, called mockups, in Figma, a popular design tool. Then, you’ll turn those designs into an interactive prototype that works like a finished product. You’ll conduct research to collect feedback about your designs and make improvements. Finally, you’ll learn how to share your designs with development teams and highlight your work in your professional UX portfolio.",Computer Science,Design and Product,Course,"User Experience (UX),mockup,Figma,Prototype,User Experience Design (UXD),",Google Career Certificates,4.8,2704.0,Approx. 39 hours to complete,Coursera,,,,,"['User Experience (UX)', 'mockup', 'Figma', 'Prototype', 'User Experience Design (UXD)']",Web Development
C0327,Programming with JavaScript,https://www.coursera.org/learn/programming-with-javascript,"JavaScript is the programming language that powers the modern web. In this course, you will learn the basic concepts of web development with JavaScript. You will work with functions, objects, arrays, variables, data types, the HTML DOM, and much more. You will learn how to use JavaScript and discover interactive possibilities with modern JavaScript technologies. Finally, you will learn about the practice of testing code and how to write a unit test using Jest.",Computer Science,Mobile and Web Development,Course,"Test-Driven Development,JavaScript,Front-End Web Development,Object-Oriented Programming (OOP),",Taught by Meta Staff,4.7,1860.0,Approx. 42 hours to complete,Coursera,,,,,"['Test-Driven Development', 'JavaScript', 'Front-End Web Development', 'Object-Oriented Programming (OOP)']",Web Development
C0328,"Aspectos básicos: Datos, datos, en todas partes",https://www.coursera.org/learn/aspectos-basicos-datos-datos-en-todas-partes,"Este es el primer curso del certificado de Google Data Analytics. En estos cursos obtendrás las habilidades que necesitas para aplicar a los trabajos de analista de datos de nivel introductorio. Organizaciones de todo tipo necesitan analistas de datos que las ayuden a mejorar sus procesos, identificar oportunidades y tendencias, lanzar nuevos productos y tomar decisiones reflexivas. En este curso, conocerás el mundo del análisis computacional de datos a través de un plan de estudios práctico desarrollado por Google. En el material compartido se incluyen muchos temas clave de análisis computacional de datos y una visión general de lo que aborda el Certificado de Google Data Analytics. Los analistas de datos actuales de Google te darán instrucciones y te proporcionarán formas prácticas de llevar a cabo las tareas comunes de los analistas de datos con las mejores herramientas y recursos.",Data Science,Data Analysis,Course,"Visualización de Datos (DataViz),Limpieza de datos,Hoja de cálculo,análisis de datos,SQL,",Google Career Certificates,4.8,2934.0,Approx. 19 hours to complete,Coursera,,,,,"['Visualización de Datos (DataViz)', 'Limpieza de datos', 'Hoja de cálculo', 'análisis de datos', 'SQL']",Data Science
C0329,Fundamentals of Reinforcement Learning,https://www.coursera.org/learn/fundamentals-of-reinforcement-learning,"Reinforcement Learning is a subfield of Machine Learning, but is also a general purpose formalism for automated decision-making and AI. This course introduces you to statistical learning techniques where an agent explicitly takes actions and interacts with the world. Understanding the importance and challenges of learning agents that make decisions is of vital importance today, with more and more companies interested in interactive agents and intelligent decision-making. ",Data Science,Machine Learning,Course,"Artificial Intelligence (AI),Machine Learning,Reinforcement Learning,Function Approximation,Intelligent Systems,",Martha White,4.8,2552.0,Approx. 15 hours to complete,Coursera,,,,,"['Artificial Intelligence (AI)', 'Machine Learning', 'Reinforcement Learning', 'Function Approximation', 'Intelligent Systems']",Data Science
C0330,Introducción a la programación en Python I: Aprendiendo a programar con Python,https://www.coursera.org/learn/aprendiendo-programar-python,"Decía Steve Jobs que “todo el mundo debería aprender a programar un ordenador porque esto te ayuda a pensar”. Hoy en día la programación es una herramienta fundamental para el desarrollo de la tecnología moderna. Este curso te introduce en el mundo de la programación en el lenguaje Python. De una forma práctica, aprenderás de forma gradual desde el tratamiento básico de variables hasta la programación de algoritmos para construir tus propios juegos. Además, te familiarizarás con los conceptos fundamentales para el desarrollo de algoritmos y su programación. ",Computer Science,Software Development,Course,"Computer Programming,Python Programming,List & Label,Programming Language,",Jorge Muñoz Gama,4.4,3982.0,Approx. 17 hours to complete,Coursera,,,,,"['Computer Programming', 'Python Programming', 'List & Label', 'Programming Language']",Web Development
C0331,Data Visualization with Python,https://www.coursera.org/learn/python-for-data-visualization,One of the most important skills of successful data scientists and data analysts is the ability to tell a compelling story by visualizing data and findings in an approachable and stimulating way. In this course you will learn many ways to effectively visualize both small and large-scale data. You will be able to take data that at first glance has little meaning and present that data in a form that conveys insights. ,Data Science,Data Analysis,Course,"Dashboards and Charts,dash,Python Programming,Matplotlib,Data Visualization (DataViz),",Saishruthi Swaminathan,4.5,10834.0,Approx. 17 hours to complete,Coursera,,,,,"['Dashboards and Charts', 'dash', 'Python Programming', 'Matplotlib', 'Data Visualization (DataViz)']",Data Science
C0332,Mathematics for Machine Learning: Linear Algebra,https://www.coursera.org/learn/linear-algebra-machine-learning,"In this course on Linear Algebra we look at what linear algebra is and how it relates to vectors and matrices. Then we look through what vectors and matrices are and how to work with them, including the knotty problem of eigenvalues and eigenvectors, and how to use these to solve problems. Finally  we look at how to use these to do fun things with datasets - like how to rotate images of faces and how to extract eigenvectors to look at how the Pagerank algorithm works.",Data Science,Machine Learning,Course,"Eigenvalues And Eigenvectors,Basis (Linear Algebra),Transformation Matrix,Linear Algebra,",David Dye,4.7,11522.0,Approx. 18 hours to complete,Coursera,,,,,"['Eigenvalues And Eigenvectors', 'Basis (Linear Algebra)', 'Transformation Matrix', 'Linear Algebra']",Data Science
C0333,"Sequences, Time Series and Prediction",https://www.coursera.org/learn/tensorflow-sequences-time-series-and-prediction,"If you are a software developer who wants to build scalable AI-powered algorithms, you need to understand how to use the tools to build them. This Specialization will teach you best practices for using TensorFlow, a popular open-source framework for machine learning.",Data Science,Machine Learning,Course,"Forecasting,Machine Learning,Tensorflow,Time Series,prediction,",Laurence Moroney,4.7,4741.0,Approx. 22 hours to complete,Coursera,,,,,"['Forecasting', 'Machine Learning', 'Tensorflow', 'Time Series', 'prediction']",Data Science
C0334,A Crash Course in Causality:  Inferring Causal Effects from Observational Data,https://www.coursera.org/learn/crash-course-in-causality,"We have all heard the phrase “correlation does not equal causation.”  What, then, does equal causation?  This course aims to answer that question and more!  ",Data Science,Probability and Statistics,Course,"Instrumental Variable,Propensity Score Matching,Causal Inference,Causality,","Jason A. Roy, Ph.D.",4.7,498.0,Approx. 18 hours to complete,Coursera,,,,,"['Instrumental Variable', 'Propensity Score Matching', 'Causal Inference', 'Causality']",Data Science
C0335,Natural Language Processing in TensorFlow,https://www.coursera.org/learn/natural-language-processing-tensorflow,"If you are a software developer who wants to build scalable AI-powered algorithms, you need to understand how to use the tools to build them. This Specialization will teach you best practices for using TensorFlow, a popular open-source framework for machine learning.",Data Science,Machine Learning,Course,"Natural Language Processing,Tokenization,Machine Learning,Tensorflow,RNNs,",Laurence Moroney,4.6,6166.0,Approx. 24 hours to complete,Coursera,,,,,"['Natural Language Processing', 'Tokenization', 'Machine Learning', 'Tensorflow', 'RNNs']",Data Science
C0336,Introduction to Programming with MATLAB,https://www.coursera.org/learn/matlab,"This course teaches computer programming to those with little to no previous experience. It uses the programming system and language called MATLAB to do so because it is easy to learn, versatile and very useful for engineers and other professionals. MATLAB is a special-purpose language that is an excellent choice for writing moderate-size programs that solve problems involving the manipulation of numbers. The design of the language makes it possible to write a powerful program in a few lines. The problems may be relatively complex, while the MATLAB programs that solve them are relatively simple: relative, that is, to the equivalent program written in a general-purpose language, such as C++ or Java. As a result, MATLAB is being used in a wide variety of domains from the natural sciences, through all disciplines of engineering, to finance, and beyond, and it is heavily used in industry. Hence, a solid background in MATLAB is an indispensable skill in today’s job market.",Computer Science,Software Development,Course,"Computer Programming,Problem Solving,Matlab,Programming Language,",Akos Ledeczi,4.8,16892.0,Approx. 35 hours to complete,Coursera,,,,,"['Computer Programming', 'Problem Solving', 'Matlab', 'Programming Language']",Web Development
C0337,Using Python to Access Web Data,https://www.coursera.org/learn/python-network-data,"This course will show how one can treat the Internet as a source of data.  We will scrape, parse, and read web data as well as access data using web APIs.  We will work with HTML, XML, and JSON data formats in Python.  This course will cover Chapters 11-13 of the textbook “Python for Everybody”. To succeed in this course, you should be familiar with the material covered in Chapters 1-10 of the textbook and the first two courses in this specialization.  These topics include variables and expressions, conditional execution (loops, branching, and try/except), functions, Python data structures (strings, lists, dictionaries, and tuples), and manipulating files.  This course covers Python 3.",Computer Science,Software Development,Course,"Json,Xml,Python Programming,Web Scraping,",Charles Russell Severance,4.8,43251.0,Approx. 19 hours to complete,Coursera,,,,,"['Json', 'Xml', 'Python Programming', 'Web Scraping']",Web Development
C0338,"Introduction to Web Development with HTML, CSS, JavaScript",https://www.coursera.org/learn/introduction-to-web-development-with-html-css-javacript,"Want to take the first steps to become a Web Developer? This course will help you discover the languages, frameworks, and tools that you will need to create interactive and engaging websites right from the beginning. ",Computer Science,Mobile and Web Development,Course,"Cascading Style Sheets (CSS),HTML,Git (Software),JavaScript,Cloud Applications,",Upkar Lidder,4.5,1093.0,Approx. 12 hours to complete,Coursera,,,,,"['Cascading Style Sheets (CSS)', 'HTML', 'Git (Software)', 'JavaScript', 'Cloud Applications']",Web Development
C0339,Analyze Datasets and Train ML Models using AutoML,https://www.coursera.org/learn/automl-datasets-ml-models,"In the first course of the Practical Data Science Specialization, you will learn foundational concepts for exploratory data analysis (EDA), automated machine learning (AutoML), and text classification algorithms. With Amazon SageMaker Clarify and Amazon SageMaker Data Wrangler, you will analyze a dataset for statistical bias, transform the dataset into machine-readable features, and select the most important features to train a multi-class text classifier. You will then perform automated machine learning (AutoML) to automatically train, tune, and deploy the best text-classification algorithm for the given dataset using Amazon SageMaker Autopilot. Next, you will work with Amazon SageMaker BlazingText, a highly optimized and scalable implementation of the popular FastText algorithm, to train a text classifier with very little code.",Data Science,Machine Learning,Course,"Statistical Data Bias Detection,Multi-class Classification with FastText and BlazingText,Data ingestion,Exploratory Data Analysis,Automated Machine Learning (AutoML),",Antje Barth,4.6,364.0,Approx. 14 hours to complete,Coursera,,,,,"['Statistical Data Bias Detection', 'Multi-class Classification with FastText and BlazingText', 'Data ingestion', 'Exploratory Data Analysis', 'Automated Machine Learning (AutoML)']",Data Science
C0340,The Power of Statistics,https://www.coursera.org/learn/the-power-of-statistics,"This is the fourth of seven courses in the Google Advanced Data Analytics Certificate. In this course, you’ll discover how data professionals use statistics to analyze data and gain important insights. You'll explore key concepts such as descriptive and inferential statistics, probability, sampling, confidence intervals, and hypothesis testing. You'll also learn how to use Python for statistical analysis and practice communicating your findings like a data professional. ",Data Science,Probability and Statistics,Course,"Statistical Analysis,Python Programming,Effective Communication,Statistical Hypothesis Testing,Probability Distribution,",Google Career Certificates,4.9,26.0,Approx. 33 hours to complete,Coursera,,,,,"['Statistical Analysis', 'Python Programming', 'Effective Communication', 'Statistical Hypothesis Testing', 'Probability Distribution']",Data Science
C0341,Exploratory Data Analysis for Machine Learning,https://www.coursera.org/learn/ibm-exploratory-data-analysis-for-machine-learning,"This first course in the IBM Machine Learning Professional Certificate introduces you to Machine Learning and the content of the professional certificate. In this course you will realize the importance of good, quality data. You will learn common techniques to retrieve your data, clean it, apply feature engineering, and have it ready for preliminary analysis and hypothesis testing.",Data Science,Machine Learning,Course,"Artificial Intelligence (AI),Machine Learning,Feature Engineering,Statistical Hypothesis Testing,Exploratory Data Analysis,",Joseph Santarcangelo,4.6,1164.0,Approx. 14 hours to complete,Coursera,,,,,"['Artificial Intelligence (AI)', 'Machine Learning', 'Feature Engineering', 'Statistical Hypothesis Testing', 'Exploratory Data Analysis']",Data Science
C0342,"Penetration Testing, Incident Response and Forensics",https://www.coursera.org/learn/ibm-penetration-testing-incident-response-forensics,This course gives you the background needed to gain Cybersecurity skills as part of the Cybersecurity Security Analyst Professional Certificate program. ,Information Technology,Security,Course,"scripting,forensics,Penetration Test,Cybersecurity,Computer Security Incident Management,",IBM Security Learning Services,4.6,1932.0,Approx. 15 hours to complete,Coursera,,,,,"['scripting', 'forensics', 'Penetration Test', 'Cybersecurity', 'Computer Security Incident Management']",Cybersecurity
C0343,Version Control,https://www.coursera.org/learn/introduction-to-version-control,"Learn how modern software developers collaborate across the world without messing up each other's code. You will look at the different version control systems and how to create an effective software development workflow. You will be introduced to some of the most commonly used Linux commands that you can use to work with files on your hard drive and create powerful workflows that will automate your work, saving you time and effort. ",Computer Science,Mobile and Web Development,Course,"Linux,Web Development,Bash (Unix Shell),Github,Version Control,",Taught by Meta Staff,4.7,1498.0,Approx. 13 hours to complete,Coursera,,,,,"['Linux', 'Web Development', 'Bash (Unix Shell)', 'Github', 'Version Control']",Web Development
C0344,Work Smarter with Microsoft Word,https://www.coursera.org/learn/microsoft-word-work-smarter,"This course is intended for learners with some experience using Microsoft Windows, who are seeking to build presentation skills with Microsoft Word. To be successful in this course you should have an understanding of the basics of using a Windows-based computer. Experience with printing and using a web browser are an asset, but not required.",Information Technology,Cloud Computing,Course,"Documents,Microsoft Word,",Microsoft,4.7,577.0,Approx. 30 hours to complete,Coursera,,,,,"['Documents', 'Microsoft Word']",Data Science
C0345,AI for Medical Diagnosis,https://www.coursera.org/learn/ai-for-medical-diagnosis,"AI is transforming the practice of medicine. It’s helping doctors diagnose patients more accurately, make predictions about patients’ future health, and recommend better treatments. As an AI practitioner, you have the opportunity to join in this transformation of modern medicine. If you're already familiar with some of the math and coding behind AI algorithms, and are eager to develop your skills further to tackle challenges in the healthcare industry, then this specialization is for you. No prior medical expertise is required! ",Data Science,Machine Learning,Course,"Deep Learning,Image Segmentation,Machine Learning,model evaluation,Multi-class classification,",Pranav Rajpurkar,4.7,1825.0,Approx. 20 hours to complete,Coursera,,,,,"['Deep Learning', 'Image Segmentation', 'Machine Learning', 'model evaluation', 'Multi-class classification']",Data Science
C0346,"Decisions, Decisions: Dashboards and Reports",https://www.coursera.org/learn/decisions-decisions-dashboards-and-reports,"You’re almost there! This is the third and final course in the Google Business Intelligence Certificate. In this course, you’ll apply your understanding of stakeholder needs, plan and create BI visuals, and design reporting tools, including dashboards. You’ll also explore how to answer business questions with flexible and interactive dashboards that can monitor data over long periods of time.",Data Science,Data Analysis,Course,"Presenting Data Insights,Tableau Software,Data Visualization (DataViz),Effective Communication,Dashboarding and Reporting,",Google Career Certificates,4.8,52.0,Approx. 27 hours to complete,Coursera,,,,,"['Presenting Data Insights', 'Tableau Software', 'Data Visualization (DataViz)', 'Effective Communication', 'Dashboarding and Reporting']",Data Science
C0347,Introduction to Hardware and Operating Systems,https://www.coursera.org/learn/introduction-to-hardware-and-operating-systems,"If you’re ready to enter the world of Information Technology (IT), you need job-ready skills. This course provides the core hardware and operating system knowledge needed by anyone new to IT and computer hardware who wants to start a new career in technology, including IT Support, Networking, Cybersecurity, and Software Development. ",Information Technology,Support and Operations,Course,"Technical Support,IT Service Management (ITSM),Troubleshooting,IT Career,",Skills Network,4.8,563.0,Approx. 17 hours to complete,Coursera,,,,,"['Technical Support', 'IT Service Management (ITSM)', 'Troubleshooting', 'IT Career']",Data Science
C0348,Natural Language Processing with Sequence Models,https://www.coursera.org/learn/sequence-models-in-nlp,"In Course 3 of the Natural Language Processing Specialization, you will:",Data Science,Machine Learning,Course,"Word Embedding,Sentiment with Neural Nets,Siamese Networks,Natural Language Generation,Named-Entity Recognition,",Younes Bensouda Mourri,4.5,1006.0,Approx. 24 hours to complete,Coursera,,,,,"['Word Embedding', 'Sentiment with Neural Nets', 'Siamese Networks', 'Natural Language Generation', 'Named-Entity Recognition']",Data Science
C0349,Hands-on Introduction to Linux Commands and Shell Scripting,https://www.coursera.org/learn/hands-on-introduction-to-linux-commands-and-shell-scripting,"This course provides a practical introduction to Linux and commonly used Linux / UNIX shell commands.  It teaches you the basics of Bash shell scripting to automate a variety of tasks. The course includes both video-based lectures as well as hands-on labs to practice and apply what you learn. You will have no-charge access to a virtual Linux server that you can access through your web browser, so you don't need to download and install anything to perform the labs.",Computer Science,Software Development,Course,"Shell Script,Bash (Unix Shell),Linux,",Rav Ahuja,4.6,673.0,Approx. 12 hours to complete,Coursera,,,,,"['Shell Script', 'Bash (Unix Shell)', 'Linux']",Web Development
C0350,Getting Started with AI using IBM Watson,https://www.coursera.org/learn/ai-with-ibm-watson,"In this course you will learn how to quickly and easily get started with Artificial Intelligence using IBM Watson. You will understand how Watson works, become familiar with its use cases and real life client examples, and be introduced to several of Watson AI services from IBM that enable anyone to easily apply AI and build smart apps. You will also work with several Watson services to demonstrate AI in action.",Data Science,Machine Learning,Course,"Deep Learning,Application Programming Interfaces (API),Artificial Intelligence (AI),Machine Learning,watson,",Rav Ahuja,4.5,2666.0,Approx. 9 hours to complete,Coursera,,,,,"['Deep Learning', 'Application Programming Interfaces (API)', 'Artificial Intelligence (AI)', 'Machine Learning', 'watson']",Data Science
C0351,Microsoft Power Platform Fundamentals,https://www.coursera.org/learn/microsoft-power-platform-fundamentals,"In this course, you will learn the business value and product capabilities of Power Platform. You will create simple Power Apps, connect data with Microsoft Dataverse, build a Power BI Dashboard, automate a process with Power Automate, and build a chatbot with Power Virtual Agents.  ",Information Technology,Cloud Computing,Course,"Data Analysis,Business Process,Data Visualization (DataViz),power bi,Chatbot,",Microsoft,4.3,53.0,Approx. 25 hours to complete,Coursera,,,,,"['Data Analysis', 'Business Process', 'Data Visualization (DataViz)', 'power bi', 'Chatbot']",Data Science
C0352,Machine Learning Introduction for Everyone,https://www.coursera.org/learn/machine-learning-introduction-for-everyone,"This three-module course introduces machine learning and data science for everyone with a foundational understanding of machine learning models. You’ll learn about the history of machine learning, applications of machine learning, the machine learning model lifecycle, and tools for machine learning. You’ll also learn about supervised versus unsupervised learning, classification, regression, evaluating machine learning models, and more. Our labs give you hands-on experience with these machine learning and data science concepts. You will develop concrete machine learning skills as well as create a final project demonstrating your proficiency. ",Data Science,Machine Learning,Course,"Deep Learning,Artificial Intelligence (AI),Machine Learning,Reinforcement Learning,Machine Learning Model Lifecycle,",Aije Egwaikhide,4.5,112.0,Approx. 7 hours to complete,Coursera,,,,,"['Deep Learning', 'Artificial Intelligence (AI)', 'Machine Learning', 'Reinforcement Learning', 'Machine Learning Model Lifecycle']",Data Science
C0353,"Divide and Conquer, Sorting and Searching, and Randomized Algorithms",https://www.coursera.org/learn/algorithms-divide-conquer,"The primary topics in this part of the specialization are: asymptotic (""Big-oh"") notation, sorting and searching, divide and conquer (master method, integer and matrix multiplication, closest pair), and randomized algorithms (QuickSort, contraction algorithm for min cuts).",Computer Science,Algorithms,Course,"Algorithms,Randomized Algorithm,Sorting Algorithm,Divide And Conquer Algorithms,",Tim Roughgarden,4.8,5050.0,Approx. 16 hours to complete,Coursera,,,,,"['Algorithms', 'Randomized Algorithm', 'Sorting Algorithm', 'Divide And Conquer Algorithms']",Web Development
C0354,Introduction to Deep Learning & Neural Networks with Keras,https://www.coursera.org/learn/introduction-to-deep-learning-with-keras,"Looking to start a career in Deep Learning? Look no further. This course will introduce you to the field of deep learning and help you answer many questions that people are asking nowadays, like what is deep learning, and how do deep learning models compare to artificial neural networks? You will learn about the different deep learning models and build your first deep learning model using the Keras library.",Data Science,Machine Learning,Course,"Deep Learning,Artificial Neural Network,Artificial Intelligence (AI),Machine Learning,keras,",Alex Aklson,4.7,1258.0,Approx. 8 hours to complete,Coursera,,,,,"['Deep Learning', 'Artificial Neural Network', 'Artificial Intelligence (AI)', 'Machine Learning', 'keras']",Data Science
C0355,Network Security & Database Vulnerabilities ,https://www.coursera.org/learn/network-security-database-vulnerabilities,"This course gives you the background needed to understand basic network security.  You will learn the about Local Area Networks, TCP/IP, the OSI Framework and routing basics.  You will learn how networking affects security systems within an organization.  You will learn the network components that guard an organization from cybersecurity attacks.",Information Technology,Security,Course,"database vulnerabilities,Network Security,Sql Injection,Cybersecurity,networking basics,",IBM Security Learning Services,4.7,2808.0,Approx. 14 hours to complete,Coursera,,,,,"['database vulnerabilities', 'Network Security', 'Sql Injection', 'Cybersecurity', 'networking basics']",Cybersecurity
C0356,Responsive Web Design in Adobe XD,https://www.coursera.org/learn/responsive-web-design-adobe-xd,"Responsive Web Design in Adobe XD is the sixth course in a program that will equip you with the skills you need to apply to entry-level jobs in user experience (UX) design. In this course, you will design a responsive website using Adobe XD, a popular design tool. You will complete the design process from beginning to end: empathizing with users, defining their pain points, coming up with ideas for design solutions, creating wireframes and prototypes, and testing designs to get feedback. By the end of this course, you will have a new design project to include in your professional UX portfolio. ",Computer Science,Design and Product,Course,"Adobe XD,User Experience (UX),Usability Testing,Prototype,User Experience Design (UXD),",Google Career Certificates,4.8,2146.0,Approx. 42 hours to complete,Coursera,,,,,"['Adobe XD', 'User Experience (UX)', 'Usability Testing', 'Prototype', 'User Experience Design (UXD)']",Web Development
C0357,Using Python to Interact with the Operating System,https://www.coursera.org/learn/python-operating-system,"By the end of this course, you’ll be able to manipulate files and processes on your computer’s operating system. You’ll also have learned about regular expressions -- a very powerful tool for processing text files -- and you’ll get practice using the Linux command line on a virtual machine. And, this might feel like a stretch right now, but you’ll also write a program that processes a bunch of errors in an actual log file and then generates a summary file. That’s a super useful skill for IT Specialists to know.",Information Technology,Support and Operations,Course,"Setting up your Development Environment,Regular Expression (REGEX),Testing in Python,Automating System Administration Tasks with Python,Bash Scripting,",Google Career Certificates,4.7,5444.0,Approx. 25 hours to complete,Coursera,,,,,"['Setting up your Development Environment', 'Regular Expression (REGEX)', 'Testing in Python', 'Automating System Administration Tasks with Python', 'Bash Scripting']",Data Science
C0358,Introduction to Data Science in Python,https://www.coursera.org/learn/python-data-analysis,"This course will introduce the learner to the basics of the python programming environment, including fundamental python programming techniques such as lambdas, reading and manipulating csv files, and the numpy library. The course will introduce data manipulation and cleaning techniques using the popular python pandas data science library and introduce the abstraction of the Series and DataFrame as the central data structures for data analysis, along with tutorials on how to use functions such as groupby, merge, and pivot tables effectively. By the end of this course, students will be able to take tabular data, clean it, manipulate it, and run basic inferential statistical analyses. ",Data Science,Data Analysis,Course,"Python Programming,Numpy,Pandas,Data Cleansing,",Christopher Brooks,4.5,26596.0,Approx. 34 hours to complete,Coursera,,,,,"['Python Programming', 'Numpy', 'Pandas', 'Data Cleansing']",Data Science
C0359,"Excel/VBA for Creative Problem Solving, Part 1",https://www.coursera.org/learn/excel-vba-for-creative-problem-solving-part-1,"""Excel/VBA for Creative Problem Solving, Part 1"" is aimed at learners who are seeking to augment, expand, optimize, and increase the efficiency of their Excel spreadsheet skills by tapping into the powerful programming, automation, and customization capabilities available with Visual Basic for Applications (VBA).  ",Computer Science,Algorithms,Course,"Microsoft Excel Vba,Computer Programming,Problem Solving,Debugging,",Charlie Nuttelman,4.8,3981.0,Approx. 20 hours to complete,Coursera,,,,,"['Microsoft Excel Vba', 'Computer Programming', 'Problem Solving', 'Debugging']",Web Development
C0360,Fundamentals of Visualization with Tableau,https://www.coursera.org/learn/data-visualization-tableau,"In this first course of this specialization, you will discover what data visualization is, and how we can use it to better see and understand data. Using Tableau, we’ll examine the fundamental concepts of data visualization and explore the Tableau interface, identifying and applying the various tools Tableau has to offer. By the end of the course you will be able to prepare and import data into Tableau and explain the relationship between data analytics and data visualization. This course is designed for the learner who has never used Tableau before, or who may need a refresher or want to explore Tableau in more depth. No prior technical or analytical background is required. The course will guide you through the steps necessary to create your first visualization from the beginning based on data context, setting the stage for you to advance to the next course in the Specialization.",Data Science,Data Analysis,Course,"Tableau Software,Data Virtualization,Data Visualization (DataViz),Visualization (Computer Graphics),",Desiree' Abbott,4.5,6059.0,Approx. 10 hours to complete,Coursera,,,,,"['Tableau Software', 'Data Virtualization', 'Data Visualization (DataViz)', 'Visualization (Computer Graphics)']",Data Science
C0361,Introduction to Probability and Data with R,https://www.coursera.org/learn/probability-intro,"This course introduces you to sampling and exploring data, as well as basic probability theory and Bayes' rule. You will examine various types of sampling methods, and discuss how such methods can impact the scope of inference. A variety of exploratory data analysis techniques will be covered, including numeric summary statistics and basic data visualization. You will be guided through installing and using R and RStudio (free statistical software), and will use this software for lab exercises and a final project. The concepts and techniques in this course will serve as building blocks for the inference and modeling courses in the Specialization.",Data Science,Data Analysis,Course,"Statistics,R Programming,Rstudio,Exploratory Data Analysis,",Mine Çetinkaya-Rundel,4.7,5419.0,Approx. 14 hours to complete,Coursera,,,,,"['Statistics', 'R Programming', 'Rstudio', 'Exploratory Data Analysis']",Data Science
C0362,Getting Started with Git and GitHub,https://www.coursera.org/learn/getting-started-with-git-and-github,"Get started with Git and GitHub in this self-paced, introductory course! You’ll become familiar with collaborative version control and popular Git platforms. Collaboration and social coding are crucial parts of contemporary Software Engineering practices and the DevOps culture. ",Computer Science,Software Development,Course,"Distributed Version Control (DRCS),open source,Version Control Systems,Github,Git (Software),",Upkar Lidder,4.6,364.0,Approx. 8 hours to complete,Coursera,,,,,"['Distributed Version Control (DRCS)', 'open source', 'Version Control Systems', 'Github', 'Git (Software)']",Web Development
C0363,Agile Meets Design Thinking,https://www.coursera.org/learn/uva-darden-getting-started-agile,"Despite everyone's good intentions, hard work and solid ideas, too many teams end up creating products that no one wants, no one can use, and no one buys. But it doesn't have to be this way. Agile and design thinking offer a different--and effective--approach to product development, one that results in valuable solutions to meaningful problems. In this course, you’ll learn how to determine what's valuable to a user early in the process--to frontload value--by focusing your team on testable narratives about the user and creating a strong shared perspective. ",Computer Science,Design and Product,Course,"agile user stories,User Experience Design (UXD),Agile Software Development,Product Management,Software Development,",Alex Cowan,4.7,3298.0,Approx. 9 hours to complete,Coursera,,,,,"['agile user stories', 'User Experience Design (UXD)', 'Agile Software Development', 'Product Management', 'Software Development']",Web Development
C0364,Introduction to Cyber Attacks,https://www.coursera.org/learn/intro-cyber-attacks,"This course provides learners with a baseline understanding of common cyber security threats, vulnerabilities, and risks. An overview of how basic cyber attacks are constructed and applied to real systems is also included. Examples include simple Unix kernel hacks, Internet worms, and Trojan horses in software utilities. Network attacks such as distributed denial of service (DDOS) and botnet- attacks are also described and illustrated using real examples from the past couple of decades. ",Computer Science,Computer Security and Networks,Course,"Cybersecurity,Information Security (INFOSEC),Denial-Of-Service Attack (DOS),Risk Assessment,",Dr. Edward G. Amoroso,4.7,2596.0,Approx. 18 hours to complete,Coursera,,,,,"['Cybersecurity', 'Information Security (INFOSEC)', 'Denial-Of-Service Attack (DOS)', 'Risk Assessment']",Cybersecurity
C0365,Introduction to Agile Development and Scrum,https://www.coursera.org/learn/agile-development-and-scrum,"After successfully completing this course, you will be able to embrace the Agile concepts of adaptive planning, iterative development, and continuous improvement - resulting in early deliveries and value to customers. This course will benefit anyone who wants to get started with working the Agile way. It is particularly suitable for IT practitioners such as software developers, development managers, project managers, product managers, and executives.",Computer Science,Software Development,Course,"Agile Software Development,Scrum Methodology,Zenhub,Kanban,Sprint Planning,",John Rofrano,4.9,1019.0,Approx. 9 hours to complete,Coursera,,,,,"['Agile Software Development', 'Scrum Methodology', 'Zenhub', 'Kanban', 'Sprint Planning']",Web Development
C0366,Data-driven Decision Making,https://www.coursera.org/learn/decision-making,"Welcome to Data-driven Decision Making. In this course, you'll get an introduction to Data Analytics and its role in business decisions. You'll learn why data is important and how it has evolved. You'll be introduced to “Big Data” and how it is used. You'll also be introduced to a framework for conducting Data Analysis and what tools and techniques are commonly used. Finally, you'll have a chance to put your knowledge to work in a simulated business setting.",Data Science,Data Analysis,Course,"Data-Informed Decision-Making,Big Data,Data Analysis,Data Visualization (DataViz),",Alex Mannella,4.6,5868.0,Approx. 9 hours to complete,Coursera,,,,,"['Data-Informed Decision-Making', 'Big Data', 'Data Analysis', 'Data Visualization (DataViz)']",Data Science
C0367,Aspectos básicos del diseño de la experiencia del usuario,https://www.coursera.org/learn/aspectos-basicos-del-diseno-de-la-experiencia-del-usuario-ux,"Aspectos básicos del diseño de la experiencia del usuario (UX) es el primero de una serie de siete cursos mediante los cuales podrás acceder a las habilidades que necesitarás para postularte a trabajos de nivel básico relacionados con el diseño de UX. Los diseñadores de UX se centran en las interacciones de las personas con distintos productos, como sitios web, aplicaciones móviles y objetos físicos. Los diseñadores de UX hacen que esas interacciones cotidianas sean fáciles de usar, agradables y accesibles. Algunas de las tareas de un diseñador de UX de nivel básico podrían ser empatizar con los usuarios, definir las dificultades a las que se enfrentan, proponer soluciones de diseño, crear esquemas, prototipos y maquetas, y probar diseños para obtener comentarios. ",Computer Science,Design and Product,Course,"Experiencia del usuario (UX),Esquema,Diseño de la experiencia del usuario (UXD),Investigación en UX,Prototipo,",Google Career Certificates,4.9,1624.0,Approx. 20 hours to complete,Coursera,,,,,"['Experiencia del usuario (UX)', 'Esquema', 'Diseño de la experiencia del usuario (UXD)', 'Investigación en UX', 'Prototipo']",Web Development
C0368,Security Principles,https://www.coursera.org/learn/-security-principles,"Welcome to course 1 of 5 of this Specialization, Security Principles.",Information Technology,Security,Course,"Risk,Information Assurance,security,governance,",(ISC)² Education & Training,4.7,71.0,Approx. 5 hours to complete,Coursera,,,,,"['Risk', 'Information Assurance', 'security', 'governance']",Cybersecurity
C0369,Machine Learning Modeling Pipelines in Production,https://www.coursera.org/learn/machine-learning-modeling-pipelines-in-production,"In the third course of Machine Learning Engineering for Production Specialization, you will build models for different serving environments; implement tools and techniques to effectively manage your modeling resources and best serve offline and online inference requests; and use analytics tools and performance metrics to address model fairness, explainability issues, and mitigate bottlenecks.",Data Science,Machine Learning,Course,"Explainable AI,Fairness Indicators,automl,Model Performance Analysis,Precomputing Predictions,",Robert Crowe,4.4,325.0,Approx. 23 hours to complete,Coursera,,,,,"['Explainable AI', 'Fairness Indicators', 'automl', 'Model Performance Analysis', 'Precomputing Predictions']",Data Science
C0370,Design a User Experience for Social Good & Prepare for Jobs,https://www.coursera.org/learn/ux-design-jobs,"Design a User Experience for Social Good and Prepare for Jobs is the seventh and final course in a program that will equip you with the skills you need to become an entry-level UX designer. In this course, you will design a dedicated mobile app and a responsive website focused on social good. You will showcase all that you’ve learned during the certificate program to complete the design process from beginning to end: empathizing with users, defining their pain points, coming up with ideas for design solutions, creating wireframes and prototypes, and testing designs to get feedback. By the end of this course, you will have a new cross-platform design project to include in your professional UX portfolio. ",Computer Science,Design and Product,Course,"User Experience (UX),Usability Testing,Prototype,User Experience Design (UXD),UX design jobs,",Google Career Certificates,4.8,2176.0,Approx. 62 hours to complete,Coursera,,,,,"['User Experience (UX)', 'Usability Testing', 'Prototype', 'User Experience Design (UXD)', 'UX design jobs']",Web Development
C0371,"Custom Models, Layers, and Loss Functions with TensorFlow",https://www.coursera.org/learn/custom-models-layers-loss-functions-with-tensorflow,"In this course, you will:",Data Science,Machine Learning,Course,"Functional API,Custom Layers,Custom and Exotic Models with Functional API,Custom Loss Functions,",Laurence Moroney,4.9,865.0,Approx. 31 hours to complete,Coursera,,,,,"['Functional API', 'Custom Layers', 'Custom and Exotic Models with Functional API', 'Custom Loss Functions']",Data Science
C0372,Algorithmic Toolbox,https://www.coursera.org/learn/algorithmic-toolbox,"This online course covers basic algorithmic techniques and ideas for computational problems arising frequently in practical applications: sorting and searching, divide and conquer, greedy algorithms, dynamic programming. We will learn a lot of theory: how to sort data and how it helps for searching; how to break a large problem into pieces and solve them recursively; when it makes sense to proceed greedily; how dynamic programming is used in genomic studies. You will practice solving computational problems, designing new algorithms, and implementing solutions efficiently (so that they run in less than a second).",Computer Science,Algorithms,Course,"Dynamic Programming,Debugging,Software Testing,Algorithms,Computer Programming,",Neil Rhodes,4.6,12161.0,Approx. 40 hours to complete,Coursera,,,,,"['Dynamic Programming', 'Debugging', 'Software Testing', 'Algorithms', 'Computer Programming']",Web Development
C0373,Introduction to Computer Vision and Image Processing,https://www.coursera.org/learn/introduction-computer-vision-watson-opencv,"Computer Vision is one of the most exciting fields in Machine Learning and AI. It has applications in many industries, such as self-driving cars, robotics, augmented reality, and much more. In this beginner-friendly course, you will understand computer vision and learn about its various applications across many industries.",Data Science,Machine Learning,Course,"Deep Learning,Opencv,Artificial Intelligence (AI),Image Processing,Computer Vision,",Aije Egwaikhide,4.4,915.0,Approx. 21 hours to complete,Coursera,,,,,"['Deep Learning', 'Opencv', 'Artificial Intelligence (AI)', 'Image Processing', 'Computer Vision']",Data Science
C0374,Deploying Machine Learning Models in Production,https://www.coursera.org/learn/deploying-machine-learning-models-in-production,"In the fourth course of Machine Learning Engineering for Production Specialization, you will learn how to deploy ML models and make them available to end-users. You will build scalable and reliable hardware infrastructure to deliver inference requests both in real-time and batch depending on the use case. You will also implement workflow automation and progressive delivery that complies with current MLOps practices to keep your production system running. Additionally,  you will continuously monitor your system to detect model decay, remediate performance drops, and avoid system failures so it can continuously operate at all times.  ",Data Science,Machine Learning,Course,"TensorFlow Serving,Model Monitoring,Model Registries,Machine Learning Operations (MLOps),Generate Data Protection Regulation (GDPR),",Laurence Moroney,4.6,248.0,Approx. 31 hours to complete,Coursera,,,,,"['TensorFlow Serving', 'Model Monitoring', 'Model Registries', 'Machine Learning Operations (MLOps)', 'Generate Data Protection Regulation (GDPR)']",Data Science
C0375,Introduction to Web Development,https://www.coursera.org/learn/web-development,"This course is designed to start you on a path toward future studies in web development and design, no matter how little experience or technical knowledge you currently have. The web is a very big place, and if you are the typical internet user, you probably visit several websites every day, whether for business, entertainment or education. But have you ever wondered how these websites actually work? How are they built? How do browsers, computers, and mobile devices interact with the web? What skills are necessary to build a website? With almost 1 billion websites now on the internet, the answers to these questions could be your first step toward a better understanding of the internet and developing a new set of internet skills.  ",Computer Science,Mobile and Web Development,Course,"Css Code,HTML,JavaScript,Cascading Style Sheets (CSS),",Daniel Randall,4.7,3526.0,Approx. 21 hours to complete,Coursera,,,,,"['Css Code', 'HTML', 'JavaScript', 'Cascading Style Sheets (CSS)']",Web Development
C0376,Cyber Threat Intelligence,https://www.coursera.org/learn/ibm-cyber-threat-intelligence,This course gives you the background needed to gain Cybersecurity skills as part of the Cybersecurity Security Analyst Professional Certificate program. ,Information Technology,Security,Course,"Application Security,threat intelligence,network defensive tactics,security analyst,Cybersecurity,",IBM Security Learning Services,4.7,1344.0,Approx. 26 hours to complete,Coursera,,,,,"['Application Security', 'threat intelligence', 'network defensive tactics', 'security analyst', 'Cybersecurity']",Cybersecurity
C0377,Google Cloud Fundamentals: Core Infrastructure,https://www.coursera.org/learn/gcp-fundamentals,"Google Cloud Fundamentals: Core Infrastructure introduces important concepts and terminology for working with Google Cloud. Through videos and hands-on labs, this course presents and compares many of Google Cloud's computing and storage services, along with important resource and policy management tools.",Information Technology,Cloud Computing,Course,"Google Compute Engine,Google App Engine (GAE),Google Cloud Platform,Cloud Computing,",Google Cloud Training,4.7,46791.0,Approx. 8 hours to complete,Coursera,,,,,"['Google Compute Engine', 'Google App Engine (GAE)', 'Google Cloud Platform', 'Cloud Computing']",Data Science
C0378,Regression Analysis: Simplify Complex Data Relationships,https://www.coursera.org/learn/regression-analysis-simplify-complex-data-relationships,"This is the fifth of seven courses in the Google Advanced Data Analytics Certificate. Data professionals use regression analysis to discover the relationships between different variables in a dataset and identify key factors that affect business performance. In this course, you’ll practice modeling variable relationships. You'll learn about different methods of data modeling and how to use them to approach business problems. You’ll also explore methods such as linear regression, analysis of variance (ANOVA), and logistic regression.  ",Data Science,Data Analysis,Course,"Predictive Modelling,Statistical Analysis,Python Programming,Effective Communication,regression modeling,",Google Career Certificates,5.0,22.0,Approx. 28 hours to complete,Coursera,,,,,"['Predictive Modelling', 'Statistical Analysis', 'Python Programming', 'Effective Communication', 'regression modeling']",Data Science
C0379,CompTIA Exam Prep,https://www.coursera.org/learn/comptia-exam-prep,"This course is geared towards anyone looking to take the CompTIA A+ certification exam. This certification focuses predominately on computer support or helpdesk. This course gives you easy access to the invaluable learning techniques used by many in their preparation of the CompTIA A+ certification exam. We’ll learn about the exam process, expectations, and tip & tricks that can be used in passing the exam. Using these approaches, regardless of your skill levels in the topics and objective areas of the exam. If you’re already working in the industry or already have experience working as a helpdesk individual for a good length of time, this prep course will cover the more focused details about the exam. If you’re not as experienced, you’ll see not just the focus on exams details, but will also be given tips and tricks for passing the exam. You’ll also have some practice exploring some exam questions focusing in core concepts. If you’ve ever wanted to become certified as a CompTIA A+ technician, this course will help serve as your guide. This course has a wide array of exercises, such as videos, reading, peer review writing assignments, quizzes, and discussion questions. The only equipment needed is a computer with internet access. ",Information Technology,Support and Operations,Course,"Helpdesk,Computer Troubleshooting,Technical Support,Software,hardware,",Marty Wrin,3.3,81.0,Approx. 18 hours to complete,Coursera,,,,,"['Helpdesk', 'Computer Troubleshooting', 'Technical Support', 'Software', 'hardware']",Data Science
C0380,Computational Neuroscience,https://www.coursera.org/learn/computational-neuroscience,"This course provides an introduction to basic computational methods for understanding what nervous systems do and for determining how they function. We will explore the computational principles governing various aspects of vision, sensory-motor control, learning, and memory. Specific topics that will be covered include representation of information by spiking neurons, processing of information in neural networks, and algorithms for adaptation and learning. We will make use of Matlab/Octave/Python demonstrations and exercises to gain a deeper understanding of concepts and methods introduced in the course. The course is primarily aimed at third- or fourth-year undergraduates and beginning graduate students, as well as professionals and distance learners interested in learning how the brain processes information.",Data Science,Machine Learning,Course,"Computational Neuroscience,Artificial Neural Network,Reinforcement Learning,Biological Neuron Model,",Rajesh P. N. Rao,4.6,1010.0,Approx. 26 hours to complete,Coursera,,,,,"['Computational Neuroscience', 'Artificial Neural Network', 'Reinforcement Learning', 'Biological Neuron Model']",Data Science
C0381,Using Databases with Python,https://www.coursera.org/learn/python-databases,"This course will introduce students to the basics of the Structured Query Language (SQL) as well as basic database design for storing data as part of a multi-step data gathering, analysis, and processing effort.  The course will use SQLite3 as its database.  We will also build web crawlers and multi-step data gathering and visualization processes.  We will use the D3.js library to do basic data visualization.  This course will cover Chapters 14-15 of the book “Python for Everybody”. To succeed in this course, you should be familiar with the material covered in Chapters 1-13 of the textbook and the first three courses in this specialization. This course covers Python 3.",Computer Science,Software Development,Course,"Python Programming,Database (DBMS),Sqlite,SQL,",Charles Russell Severance,4.8,20875.0,Approx. 14 hours to complete,Coursera,,,,,"['Python Programming', 'Database (DBMS)', 'Sqlite', 'SQL']",Web Development
C0382,Process Mining: Data science in Action,https://www.coursera.org/learn/process-mining,Process mining is the missing link between model-based process analysis and data-oriented analysis techniques. Through concrete data sets and easy to use software the course provides data science knowledge that can be applied directly to analyze and improve processes in a variety of domains.,Data Science,Data Analysis,Course,"Petri Net,Process Modeling,Process Mining,Data Mining,",Wil van der Aalst,4.7,1146.0,Approx. 22 hours to complete,Coursera,,,,,"['Petri Net', 'Process Modeling', 'Process Mining', 'Data Mining']",Data Science
C0383,Applied Data Science Capstone,https://www.coursera.org/learn/applied-data-science-capstone,This is the final course in the IBM Data Science Professional Certificate as well as the Applied Data Science with Python Specialization. This capstone project course will give you the chance to practice the work that data scientists do in real life when working with datasets.  ,Data Science,Data Analysis,Course,"Methodology,Github,Jupyter Notebook,Data Science Methodology,K-Means Clustering,",Yan Luo,4.7,6539.0,Approx. 17 hours to complete,Coursera,,,,,"['Methodology', 'Github', 'Jupyter Notebook', 'Data Science Methodology', 'K-Means Clustering']",Data Science
C0384,Code Yourself! An Introduction to Programming,https://www.coursera.org/learn/intro-programming,"Have you ever wished you knew how to program, but had no idea where to start from? This course will teach you how to program in Scratch, an easy to use visual programming language. More importantly, it will introduce you to the fundamental principles of computing and it will help you think like a software engineer.",Computer Science,Software Development,Course,"Computer Programming,Algorithms,Programming Language,Scratch (Programming Language),",Dr Areti Manataki,4.7,3147.0,Approx. 11 hours to complete,Coursera,,,,,"['Computer Programming', 'Algorithms', 'Programming Language', 'Scratch (Programming Language)']",Web Development
C0385,Introduction to Machine Learning,https://www.coursera.org/learn/machine-learning-duke,"This course will provide you a foundational understanding of machine learning models (logistic regression, multilayer perceptrons, convolutional neural networks, natural language processing, etc.) as well as demonstrate how these models can solve complex problems in a variety of industries, from medical diagnostics to image recognition to text prediction. In addition, we have designed practice exercises that will give you hands-on experience implementing these data science models on data sets. These practice exercises will teach you how to implement machine learning algorithms with PyTorch, open source libraries used by leading tech companies in the machine learning field (e.g., Google, NVIDIA, CocaCola, eBay, Snapchat, Uber and many more).",Data Science,Machine Learning,Course,"Natural Language Processing,Convolutional Neural Network,Machine Learning,Python Programming,pytorch,",Lawrence Carin,4.7,3264.0,Approx. 21 hours to complete,Coursera,,,,,"['Natural Language Processing', 'Convolutional Neural Network', 'Machine Learning', 'Python Programming', 'pytorch']",Data Science
C0386,Getting Started with SAS Programming,https://www.coursera.org/learn/sas-programming-basics,"This course is for users who want to learn how to write SAS programs to access, explore, prepare, and analyze data. It is the entry point to learning SAS programming for data science, machine learning, and artificial intelligence. It is a prerequisite to many other SAS courses.",Data Science,Data Analysis,Course,"SAS Studio,Import Data,Reports,Prepare Data,SAS Programs,",Stacey Syphus,4.8,2817.0,Approx. 24 hours to complete,Coursera,,,,,"['SAS Studio', 'Import Data', 'Reports', 'Prepare Data', 'SAS Programs']",Data Science
C0387,"Algorithms for Searching, Sorting, and Indexing",https://www.coursera.org/learn/algorithms-searching-sorting-indexing,"This course covers basics of algorithm design and analysis, as well as algorithms for sorting arrays, data structures such as priority queues, hash functions, and applications such as Bloom filters.",Computer Science,Algorithms,Course,"Analysis of Algorithms,Hashtables,Algorithm Design,Python Programming,Data Structure Design,",Sriram Sankaranarayanan,4.7,230.0,Approx. 34 hours to complete,Coursera,,,,,"['Analysis of Algorithms', 'Hashtables', 'Algorithm Design', 'Python Programming', 'Data Structure Design']",Web Development
C0388,Econometrics: Methods and Applications,https://www.coursera.org/learn/erasmus-econometrics,Welcome!,Data Science,Probability and Statistics,Course,"Linear Regression,Time Series,Econometrics,Regression Analysis,",Francine Gresnigt,4.6,1137.0,Approx. 66 hours to complete,Coursera,,,,,"['Linear Regression', 'Time Series', 'Econometrics', 'Regression Analysis']",Data Science
C0389,Containerized Applications on AWS,https://www.coursera.org/learn/containerized-applications-on-aws,"This course introduces you to container technologies and how they can be used to modernize your applications, as well as exploring how different AWS services can be used to manage and orchestrate those containers.",Information Technology,Cloud Computing,Course,"App Runner,Kubernetes,Containers,Amazon Elastic Container Registry,Microservices,",Morgan Willis,4.7,92.0,Approx. 12 hours to complete,Coursera,,,,,"['App Runner', 'Kubernetes', 'Containers', 'Amazon Elastic Container Registry', 'Microservices']",Data Science
C0390,React Basics,https://www.coursera.org/learn/react-basics,"React is a powerful JavaScript library that you can use to build user interfaces for web and mobile applications (apps). In this course, you will explore the fundamental concepts that underpin the React library and learn the basic skills required to build a simple, fast, and scalable app.",Computer Science,Mobile and Web Development,Course,"Web Application,Front-End Web Development,React (Web Framework),Application development,",Taught by Meta Staff,4.8,649.0,Approx. 26 hours to complete,Coursera,,,,,"['Web Application', 'Front-End Web Development', 'React (Web Framework)', 'Application development']",Web Development
C0391,Probabilistic Graphical Models 1: Representation,https://www.coursera.org/learn/probabilistic-graphical-models,"Probabilistic graphical models (PGMs) are a rich framework for encoding probability distributions over complex domains: joint (multivariate) distributions over large numbers of random variables that interact with each other. These representations sit at the intersection of statistics and computer science, relying on concepts from probability theory, graph algorithms, machine learning, and more. They are the basis for the state-of-the-art methods in a wide variety of applications, such as medical diagnosis, image understanding, speech recognition, natural language processing, and many, many more. They are also a foundational tool in formulating many machine learning problems. ",Data Science,Machine Learning,Course,"Bayesian Network,Graphical Model,Markov Random Field,",Daphne Koller,4.6,1408.0,Approx. 66 hours to complete,Coursera,,,,,"['Bayesian Network', 'Graphical Model', 'Markov Random Field']",Data Science
C0392,Introduction to Enterprise Computing,https://www.coursera.org/learn/introduction-enterprise-computing,"Large Scale Enterprise Computing powers all major transactions, and the Mainframe is responsible for 87% of all credit card transactions and enables 71% of all Fortune 500 companies. Mainframes are fundamental on how we do business, and IBM Z is the only production mainframe sold today. Virtually everyone depends on it. This is your introduction to the hardware, operating systems, security, and features that make this possible.",Information Technology,Cloud Computing,Course,"Mainframe,z/OS,Enterprise Software,security,IBM Z,",Jeff Bisti,4.7,810.0,Approx. 9 hours to complete,Coursera,,,,,"['Mainframe', 'z/OS', 'Enterprise Software', 'security', 'IBM Z']",Data Science
C0393,Coding for Beginners: An Easy Introduction,https://www.coursera.org/projects/coding-for-beginners-an-easy-introduction,Basic Coding,Computer Science,Software Development,Project,"Basic Coding,Basic programming concepts,Programming Language,Python Programming,Computer Programming,",Skills Network,,,2 hours,Coursera,,,,,"['Basic Coding', 'Basic programming concepts', 'Programming Language', 'Python Programming', 'Computer Programming']",Web Development
C0394,ChatGPT for Beginners: SciFi Writing with Dall-e,https://www.coursera.org/projects/chatgpt-dall-e-scifi-writing,Critical Thinking,Computer Science,Algorithms,Project,"Critical Thinking,Creative Writing,AI communication,",Danilo Oliveira Vaz,,,2 hours,Coursera,,,,,"['Critical Thinking', 'Creative Writing', 'AI communication']",Web Development
C0395,Curso Completo de Power BI Desktop,https://www.coursera.org/projects/curso-completo-power-bi,Conocer el funcionamiento de Power BI Desktop,Data Science,Data Analysis,Project,,Leire Ahedo,4.4,546.0,2 horas,Coursera,,,,,[],Data Science
C0396,Cloud SQL for MySQL: Qwik Start,https://www.coursera.org/learn/googlecloud-cloud-sql-for-mysql-qwik-start-etqlf?specialization=google-cloud-database-engineer,SQL Operations,Data Science,Data Analysis,Project,"MySQL,cloud sql,SQL Operations,",,,,30 Minutes,Coursera,,,,,"['MySQL', 'cloud sql', 'SQL Operations']",Data Science
C0397,Migrating to Cloud SQL from Amazon RDS for MySQL Using Database Migration Service,https://www.coursera.org/learn/googlecloud-migrating-to-cloud-sql-from-amazon-rds-for-mysql-using-databas-lyazm?specialization=google-cloud-database-engineer,"This is a self-paced lab that takes place in the Google Cloud console.

In this lab, you migrate MySQL data from an Amazon RDS instance for MySQL to Cloud SQL for MySQL using a one-time Database Migration Service job and an IP allowlist for connectivity. After you create and run the migration job, you confirm that the data have been successfully migrated to your Cloud SQL for MySQL instance.",Information Technology,Cloud Computing,Project,"Database (DBMS),Google Cloud Platform,MySQL,",,,,1.5 hours,Coursera,,,,,"['Database (DBMS)', 'Google Cloud Platform', 'MySQL']",Data Science
C0398,Cloud Spanner - Defining Schemas and Understanding Query Plans,https://www.coursera.org/learn/googlecloud-cloud-spanner-defining-schemas-and-understanding-query-plans-b8liu?specialization=google-cloud-database-engineer,This is a self-paced lab that takes place in the Google Cloud console. In this lab you review schema related features of Cloud Spanner and apply those to a Banking Operations database. You also review the methods and rules by which Cloud Spanner creates query plans.,Information Technology,Data Management,Project,"Database (DBMS),Data Management,Google Cloud Platform,",,,,1.5 hours,Coursera,,,,,"['Database (DBMS)', 'Data Management', 'Google Cloud Platform']",Data Science
C0399,Configure Replication and Enable Point-in-Time-Recovery for Cloud SQL for PostgreSQL,https://www.coursera.org/learn/googlecloud-configure-replication-and-enable-point-in-time-recovery-for-cl-44p4k?specialization=google-cloud-database-engineer,"Confirm that the recovered database reflects an earlier point in time.
",Information Technology,Cloud Computing,Project,"Postgresql,Google Cloud Platform,cloud sql,",,,,40 minutes,Coursera,,,,,"['Postgresql', 'Google Cloud Platform', 'cloud sql']",Data Science
C0400,Migrate to Cloud SQL for PostgreSQL using Database Migration Service,https://www.coursera.org/learn/googlecloud-migrate-to-cloud-sql-for-postgresql-using-database-migration-s-xebrc?specialization=google-cloud-database-engineer,Google Cloud Platform,Information Technology,Cloud Computing,Project,"Database (DBMS),Data Management,Google Cloud Platform,",,,,1 hour,Coursera,,,,,"['Database (DBMS)', 'Data Management', 'Google Cloud Platform']",Data Science
C0401,Connect an App to a Cloud SQL for PostgreSQL Instance,https://www.coursera.org/learn/googlecloud-connect-an-app-to-a-cloud-sql-for-postgresql-instance-mhiqu?specialization=google-cloud-database-engineer,Kubernetes,Data Science,Data Analysis,Project,"Postgresql,Kubernetes,cloud sql,",,,,1 hour,Coursera,,,,,"['Postgresql', 'Kubernetes', 'cloud sql']",Data Science
C0402,Cloud Spanner - Loading Data and Performing Backups,https://www.coursera.org/learn/googlecloud-cloud-spanner-loading-data-and-performing-backups-cd0yv?specialization=google-cloud-database-engineer,This is a self-paced lab that takes place in the Google Cloud console. In this lab you explore various ways to load data into Cloud Spanner as well as perform a backup of your database.,Information Technology,Data Management,Project,"Database (DBMS),Dataflow,Data Management,Google Cloud Platform,",,,,1.5 hours ,Coursera,,,,,"['Database (DBMS)', 'Dataflow', 'Data Management', 'Google Cloud Platform']",Data Science
C0403,Deploy a Modern Web App connected to a Cloud Spanner Instance,https://www.coursera.org/learn/googlecloud-deploy-a-modern-web-app-connected-to-a-cloud-spanner-instance-l4vor?specialization=google-cloud-database-engineer,This is a self-paced lab that takes place in the Google Cloud console. In this lab you build and deploy a Node.js application connected to a Cloud Spanner instance. The Node.js application is a stock price visualization tool named OmegaTrade. The OmegaTrade application stores stock prices in Cloud Spanner and renders visualizations using Google Charts.,Information Technology,Data Management,Project,"Node.Js,Database (DBMS),Google Cloud Platform,",,,,1.5 hours,Coursera,,,,,"['Node.Js', 'Database (DBMS)', 'Google Cloud Platform']",Data Science
C0404,A Tour of Google Cloud Hands-on Labs,https://www.coursera.org/learn/googlecloud-a-tour-of-google-cloud-hands-on-labs-5s3nf?specialization=google-cloud-database-engineer,Learn how to use the Google Cloud Navigation menu to identify types of Google Cloud services,Information Technology,Cloud Computing,Project,"Cloud Platforms,Cloud Storage,Google Cloud Platform,",,4.7,113.0,45 minutes,Coursera,,,,,"['Cloud Platforms', 'Cloud Storage', 'Google Cloud Platform']",Data Science
C0405,Migrating On-premises MySQL Using a Continuous Database Migration Service Job,https://www.coursera.org/learn/googlecloud-migrating-on-premises-mysql-using-a-continuous-database-migrat-hy9uq?specialization=google-cloud-database-engineer,"This is a self-paced lab that takes place in the Google Cloud console.

In this lab, you migrate an on-premises MySQL database (running on a virtual machine) to Cloud SQL for MySQL using a continuous Database Migration Service job and VPC peering for connectivity. After you create and run the migration job, you confirm that an initial copy of your database has been successfully migrated to your Cloud SQL for MySQL instance. Then, you explore how continuous migration jobs continue to apply data updates from your source database to your Cloud SQL instance until you choose to complete the job. To conclude the migration job, you promote the Cloud SQL instance to be a new standalone database for reading and writing data.",Information Technology,Cloud Computing,Project,"Database (DBMS),Google Cloud Platform,MySQL,",,,,1.5 hours,Coursera,,,,,"['Database (DBMS)', 'Google Cloud Platform', 'MySQL']",Data Science
C0406,Securing a Cloud SQL for PostgreSQL Instance,https://www.coursera.org/learn/googlecloud-securing-a-cloud-sql-for-postgresql-instance-16bmr?specialization=google-cloud-database-engineer,Google Cloud Platform,Information Technology,Cloud Computing,Project,"Cloud Computing Security,Database (DBMS),Google Cloud Platform,",,,,40 minutes,Coursera,,,,,"['Cloud Computing Security', 'Database (DBMS)', 'Google Cloud Platform']",Data Science
C0407,Visual Perception for Self-Driving Cars,https://www.coursera.org/learn/visual-perception-self-driving-cars?specialization=self-driving-cars,"Welcome to Visual Perception for Self-Driving Cars, the third course in University of Toronto’s Self-Driving Cars Specialization.",Computer Science,Software Development,Course,,Steven Waslander,4.7,533.0,Approx. 31 hours to complete,Coursera,,,,,[],Web Development
C0408,Introduction to Data Analytics for Business,https://www.coursera.org/learn/data-analytics-business?specialization=data-analytics-business,"This course will expose you to the data analytics practices executed in the business world. We will explore such key areas as the analytical process, how data is created, stored, accessed, and how the organization works with data and creates the environment in which analytics can flourish.",Data Science,Data Analysis,Course,"Data Model,Data Quality,Data Analysis,SQL,",David Torgerson,4.7,3034.0,Approx. 11 hours to complete,Coursera,,,,,"['Data Model', 'Data Quality', 'Data Analysis', 'SQL']",Data Science
C0409,AI For Medical Treatment,https://www.coursera.org/learn/ai-for-medical-treatment?specialization=ai-for-medicine,"AI is transforming the practice of medicine. It’s helping doctors diagnose patients more accurately, make predictions about patients’ future health, and recommend better treatments. This Specialization will give you practical experience in applying machine learning to concrete problems in medicine.",Data Science,Machine Learning,Course,"treatment effect estimation,machine learning interpretation,Random Forest,natural language entity extraction,question-answering,",Pranav Rajpurkar,4.7,488.0,Approx. 22 hours to complete,Coursera,,,,,"['treatment effect estimation', 'machine learning interpretation', 'Random Forest', 'natural language entity extraction', 'question-answering']",Data Science
C0410,Regression Models,https://www.coursera.org/learn/regression-models?specialization=data-science-statistics-machine-learning,"Linear models, as their name implies, relates an outcome to a set of predictors of interest using linear assumptions.  Regression models, a subset of linear models, are the most important statistical analysis tool in a data scientist’s toolkit. This course covers regression analysis, least squares and inference using regression models. Special cases of the regression model, ANOVA and ANCOVA will be covered as well. Analysis of residuals and variability will be investigated. The course will cover modern thinking on model selection and novel uses of regression models including scatterplot smoothing.",Data Science,Probability and Statistics,Course,"Model Selection,Generalized Linear Model,Linear Regression,Regression Analysis,","Brian Caffo, PhD",4.4,3322.0,Approx. 53 hours to complete,Coursera,,,,,"['Model Selection', 'Generalized Linear Model', 'Linear Regression', 'Regression Analysis']",Data Science
C0411,Managing Network Security,https://www.coursera.org/learn/managing-network-cybersecurity?specialization=managing-cybersecurity,Almost every organization uses computer networks to share their information and to support their business operations. When we allow network access to data  it is exposed to threats from inside and outside of the organization.  This course examines the threats associated with using internal and external networks and how to manage the protection of information when it’s accessible via networks.,Information Technology,Security,Course,"Wireless Security,Intrusion Detection System,Firewall (Computing),Computer Network,","Herbert J. Mattord, Ph.D., CISM, CISSP, CDP",4.7,194.0,Approx. 15 hours to complete,Coursera,,,,,"['Wireless Security', 'Intrusion Detection System', 'Firewall (Computing)', 'Computer Network']",Cybersecurity
C0412,Statistics for Genomic Data Science,https://www.coursera.org/learn/statistical-genomics?specialization=genomic-data-science,An introduction to the statistics behind the most popular genomic data science projects. This is the sixth course in the Genomic Big Data Science Specialization from Johns Hopkins University.,Data Science,Probability and Statistics,Course,"Statistics,Data Analysis,R Programming,Biostatistics,","Jeff Leek, PhD",4.2,334.0,Approx. 9 hours to complete,Coursera,,,,,"['Statistics', 'Data Analysis', 'R Programming', 'Biostatistics']",Data Science
C0413,Advanced Styling with Responsive Design,https://www.coursera.org/learn/responsivedesign?specialization=web-design,"It used to be the case that everyone viewed webpages on about the same size screen.  But with the explosion of the use of smartphones to access the Internet, the landscape of design has completely changed.  People viewing your site will now expect that it will perform regardless of the platform (smartphone, tablet, laptop, or desktop computer).  This ability to respond to any platform is called responsive design.",Computer Science,Mobile and Web Development,Course,"Bootstrap (Front-End Framework),Responsive Web Design,JavaScript,Cascading Style Sheets (CSS),","Colleen van Lent, Ph.D.",4.7,4331.0,Approx. 12 hours to complete,Coursera,,,,,"['Bootstrap (Front-End Framework)', 'Responsive Web Design', 'JavaScript', 'Cascading Style Sheets (CSS)']",Web Development
C0414,Design and Build a Data Warehouse for Business Intelligence Implementation,https://www.coursera.org/learn/data-warehouse-bi-building?specialization=data-warehousing,"The capstone course, Design and Build a Data Warehouse for Business Intelligence Implementation, features a real-world case study that integrates your learning across all courses in the specialization. In response to business requirements presented in a case study, you’ll design and build a small data warehouse, create data integration workflows to refresh the warehouse, write SQL statements to support analytical and summary query requirements, and use the MicroStrategy business intelligence platform to create dashboards and visualizations.",Data Science,Data Analysis,Course,"Data Warehousing,Microstrategy,Data Warehouse,SQL,",Michael Mannino,4.6,271.0,Approx. 13 hours to complete,Coursera,,,,,"['Data Warehousing', 'Microstrategy', 'Data Warehouse', 'SQL']",Data Science
C0415,Introduction to Big Data,https://www.coursera.org/learn/big-data-introduction?specialization=big-data,"Interested in increasing your knowledge of the Big Data landscape?  This course is for those new to data science and interested in understanding why the Big Data Era has come to be.  It is for those who want to become conversant with the terminology and the core concepts behind big data problems, applications, and systems.  It is for those who want to start thinking about how Big Data might be useful in their business or career.  It provides an introduction to one of the most common frameworks, Hadoop, that has made big data analysis easier and more accessible -- increasing the potential for data to transform our world!",Data Science,Data Analysis,Course,"Big Data,Apache Hadoop,Mapreduce,Cloudera,",Ilkay Altintas,4.6,10704.0,Approx. 17 hours to complete,Coursera,,,,,"['Big Data', 'Apache Hadoop', 'Mapreduce', 'Cloudera']",Data Science
C0416,Artificial Intelligence and legal issues,https://www.coursera.org/learn/artificial-intelligence-and-legal-issues?specialization=artificial-intelligence-overview,"The purpose of the course is to help students understand the legal implications related to the design and use of artificial intelligence systems, providing an overview of the risks and legal protections that can be envisaged and giving an overview of the legislation and legal principles currently applicable on the subject. In particular, the profiles of civil and criminal liability, protection in terms of intellectual property and the impacts of AI on the fundamental rights of the individual - including privacy and the right to non-discrimination – will be examined.",Computer Science,Algorithms,Course,,Annamaria Italiano,4.8,12.0,Approx. 3 hours to complete,Coursera,,,,,[],Web Development
C0417,Evaluating User Interfaces,https://www.coursera.org/learn/ui-testing?specialization=user-interface-design,"In this course you will learn and practice several techniques for user interface evaluation.  First we start with techniques that can be applied alone or in a design team, including action analysis, walkthroughs, and heuristic evaluation.  Then we move on to user testing, including learning from a series of usability tests carried out in a real usability lab, and techniques to carry out your own tests even without a lab.  Finally, we wrap up the discussion of evaluation--and of UI Design in the specialization as a whole--by looking at the question of how to set and measure usability goals, and in turn, when a design is usable enough to release it.",Computer Science,Design and Product,Course,"User Research,Heuristic Evaluation,User Interface Design (UI Design),User Interface,",Loren Terveen,4.7,255.0,Approx. 11 hours to complete,Coursera,,,,,"['User Research', 'Heuristic Evaluation', 'User Interface Design (UI Design)', 'User Interface']",Web Development
C0418,Google Docs,https://www.coursera.org/learn/google-docs?specialization=getting-started-with-google-workspace,"With Google Docs, your documents are stored in the cloud, and you can access them from any computer or device. You create and edit documents right in your web browser; no special software is required. Even better, multiple people can work at the same time, you can see people’s changes as they make them, and every change is saved automatically.",Information Technology,Cloud Computing,Course,,Google Cloud Training,4.8,148.0,Approx. 2 hours to complete,Coursera,,,,,[],Data Science
C0419,C Programming: Getting Started - 1,https://www.coursera.org/learn/c-programming-getting-started?specialization=c-programming-linux,Start learning one of the most powerful and widely used programming languages: C. Within moments you will be coding hands-on in a browser tool that will provide instant feedback on your code. ,Computer Science,Software Development,Course,"computer programs/algorithms,Computer Programming,C Programming,",Rémi SHARROCK,4.6,97.0,Approx. 11 hours to complete,Coursera,,,,,"['computer programs/algorithms', 'Computer Programming', 'C Programming']",Web Development
C0420,Google Drive,https://www.coursera.org/learn/google-drive?specialization=getting-started-with-google-workspace,"Google Drive is Google’s cloud-based file storage service. Google Drive lets you keep all your work in one place, view different file formats without the need for additional software, and access your files from any device.",Information Technology,Cloud Computing,Course,,Google Cloud Training,4.8,141.0,Approx. 2 hours to complete,Coursera,,,,,[],Data Science
C0421,Cyber Attack Countermeasures,https://www.coursera.org/learn/cyber-attack-countermeasures?specialization=intro-cyber-security,"This course introduces the basics of cyber defense starting with foundational models such as Bell-LaPadula and information flow frameworks. These underlying policy enforcements mechanisms help introduce basic functional protections, starting with authentication methods. Learners will be introduced to a series of different authentication solutions and protocols, including RSA SecureID and Kerberos, in the context of a canonical schema. ",Computer Science,Computer Security and Networks,Course,"Cybersecurity,Cryptography,Public-Key Cryptography,",Dr. Edward G. Amoroso,4.8,627.0,Approx. 19 hours to complete,Coursera,,,,,"['Cybersecurity', 'Cryptography', 'Public-Key Cryptography']",Cybersecurity
C0422,Data Structures,https://www.coursera.org/learn/data-structures?specialization=data-structures-algorithms,"A good algorithm usually comes together with a set of good data structures that allow the algorithm to manipulate the data efficiently. In this online course, we consider the common data structures that are used in various computational problems. You will learn how these data structures are implemented in different programming languages and will practice implementing them in our programming assignments. This will help you to understand what is going on inside a particular built-in implementation of a data structure and what to expect from it. You will also learn typical use cases for these data structures.",Computer Science,Algorithms,Course,"Binary Search Tree,Priority Queue,Hash Table,Stack (Abstract Data Type),List,",Neil Rhodes,4.6,5179.0,Approx. 24 hours to complete,Coursera,,,,,"['Binary Search Tree', 'Priority Queue', 'Hash Table', 'Stack (Abstract Data Type)', 'List']",Web Development
C0423,JSON and Natural Language Processing in PostgreSQL,https://www.coursera.org/learn/json-natural-language-processing-postgresql?specialization=postgresql-for-everybody,"Within this course, you’ll learn about how PostgreSQL creates and uses inverted indexes for JSON and natural language content. We will use various sources of data for our databases, including access to an online API and spidering its data and storing the data in a JSON column in PostgreSQL.  Students will explore how full-text inverted indexes are structured.  Students will build their own inverted indexes and then make use of PostgreSQL built-in capabilities to support full-text indexes.",Computer Science,Software Development,Course,,Charles Russell Severance,4.6,105.0,Approx. 16 hours to complete,Coursera,,,,,[],Web Development
C0424,Data Science in Real Life,https://www.coursera.org/learn/real-life-data-science?specialization=executive-data-science,"Have you ever had the perfect data science experience? The data pull went perfectly. There were no merging errors or missing data. Hypotheses were clearly defined prior to analyses. Randomization was performed for the treatment of interest. The analytic plan was outlined prior to analysis and followed exactly. The conclusions were clear and actionable decisions were obvious. Has that every happened to you? Of course not. Data analysis in real life is messy. How does one manage a team facing real data analyses? In this one-week course, we contrast the ideal with what happens in real life. By contrasting the ideal, you will learn key concepts that will help you manage real life analyses. ",Data Science,Data Analysis,Course,"Statistics,Data Science,Data Analysis,Data Management,","Brian Caffo, PhD",4.4,2335.0,Approx. 7 hours to complete,Coursera,,,,,"['Statistics', 'Data Science', 'Data Analysis', 'Data Management']",Data Science
C0425,Managing Cybersecurity Incidents and Disasters,https://www.coursera.org/learn/managing-cybersecurity-incidents-and-disasters?specialization=managing-cybersecurity,"Most organizations plan for routine operations, but what happens when unexpected events overtake the routine? This course examines contingency planning used to prepare for and manage non-normal operations, including cybersecurity incidents – like hacking attempts, web site defacement, denial of service attacks, information disclosures; a well as other natural and man-made cybersecurity disasters.",Information Technology,Security,Course,"Business Continuity,Disaster Recovery,Incident response planning,","Herbert J. Mattord, Ph.D., CISM, CISSP, CDP",4.8,196.0,Approx. 14 hours to complete,Coursera,,,,,"['Business Continuity', 'Disaster Recovery', 'Incident response planning']",Cybersecurity
C0426,Advanced Application Management with Red Hat OpenShift,https://www.coursera.org/learn/advanced-application-management-with-red-hat-openshift?specialization=cloud-native-development-openshift-kubernetes,"This course explores Red Hat OpenShift Container Platform (RHOCP) as a container orchestration platform. In this course, students will deploy applications to OpenShift. Students will learn how to let RHOCP containerize their source code, how to scale the deployments, and how to troubleshoot issues with the deployments.",Information Technology,Cloud Computing,Course,"Cloud Platforms,Cloud Applications,Kubernetes,Cloud Computing,",Marek Czernek,4.5,13.0,Approx. 13 hours to complete,Coursera,,,,,"['Cloud Platforms', 'Cloud Applications', 'Kubernetes', 'Cloud Computing']",Data Science
C0427,Clinical Data Models and Data Quality Assessments,https://www.coursera.org/learn/clinical-data-models-and-data-quality-assessments?specialization=clinical-data-science,"This course aims to teach the concepts of clinical data models and common data models. Upon completion of this course, learners will be able to interpret and evaluate data model designs using Entity-Relationship Diagrams (ERDs), differentiate between data models and articulate how each are used to support clinical care and data science, and create SQL statements in Google BigQuery to query the MIMIC3 clinical data model and the OMOP common data model.",Data Science,Data Analysis,Course,,"Laura K. Wiley, PhD",4.2,55.0,Approx. 17 hours to complete,Coursera,,,,,[],Data Science
C0428,Combinatorics and Probability,https://www.coursera.org/learn/combinatorics?specialization=discrete-mathematics,"Counting is one of the basic mathematically related tasks we encounter on a day to day basis. The main question here is the following. If we need to count something, can we do anything better than just counting all objects one by one? Do we need to create a list of all phone numbers to ensure that there are enough phone numbers for everyone? Is there a way to tell that our algorithm will run in a reasonable time before implementing and actually running it? All these questions are addressed by a mathematical field called Combinatorics.",Computer Science,Algorithms,Course,"Random Variable,Probability Interpretations,Probability,Combinatorics,",Владимир Подольский,4.6,812.0,Approx. 23 hours to complete,Coursera,,,,,"['Random Variable', 'Probability Interpretations', 'Probability', 'Combinatorics']",Web Development
C0429,Graph Analytics for Big Data,https://www.coursera.org/learn/big-data-graph-analytics?specialization=big-data,"Want to understand your data network structure and how it changes under different conditions? Curious to know how to identify closely interacting clusters within a graph? Have you heard of the fast-growing area of graph analytics and want to learn more? This course gives you a broad overview of the field of graph analytics so you can learn new ways to model, store, retrieve and analyze graph-structured data.",Data Science,Data Analysis,Course,"Graph Theory,Neo4j,Analytics,Graph Database,",Amarnath Gupta,4.3,1239.0,Approx. 13 hours to complete,Coursera,,,,,"['Graph Theory', 'Neo4j', 'Analytics', 'Graph Database']",Data Science
C0430,Introduction to Java and Object-Oriented Programming,https://www.coursera.org/learn/java-object-oriented-programming?specialization=programming-python-java,"This course provides an introduction to the Java language and object-oriented programming, including an overview of Java syntax and how it differs from a language like Python.  Students will learn how to write custom Java classes and methods, and how to test their code using unit testing and test-driven development.  Topics include basic data structures like Arrays and ArrayLists and overloading methods.",Computer Science,Software Development,Course,"Java Tools,Unit Testing,Java Programming,Object-Oriented Programming (OOP),Java Syntax,",Brandon Krakowsky,4.3,171.0,Approx. 19 hours to complete,Coursera,,,,,"['Java Tools', 'Unit Testing', 'Java Programming', 'Object-Oriented Programming (OOP)', 'Java Syntax']",Web Development
C0431,"Credential Access, discovery, lateral movement & collection",https://www.coursera.org/learn/credential-access-discovery-lateral-movement--collection?specialization=pythonforcybersecurity,"This course covers credential Access, discovery, lateral movement & collection.",Information Technology,Security,Course,,Howard Poston,4.7,29.0,Approx. 4 hours to complete,Coursera,,,,,[],Cybersecurity
C0432,SQL for Data Science Capstone Project,https://www.coursera.org/learn/sql-data-science-capstone?specialization=learn-sql-basics-data-science,Data science is a dynamic and growing career field that demands knowledge and skills-based in SQL to be successful. This course is designed to provide you with a solid foundation in applying SQL skills to analyze data and solve real business problems.,Data Science,Data Analysis,Course,"Presentation Skills,Data Analysis,SQL,creating metrics,Exploratory Data Analysis,",Don Noxon,4.2,184.0,Approx. 35 hours to complete,Coursera,,,,,"['Presentation Skills', 'Data Analysis', 'SQL', 'creating metrics', 'Exploratory Data Analysis']",Data Science
C0433,Linux Server Management and Security,https://www.coursera.org/learn/linux-server-management-security?specialization=computer-security-systems-management,"Whether you are accessing a bank website, Netflix or your home router, chances are that your computer is interacting with a Linux system.  The world runs on Linux.  In this course, we will dive into how Linux works from an enterprise perspective.  ",Information Technology,Security,Course,,Greg Williams,4.6,855.0,Approx. 13 hours to complete,Coursera,,,,,[],Cybersecurity
C0434,Applied Text Mining in Python,https://www.coursera.org/learn/python-text-mining?specialization=data-science-python,"This course will introduce the learner to text mining and text manipulation basics. The course begins with an understanding of how text is handled by python, the structure of text both to the machine and to humans, and an overview of the nltk framework for manipulating text. The second week focuses on common manipulation needs, including regular expressions (searching for text), cleaning text, and preparing text for use by machine learning processes. The third week will apply basic natural language processing methods to text, and demonstrate how text classification is accomplished. The final week will explore more advanced methods for detecting the topics in documents and grouping them by similarity (topic modelling). ",Data Science,Data Analysis,Course,"Natural Language Toolkit (NLTK),Text Mining,Python Programming,Natural Language Processing,",V. G. Vinod Vydiswaran,4.2,3743.0,Approx. 25 hours to complete,Coursera,,,,,"['Natural Language Toolkit (NLTK)', 'Text Mining', 'Python Programming', 'Natural Language Processing']",Data Science
C0435,Introduction to User Experience Principles and Processes,https://www.coursera.org/learn/introtoux-principles-and-processes?specialization=michiganux,"This UX course provides an introduction to the fields of UX research and design. Learners will gain an understanding of what is involved in UX research, including conducting interviews, evaluating systems, and analyzing systems using principles of good design. Learners will also learn about the work involved in UX Design, including the generation of promising design solutions and the creation of prototypes at multiple levels of fidelity. By interleaving successive phases of UX Research and Design, learners will see how to learn from inevitable mistakes and improve towards a product with a great UX.",Computer Science,Design and Product,Course,,Mark Newman,4.8,1387.0,Approx. 11 hours to complete,Coursera,,,,,[],Web Development
C0436,Explore Core Data Concepts in Microsoft Azure,https://www.coursera.org/learn/explore-core-data-concepts-microsoft-azure?specialization=microsoft-azure-dp-900-data-fundamentals,"In this course, you will learn the fundamentals of database concepts in a cloud environment, get basic skilling in cloud data services, and build your foundational knowledge of cloud data services within Microsoft Azure. You will identify and describe core data concepts such as relational, non-relational, big data, and analytics, and explore how this technology is implemented with Microsoft Azure. You will explore the roles, tasks, and responsibilities in the world of data.",Information Technology,Data Management,Course,"Microsoft Azure,Data Management,Data Storage,Data Concepts,",Microsoft,4.8,271.0,Approx. 8 hours to complete,Coursera,,,,,"['Microsoft Azure', 'Data Management', 'Data Storage', 'Data Concepts']",Data Science
C0437,Google Meet,https://www.coursera.org/learn/google-meet?specialization=getting-started-with-google-workspace,"In this course, we introduce you to Google Meet, Google’s video conference software included with Google Workspace. ",Information Technology,Cloud Computing,Course,,Google Cloud Training,4.9,94.0,Approx. 2 hours to complete,Coursera,,,,,[],Data Science
C0438,Software Product Management Capstone,https://www.coursera.org/learn/software-product-management-capstone?specialization=product-management,"In this six-week capstone course, you will gain practical management experience in a safe, simulated software production setting. You will apply Agile practices and techniques to conquer industry-inspired challenges. Interacting with a realistic client, you will discern what they want and express what they truly need in software requirements to drive software production. Upon completing the capstone, you will be prepared to advance your career as a confident software product management professional.",Computer Science,Design and Product,Course,"Agile Software Development,Software Product Management,Software Project Management,Scrum (Software Development),",Kenny Wong,4.8,938.0,Approx. 19 hours to complete,Coursera,,,,,"['Agile Software Development', 'Software Product Management', 'Software Project Management', 'Scrum (Software Development)']",Web Development
C0439,Data Visualization with Advanced Excel,https://www.coursera.org/learn/advanced-excel?specialization=pwc-analytics,"In this course, you will get hands-on instruction of advanced Excel 2013 functions.  You’ll learn to use PowerPivot to build databases and data models.  We’ll show you how to perform different types of scenario and simulation analysis and you’ll have an opportunity to practice these skills by leveraging some of Excel's built in tools including, solver, data tables, scenario manager and goal seek.  In the second half of the course, will cover how to visualize data, tell a story and explore data by reviewing core principles of data visualization and dashboarding.  You’ll use Excel to build complex graphs and Power View reports and then start to combine them into dynamic dashboards.",Data Science,Data Analysis,Course,"Dashboard (Business),Microsoft Excel,Data Virtualization,Data Visualization (DataViz),",Alex Mannella,4.8,2859.0,Approx. 15 hours to complete,Coursera,,,,,"['Dashboard (Business)', 'Microsoft Excel', 'Data Virtualization', 'Data Visualization (DataViz)']",Data Science
C0440,Object-Oriented Hierarchies in Java,https://www.coursera.org/learn/object-oriented-hierarchies-java?specialization=core-java,"Object-Oriented Hierarchies in Java is the third of a series of courses in the Core Java Specialization. The Core Java Specialization is part of a series of programming specializations, derived from LearnQuest's private Java Bootcamps, designed to provide the skill set necessary to be hired as an IT developer using Java in many corporate environments.",Computer Science,Software Development,Course,"Recursively Enumerable Set,Java Compiler,Javac,Java Programming,",Evan Bergman,4.7,129.0,Approx. 20 hours to complete,Coursera,,,,,"['Recursively Enumerable Set', 'Java Compiler', 'Javac', 'Java Programming']",Web Development
C0441,Developing Cloud Native Applications,https://www.coursera.org/learn/developing-cloud-native-applications?specialization=ibm-cloud-application-development-foundations,"Do you want to learn about developing applications that are cloud native right from conception to implementation? In this course, you’ll begin with some crucial cloud concepts. Then, you will dive into specific tools and techniques for developing cloud native apps. Learning about the Cloud Native Computing Foundation, the significance of hybrid cloud infrastructures, and how they affect cloud app developers will be covered You will then look at two key areas of cloud thinking: modernization and continuous integration/continuous delivery.",Computer Science,Software Development,Course,"Devops,NoSQL,Git (Software),Cloud Infrastructure,Json,",Upkar Lidder,4.1,246.0,Approx. 17 hours to complete,Coursera,,,,,"['Devops', 'NoSQL', 'Git (Software)', 'Cloud Infrastructure', 'Json']",Web Development
C0442,Moneyball and Beyond,https://www.coursera.org/learn/moneyball-and-beyond?specialization=sports-analytics,"The book Moneyball triggered a revolution in the analysis of performance statistics in professional sports, by showing that data analytics could be used to increase team winning percentage. This course shows how to program data using Python to test the claims that lie behind the Moneyball story, and to examine the evolution of Moneyball statistics since the book was published. The learner is led through the process of calculating baseball performance statistics from publicly available datasets. The course progresses from the analysis of on base percentage and slugging percentage to more advanced measures derived using the run expectancy matrix, such as wins above replacement (WAR). By the end of this course the learner will be able to use these statistics to conduct their own team and  player analyses.",Data Science,Data Analysis,Course,,Stefan Szymanski,4.7,40.0,Approx. 28 hours to complete,Coursera,,,,,[],Data Science
C0443,Digital Forensics Essentials (DFE),https://www.coursera.org/learn/digital-forensics-essentials-dfe?specialization=cybersecurity-attack-and-defense,"Digital Forensics Essentials helps learners increase their competency and expertise in digital forensics and information security skills, thereby adding value to their workplace and employer. ",Computer Science,Computer Security and Networks,Course,"Digital Forensics,Computer Forensics,",EC-Council,4.9,16.0,Approx. 25 hours to complete,Coursera,,,,,"['Digital Forensics', 'Computer Forensics']",Cybersecurity
C0444,Google Sheets - Advanced Topics,https://www.coursera.org/learn/google-sheets---advanced-topics?specialization=getting-started-with-google-workspace,This course builds on some of the concepts covered in the earlier Google Sheets course.,Information Technology,Cloud Computing,Course,,Google Cloud Training,4.7,175.0,Approx. 2 hours to complete,Coursera,,,,,[],Data Science
C0445,Scripting with Python and SQL for Data Engineering,https://www.coursera.org/learn/scripting-with-python-sql-for-data-engineering-duke?specialization=python-bash-sql-data-engineering-duke,"In this third course of the Python, Bash and SQL Essentials for Data Engineering Specialization, you will explore techniques to work effectively with Python and SQL. We will go through useful data structures in Python scripting and connect to databases like MySQL. Additionally, you will learn how to use a modern text editor to connect and run SQL queries against a real database, performing operations to load and extract data. Finally, you will use extracted data from websites using scraping techniques. These skills will allow you to work effectively when data is not readily available, or when spatial queries are required to extract useful information from databases.",Data Science,Data Analysis,Course,"Database (DBMS),Python Programming,Web Scraping,MySQL,SQL,",Alfredo Deza,4.5,51.0,Approx. 18 hours to complete,Coursera,,,,,"['Database (DBMS)', 'Python Programming', 'Web Scraping', 'MySQL', 'SQL']",Data Science
C0446,Principles of Computing (Part 2),https://www.coursera.org/learn/principles-of-computing-2?specialization=computer-fundamentals,"This two-part course introduces the basic mathematical and programming principles that underlie much of Computer Science. Understanding these principles is crucial to the process of creating efficient and well-structured solutions for computational problems.  To get hands-on experience working with these concepts, we will use the Python programming language. The main focus of the class will be weekly mini-projects that build upon the mathematical and programming principles that are taught in the class. To keep the class fun and engaging, many of the projects will involve working with strategy-based games.",Computer Science,Software Development,Course,"Recursion,Algorithms,Python Programming,Tree (Data Structure),",Scott Rixner,4.8,357.0,Approx. 15 hours to complete,Coursera,,,,,"['Recursion', 'Algorithms', 'Python Programming', 'Tree (Data Structure)']",Web Development
C0447,Modern Data Warehouse Analytics in Microsoft Azure,https://www.coursera.org/learn/data-warehouse-analytics-microsoft-azure?specialization=microsoft-azure-dp-900-data-fundamentals,"In this course, you will learn the fundamentals of database concepts in a cloud environment, get basic skilling in cloud data services, and build your foundational knowledge of cloud data services within Microsoft Azure. You will explore the processing options available for building data analytics solutions in Azure. You will explore Azure Synapse Analytics, Azure Databricks, and Azure HDInsight.",Information Technology,Data Management,Course,"Data Visualization Software,Data Warehousing,Analytics,Microsoft Azure,Data Visualization (DataViz),",Microsoft,4.4,60.0,Approx. 4 hours to complete,Coursera,,,,,"['Data Visualization Software', 'Data Warehousing', 'Analytics', 'Microsoft Azure', 'Data Visualization (DataViz)']",Data Science
C0448,Optimize ML Models and Deploy Human-in-the-Loop Pipelines,https://www.coursera.org/learn/ml-models-human-in-the-loop-pipelines?specialization=practical-data-science,"In the third course of the Practical Data Science Specialization, you will learn a series of performance-improvement and cost-reduction techniques to automatically tune model accuracy, compare prediction performance, and generate new training data with human intelligence.  After tuning your text classifier using Amazon SageMaker Hyper-parameter Tuning (HPT), you will deploy two model candidates into an A/B test to compare their real-time prediction performance and automatically scale the winning model using Amazon SageMaker Hosting. Lastly, you will set up a human-in-the-loop pipeline to fix misclassified predictions and generate new training data using Amazon Augmented AI and Amazon SageMaker Ground Truth.",Data Science,Machine Learning,Course,"Human-in-the-Loop Pipelines,Distributed Model Training and Hyperparameter Tuning,Cost Savings and Performance Improvements,A/B Testing and Model Deployment,Data Labeling at Scale,",Antje Barth,4.7,93.0,Approx. 10 hours to complete,Coursera,,,,,"['Human-in-the-Loop Pipelines', 'Distributed Model Training and Hyperparameter Tuning', 'Cost Savings and Performance Improvements', 'A/B Testing and Model Deployment', 'Data Labeling at Scale']",Data Science
C0449,Inteligencia artificial: proyecto final,https://www.coursera.org/learn/inteligencia-artificial?specialization=inteligencia-artificial,"En el proyecto culminante del programa especializado Introducción a la Inteligencia Artificial, los estudiantes aplicarán conceptos adquiridos durante el programa en un problema de su elección.",Computer Science,Algorithms,Course,,Carlos Gershenson,,,Approx. 24 hours to complete,Coursera,,,,,[],Web Development
C0450,Artificial Creativity,https://www.coursera.org/learn/artificial-creativity?specialization=creativity-ai,"Artificial Creativity explores the emerging field of creativity in artificial intelligence (AI) from a design perspective, bringing together insights from computer science and creative disciplines. In this course, you will survey the history and theories behind today's creative AI, analyze the unorthodox approaches that have advanced the field, and experience cutting-edge creative AI tools. At the same time, you will learn design thinking research methods, how to implement them for your creative insights, and how to translate them to professional and business contexts. Throughout the course, you will step away from your computer to conduct design research, applying the techniques and theories you learn each week to a topic of your choice. You will also engage with other learners through discussions while challenging and expanding your understanding of creativity.",Computer Science,Design and Product,Course,"Artificial Intelligence (AI),Machine Learning,Design Thinking,Business Applications,Computational Creativity,",Jeongki Lim,4.5,31.0,Approx. 13 hours to complete,Coursera,,,,,"['Artificial Intelligence (AI)', 'Machine Learning', 'Design Thinking', 'Business Applications', 'Computational Creativity']",Web Development
C0451,Linux System Administration with IBM Power Systems,https://www.coursera.org/learn/linux-system-administration-ibm-power-systems?specialization=linux-private-cloud-administration-power-systems,"This course introduces administrative tasks that a system administrator can perform with Linux hosted on IBM Power servers. This includes virtualization concepts such as logical partitioning, installation of Linux, command-line operations, and more interesting administration and device management tasks.",Information Technology,Cloud Computing,Course,"Linux,Red Hat Enterprise Linux,virtualization,IBM Power Systems,Cloud Computing,",Upendra Rajan,4.6,96.0,Approx. 14 hours to complete,Coursera,,,,,"['Linux', 'Red Hat Enterprise Linux', 'virtualization', 'IBM Power Systems', 'Cloud Computing']",Data Science
C0452,Design Patterns,https://www.coursera.org/learn/design-patterns?specialization=software-design-architecture,"This course extends object-oriented analysis and design by incorporating design patterns to create interactive applications. Through a survey of established design patterns, you will gain a foundation for more complex software applications. Finally, you will identify problematic software designs by referencing a catalog of code smells.",Computer Science,Software Development,Course,,Kenny Wong,4.7,1175.0,Approx. 15 hours to complete,Coursera,,,,,[],Web Development
C0453,Google Sheets - Advanced Topics en español,https://www.coursera.org/learn/google-sheets---advanced-topics-es?specialization=getting-started-with-google-workspace-es,"En este curso, se amplían algunos de los conceptos que se abarcaron en el curso anterior de Hojas de cálculo de Google.",Information Technology,Cloud Computing,Course,,Google Cloud Training,,,Approx. 2 hours to complete,Coursera,,,,,[],Data Science
C0454,Machine Learning: Regression,https://www.coursera.org/learn/ml-regression?specialization=machine-learning,Case Study - Predicting Housing Prices,Data Science,Machine Learning,Course,"Linear Regression,Ridge Regression,Lasso (Statistics),Regression Analysis,",Emily Fox,4.8,5513.0,Approx. 22 hours to complete,Coursera,,,,,"['Linear Regression', 'Ridge Regression', 'Lasso (Statistics)', 'Regression Analysis']",Data Science
C0455,Introduction to Clinical Data Science,https://www.coursera.org/learn/introduction-clinical-data-science?specialization=clinical-data-science,"This course will prepare you to complete all parts of the Clinical Data Science Specialization. In this course you will learn how clinical data are generated, the format of these data, and the ethical and legal restrictions on these data. You will also learn enough SQL and R programming skills to be able to complete the entire Specialization - even if you are a beginner programmer. While you are taking this course you will have access to an actual clinical data set and a free, online computational environment for data science hosted by our Industry Partner Google Cloud. ",Data Science,Data Analysis,Course,,"Laura K. Wiley, PhD",4.6,369.0,Approx. 8 hours to complete,Coursera,,,,,[],Data Science
C0456,"Data Wrangling, Analysis and AB Testing with SQL",https://www.coursera.org/learn/data-wrangling-analysis-abtesting?specialization=learn-sql-basics-data-science,"This course allows you to apply the SQL skills taught in “SQL for Data Science” to four increasingly complex and authentic data science inquiry case studies. We'll learn how to convert timestamps of all types to common formats and perform date/time calculations. We'll select and perform the optimal JOIN for a data science inquiry and clean data within an analysis dataset by deduping, running quality checks, backfilling, and handling nulls. We'll learn how to segment and analyze data per segment using windowing functions and use case statements to execute conditional logic to address a data science inquiry. We'll also describe how to convert a query into a scheduled job and how to insert data into a date partition. Finally, given a predictive analysis need, we'll engineer a feature from raw data using the tools and skills we've built over the course. The real-world application of these skills will give you the framework for performing the analysis of an AB test.",Data Science,Data Analysis,Course,"A/B Testing,Query String,Data Analysis,Predictive Analytics,SQL,",Katrina Glaeser Poole,3.4,795.0,Approx. 15 hours to complete,Coursera,,,,,"['A/B Testing', 'Query String', 'Data Analysis', 'Predictive Analytics', 'SQL']",Data Science
C0457,"Execution, persistence, privilege escalation and evasion",https://www.coursera.org/learn/execution-persistence-privilege-escalation-and-evasion?specialization=pythonforcybersecurity,"This course is a continuation of Python for Cybersecurity. The topics covered are execution, persistence, privilege escalation and evasion.",Information Technology,Security,Course,"Persistence,Python Programming,privilege escalation and evasion,Cybersecurity,Execution,",Howard Poston,4.4,48.0,Approx. 4 hours to complete,Coursera,,,,,"['Persistence', 'Python Programming', 'privilege escalation and evasion', 'Cybersecurity', 'Execution']",Cybersecurity
C0458,"Functions, Methods, and Interfaces in Go",https://www.coursera.org/learn/golang-functions-methods?specialization=google-golang,"Continue your exploration of the Go programming language as you learn about functions, methods, and interfaces. Topics include the implementation of functions, function types, object-orientation in Go, methods, and class instantiation. As with the first course in this series, you’ll have an opportunity to create your own Go applications so you can practice what you’re learning.",Computer Science,Software Development,Course,,Ian Harris,4.6,921.0,Approx. 8 hours to complete,Coursera,,,,,[],Web Development
C0459,Introduction to Software Testing,https://www.coursera.org/learn/introduction-software-testing?specialization=software-testing-automation,"After completing this course, you will have an understanding of the fundamental principles and processes of software testing. You will have actively created test cases and run them using an automated testing tool. You will being writing and recognizing good test cases, including input data and expected outcomes.",Computer Science,Software Development,Course,"Writing Test Plans,Writing Defect Reports,Understanding of Testing Theory,Writing Tests,Testing Vocabulary,",Sanjai Rayadurgam,4.4,594.0,Approx. 30 hours to complete,Coursera,,,,,"['Writing Test Plans', 'Writing Defect Reports', 'Understanding of Testing Theory', 'Writing Tests', 'Testing Vocabulary']",Web Development
C0460,"Everyday Excel, Part 1",https://www.coursera.org/learn/everyday-excel-part-1?specialization=everyday-excel,"""Everyday Excel, Part 1"" is aimed at learners who are seeking to learn Excel from the ground up.  No experience with Excel is necessary.  While this course is meant for beginners of Excel, advanced users will undoubtedly pick up new skills and tools.",Computer Science,Design and Product,Course,"Data Management,Spreadsheet,Microsoft Excel,Problem Solving,Real World,",Charlie Nuttelman,4.7,3074.0,Approx. 23 hours to complete,Coursera,,,,,"['Data Management', 'Spreadsheet', 'Microsoft Excel', 'Problem Solving', 'Real World']",Web Development
C0461,Cloud Data Engineering,https://www.coursera.org/learn/cloud-data-engineering-duke?specialization=building-cloud-computing-solutions-at-scale,"Welcome to the third course in the Building Cloud Computing Solutions at Scale Specialization! In this course, you will learn how to apply Data Engineering to real-world projects using the Cloud computing concepts introduced in the first two courses of this series. By the end of this course, you will be able to develop Data Engineering applications and use software development best practices to create data engineering applications. These will include continuous deployment, code quality tools, logging, instrumentation and monitoring. Finally, you will use Cloud-native technologies to tackle complex data engineering solutions. ",Information Technology,Cloud Computing,Course,,Noah Gift,4.1,60.0,Approx. 17 hours to complete,Coursera,,,,,[],Data Science
C0462,Factorial and Fractional Factorial Designs,https://www.coursera.org/learn/factorial-fractional-factorial-designs?specialization=design-experiments,"Many experiments in engineering, science and business involve several factors.  This course is an introduction to these types of multifactor experiments.  The appropriate experimental strategy for these situations is based on the factorial design, a type of experiment where factors are varied together.  This course focuses on designing these types of experiments and on using the ANOVA for analyzing the resulting data.  These types of experiments often include nuisance factors, and  the blocking principle can be used in factorial designs to handle these situations.  As the number of factors of interest grows full factorials become too expensive and fractional versions of the factorial design are useful.  This course will  cover the benefits of fractional factorials, along with methods for constructing and analyzing the data from these experiments.",Data Science,Probability and Statistics,Course,,Douglas C. Montgomery,4.8,62.0,Approx. 11 hours to complete,Coursera,,,,,[],Data Science
C0463,Applied AI with DeepLearning,https://www.coursera.org/learn/ai?specialization=advanced-data-science-ibm,>>> By enrolling in this course you agree to the End User License Agreement as set out in the FAQ.  Once enrolled you can access the license in the Resources area <<<,Data Science,Machine Learning,Course,"Machine Learning,Deep Learning,Long Short-Term Memory (ISTM),Apache Spark,",Romeo Kienzler,4.4,1090.0,Approx. 25 hours to complete,Coursera,,,,,"['Machine Learning', 'Deep Learning', 'Long Short-Term Memory (ISTM)', 'Apache Spark']",Data Science
C0464,Mathematical Biostatistics Boot Camp 2,https://www.coursera.org/learn/biostatistics-2?specialization=advanced-statistics-data-science,"Learn fundamental concepts in data analysis and statistical inference, focusing on one and two independent samples.",Data Science,Probability and Statistics,Course,"Statistics,Statistical Hypothesis Testing,Biostatistics,","Brian Caffo, PhD",4.3,123.0,Approx. 11 hours to complete,Coursera,,,,,"['Statistics', 'Statistical Hypothesis Testing', 'Biostatistics']",Data Science
C0465,Build Better Generative Adversarial Networks (GANs),https://www.coursera.org/learn/build-better-generative-adversarial-networks-gans?specialization=generative-adversarial-networks-gans,"In this course, you will:",Data Science,Machine Learning,Course,"Bias in GANs,StyleGANs,Pros and Cons of GANs,GANs Alternatives,GAN Evaluation,",Sharon Zhou,4.7,584.0,Approx. 31 hours to complete,Coursera,,,,,"['Bias in GANs', 'StyleGANs', 'Pros and Cons of GANs', 'GANs Alternatives', 'GAN Evaluation']",Data Science
C0466,Machine Learning: Classification,https://www.coursera.org/learn/ml-classification?specialization=machine-learning,Case Studies: Analyzing Sentiment & Loan Default Prediction,Data Science,Machine Learning,Course,"Logistic Regression,Statistical Classification,Classification Algorithms,Decision Tree,",Emily Fox,4.7,3692.0,Approx. 21 hours to complete,Coursera,,,,,"['Logistic Regression', 'Statistical Classification', 'Classification Algorithms', 'Decision Tree']",Data Science
C0467,"Intro to AR/VR/MR/XR: Technologies, Applications & Issues",https://www.coursera.org/learn/intro-augmented-virtual-mixed-extended-reality-technologies-applications-issues?specialization=extended-reality-for-everybody,"This first course in the XR for Everybody specialization creates a foundational understanding of the differences between AR, VR, MR, and XR. The course provides learners with a broad overview of the rapidly evolving XR space and the tools to characterize future XR developments and assess their potential and limitations. It establishes key concepts and dives into the XR device landscape, helping learners to differentiate current and future platforms and devices as well as critique the use of VR or AR in applications. The course pivots in the second half to look more at how to shape the future of XR, by analyzing trends and raising issues such as COVID-19, social and ethical concerns, accessibility and equity, as well as privacy and security.",Computer Science,Design and Product,Course,,Michael Nebeling,4.7,263.0,Approx. 28 hours to complete,Coursera,,,,,[],Web Development
C0468,Functional Programming Principles in Scala,https://www.coursera.org/learn/scala-functional-programming?specialization=scala,"Functional programming is becoming increasingly widespread in industry. This trend is driven by the adoption of Scala as the main programming language for many applications. Scala fuses functional and object-oriented programming in a practical package. It interoperates seamlessly with both Java and Javascript. Scala is the implementation language of many important frameworks, including Apache Spark, Kafka, and Akka. It provides the core infrastructure for sites such as Twitter, Netflix, Zalando, and also Coursera.",Computer Science,Software Development,Course,"Scala Programming,Recursion,Functional Programming,Immutable Data Types,Higher-Order Function,",Martin Odersky,4.8,8190.0,Approx. 56 hours to complete,Coursera,,,,,"['Scala Programming', 'Recursion', 'Functional Programming', 'Immutable Data Types', 'Higher-Order Function']",Web Development
C0469, Supervised Machine Learning: Classification,https://www.coursera.org/learn/supervised-machine-learning-classification?specialization=ibm-intro-machine-learning,"This course introduces you to one of the main types of modeling families of supervised Machine Learning: Classification. You will learn how to train predictive models to classify categorical outcomes and how to use error metrics to compare across different models. The hands-on section of this course focuses on using best practices for classification, including train and test splits, and handling data sets with unbalanced classes.",Data Science,Machine Learning,Course,"Decision Tree,Ensemble Learning,Classification Algorithms,Supervised Learning,Machine Learning (ML) Algorithms,",Mark J Grover,4.8,227.0,Approx. 24 hours to complete,Coursera,,,,,"['Decision Tree', 'Ensemble Learning', 'Classification Algorithms', 'Supervised Learning', 'Machine Learning (ML) Algorithms']",Data Science
C0470,Intermediate Object-Oriented Programming for Unity Games,https://www.coursera.org/learn/intermediate-object-oriented-programming-unity-games?specialization=programming-unity-game-development,"This course is the fourth course in the specialization about learning how to develop video games using the C# programming language and the Unity game engine on Windows or Mac. Why use C# and Unity instead of some other language and game engine? Well, C# is a really good language for learning how to program and then programming professionally. Also, the Unity game engine is very popular with indie game developers; Unity games were downloaded 16,000,000,000 times in 2016! Finally, C# is one of the programming languages you can use in the Unity environment.",Computer Science,Software Development,Course,,"Dr. Tim ""Dr. T"" Chamillard",4.6,294.0,Approx. 52 hours to complete,Coursera,,,,,[],Web Development
C0471,Building a Data Science Team,https://www.coursera.org/learn/build-data-science-team?specialization=executive-data-science,"Data science is a team sport. As a data science executive it is your job to recruit, organize, and manage the team to success. In this one-week course, we will cover how you can find the right people to fill out your data science team, how to organize them to give them the best chance to feel empowered and successful, and how to manage your team as it grows. ",Data Science,Data Analysis,Course,"Team Building,Data Science,Management,Team Management,","Jeff Leek, PhD",4.5,3255.0,Approx. 5 hours to complete,Coursera,,,,,"['Team Building', 'Data Science', 'Management', 'Team Management']",Data Science
C0472,Exploratory Data Analysis,https://www.coursera.org/learn/exploratory-data-analysis?specialization=data-science-foundations-r,This course covers the essential exploratory techniques for summarizing data. These techniques are typically applied before formal modeling commences and can help inform the development of more complex statistical models. Exploratory techniques are also important for eliminating or sharpening potential hypotheses about the world that can be addressed by the data. We will cover in detail the plotting systems in R as well as some of the basic principles of constructing data graphics. We will also cover some of the common multivariate statistical techniques used to visualize high-dimensional data.,Data Science,Data Analysis,Course,"Cluster Analysis,Ggplot2,R Programming,Exploratory Data Analysis,","Roger D. Peng, PhD",4.7,6017.0,Approx. 54 hours to complete,Coursera,,,,,"['Cluster Analysis', 'Ggplot2', 'R Programming', 'Exploratory Data Analysis']",Data Science
C0473,Building Web Applications in Django,https://www.coursera.org/learn/django-build-web-apps?specialization=django,"In this course, you will learn how Django communicates with a database through model objects. You will explore Object-Relational Mapping (ORM) for database access and how Django models implement this pattern.  We will review the Object-Oriented (OO) pattern in Python.  You will learn basic Structured Query Language (SQL) and database modeling, including one-to-many and many-to-many relationships and how they work in both the SQL and Django models. You will learn how to use the Django console and scripts to work with your application objects interactively.",Computer Science,Mobile and Web Development,Course,"Django Template Language,GET & POST,Object-Oriented Programming (OOP),Cross-Site Scripting Forgery (CSRF),Django (Web Framework),",Charles Russell Severance,4.7,704.0,Approx. 12 hours to complete,Coursera,,,,,"['Django Template Language', 'GET & POST', 'Object-Oriented Programming (OOP)', 'Cross-Site Scripting Forgery (CSRF)', 'Django (Web Framework)']",Web Development
C0474,Java Programming: Build a Recommendation System,https://www.coursera.org/learn/java-programming-recommender?specialization=java-programming,Ever wonder how Netflix decides what movies to recommend for you? Or how Amazon recommends books? We can get a feel for how it works by building a simplified recommender of our own!,Computer Science,Software Development,Course,"Data Structure,Interfaces,Software Design,Java Programming,",Robert Duvall,4.7,621.0,Approx. 4 hours to complete,Coursera,,,,,"['Data Structure', 'Interfaces', 'Software Design', 'Java Programming']",Web Development
C0475,RPA Basics and Introduction to UiPath,https://www.coursera.org/learn/rpa-basics-and-introduction-to-uipath?specialization=roboticprocessautomation,"The RPA Basics and Introduction to UiPath course provides knowledge on Robotic Process Automation basic concepts. It also introduces you to the UiPath Platform and its core components. The course provides a detailed explanation of UiPath Studio User Interface and its features. By the end of the course, you will be able to build your first automation project in UiPath Studio.",Computer Science,Software Development,Course,"Uipath,Studio,Automation,Workflow,rpa,",UiPath,4.7,187.0,Approx. 6 hours to complete,Coursera,,,,,"['Uipath', 'Studio', 'Automation', 'Workflow', 'rpa']",Web Development
C0476,User Experience: Research & Prototyping,https://www.coursera.org/learn/user-research?specialization=interaction-design,"What makes for a great user experience? How can you consistently design experiences that work well, are easy to use and  people want to use? This course will teach you the core process of experience design and how to effectively evaluate your work with the people for whom you are designing. You'll learn fundamental methods of design research that will enable  you to effectively understand people, the sequences of their actions, and the context in which they work. Through the assignments, you’ll learn practical techniques for making sense of what you see and transform your observations into meaningful actionable insights and unique opportunity areas for design.  You’ll also explore how to generate ideas in response to the opportunities identified and learn methods for making your ideas tangible. By answering specific questions and refining your concepts, you’ll move closer to making your ideas real. We’ll use cases from a variety of industries including health, education, transportation, finance, and beyond to illustrate how these methods work across different domains. ",Computer Science,Design and Product,Course,"User Research,Persona (User Experience),User Experience (UX),Human–Computer Interaction,",Elizabeth Gerber,4.6,893.0,Approx. 11 hours to complete,Coursera,,,,,"['User Research', 'Persona (User Experience)', 'User Experience (UX)', 'Human–Computer Interaction']",Web Development
C0477,C for Everyone: Programming Fundamentals,https://www.coursera.org/learn/c-for-everyone?specialization=coding-for-everyone,"This course is for everyone. In the new world we live in, coding is a universally valuable skill, whether you're a scientist, artist, or a humanist. Algorithms are everywhere, and we all have to understand how they work. The C language is particularly well suited as an introduction to coding: It's a tried-and-true language, and it allows you to understand computing processes at a deep level. ",Computer Science,Software Development,Course,,Ira Pohl,4.5,5928.0,Approx. 15 hours to complete,Coursera,,,,,[],Web Development
C0478,Apache Spark (TM) SQL for Data Analysts,https://www.coursera.org/learn/apache-spark-sql-for-data-analysts?specialization=data-science-with-databricks-for-data-analysts,"Apache Spark is one of the most widely used technologies in big data analytics. In this course, you will learn how to leverage your existing SQL skills to start working with Spark immediately. You will also learn how to work with Delta Lake, a highly performant, open-source storage layer that brings reliability to data lakes. By the end of this course, you will be able to use Spark SQL and Delta Lake to ingest, transform, and query data to extract valuable insights that can be shared with your team.",Data Science,Data Analysis,Course,"Data Analysis,Spark SQL,SQL,",Kate Sullivan,4.5,434.0,Approx. 13 hours to complete,Coursera,,,,,"['Data Analysis', 'Spark SQL', 'SQL']",Data Science
C0479,Oracle Database Platform,https://www.coursera.org/learn/oracle-database-platform?specialization=oracle-sql-databases,This course is designed to help you learn how to navigate the Oracle Database environment. Both GUI and command-line tools will be introduced to allow you to work with the Oracle Database.,Computer Science,Software Development,Course,,Rafiq Wayani,4.6,61.0,Approx. 6 hours to complete,Coursera,,,,,[],Web Development
C0480,Building Resilient Streaming Analytics Systems on Google Cloud,https://www.coursera.org/learn/streaming-analytics-systems-gcp?specialization=gcp-data-machine-learning,"Processing streaming data is becoming increasingly popular as streaming enables businesses to get real-time metrics on business operations. This course covers how to build streaming data pipelines on Google Cloud. Pub/Sub is described for handling incoming streaming data. The course also covers how to apply aggregations and transformations to streaming data using Dataflow, and how to store processed records to BigQuery or Cloud Bigtable for analysis. Learners will get hands-on experience building streaming data pipeline components on Google Cloud using QwikLabs.",Information Technology,Cloud Computing,Course,,Google Cloud Training,4.6,1197.0,Approx. 8 hours to complete,Coursera,,,,,[],Data Science
C0481,Principles of Computing (Part 1),https://www.coursera.org/learn/principles-of-computing-1?specialization=computer-fundamentals,"This two-part course builds upon the programming skills that you learned in our Introduction to Interactive Programming in Python course.  We will augment those skills with both important programming practices and critical mathematical problem solving skills.  These skills underlie larger scale computational problem solving and programming. The main focus of the class will be programming weekly mini-projects in Python that build upon the mathematical and programming principles that are taught in the class. To keep the class fun and engaging, many of the projects will involve working with strategy-based games.",Computer Science,Software Development,Course,"Computer Programming,Algorithms,Python Programming,Combinatorics,",Scott Rixner,4.7,573.0,Approx. 19 hours to complete,Coursera,,,,,"['Computer Programming', 'Algorithms', 'Python Programming', 'Combinatorics']",Web Development
C0482,Reinforcement Learning for Trading Strategies,https://www.coursera.org/learn/trading-strategies-reinforcement-learning?specialization=machine-learning-trading,"In the final course from the Machine Learning for Trading specialization, you will be introduced to reinforcement learning (RL) and the benefits of using reinforcement learning in trading strategies. You will learn how RL has been integrated with neural networks and review LSTMs and how they can be applied to time series data. By the end of the course, you will be able to build trading strategies using reinforcement learning, differentiate between actor-based policies and value-based policies, and incorporate RL into a momentum trading strategy.",Data Science,Machine Learning,Course,"Reinforcement Learning Model Development,Reinforcement Learning Trading Algorithm Optimization,Reinforcement Learning Trading Strategy Development,Reinforcement Learning Trading Algo Development,",Jack Farmer,3.6,206.0,Approx. 12 hours to complete,Coursera,,,,,"['Reinforcement Learning Model Development', 'Reinforcement Learning Trading Algorithm Optimization', 'Reinforcement Learning Trading Strategy Development', 'Reinforcement Learning Trading Algo Development']",Data Science
C0483,Data Mining Project,https://www.coursera.org/learn/data-mining-project?specialization=data-mining,Note: You should complete all the other courses in this Specialization before beginning this course.,Data Science,Data Analysis,Course,"Data Clustering Algorithms,Data Analysis,Natural Language Processing,Data Mining,",Jiawei Han,4.6,43.0,Approx. 10 hours to complete,Coursera,,,,,"['Data Clustering Algorithms', 'Data Analysis', 'Natural Language Processing', 'Data Mining']",Data Science
C0484,"Smart Analytics, Machine Learning, and AI on GCP 日本語版",https://www.coursera.org/learn/smart-analytics-machine-learning-ai-gcp-jp?specialization=gcp-data-machine-learning-jp,機械学習をデータ パイプラインに組み込むことで、企業はデータから効率的に分析情報を抽出できるようになります。このコースでは、必要なカスタマイズの程度に応じて、Google Cloud Platform で機械学習をデータ パイプラインに組み込む方法をいくつか説明します。たとえば、ほとんどあるいはまったくカスタマイズが必要ない場合向けの AutoML、機械学習機能の大幅なカスタマイズが必要な場合向けの AI Platform Notebooks と BigQuery Machine Learning を紹介します。また、このコースでは、Kubeflow を使用して機械学習ソリューションを本稼働させる方法についても説明します。受講者は Qwiklabs を使用して、Google Cloud Platform での機械学習モデルの構築を実際に体験することができます。,Information Technology,Cloud Computing,Course,,Google Cloud Training,4.5,31.0,Approx. 8 hours to complete,Coursera,,,,,[],Data Science
C0485,IoT Cloud,https://www.coursera.org/learn/iot-cloud?specialization=uiuc-iot,"This course is the last course in our series of four courses and builds on the previous three courses: IoT Devices, IoT Communications, and IoT Networking. After we have built and programmed a small self-driving vehicle, we then set out to enhance its connectivity and add important security infrastructure. In this course we will now look closer into various remaining types of decentralized network topography. In the lab, we will additionally cover important cloud technologies based on machine-learning. In the first two weeks' lectures, we will cover important components of networks. Metaphorically speaking, when you learn how the human body works, you start by understanding the ""organs"", the stomach, the liver, and so on. Likewise, we can best understand networks by understanding the individual components that make them up and their function. In this lecture series we will study ""devices"" such as routers, switches, firewalls, load balancers, and many more. We will learn about how they individually operate, how they are configured, and how they work together to achieve various network-wide properties and goals.",Computer Science,Mobile and Web Development,Course,"Internet,Internet Of Things (IOT),Front And Back Ends,Service Discovery,",Matthew Caesar,4.5,16.0,Approx. 18 hours to complete,Coursera,,,,,"['Internet', 'Internet Of Things (IOT)', 'Front And Back Ends', 'Service Discovery']",Web Development
C0486,Hardware Security,https://www.coursera.org/learn/hardware-security?specialization=cyber-security,"In this course, we will study security and trust from the hardware perspective. Upon completing the course, students will understand the vulnerabilities in current digital system design flow and the physical attacks to these systems. They will learn that security starts from hardware design and be familiar with the tools and skills to build secure and trusted hardware.",Computer Science,Computer Security and Networks,Course,"Montgomery Modular Multiplication,Side-Channel Attack,Hardware Design,Cryptographic Hardware,",Gang Qu,4.3,636.0,Approx. 12 hours to complete,Coursera,,,,,"['Montgomery Modular Multiplication', 'Side-Channel Attack', 'Hardware Design', 'Cryptographic Hardware']",Cybersecurity
C0487,Understanding User Needs,https://www.coursera.org/learn/understanding-user-needs?specialization=michiganux,"Designing effective interactive systems requires understanding the needs and capabilities of the people who will be using them. In this UX course we will focus on how to interact with users (or potential users) to understand what they need, what they currently do, what they love and hate, and examine human capabilities and behavior as they relate to UX design.",Computer Science,Design and Product,Course,"User Research,Affinity Diagram,human computer interaction,User Experience (UX),",Kentaro Toyama,4.7,462.0,Approx. 10 hours to complete,Coursera,,,,,"['User Research', 'Affinity Diagram', 'human computer interaction', 'User Experience (UX)']",Web Development
C0488,Software Processes and Agile Practices,https://www.coursera.org/learn/software-processes-and-agile-practices?specialization=product-management,"This course delves into a variety of processes to structure software development. It also covers the foundations of core Agile practices, such as Extreme Programming and Scrum.",Computer Science,Design and Product,Course,"Lean Software Development,Agile Software Development,Software Development Process,Scrum (Software Development),",Kenny Wong,4.7,5128.0,Approx. 8 hours to complete,Coursera,,,,,"['Lean Software Development', 'Agile Software Development', 'Software Development Process', 'Scrum (Software Development)']",Web Development
C0489,Data Visualization with Tableau Project,https://www.coursera.org/learn/dataviz-project?specialization=data-visualization,"In this project-based course, you will follow your own interests to create a portfolio worthy single-frame viz or multi-frame data story that will be shared on Tableau Public. You will use all the skills taught in this Specialization to complete this project step-by-step, with guidance from your instructors along the way. You will first create a project proposal to identify your goals for the project, including the question you wish to answer or explore with data. You will then find data that will provide the information you are seeking. You will then import that data into Tableau and  prepare it for analysis. Next you will create a dashboard that will allow you to explore the data in depth and identify meaningful insights. You will then give structure to your data story by writing the story arc in narrative form. Finally, you will consult your design checklist to craft the final viz or data story in Tableau. This is your opportunity to show the world what you’re capable of - so think big, and have confidence in your skills!",Data Science,Data Analysis,Course,"Data Analysis,Interactive Visualization,Tableau Software,Data Visualization (DataViz),","Suk S. Brar, M.B.A.",4.7,489.0,Approx. 11 hours to complete,Coursera,,,,,"['Data Analysis', 'Interactive Visualization', 'Tableau Software', 'Data Visualization (DataViz)']",Data Science
C0490,Introduction to Mobile Development,https://www.coursera.org/learn/intro-to-mobile-development?specialization=meta-react-native,"If you want to become a mobile developer, this course is a good place to start. You will learn about the day-to-day responsibilities of web and mobile developers and get a general understanding of the core and underlying technologies that power the internet.",Computer Science,Mobile and Web Development,Course,"Web Development,React (Web Framework),HTML and CSS,Mobile Development,JavaScript,",Taught by Meta Staff,4.7,213.0,Approx. 12 hours to complete,Coursera,,,,,"['Web Development', 'React (Web Framework)', 'HTML and CSS', 'Mobile Development', 'JavaScript']",Web Development
C0491,Managing Change when Moving to Google Cloud,https://www.coursera.org/learn/managing-change-when-moving-to-google-cloud?specialization=organizational-change-and-culture-for-adopting-google-cloud,"Moving to the cloud creates numerous opportunities to start working in a new way and it empowers the workforce to better collaborate and innovate. But it’s also a big change. Sometimes the success of the change hinges not on the change itself, but on how it’s managed. This course will help people managers to understand some of the key challenges associated with cloud adoption, and provide them with a verified in-the-field framework that will assist them in supporting their teams on the change journey. By addressing the human factor of moving to the cloud, organizations increase their chances of realizing business objectives and investing in their future talent.",Information Technology,Cloud Computing,Course,,Google Cloud Training,4.6,155.0,Approx. 1 hour to complete,Coursera,,,,,[],Data Science
C0492,Essential Google Cloud Infrastructure: Core Services,https://www.coursera.org/learn/gcp-infrastructure-core-services?specialization=gcp-architecture,"This accelerated on-demand course introduces participants to the comprehensive and flexible infrastructure and platform services provided by Google Cloud with a focus on Compute Engine. Through a combination of video lectures, demos, and hands-on labs, participants explore and deploy solution elements, including infrastructure components such as networks, systems and applications services. This course also covers deploying practical solutions including customer-supplied encryption keys, security and access management, quotas and billing, and resource monitoring.",Information Technology,Cloud Computing,Course,"Debugging,Cloud Storage,Data Store,Google Cloud Platform,",Google Cloud Training,4.7,11271.0,Approx. 11 hours to complete,Coursera,,,,,"['Debugging', 'Cloud Storage', 'Data Store', 'Google Cloud Platform']",Data Science
C0493,Natural Creativity,https://www.coursera.org/learn/natural-creativity?specialization=creativity-ai,"Natural Creativity is about understanding and harnessing human creativity. In this course, you will investigate the latest theories of human creativity, its history and evolution, and how AI research is helping us understand it more fully. You will gain a deeper awareness of your creative processes and inspirations through these diverse perspectives. As you advance through the course, you will add to your creative toolkit by exploring different methods for design research and applying them to various business scenarios and frameworks. Then, in the course project, you will practice using the techniques and theories you learned to gain deep insights into how people are creative in your local context.",Computer Science,Design and Product,Course,"Artificial Intelligence (AI),Innovation Strategies,Design Thinking,Theories of Creativity,Computational Creativity,",Jeongki Lim,4.6,14.0,Approx. 12 hours to complete,Coursera,,,,,"['Artificial Intelligence (AI)', 'Innovation Strategies', 'Design Thinking', 'Theories of Creativity', 'Computational Creativity']",Web Development
C0494,Working with Data,https://www.coursera.org/learn/meta-working-with-data?specialization=meta-react-native,"This course expands upon the knowledge you gained from the React Native course, and will prepare you to make more informed decisions about how you access, store, retrieve and present data within your React Native applications.",Computer Science,Mobile and Web Development,Course,"React (Javascript Library),Data Management,Application development,REST APIs,",Taught by Meta Staff,4.8,16.0,Approx. 20 hours to complete,Coursera,,,,,"['React (Javascript Library)', 'Data Management', 'Application development', 'REST APIs']",Web Development
C0495,Introduction to R Programming for Data Science,https://www.coursera.org/learn/introducton-r-programming-data-science?specialization=applied-data-science-r,"When working in the data science field you will definitely become acquainted with the R language and the role it plays in data analysis. This course introduces you to the basics of the R language such as data types, techniques for manipulation, and how to implement fundamental programming tasks. ",Data Science,Data Analysis,Course,"Data Science,R Programming,",Yan Luo,4.5,286.0,Approx. 10 hours to complete,Coursera,,,,,"['Data Science', 'R Programming']",Data Science
C0496,Object Oriented Programming in Java,https://www.coursera.org/learn/object-oriented-java?specialization=object-oriented-programming,"Welcome to our course on Object Oriented Programming in Java using data visualization. People come to this course with many different goals -- and we are really excited to work with all of you! Some of you want to be professional software developers, others want to improve your programming skills to implement that cool personal project that you’ve been thinking about, while others of you might not yet know why you’re here and are trying to figure out what this course is all about.",Computer Science,Software Development,Course,"Logic Programming,Java Programming,Object-Oriented Programming (OOP),Sorting Algorithm,",Mia Minnes,4.7,5589.0,Approx. 39 hours to complete,Coursera,,,,,"['Logic Programming', 'Java Programming', 'Object-Oriented Programming (OOP)', 'Sorting Algorithm']",Web Development
C0497,Google Slides en Español,https://www.coursera.org/learn/google-slides-es?specialization=getting-started-with-google-workspace-es,"Con Presentaciones de Google, puede crear y exhibir presentaciones profesionales para ventas, proyectos, módulos de capacitación y mucho más.",Information Technology,Cloud Computing,Course,,Google Cloud Training,,,Approx. 3 hours to complete,Coursera,,,,,[],Data Science
C0498,Architecting with Google Kubernetes Engine: Workloads,https://www.coursera.org/learn/deploying-workloads-google-kubernetes-engine-gke?specialization=architecting-google-kubernetes-engine,"In this course, ""Architecting with Google Kubernetes Engine: Workloads,"" you learn about performing Kubernetes operations; creating and managing deployments; the tools of GKE networking; and how to give your Kubernetes workloads persistent storage.",Computer Science,Software Development,Course,,Google Cloud Training,4.7,1203.0,Approx. 15 hours to complete,Coursera,,,,,[],Web Development
C0499,Data Science as a Field,https://www.coursera.org/learn/data-science-as-a-field?specialization=vital-skills-for-data-science,"This course provides a general introduction to the field of Data Science. It has been designed for aspiring data scientists, content experts who work with data scientists, or anyone interested in learning about what Data Science is and what it’s used for. Weekly topics include an overview of the skills needed to be a data scientist; the process and pitfalls involved in data science; and the practice of data science in the professional and academic world. This course is part of CU Boulder’s Master’s of Science in Data Science and was collaboratively designed by both academics and industry professionals to provide learners with an insider’s perspective on this exciting, evolving, and increasingly vital discipline.",Data Science,Data Analysis,Course,"Data Science,Applied Mathematics,Information Science,Statistics,Computer Science,",Jane Wall,4.3,21.0,Approx. 10 hours to complete,Coursera,,,,,"['Data Science', 'Applied Mathematics', 'Information Science', 'Statistics', 'Computer Science']",Data Science
C0500,IoT Networking,https://www.coursera.org/learn/iot-networking?specialization=uiuc-iot,"This course builds on the first two courses in this series: IoT Devices and IoT Communications. Here you will begin to learn enterprise IoT. Enterprise networks, from first-hop access to backend IoT services are critical because they allow your IoT devices to reach the Internet and achieve their true intelligence. IoT places extreme demands on first-hop access - ultra-dense deployments challenge spectrum allocation, the need to provide strong segmentation yet let devices reach into IoT services such as gateways and databases. During this week you will begin to learn about these challenges, and the underlying protocols and technologies of wired networks that can help you to address them.",Computer Science,Computer Security and Networks,Course,"Internet,Internet Of Things (IOT),Wireless,Front And Back Ends,",Matthew Caesar,4.9,10.0,Approx. 20 hours to complete,Coursera,,,,,"['Internet', 'Internet Of Things (IOT)', 'Wireless', 'Front And Back Ends']",Cybersecurity
C0501,Agile Planning for Software Products,https://www.coursera.org/learn/agile-planning-for-software-products?specialization=product-management,This course covers the techniques required to break down and map requirements into plans that will ultimately drive software production.,Computer Science,Software Development,Course,"Software Development,Agile Management,Program Evaluation And Review Technique (PERT),Agile Software Development,",Kenny Wong,4.8,1971.0,Approx. 12 hours to complete,Coursera,,,,,"['Software Development', 'Agile Management', 'Program Evaluation And Review Technique (PERT)', 'Agile Software Development']",Web Development
C0502,Statistics for Data Science with Python,https://www.coursera.org/learn/statistics-for-data-science-python?specialization=data-science-fundamentals-python-sql,"This Statistics for Data Science course is designed to introduce you to the basic principles of statistical methods and procedures used for data analysis. After completing this course you will have practical knowledge of crucial topics in statistics including  - data gathering, summarizing data using descriptive statistics, displaying and visualizing data, examining relationships between variables, probability distributions, expected values, hypothesis testing, introduction to ANOVA (analysis of variance), regression and correlation analysis. You will take a hands-on approach to statistical analysis using Python and Jupyter Notebooks – the tools of choice for Data Scientists and Data Analysts. ",Data Science,Probability and Statistics,Course,"Probability And Statistics,Regression Analysis,Data Visualization (DataViz),Statistical Hypothesis Testing,Basic Descriptive Statistics,",Murtaza Haider,4.5,304.0,Approx. 14 hours to complete,Coursera,,,,,"['Probability And Statistics', 'Regression Analysis', 'Data Visualization (DataViz)', 'Statistical Hypothesis Testing', 'Basic Descriptive Statistics']",Data Science
C0503,Managing an Agile Team,https://www.coursera.org/learn/uva-darden-agile-team-management?specialization=uva-darden-digital-product-management,"While agile has become the de facto standard for managing digital innovation teams, many wonder if they’re doing it ‘right’. Twitter is full of jokes about how teams say they do agile but don’t ‘really’ do it. The reality is that getting the most out of agile is less about observing specific procedures and more about how a team focuses and measures their progress. ",Computer Science,Design and Product,Course,"agile product management,Agile Software Development,backlog management,Kanban,XP,",Alex Cowan,4.7,1263.0,Approx. 10 hours to complete,Coursera,,,,,"['agile product management', 'Agile Software Development', 'backlog management', 'Kanban', 'XP']",Web Development
C0504,"Excel/VBA for Creative Problem Solving, Part 2",https://www.coursera.org/learn/excel-vba-for-creative-problem-solving-part-2?specialization=excel-vba-creative-problem-solving,"""Excel/VBA for Creative Problem Solving, Part 2"" builds off of knowledge and skills obtained in ""Excel/VBA for Creative Problem Solving, Part 1"" and is aimed at learners who are seeking to augment, expand, optimize, and increase the efficiency of their Excel spreadsheet skills by tapping into the powerful programming, automation, and customization capabilities available with Visual Basic for Applications (VBA).",Computer Science,Algorithms,Course,,Charlie Nuttelman,4.9,1246.0,Approx. 20 hours to complete,Coursera,,,,,[],Web Development
C0505,Developing Data Models with LookML,https://www.coursera.org/learn/developing-data-models-with-lookml?specialization=creating-business-value-with-data-and-looker,"This course empowers you to develop scalable, performant LookML (Looker Modeling Language) models that provide your business users with the standardized, ready-to-use data that they need to answer their questions. Upon completing this course, you will be able to start building and maintaining LookML models to curate and manage data in your organization’s Looker instance.",Data Science,Data Analysis,Course,,Google Cloud Training,4.7,38.0,Approx. 5 hours to complete,Coursera,,,,,[],Data Science
C0506,Human Factors in AI,https://www.coursera.org/learn/human-factors-in-artificial-intelligence?specialization=ai-product-management-duke,"This third and final course of the AI Product Management Specialization by Duke University's Pratt School of Engineering focuses on the critical human factors in developing AI-based products.  The course begins with an introduction to human-centered design and the unique elements of user experience design for AI products.  Participants will then learn about the role of data privacy in AI systems, the challenges of designing ethical AI, and approaches to identify sources of bias and mitigate fairness issues.  The course concludes with a comparison of human intelligence and artificial intelligence, and a discussion of the ways that AI can be used to both automate as well as assist human decision-making.",Data Science,Machine Learning,Course,"Machine Learning,Privacy,Design Thinking,Ethics,",Jon Reifschneider,4.9,24.0,Approx. 17 hours to complete,Coursera,,,,,"['Machine Learning', 'Privacy', 'Design Thinking', 'Ethics']",Data Science
C0507,Input and Interaction,https://www.coursera.org/learn/interaction-techniques?specialization=interaction-design,"In this course, you will learn relevant fundamentals of human motor performance, perception, and cognition that inform effective interaction design. You will use these models of how people work to design more effective input and interaction techniques. You’ll apply these to both traditional graphic and gestural interfaces.",Computer Science,Design and Product,Course,,Scott  Klemmer,4.6,707.0,Approx. 9 hours to complete,Coursera,,,,,[],Web Development
C0508,Networking in Google Cloud: Hybrid Connectivity and Network Management,https://www.coursera.org/learn/networking-gcp-hybrid-connectivity-network-management?specialization=networking-google-cloud-platform,"This self-paced training course builds on the Networking in Google Cloud: Defining and Implementing Networks course and enhances the study of networking options on Google Cloud. Through recorded lectures, demonstrations, and hands-on labs, you explore and deploy Google Cloud networking technologies, such as common network design patterns, connectivity to Google Cloud VPC networks, and private connection options. The course also covers optimizing network performance and cost by using Network Service Tiers. You will also learn about billing and pricing. The course concludes by covering monitoring and logging features that can help you troubleshoot your Google Cloud network infrastructure.",Information Technology,Networking,Course,,Google Cloud Training,4.8,1018.0,Approx. 7 hours to complete,Coursera,,,,,[],Cybersecurity
C0509,Artificial Intelligence: An Overview,https://www.coursera.org/learn/artificial-intelligence-an-overview?specialization=artificial-intelligence-overview,"The course will provide a non-technical overview of the artificial intelligence field. Initially, a discussion on the birth of AI is provided, remarking the seminal ideas and preliminary goals. Furthermore, the crucial weaknesses are presented and how these weaknesses have been circumvented. Then, the current state of AI is presented, in terms of goals, importance at national level, and strategies. Moreover, the taxonomy of the AI topics is presented.",Computer Science,Algorithms,Course,,Nicola Gatti,4.7,63.0,Approx. 7 hours to complete,Coursera,,,,,[],Web Development
C0510,Essential Design Principles for Tableau,https://www.coursera.org/learn/dataviz-design?specialization=data-visualization,"In this course, you will analyze and apply essential design principles to your Tableau visualizations. This course assumes you understand the tools within Tableau and have some knowledge of the fundamental concepts of data visualization. You will define and examine the similarities and differences of exploratory and explanatory analysis as well as begin to ask the right questions about what’s needed in a visualization. You will assess how data and design work together, including how to choose the appropriate visual representation for your data, and the difference between effective and ineffective visuals. You will apply effective best practice design principles to your data visualizations and be able to illustrate examples of strategic use of contrast to highlight important elements. You will evaluate pre-attentive attributes and why they are important in visualizations. You will exam the importance of using the ""right"" amount of color and in the right place and be able to apply design principles to de-clutter your data visualization.",Data Science,Data Analysis,Course,"Data Analysis,Tableau Software,Data Virtualization,Data Visualization (DataViz),",Govind Acharya,4.4,1898.0,Approx. 12 hours to complete,Coursera,,,,,"['Data Analysis', 'Tableau Software', 'Data Virtualization', 'Data Visualization (DataViz)']",Data Science
C0511,Customising your models with TensorFlow 2,https://www.coursera.org/learn/customising-models-tensorflow2?specialization=tensorflow2-deeplearning,Welcome to this course on Customising your models with TensorFlow 2!,Data Science,Machine Learning,Course,"Tensorflow,Deep Learning,keras,",Dr Kevin Webster,4.8,173.0,Approx. 27 hours to complete,Coursera,,,,,"['Tensorflow', 'Deep Learning', 'keras']",Data Science
C0512,"Excel/VBA for Creative Problem Solving, Part 3 (Projects)",https://www.coursera.org/learn/excel-vba-for-creative-problem-solving-part-3-projects?specialization=excel-vba-creative-problem-solving,"In this course, learners will complete several VBA projects.  It is highly recommended that learners first take ""Excel/VBA for Creative Problem Solving, Part 1"" and ""Excel/VBA for Creative Problem Solving, Part 2"".  This course builds off of skills learned in those two courses.  This is a project-based course.  Therefore, the projects are quite open-ended and there are multiple ways to solve the problems.  Through the use of Peer Review, other learners will grade learners' projects based on a grading rubric.",Computer Science,Algorithms,Course,,Charlie Nuttelman,4.9,420.0,Approx. 16 hours to complete,Coursera,,,,,[],Web Development
C0513,Probability Theory: Foundation for Data Science,https://www.coursera.org/learn/probability-theory-foundation-for-data-science?specialization=statistical-inference-for-data-science-applications,"Understand the foundations of probability and its relationship to statistics and data science.  We’ll learn what it means to calculate a probability, independent and dependent outcomes, and conditional events.  We’ll study discrete and continuous random variables and see how this fits with data collection.  We’ll end the course with Gaussian (normal) random variables and the Central Limit Theorem and understand its fundamental importance for all of statistics and data science.",Data Science,Probability and Statistics,Course,"Probability,central limit theorem,continuous random variables,Bayes' Theorem,discrete random variables,",Anne Dougherty,4.4,112.0,Approx. 47 hours to complete,Coursera,,,,,"['Probability', 'central limit theorem', 'continuous random variables', ""Bayes' Theorem"", 'discrete random variables']",Data Science
C0514,Prediction Models with Sports Data,https://www.coursera.org/learn/prediction-models-sports-data?specialization=sports-analytics,"In this course the learner will be shown how to generate forecasts of game results in professional sports using Python. The main emphasis of the course is on teaching the method of logistic regression as a way of modeling game results, using data on team expenditures. The learner is taken through the process of modeling past results, and then using the model to forecast the outcome games not yet played. The course will show the learner how to evaluate the reliability of a model using data on betting odds. The analysis is applied first to the English Premier League, then the NBA and NHL. The course also provides an overview of the relationship between data analytics and gambling, its history and the social issues that arise in relation to sports betting, including the personal risks.",Data Science,Data Analysis,Course,,Youngho Park,4.7,24.0,Approx. 33 hours to complete,Coursera,,,,,[],Data Science
C0515,Ethical Issues in Data Science,https://www.coursera.org/learn/ethical-issues-data-science?specialization=vital-skills-for-data-science,"Computing applications involving large amounts of data – the domain of data science – impact the lives of most people in the U.S. and the world. These impacts include recommendations made to us by internet-based systems, information that is available about us online, techniques that are used for security and surveillance, data that is used in health care, and many more.  In many cases, they are affected by techniques in artificial intelligence and machine learning.",Data Science,Data Analysis,Course,"Data Science,Ethics,Algorithms,Privacy,Philosophy,",Bobby Schnabel,4.6,26.0,Approx. 23 hours to complete,Coursera,,,,,"['Data Science', 'Ethics', 'Algorithms', 'Privacy', 'Philosophy']",Data Science
C0516,Web Application Technologies and Django,https://www.coursera.org/learn/django-database-web-apps?specialization=django,"In this course, you'll explore the basic structure of a web application, and how a web browser interacts with a web server. You'll be introduced to the Hypertext Transfer Protocol (HTTP) request/response cycle, including GET/POST/Redirect. You'll also gain an introductory understanding of Hypertext Markup Language (HTML), as well as the overall structure of a Django application.  We will explore the Model-View-Controller (MVC) pattern for web applications and how it relates to Django.  You will learn how to deploy a Django application using a service like PythonAnywhere so that it is available over the Internet. ",Computer Science,Mobile and Web Development,Course,"Cascading Style Sheets (CSS),HTML,Hypertext Transfer Protocol (HTTP),SQL,Django (Web Framework),",Charles Russell Severance,4.7,1722.0,Approx. 15 hours to complete,Coursera,,,,,"['Cascading Style Sheets (CSS)', 'HTML', 'Hypertext Transfer Protocol (HTTP)', 'SQL', 'Django (Web Framework)']",Web Development
C0517,Identifying Patient Populations,https://www.coursera.org/learn/computational-phenotyping?specialization=clinical-data-science,"This course teaches you the fundamentals of computational phenotyping, a biomedical informatics method for identifying patient populations. In this course you will learn how different clinical data types perform when trying to identify patients with a particular disease or trait. You will also learn how to program different data manipulations and combinations to increase the complexity and improve the performance of your algorithms. Finally, you will have a chance to put your skills to the test with a real-world practical application where you develop a computational phenotyping algorithm to identify patients who have hypertension. You will complete this work using a real clinical data set while using a free, online computational environment for data science hosted by our Industry Partner Google Cloud.",Data Science,Data Analysis,Course,,"Laura K. Wiley, PhD",4.4,35.0,Approx. 13 hours to complete,Coursera,,,,,[],Data Science
C0518,Fitting Statistical Models to Data with Python,https://www.coursera.org/learn/fitting-statistical-models-data-python?specialization=statistics-with-python,"In this course, we will expand our exploration of statistical inference techniques by focusing on the science and art of fitting statistical models to data. We will build on the concepts presented in the Statistical Inference course (Course 2) to emphasize the importance of connecting research questions to our data analysis methods. We will also focus on various modeling objectives, including making inference about relationships between variables and generating predictions for future observations.",Data Science,Probability and Statistics,Course,"Bayesian Statistics,Python Programming,Statistical Model,statistical regression,",Brenda Gunderson,4.4,647.0,Approx. 15 hours to complete,Coursera,,,,,"['Bayesian Statistics', 'Python Programming', 'Statistical Model', 'statistical regression']",Data Science
C0519,Applied Machine Learning in Python,https://www.coursera.org/learn/python-machine-learning?specialization=data-science-python,"This course will introduce the learner to applied machine learning, focusing more on the techniques and methods than on the statistics behind these methods. The course will start with a discussion of how machine learning is different than descriptive statistics, and introduce the scikit learn toolkit through a tutorial. The issue of dimensionality of data will be discussed, and the task of clustering data, as well as evaluating those clusters, will be tackled. Supervised approaches for creating predictive models will be described, and learners will be able to apply the scikit learn predictive modelling methods while understanding process issues related to data generalizability (e.g. cross validation, overfitting). The course will end with a look at more advanced techniques, such as building ensembles, and practical limitations of predictive models. By the end of this course, students will be able to identify the difference between a supervised (classification) and unsupervised (clustering) technique, identify which technique they need to apply for a particular dataset and need, engineer features to meet that need, and write python code to carry out an analysis. ",Data Science,Data Analysis,Course,"Python Programming,Machine Learning (ML) Algorithms,Machine Learning,Scikit-Learn,",Kevyn Collins-Thompson,4.6,8307.0,Approx. 31 hours to complete,Coursera,,,,,"['Python Programming', 'Machine Learning (ML) Algorithms', 'Machine Learning', 'Scikit-Learn']",Data Science
C0520,Overview of Advanced Methods of Reinforcement Learning in Finance,https://www.coursera.org/learn/advanced-methods-reinforcement-learning-finance?specialization=machine-learning-reinforcement-finance,"In the last course of our specialization, Overview of Advanced Methods of Reinforcement Learning in Finance, we will take a deeper look into topics discussed in our third course, Reinforcement Learning in Finance.",Computer Science,Algorithms,Course,,Igor Halperin,3.8,78.0,Approx. 13 hours to complete,Coursera,,,,,[],Web Development
C0521,Statistical Inference for Estimation in Data Science,https://www.coursera.org/learn/statistical-inference-for-estimation-in-data-science?specialization=statistical-inference-for-data-science-applications,"This course introduces statistical inference, sampling distributions,  and confidence intervals. Students will learn how to define and construct  good estimators, method of moments estimation, maximum likelihood estimation, and methods of constructing confidence intervals that will extend to more general settings.  ",Data Science,Probability and Statistics,Course,,Jem Corcoran,4.2,44.0,Approx. 27 hours to complete,Coursera,,,,,[],Data Science
C0522,Statistical Inference and Hypothesis Testing in Data Science Applications,https://www.coursera.org/learn/statistical-inference-and-hypothesis-testing-in-data-science-applications?specialization=statistical-inference-for-data-science-applications,"This course will focus on theory and implementation of hypothesis testing, especially as it relates to applications in data science. Students will learn to use hypothesis tests to make informed decisions from data. Special attention will be given to the general logic of hypothesis testing, error and error rates, power, simulation, and the correct computation and interpretation of p-values. Attention will also be given to the misuse of testing concepts, especially p-values, and the ethical implications of such misuse.",Data Science,Probability and Statistics,Course,,Jem Corcoran,4.8,26.0,Approx. 36 hours to complete,Coursera,,,,,[],Data Science
C0523,Cryptography,https://www.coursera.org/learn/cryptography?specialization=cyber-security,"This course will introduce you to the foundations of modern cryptography, with an eye toward practical applications.",Computer Science,Computer Security and Networks,Course,"Number Theory,Cryptography,Public-Key Cryptography,",Jonathan  Katz,4.6,1273.0,Approx. 17 hours to complete,Coursera,,,,,"['Number Theory', 'Cryptography', 'Public-Key Cryptography']",Cybersecurity
C0524,Information Design,https://www.coursera.org/learn/infodesign?specialization=interaction-design,"A blank canvas is full of possibility. If you have an idea for a user experience, how do you turn it into a beautiful and effective user interface?  This covers covers principles of visual design so that you can effectively organize and present information with your interfaces. You'll learn concrete strategies to create user interfaces, including key lessons in typography, information architecture, layout, color, and more. You’ll learn particular issues that arise in new device contexts, such as mobile and responsive interfaces. You will learn how to apply these design principles in a modern context of increasingly diverse form factors - from tablets, to walls, to watches.",Computer Science,Design and Product,Course,"Information Design,User Interface Techniques,Responsive Web Design,Website Wireframe,",Scott  Klemmer,4.5,567.0,Approx. 13 hours to complete,Coursera,,,,,"['Information Design', 'User Interface Techniques', 'Responsive Web Design', 'Website Wireframe']",Web Development
C0525,"Data Warehouse Concepts, Design, and Data Integration",https://www.coursera.org/learn/dwdesign?specialization=data-warehousing,"This is the second course in the Data Warehousing for Business Intelligence specialization. Ideally, the courses should be taken in sequence.",Computer Science,Design and Product,Course,"Extraction, Transformation And Loading (ETL),Pentaho,Data Integration,Data Warehouse,",Michael Mannino,4.4,1016.0,Approx. 57 hours to complete,Coursera,,,,,"['Extraction', 'Transformation And Loading (ETL)', 'Pentaho', 'Data Integration', 'Data Warehouse']",Web Development
C0526,"Developing AR/VR/MR/XR Apps with WebXR, Unity & Unreal",https://www.coursera.org/learn/develop-augmented-virtual-mixed-extended-reality-applications-webxr-unity-unreal?specialization=extended-reality-for-everybody,"This third course in the XR for Everybody specialization is geared toward the technical development of XR experiences. The course provides learners with a more technical mental model of XR technologies and the tools to approach XR development with confidence. It walks through the stages of development for both VR and AR projects, introducing the main XR development platforms as well as the key methods and tools. This third course also helps learners infer advanced XR requirements from physical/digital prototypes and teaches them how to differentiate major technical concerns, estimate development costs, and plan research necessary to advance XR.",Computer Science,Design and Product,Course,,Michael Nebeling,4.4,57.0,Approx. 32 hours to complete,Coursera,,,,,[],Web Development
C0527,Introduction to CSS3,https://www.coursera.org/learn/introcss?specialization=web-design,"The web today is almost unrecognizable from the early days of white pages with lists of blue links.  Now, sites are designed with complex layouts, unique fonts, and customized color schemes.   This course will show you the basics of Cascading Style Sheets (CSS3).  The emphasis will be on learning how to write CSS rules, how to test code, and how to establish good programming habits.     ",Computer Science,Mobile and Web Development,Course,"Web Design,Style Sheets,Cascading Style Sheets (CSS),Web Development,","Colleen van Lent, Ph.D.",4.8,9187.0,Approx. 11 hours to complete,Coursera,,,,,"['Web Design', 'Style Sheets', 'Cascading Style Sheets (CSS)', 'Web Development']",Web Development
C0528,Software Development Processes and Methodologies,https://www.coursera.org/learn/software-processes?specialization=software-development-lifecycle,"Software is quickly becoming integral part of human life as we see more and more automation and technical advancements. Just like we expect car to work all the time and can't afford to break or reboot unexpectedly, software industry needs to continue to learn better way to build software if it were to become integral part of human life.",Computer Science,Software Development,Course,,Praveen Mittal,4.7,1846.0,Approx. 22 hours to complete,Coursera,,,,,[],Web Development
C0529,Introduction to Machine Learning in Sports Analytics,https://www.coursera.org/learn/machine-learning-sports-analytics?specialization=sports-analytics,"In this course students will explore supervised machine learning techniques using the python scikit learn (sklearn) toolkit and real-world athletic data to understand both machine learning algorithms and how to predict athletic outcomes. Building on the previous courses in the specialization, students will apply methods such as support vector machines (SVM), decision trees, random forest, linear and logistic regression, and ensembles of learners to examine data from professional sports leagues such as the NHL and MLB as well as wearable devices such as the Apple Watch and inertial measurement units (IMUs). By the end of the course students will have a broad understanding of how classification and regression techniques can be used to enable sports analytics across athletic activities and events.",Data Science,Data Analysis,Course,,Christopher Brooks,4.5,14.0,Approx. 12 hours to complete,Coursera,,,,,[],Data Science
C0530,Understanding and Visualizing Data with Python,https://www.coursera.org/learn/understanding-visualization-data?specialization=statistics-with-python,"In this course, learners will be introduced to the field of statistics, including where data come from, study design, data management, and exploring and visualizing data. Learners will identify different types of data, and learn how to visualize, analyze, and interpret summaries for both univariate and multivariate data. Learners will also be introduced to the differences between probability and non-probability sampling from larger populations, the idea of how sample estimates vary, and how inferences can be made about larger populations based on probability sampling.",Data Science,Data Analysis,Course,"Statistics,Data Analysis,Python Programming,Data Visualization (DataViz),",Brenda Gunderson,4.7,2480.0,Approx. 20 hours to complete,Coursera,,,,,"['Statistics', 'Data Analysis', 'Python Programming', 'Data Visualization (DataViz)']",Data Science
C0531,Analyzing and Visualizing Data in Looker,https://www.coursera.org/learn/analyzing-and-visualizing-data-in-looker?specialization=creating-business-value-with-data-and-looker,"In this course, you learn how to do the kind of data exploration and analysis in Looker that would formerly be done primarily by SQL developers or analysts. Upon completion of this course, you will be able to leverage Looker's modern analytics platform to find and explore relevant content in your organization’s Looker instance, ask questions of your data, create new metrics as needed, and build and share visualizations and dashboards to facilitate data-driven decision making.",Data Science,Data Analysis,Course,,Google Cloud Training,4.7,281.0,Approx. 4 hours to complete,Coursera,,,,,[],Data Science
C0532,"ETL and Data Pipelines with Shell, Airflow and Kafka",https://www.coursera.org/learn/etl-and-data-pipelines-shell-airflow-kafka?specialization=bi-foundations-sql-etl-data-warehouse,"After taking this course, you will be able to describe two different approaches to converting raw data into analytics-ready data. One approach is the Extract, Transform, Load (ETL) process. The other contrasting approach is the Extract, Load, and Transform (ELT) process. ETL processes apply to data warehouses and data marts. ELT processes apply to data lakes, where the data is transformed on demand by the requesting/calling application.  ",Information Technology,Data Management,Course,"Extraction, Transformation And Loading (ETL),Apache Kafka,Apache Airflow,Data Pipelines,",Yan Luo,4.5,187.0,Approx. 15 hours to complete,Coursera,,,,,"['Extraction', 'Transformation And Loading (ETL)', 'Apache Kafka', 'Apache Airflow', 'Data Pipelines']",Data Science
C0533,Agile Software Development,https://www.coursera.org/learn/agile-software-development?specialization=software-development-lifecycle,Software industry is going crazy on agile methods.  It is rapidly becoming the choice for software development where requirements are unpredictable or is expected to change over time. This course will help you gain knowledge on what is agile? Why agile is better suited for these situations?  We will also cover some of the most common agile frameworks like scrum and XP in depth.  ,Computer Science,Software Development,Course,"Software Development Kit (SDK),Agile Software Development,Scrum (Software Development),",Praveen Mittal,4.7,6735.0,Approx. 11 hours to complete,Coursera,,,,,"['Software Development Kit (SDK)', 'Agile Software Development', 'Scrum (Software Development)']",Web Development
C0534,Applied Data Science for Data Analysts,https://www.coursera.org/learn/applied-data-science-for-data-analysts?specialization=data-science-with-databricks-for-data-analysts,"In this course, you will develop your data science skills while solving real-world problems. You'll work through the data science process to and use unsupervised learning to explore data, engineer and select meaningful features, and solve complex supervised learning problems using tree-based models. You will also learn to apply hyperparameter tuning and cross-validation strategies to improve model performance.",Data Science,Data Analysis,Course,"Data Science,Machine Learning,Databricks,",Kevin Coyle,4.4,38.0,Approx. 16 hours to complete,Coursera,,,,,"['Data Science', 'Machine Learning', 'Databricks']",Data Science
C0535,Functional Programming in Scala Capstone,https://www.coursera.org/learn/scala-capstone?specialization=scala,In the final capstone project you will apply the skills you learned by building a large data-intensive application using real-world data.,Data Science,Data Analysis,Course,"Scala Programming,Parallel Computing,Apache Spark,Functional Programming,",Julien Richard-Foy,4.4,540.0,Approx. 32 hours to complete,Coursera,,,,,"['Scala Programming', 'Parallel Computing', 'Apache Spark', 'Functional Programming']",Data Science
C0536,Big Data - Capstone Project,https://www.coursera.org/learn/big-data-project?specialization=big-data,"Welcome to the Capstone Project for Big Data! In this culminating project, you will build a big data ecosystem using tools and methods form the earlier courses in this specialization. You will analyze a data set simulating big data generated from a large number of users who are playing our imaginary game ""Catch the Pink Flamingo"". During the five week Capstone Project, you will walk through the typical big data science steps for acquiring, exploring, preparing, analyzing, and reporting. In the first two weeks, we will introduce you to the data set and guide you through some exploratory analysis using tools such as Splunk and Open Office. Then we will move into more challenging big data problems requiring the more advanced tools you have learned including KNIME, Spark's MLLib and Gephi. Finally, during the fifth and final week, we will show you how to bring it all together to create engaging and compelling reports and slide presentations. As a result of our collaboration with Splunk, a software company focus on analyzing machine-generated big data, learners with the top projects will be eligible to present to Splunk and meet Splunk recruiters and engineering leadership.",Data Science,Data Analysis,Course,"Big Data,Neo4j,Knime,Splunk,",Ilkay Altintas,4.4,389.0,Approx. 20 hours to complete,Coursera,,,,,"['Big Data', 'Neo4j', 'Knime', 'Splunk']",Data Science
C0537,Inferential Statistics,https://www.coursera.org/learn/inferential-statistics?specialization=social-science,"Inferential statistics are concerned with making inferences based on relations found in the sample, to relations in the population. Inferential statistics help us decide, for example, whether the differences between groups that we see in our data are strong enough to provide support for our hypothesis that group differences exist in general, in the entire population.",Data Science,Probability and Statistics,Course,"Statistics,Statistical Inference,Regression Analysis,Analysis Of Variance (ANOVA),",Annemarie Zand Scholten,4.4,570.0,Approx. 22 hours to complete,Coursera,,,,,"['Statistics', 'Statistical Inference', 'Regression Analysis', 'Analysis Of Variance (ANOVA)']",Data Science
C0538,Fundamentals of Scalable Data Science,https://www.coursera.org/learn/ds?specialization=advanced-data-science-ibm,Apache Spark is the de-facto standard for large scale data processing. This is the first course of a series of courses towards the IBM Advanced Data Science Specialization. We strongly believe that is is crucial for success to start learning a scalable data science platform since memory and CPU constraints are to most limiting factors when it comes to building advanced machine learning models.,Data Science,Data Analysis,Course,"Statistics,Data Science,Internet Of Things (IOT),Apache Spark,",Romeo Kienzler,4.3,2013.0,Approx. 21 hours to complete,Coursera,,,,,"['Statistics', 'Data Science', 'Internet Of Things (IOT)', 'Apache Spark']",Data Science
C0539,Delivery Problem,https://www.coursera.org/learn/delivery-problem?specialization=discrete-mathematics,"In this online course we’ll implement (in Python) together efficient programs for a problem needed by delivery companies all over the world millions times per day — the travelling salesman problem. The goal in this problem is to visit all the given places as quickly as possible. How to find an optimal solution to this problem quickly? We still don’t have provably efficient algorithms for this difficult computational problem and this is the essence of the P versus NP problem, the most important open question in Computer Science. Still, we’ll implement several solutions for real world instances of the travelling salesman problem.",Computer Science,Algorithms,Course,,Alexander S. Kulikov,4.7,359.0,Approx. 13 hours to complete,Coursera,,,,,[],Web Development
C0540,Decentralized Applications (Dapps),https://www.coursera.org/learn/decentralized-apps-on-blockchain?specialization=blockchain,"This third course of the Blockchain specialization prepares you to design and develop end-to-end decentralized applications (Dapps) – which provide anyone with access to the blockchain’s features and services. You will use Truffle IDE, smart contracts, a simple web client and a MetaMask client. You will learn about the architecture of a Dapp: the front-end client interface, backed by the blockchain and smart contracts. The course covers the basic design of a Dapp, Truffle development process and commands (init, develop, test and migrate), test-driven development of Dapp, Dapp application models and emerging standards that are essential for predictable Dapp behavior. ",Computer Science,Software Development,Course,"MetaMask client,Blockchain,Decentralized Applications,Truffle IDE,Smart Contract,",Bina Ramamurthy,4.5,1128.0,Approx. 17 hours to complete,Coursera,,,,,"['MetaMask client', 'Blockchain', 'Decentralized Applications', 'Truffle IDE', 'Smart Contract']",Web Development
C0541,AI Workflow: Data Analysis and Hypothesis Testing,https://www.coursera.org/learn/ibm-ai-workflow-data-analysis-hypothesis-testing?specialization=ibm-ai-workflow,"This is the second course in the IBM AI Enterprise Workflow Certification specialization.  You are STRONGLY encouraged to complete these courses in order as they are not individual independent courses, but part of a workflow where each course builds on the previous ones.  ",Data Science,Machine Learning,Course,"Data Science,Information Engineering,Artificial Intelligence (AI),Machine Learning,Python Programming,",Mark J Grover,4.2,97.0,Approx. 10 hours to complete,Coursera,,,,,"['Data Science', 'Information Engineering', 'Artificial Intelligence (AI)', 'Machine Learning', 'Python Programming']",Data Science
C0542,Cognición encarnada,https://www.coursera.org/learn/cognicion?specialization=inteligencia-artificial,"Esta materia de corte teórico forma parte del programa especializado introducción a la Inteligencia Artificial, aunque puede tomarse de manera independiente.",Computer Science,Algorithms,Course,,Carlos Gershenson,4.7,26.0,Approx. 27 hours to complete,Coursera,,,,,[],Web Development
C0543,Foundations of Red Hat Cloud-native Development,https://www.coursera.org/learn/foundations-of-red-hat-cloud-native-development?specialization=cloud-native-development-openshift-kubernetes,"Foundations of Red Hat Cloud-native Development (DO100a) is designed for IT professionals without previous cloud application deployment experience to learn basic Kubernetes skills. This course is a part of a three-course specialization. In this specialization, you will run, deploy, and test containerized applications with zero-downtime releases.",Information Technology,Cloud Computing,Course,"Cloud Platforms,Cloud Applications,Kubernetes,Cloud Computing,",Marek Czernek,4.6,50.0,Approx. 5 hours to complete,Coursera,,,,,"['Cloud Platforms', 'Cloud Applications', 'Kubernetes', 'Cloud Computing']",Data Science
C0544,Linux System Programming and Introduction to Buildroot,https://www.coursera.org/learn/linux-system-programming-introduction-to-buildroot?specialization=advanced-embedded-linux-development,"This course provides an overview of System Programming for the Linux operating system, or software which is interfacing directly with the Linux Kernel and C library. The basic components of a Linux Embedded System, including kernel and root filesystem details are discussed. The Buildroot build system is introduced, which students use to build their own custom Embedded Linux system through programming assignments.",Computer Science,Software Development,Course,"Linux,Embedded Systems Engineering,C Programming,Shell Script,Electrical Engineering,",Daniel Walkes,4.1,31.0,Approx. 43 hours to complete,Coursera,,,,,"['Linux', 'Embedded Systems Engineering', 'C Programming', 'Shell Script', 'Electrical Engineering']",Web Development
C0545,Statistical Inference,https://www.coursera.org/learn/statistical-inference?specialization=data-science-statistics-machine-learning,"Statistical inference is the process of drawing conclusions about populations or scientific truths from data. There are many modes of performing inference including statistical modeling, data oriented strategies and explicit use of designs and randomization in analyses. Furthermore, there are broad theories (frequentists, Bayesian, likelihood, design based, …) and numerous complexities (missing data, observed and unobserved confounding, biases) for performing inference. A practitioner can often be left in a debilitating maze of techniques, philosophies and nuance. This course presents the fundamentals of inference in a practical approach for getting things done. After taking this course, students will understand the broad directions of statistical inference and use this information for making informed choices in analyzing data.",Data Science,Probability and Statistics,Course,"Statistics,Statistical Inference,Statistical Hypothesis Testing,","Brian Caffo, PhD",4.2,4393.0,Approx. 54 hours to complete,Coursera,,,,,"['Statistics', 'Statistical Inference', 'Statistical Hypothesis Testing']",Data Science
C0546,Game Design and Development 3: 3D Shooter,https://www.coursera.org/learn/game-design-and-development-3?specialization=game-design-and-development,"If you love games and want to learn how to make them, then this course is your third step down that path. In this course you will learn the fundamentals of game design, including an understanding of level design, game balancing, prototyping, and playtesting, as well as game asset creation techniques. You will continue developing video games using industry standard game development tools, including the Unity 2020 game engine. At the end of the course you will have completed a 3D First-Person Shooter game, and will be able to leverage an array of game development techniques to create your own basic games.",Computer Science,Software Development,Course,"Video Game Development,Unity,Game Design,technology,Game Making,",Brian Winn,4.8,42.0,Approx. 13 hours to complete,Coursera,,,,,"['Video Game Development', 'Unity', 'Game Design', 'technology', 'Game Making']",Web Development
C0547,Generative Deep Learning with TensorFlow,https://www.coursera.org/learn/generative-deep-learning-with-tensorflow?specialization=tensorflow-advanced-techniques,"In this course, you will: ",Data Science,Machine Learning,Course,"Variational AutoEncoders,Auto Encoders,Generative Adversarial Networks,Neural Style Transfer,",Laurence Moroney,4.8,213.0,Approx. 16 hours to complete,Coursera,,,,,"['Variational AutoEncoders', 'Auto Encoders', 'Generative Adversarial Networks', 'Neural Style Transfer']",Data Science
C0548,Managing Big Data with MySQL,https://www.coursera.org/learn/analytics-mysql?specialization=excel-mysql,"This course is an introduction to how to use relational databases in business analysis.  You will learn how relational databases work, and how to use entity-relationship diagrams to display the structure of the data held within them.  This knowledge will help you understand how data needs to be collected in business contexts, and help you identify features you want to consider if you are involved in implementing new data collection efforts.  You will also learn how to execute the most useful query and table aggregation statements for business analysts, and practice using them with real databases. No more waiting 48 hours for someone else in the company to provide data to you – you will be able to get the data by yourself!",Data Science,Data Analysis,Course,"Data Analysis,MySQL,Teradata,SQL,",Daniel Egger,4.7,3999.0,Approx. 32 hours to complete,Coursera,,,,,"['Data Analysis', 'MySQL', 'Teradata', 'SQL']",Data Science
C0549,Getting Started with Data Visualization in R,https://www.coursera.org/learn/jhu-getting-started-data-viz-r?specialization=jhu-data-visualization-dashboarding-with-r,"Data visualization is a critical skill for anyone that routinely using quantitative data in his or her work - which is to say that data visualization is a tool that almost every worker needs today. One of the critical tools for data visualization today is the R statistical programming language. Especially in conjunction with the tidyverse software packages, R has become an extremely powerful and flexible platform for making figures, tables, and reproducible reports. However, R can be intimidating for first time users, and there are so many resources online that it can be difficult to sort through without guidance.",Data Science,Data Analysis,Course,,Collin Paschall,4.8,218.0,Approx. 11 hours to complete,Coursera,,,,,[],Data Science
C0550,Java Programming: Solving Problems with Software,https://www.coursera.org/learn/java-programming?specialization=object-oriented-programming,"Learn to code in Java and improve your programming and problem-solving skills. You will learn to design algorithms as well as develop and debug programs. Using custom open-source classes, you will write programs that access and transform images, websites, and other types of data. At the end of the course you will build a program that determines the popularity of different baby names in the US over time by analyzing comma separated value (CSV) files. ",Computer Science,Software Development,Course,"Algorithms,Problem Solving,String (Computer Science),Java Programming,",Owen Astrachan,4.6,7635.0,Approx. 17 hours to complete,Coursera,,,,,"['Algorithms', 'Problem Solving', 'String (Computer Science)', 'Java Programming']",Web Development
C0551,"Big Data, Artificial Intelligence, and Ethics",https://www.coursera.org/learn/big-data-ai-ethics?specialization=computational-social-science-ucdavis,"This course gives you context and first-hand experience with the two major catalyzers of the computational science revolution: big data and artificial intelligence. With more than 99% of all mediated information in digital format and with 98% of the world population using digital technology, humanity produces an impressive digital footprint. In theory, this provides unprecedented opportunities to understand and shape society. In practice, the only way this information deluge can be processed is through using the same digital technologies that produced it. Data is the fuel, but machine learning it the motor to extract remarkable new knowledge from vasts amounts of data. Since an important part of this data is about ourselves, using algorithms in order to learn more about ourselves naturally leads to ethical questions. Therefore, we cannot finish this course without also talking about research ethics and about some of the old and new lines computational social scientists have to keep in mind. As hands-on labs, you will use IBM Watson’s artificial intelligence to extract the personality of people from their digital text traces, and you will experience the power and limitations of machine learning by teaching two teachable machines from Google yourself.",Data Science,Data Analysis,Course,,Martin Hilbert,4.6,412.0,Approx. 12 hours to complete,Coursera,,,,,[],Data Science
C0552,"Smart Analytics, Machine Learning, and AI on Google Cloud",https://www.coursera.org/learn/smart-analytics-machine-learning-ai-gcp?specialization=gcp-data-machine-learning,"Incorporating machine learning into data pipelines increases the ability of businesses to extract insights from their data. This course covers several ways machine learning can be included in data pipelines on Google Cloud depending on the level of customization required. For little to no customization, this course covers AutoML. For more tailored machine learning capabilities, this course introduces Notebooks and BigQuery machine learning (BigQuery ML). Also, this course covers how to productionalize machine learning solutions using Vertex AI. Learners will get hands-on experience building machine learning models on Google Cloud using QwikLabs.",Information Technology,Cloud Computing,Course,,Google Cloud Training,4.6,1174.0,Approx. 6 hours to complete,Coursera,,,,,[],Data Science
C0553,Enterprise Systems,https://www.coursera.org/learn/enterprise-systems?specialization=information-systems,"This course provides you with an understanding of what Enterprise Systems (also commonly termed as Enterprise Resource Planning Systems, ERPs) are. After learning about what these systems are, we would touch upon why these systems are useful to companies, through which you would get to see the various jobs and positions that are associated with the use and deployment of ERPs. ",Information Technology,Support and Operations,Course,"Management,IT Skills and Knowledge,",Jason Chan,4.8,677.0,Approx. 7 hours to complete,Coursera,,,,,"['Management', 'IT Skills and Knowledge']",Data Science
C0554,Bayesian Statistics: From Concept to Data Analysis,https://www.coursera.org/learn/bayesian-statistics?specialization=bayesian-statistics,"This course introduces the Bayesian approach to statistics, starting with the concept of probability and moving to the analysis of data. We will learn about the philosophy of the Bayesian approach as well as how to implement it for common types of data. We will compare the Bayesian approach to the more commonly-taught Frequentist approach, and see some of the benefits of the Bayesian approach. In particular, the Bayesian approach allows for better accounting of uncertainty, results that have more intuitive and interpretable meaning, and more explicit statements of assumptions. This course combines lecture videos, computer demonstrations, readings, exercises, and discussion boards to create an active learning experience. For computing, you have the choice of using Microsoft Excel or the open-source, freely available statistical package R, with equivalent content for both options. The lectures provide some of the basic mathematical development as well as explanations of philosophy and interpretation. Completion of this course will give you an understanding of the concepts of the Bayesian approach, understanding the key differences between Bayesian and Frequentist approaches, and the ability to do basic data analyses.",Data Science,Probability and Statistics,Course,"Statistics,Bayesian Statistics,Bayesian Inference,R Programming,",Herbert Lee,4.6,3062.0,Approx. 11 hours to complete,Coursera,,,,,"['Statistics', 'Bayesian Statistics', 'Bayesian Inference', 'R Programming']",Data Science
C0555,Access Control Concepts,https://www.coursera.org/learn/access-control-concepts?specialization=certified-in-cybersecurity,"Welcome to course 3 of 5 of this Specialization, Access Control Concepts.",Information Technology,Security,Course,"Logical Controls,administrative controls,Physical Controls,",(ISC)² Education & Training,4.8,12.0,Approx. 4 hours to complete,Coursera,,,,,"['Logical Controls', 'administrative controls', 'Physical Controls']",Cybersecurity
C0556,Advanced Data Structures in Java,https://www.coursera.org/learn/advanced-data-structures?specialization=java-object-oriented,How does Google Maps plan the best route for getting around town given current traffic conditions?  How does an internet router forward packets of network traffic to minimize delay?  How does an aid group allocate resources to its affiliated local partners?,Computer Science,Algorithms,Course,"Graphs,Search Algorithm,Graph Algorithms,Graph Data Structures,",Leo Porter,4.8,1229.0,Approx. 28 hours to complete,Coursera,,,,,"['Graphs', 'Search Algorithm', 'Graph Algorithms', 'Graph Data Structures']",Web Development
C0557,Network Defense Essentials (NDE),https://www.coursera.org/learn/network-defense-essentials-nde?specialization=cybersecurity-attack-and-defense,Network Defense Essentials covers the fundamental concepts of information security and network defense. This introductory cybersecurity course is designed for today's entry-level information security or cybersecurity careers and is ideal for learners aspiring to pursue a career in cybersecurity.,Information Technology,Security,Course,,EC-Council,4.5,19.0,Approx. 31 hours to complete,Coursera,,,,,[],Cybersecurity
C0558,Mastering the Software Engineering Interview,https://www.coursera.org/learn/cs-tech-interview?specialization=java-object-oriented,"You’ve hit a major milestone as a computer scientist and are becoming a capable programmer. You now know how to solve problems, write algorithms, and analyze solutions; and you have a wealth of tools (like data structures) at your disposal.  You may now be ready for an internship or (possibly) an entry-level software engineering job.  But can you land the internship/job?  It depends in part on how well you can solve new technical problems and communicate during interviews.  How can you get better at this?  Practice!  ",Computer Science,Software Development,Course,"Live Coding,Programming Interview,Algorithms,Problem Solving,",Mia Minnes,4.6,551.0,Approx. 20 hours to complete,Coursera,,,,,"['Live Coding', 'Programming Interview', 'Algorithms', 'Problem Solving']",Web Development
C0559,Innovating with Data and Google Cloud,https://www.coursera.org/learn/innovating-with-data-google-cloud?specialization=creating-business-value-with-data-and-looker,Cloud technology on its own only provides a fraction of the true value to a business; When combined with data–lots and lots of it–it has the power to truly unlock value and create new experiences for customers. ,Information Technology,Cloud Computing,Course,,Google Cloud Training,4.8,618.0,Approx. 2 hours to complete,Coursera,,,,,[],Data Science
C0560,Introduction to Python for Cybersecurity ,https://www.coursera.org/learn/pythonforcybersecurity-introduction?specialization=pythonforcybersecurity,This course it the first part of the Python for Cybersecurity Specialization. Learners will get an introduction and overview of the course format and learning objectives.,Information Technology,Security,Course,,Howard Poston,4.5,240.0,Approx. 3 hours to complete,Coursera,,,,,[],Cybersecurity
C0561,Preparing for AI-900: Microsoft Azure AI Fundamentals exam,https://www.coursera.org/learn/microsoft-ai-900-exam-prep?specialization=microsoft-azure-ai-900-ai-fundamentals,"Microsoft certifications give you a professional advantage by providing globally recognized and industry-endorsed evidence of mastering skills in digital and cloud businesses.​​ In this course, you will prepare to take the AI-900 Microsoft Azure AI Fundamentals certification exam. ",Data Science,Machine Learning,Course,"Natural Language Processing,Test Preparation,Artificial Intelligence (AI),Machine Learning,Microsoft Azure,",Microsoft,4.7,53.0,Approx. 9 hours to complete,Coursera,,,,,"['Natural Language Processing', 'Test Preparation', 'Artificial Intelligence (AI)', 'Machine Learning', 'Microsoft Azure']",Data Science
C0562,"Cloud Virtualization, Containers and APIs",https://www.coursera.org/learn/cloud-virtualization-containers-api-duke?specialization=building-cloud-computing-solutions-at-scale,"Welcome to the second course in the Building Cloud Computing Solutions at Scale Specialization! In this course, you will learn to design Cloud-native systems with the fundamental building blocks of Cloud computing. These building blocks include virtual machines and containers. You will also learn how to build effective Microservices using technologies like Flask and Kubernetes. Finally, you will analyze successful patterns in Operations including: Effective alerts, load testing and Kaizen. ",Information Technology,Cloud Computing,Course,,Noah Gift,4.5,76.0,Approx. 13 hours to complete,Coursera,,,,,[],Data Science
C0563,Tools for Exploratory Data Analysis in Business,https://www.coursera.org/learn/tools-exploratory-data-analysis-business?specialization=analytics,"This course introduces several tools for processing business data to obtain actionable insight. The most important tool is the mind of the data analyst. Accordingly, in this course, you will explore what it means to have an analytic mindset. You will also practice identifying business problems that can be answered using data analytics. You will then be introduced to various software platforms to extract, transform, and load (ETL) data into tools for conducting exploratory data analytics (EDA). Specifically, you will practice using PowerBI, Alteryx, and RStudio to conduct the ETL and EDA processes. ",Data Science,Data Analysis,Course,"R and RStudio,Data Cleansing and Exploration,Alteryx,Analytic Mindset,PowerBI,",Ronald Guymon,4.8,31.0,Approx. 17 hours to complete,Coursera,,,,,"['R and RStudio', 'Data Cleansing and Exploration', 'Alteryx', 'Analytic Mindset', 'PowerBI']",Data Science
C0564,Feature Engineering,https://www.coursera.org/learn/feature-engineering?specialization=machine-learning-tensorflow-gcp,"Want to know about Vertex AI Feature Store? Want to know how you can improve the accuracy of your ML models? What about how to find which data columns make the most useful features? Welcome to Feature Engineering, where we discuss good versus bad features and how you can preprocess and transform them for optimal use in your models. This course includes content and labs on feature engineering using BigQuery ML, Keras, and TensorFlow.",Data Science,Machine Learning,Course,,Google Cloud Training,4.5,1725.0,Approx. 13 hours to complete,Coursera,,,,,[],Data Science
C0565,Inheritance and Data Structures in Java,https://www.coursera.org/learn/java-inheritance-data-structures?specialization=programming-python-java,"This course provides a comprehensive look at Java inheritance, including access modifiers and overriding methods.  Students are introduced to abstract classes, and will learn how to read and write to files, use regular expressions for parsing text, and how to leverage complex data structures like collections and maps.  ",Computer Science,Software Development,Course,"Debugging,Problem Solving,Java Programming,Data Structure,Inheritance,",Brandon Krakowsky,4.7,54.0,Approx. 20 hours to complete,Coursera,,,,,"['Debugging', 'Problem Solving', 'Java Programming', 'Data Structure', 'Inheritance']",Web Development
C0566,Command Line Tools for Genomic Data Science,https://www.coursera.org/learn/genomic-tools?specialization=genomic-data-science,"Introduces to the commands that you need to manage and analyze directories, files, and large sets of genomic data. This is the fourth course in the Genomic Big Data Science Specialization from Johns Hopkins University.",Data Science,Data Analysis,Course,"Bioinformatics,Samtools,Unix,Command-Line Interface,","Liliana Florea, PhD",4.0,524.0,Approx. 11 hours to complete,Coursera,,,,,"['Bioinformatics', 'Samtools', 'Unix', 'Command-Line Interface']",Data Science
C0567,Python for Active Defense,https://www.coursera.org/learn/python-for-active-defense?specialization=pythonforcybersecurity,This course covers Python for active defense.,Information Technology,Security,Course,"Python Programming,active defense,",Howard Poston,4.2,27.0,Approx. 4 hours to complete,Coursera,,,,,"['Python Programming', 'active defense']",Cybersecurity
C0568,Getting Started With Application Development,https://www.coursera.org/learn/getting-started-app-development?specialization=developing-apps-gcp,"""In this course, application developers learn how to design and develop cloud-native applications that seamlessly integrate managed services from Google Cloud. Through a combination of presentations, demos, and hands-on labs, participants learn how to apply best practices for application development and use the appropriate Google Cloud storage services for object storage, relational data, caching, and analytics. ",Computer Science,Software Development,Course,"Cloud Storage,Data Store,Google Cloud Platform,Cloud Computing,",Google Cloud Training,4.5,2113.0,Approx. 13 hours to complete,Coursera,,,,,"['Cloud Storage', 'Data Store', 'Google Cloud Platform', 'Cloud Computing']",Web Development
C0569,Animation with JavaScript and jQuery,https://www.coursera.org/learn/animation-javascript-jquery?specialization=javascript-beginner,"With the general introduction of JavaScript in the first course, this course will focus on JavaScript libraries, specifically jQuery. The scripts will be geared toward Document Object Model (DOM) manipulation. Learners will describe the top JavaScript libraries and differentiate which would work best to implement and accelerate development of web page animation.",Computer Science,Mobile and Web Development,Course,"Jquery,JavaScript,animations,",William Mead,4.8,85.0,Approx. 13 hours to complete,Coursera,,,,,"['Jquery', 'JavaScript', 'animations']",Web Development
C0570,Bayesian Statistics: Mixture Models,https://www.coursera.org/learn/mixture-models?specialization=bayesian-statistics,"Bayesian Statistics: Mixture Models introduces you to an important class of statistical models. The course is organized in five modules, each of which contains lecture videos, short quizzes, background reading, discussion prompts, and one or more peer-reviewed assignments. Statistics is best learned by doing it, not just watching a video, so the course is structured to help you learn through application. ",Data Science,Data Analysis,Course,"Markov Model,Bayesian Statistics,Mixture Model,R Programming,",Abel Rodriguez,4.5,41.0,Approx. 21 hours to complete,Coursera,,,,,"['Markov Model', 'Bayesian Statistics', 'Mixture Model', 'R Programming']",Data Science
C0571,"Introduction to Data, Signal, and Image Analysis with MATLAB",https://www.coursera.org/learn/matlab-image-processing?specialization=matlab-programming-engineers-scientists,"Welcome to Introduction to Data, Signal, and Image Analysis with MATLAB!     ",Data Science,Data Analysis,Course,,Jack Noble,4.7,170.0,Approx. 23 hours to complete,Coursera,,,,,[],Data Science
C0572,CUDA Advanced Libraries,https://www.coursera.org/learn/cuda-advanced-libraries?specialization=gpu-programming,"This course will complete the GPU specialization, focusing on the leading libraries distributed as part of the CUDA Toolkit. Students will learn how to use CuFFT, and linear algebra libraries to perform complex mathematical computations. The Thrust library’s capabilities in representing common data structures and associated algorithms will be introduced. Using cuDNN and cuTensor they will be able to develop machine learning applications that help with object detection, human language translation and image classification.",Computer Science,Algorithms,Course,"Data Science,Artificial Neural Network,Machine Learning,C++,Linear Algebra,",Chancellor Thomas Pascale,,,Approx. 25 hours to complete,Coursera,,,,,"['Data Science', 'Artificial Neural Network', 'Machine Learning', 'C++', 'Linear Algebra']",Web Development
C0573,Advanced Data Visualization with R,https://www.coursera.org/learn/jhu-advanced-data-visualization-r?specialization=jhu-data-visualization-dashboarding-with-r,"Data visualization is a critical skill for anyone that routinely using quantitative data in his or her work - which is to say that data visualization is a tool that almost every worker needs today. One of the critical tools for data visualization today is the R statistical programming language. Especially in conjunction with the tidyverse software packages, R has become an extremely powerful and flexible platform for making figures, tables, and reproducible reports. However, R can be intimidating for first time users, and there are so many resources online that it can be difficult to sort through without guidance.",Data Science,Data Analysis,Course,,Collin Paschall,4.9,55.0,Approx. 10 hours to complete,Coursera,,,,,[],Data Science
C0574,Apply Generative Adversarial Networks (GANs),https://www.coursera.org/learn/apply-generative-adversarial-networks-gans?specialization=generative-adversarial-networks-gans,"In this course, you will:",Data Science,Machine Learning,Course,"Pix2Pix,Image-to-Image Translation,CycleGANs,Convolutional Neural Network,Privacy Preservation,",Sharon Zhou,4.8,468.0,Approx. 29 hours to complete,Coursera,,,,,"['Pix2Pix', 'Image-to-Image Translation', 'CycleGANs', 'Convolutional Neural Network', 'Privacy Preservation']",Data Science
C0575,Computational Social Science Capstone Project,https://www.coursera.org/learn/css-capstone?specialization=computational-social-science-ucdavis,"CONGRATULATIONS! Not only did you accomplish to finish our intellectual tour de force, but, by now, you also already have all required skills to execute a comprehensive multi-method workflow of computational social science. We will put these skills to work in this final integrative lab, where we are bringing it all together. We scrape data from a social media site (drawing on the skills obtained in the 1st course of this specialization). We then analyze the collected data by visualizing the resulting networks (building on the skills obtained in the 3rd course). We analyze some key aspects of it in depth, using machine learning powered natural language processing (putting to work the insights obtained during the 2nd course). Finally, we use a computer simulation model to explore possible generative mechanism and scrutinize aspects that we did not find in our empirical reality, but that help us to improve this aspect of society (drawing on the skills obtained during the 4th course of this specialization). The result is the first glimpse at a new way of doing social science in a digital age: computational social science. Congratulations! Having done all of this yourself, you can consider yourself a fledgling computational social scientist!",Data Science,Data Analysis,Course,,Martin Hilbert,4.6,34.0,Approx. 13 hours to complete,Coursera,,,,,[],Data Science
C0576,"Writing, Running, and Fixing Code in C",https://www.coursera.org/learn/writing-running-fixing-code?specialization=c-programming,"Building on the course Programming Fundamentals, this course will teach you how to write code by first planning what your program should do—an important approach for novice and professional programmers. You will learn how to compile and run your program, and then how to test and debug it. This course builds on the Seven Steps you have already learned and provides a framework for systematically testing for problems and fixing them, so you can find and fix problems efficiently.",Computer Science,Software Development,Course,"C Programming,Compiler,Debugging,",Andrew D. Hilton,4.3,746.0,Approx. 20 hours to complete,Coursera,,,,,"['C Programming', 'Compiler', 'Debugging']",Web Development
C0577,Cybersecurity Capstone Project,https://www.coursera.org/learn/cyber-security-capstone?specialization=cyber-security,"This course presents an intensive experience during which students build a software system they intend to be secure, and then attempt to show that other students' projects are insecure, by finding flaws in them.",Computer Science,Computer Security and Networks,Course,,Jennifer Golbeck,4.2,152.0,Approx. 4 hours to complete,Coursera,,,,,[],Cybersecurity
C0578,Ethical Hacking Essentials (EHE),https://www.coursera.org/learn/ethical-hacking-essentials-ehe?specialization=cybersecurity-attack-and-defense,"Ethical Hacking Essentials is an introductory cybersecurity course that covers ethical hacking and penetration testing fundamentals and prepares learners for a career in cybersecurity. This course will introduce learners to computer and network security concepts such as threats and vulnerabilities, password cracking, web application attacks, IoT and OT attacks, cloud computing, pentesting fundamentals, and more.",Information Technology,Security,Course,,EC-Council,4.7,83.0,Approx. 32 hours to complete,Coursera,,,,,[],Cybersecurity
C0579,"Response Surfaces, Mixtures, and Model Building",https://www.coursera.org/learn/response-surfaces-mixtures-model-building?specialization=design-experiments,"Factorial experiments are often used in factor screening.; that is, identify the subset of factors in a process or system that are of primary important to the response. Once the set of important factors are identified interest then usually turns to optimization; that is, what levels of the important factors produce the best values of the response.  This course provides design and optimization tools to answer that questions using the response surface framework.  Other related topics include design and analysis of computer experiments, experiments with mixtures, and experimental strategies to reduce the effect of uncontrollable factors on unwanted variability in the response.",Data Science,Probability and Statistics,Course,,Douglas C. Montgomery,4.6,52.0,Approx. 13 hours to complete,Coursera,,,,,[],Data Science
C0580,"Python Project: pillow, tesseract, and opencv",https://www.coursera.org/learn/python-project?specialization=python-3-programming,"This course will walk you through a hands-on project suitable for a portfolio. You will be introduced to third-party APIs and will be shown how to manipulate images using the Python imaging library (pillow), how to apply optical character recognition to images to recognize text (tesseract and py-tesseract), and how to identify faces in images using the popular opencv library. By the end of the course you will have worked with three different libraries available for Python 3 to create a real-world data-analysis project.",Computer Science,Software Development,Course,,Christopher Brooks,4.0,1807.0,Approx. 19 hours to complete,Coursera,,,,,[],Web Development
C0581,Data Science with R - Capstone Project,https://www.coursera.org/learn/data-science-with-r-capstone-project?specialization=applied-data-science-r,"In this capstone course, you will apply various data science skills and techniques that you have learned as part of the previous courses in the IBM Data Science with R Specialization or IBM Data Analytics with Excel and R Professional Certificate.",Data Science,Data Analysis,Course,"Data Science,R Programming,Data Visualization (DataViz),Linear Regression,Exploratory Data Analysis,",Jeff Grossman,4.4,28.0,Approx. 26 hours to complete,Coursera,,,,,"['Data Science', 'R Programming', 'Data Visualization (DataViz)', 'Linear Regression', 'Exploratory Data Analysis']",Data Science
C0582,Introduction to Genomic Technologies,https://www.coursera.org/learn/introduction-genomics?specialization=genomic-data-science,"This course introduces you to the basic biology of modern genomics and the experimental tools that we use to measure it. We'll introduce the Central Dogma of Molecular Biology and cover how next-generation sequencing can be used to measure DNA, RNA, and epigenetic patterns. You'll also get an introduction to the key concepts in computing and data science that you'll need to understand how data from next-generation sequencing experiments are generated and analyzed.  ",Data Science,Data Analysis,Course,"Bioinformatics,Statistics,Data Science,Computational Biology,","Steven Salzberg, PhD",4.6,4248.0,Approx. 6 hours to complete,Coursera,,,,,"['Bioinformatics', 'Statistics', 'Data Science', 'Computational Biology']",Data Science
C0583,A Complete Reinforcement Learning System (Capstone),https://www.coursera.org/learn/complete-reinforcement-learning-system?specialization=reinforcement-learning,"In this final course, you will put together your knowledge from Courses 1, 2 and 3 to implement a complete RL solution to a problem. This capstone will let you see how each component---problem formulation, algorithm selection, parameter selection and representation design---fits together into a complete solution, and how to make appropriate choices when deploying RL in the real world. This project will require you to implement both the environment to stimulate your problem, and a control agent with Neural Network function approximation. In addition, you will conduct a scientific study of your learning system to develop your ability to assess the robustness of RL agents. To use RL in the real world, it is critical to (a) appropriately formalize the problem as an MDP, (b) select appropriate algorithms, (c ) identify what choices in your implementation will have large impacts on performance and (d) validate the expected behaviour of your algorithms. This capstone is valuable for anyone who is planning on using RL to solve real problems.",Data Science,Machine Learning,Course,"Artificial Intelligence (AI),Machine Learning,Reinforcement Learning,Function Approximation,Intelligent Systems,",Martha White,4.7,587.0,Approx. 15 hours to complete,Coursera,,,,,"['Artificial Intelligence (AI)', 'Machine Learning', 'Reinforcement Learning', 'Function Approximation', 'Intelligent Systems']",Data Science
C0584,Engineering Practices for Building Quality Software,https://www.coursera.org/learn/engineering-practices-secure-software-quality?specialization=software-development-lifecycle,"Agile embraces change which means that team should be able to effectively make changes to the system as team learns about users and market.  To be good at effectively making changes to the system, teams need to have engineering rigor and excellence else embracing change becomes very painful and expensive.  ",Computer Science,Software Development,Course,"Application Security,Software Architecture,Software Testing,Software Design,Software Quality,",Kevin Wendt,4.6,296.0,Approx. 17 hours to complete,Coursera,,,,,"['Application Security', 'Software Architecture', 'Software Testing', 'Software Design', 'Software Quality']",Web Development
C0585,AI Workflow: Feature Engineering and Bias Detection,https://www.coursera.org/learn/ibm-ai-workflow-feature-engineering-bias-detection?specialization=ibm-ai-workflow,"This is the third course in the IBM AI Enterprise Workflow Certification specialization.    You are STRONGLY encouraged to complete these courses in order as they are not individual independent courses, but part of a workflow where each course builds on the previous ones.  ",Data Science,Machine Learning,Course,"Data Science,Information Engineering,Artificial Intelligence (AI),Machine Learning,Python Programming,",Mark J Grover,4.3,66.0,Approx. 12 hours to complete,Coursera,,,,,"['Data Science', 'Information Engineering', 'Artificial Intelligence (AI)', 'Machine Learning', 'Python Programming']",Data Science
C0586,Database Management Essentials,https://www.coursera.org/learn/database-management?specialization=data-warehousing,"Database Management Essentials provides the foundation you need for a career in database development, data warehousing, or business intelligence, as well as for the entire Data Warehousing for Business Intelligence specialization. In this course, you will create relational databases, write SQL statements to extract information to satisfy business reporting requests, create entity relationship diagrams (ERDs) to design databases, and analyze table designs for excessive redundancy. As you develop these skills, you will use either Oracle, MySQL, or PostgreSQL to execute SQL statements and a database diagramming tool such as the ER Assistant or Visual Paradigm to create ERDs. We’ve designed this course to ensure a common foundation for specialization learners. Everyone taking the course can jump right in with writing SQL statements in Oracle, MySQL, or PostgreSQL.",Computer Science,Software Development,Course,"Database (DB) Design,Entity–Relationship (E-R) Model,Database (DBMS),SQL,",Michael Mannino,4.6,3149.0,Approx. 105 hours to complete,Coursera,,,,,"['Database (DB) Design', 'Entity–Relationship (E-R) Model', 'Database (DBMS)', 'SQL']",Web Development
C0587,Practical Machine Learning,https://www.coursera.org/learn/practical-machine-learning?specialization=data-science-statistics-machine-learning,"One of the most common tasks performed by data scientists and data analysts are prediction and machine learning. This course will cover the basic components of building and applying prediction functions with an emphasis on practical applications. The course will provide basic grounding in concepts such as training and tests sets, overfitting, and error rates. The course will also introduce a range of model based and algorithmic machine learning methods including regression, classification trees, Naive Bayes, and random forests. The course will cover the complete process of building prediction functions including data collection, feature creation, algorithms, and evaluation.",Data Science,Machine Learning,Course,"Random Forest,Machine Learning (ML) Algorithms,Machine Learning,R Programming,","Jeff Leek, PhD",4.5,3219.0,Approx. 8 hours to complete,Coursera,,,,,"['Random Forest', 'Machine Learning (ML) Algorithms', 'Machine Learning', 'R Programming']",Data Science
C0588,3D Reconstruction - Multiple Viewpoints,https://www.coursera.org/learn/3d-reconstruction-multiple-viewpoints?specialization=firstprinciplesofcomputervision,"This course focuses on the recovery of the 3D structure of a scene from images taken from different viewpoints. We start by first building a comprehensive geometric model of a camera and then develop a method for finding (calibrating) the internal and external parameters of the camera model. Then, we show how two such calibrated cameras, whose relative positions and orientations are known, can be used to recover the 3D structure of the scene. This is what we refer to as simple binocular stereo. Next, we tackle the problem of uncalibrated stereo where the relative positions and orientations of the two cameras are unknown. Interestingly, just from the two images taken by the cameras, we can both determine the relative positions and orientations of the cameras and then use this information to estimate the 3D structure of the scene. ",Computer Science,Algorithms,Course,"Epipolar Geometry,Camera Model,Camera Calibration,Structure from Motion,Simple Stereo,",Shree Nayar,4.8,20.0,Approx. 8 hours to complete,Coursera,,,,,"['Epipolar Geometry', 'Camera Model', 'Camera Calibration', 'Structure from Motion', 'Simple Stereo']",Web Development
C0589,Business Analytics Capstone,https://www.coursera.org/learn/wharton-capstone-analytics?specialization=business-analytics,"The Business Analytics Capstone Project gives you the opportunity to apply what you've learned about how to make data-driven decisions to a real business challenge faced by global technology companies like Yahoo, Google, and Facebook. At the end of this Capstone, you'll be able to ask the right questions of the data, and know how to use data effectively to address business challenges of your own. You’ll understand how cutting-edge businesses use data to optimize marketing, maximize revenue, make operations efficient, and make hiring and management decisions so that you can apply these strategies to your own company or business. Designed with Yahoo to give you invaluable experience in evaluating and creating data-driven decisions, the Business Analytics Capstone Project provides the chance for you to devise a plan of action for optimizing data itself to provide key insights and analysis, and to describe the interaction between key financial and non-financial indicators. Once you complete your analysis, you'll be better prepared to make better data-driven business decisions of your own.",Data Science,Data Analysis,Course,"Customer Analytics,Strategic Management,Data Analysis,Business Analytics,",Wharton Teaching Staff,4.5,702.0,Approx. 13 hours to complete,Coursera,,,,,"['Customer Analytics', 'Strategic Management', 'Data Analysis', 'Business Analytics']",Data Science
C0590,Framework for Data Collection and Analysis,https://www.coursera.org/learn/data-collection-framework?specialization=data-collection,"This course will provide you with an overview over existing data products and a good understanding of the data collection landscape. With the help of various examples you will learn how to identify which data sources likely matches your research question, how to turn your research question into measurable pieces, and how to think about an analysis plan. Furthermore this course will provide you with a general framework that allows you to not only understand each step required for a successful data collection and analysis, but also help you to identify errors associated with different data sources. You will learn some metrics to quantify each potential error, and thus you will have tools at hand to describe the quality of a data source. Finally we will introduce different large scale data collection efforts done by private industry and government agencies, and review the learned concepts through these examples. This course is suitable for beginners as well as those that know about one particular data source, but not others, and are looking for a general framework to evaluate data products.",Data Science,Data Analysis,Course,"Data Collection,Data Quality,Data Analysis,Data Generating Process,","Frauke Kreuter, Ph.D.",4.2,706.0,Approx. 9 hours to complete,Coursera,,,,,"['Data Collection', 'Data Quality', 'Data Analysis', 'Data Generating Process']",Data Science
C0591,Foundations for Big Data Analysis with SQL,https://www.coursera.org/learn/foundations-big-data-analysis-sql?specialization=cloudera-big-data-analysis-sql,"In this course, you'll get a big-picture view of using SQL for big data, starting with an overview of data, database systems, and the common querying language (SQL). Then you'll learn the characteristics of big data and SQL tools for working on big data platforms. You'll also install an exercise environment (virtual machine) to be used through the specialization courses, and you'll have an opportunity to do some initial exploration of databases and tables in that environment.",Data Science,Data Analysis,Course,"Database (DBMS),Data Warehousing,Data Analysis,Big Data,SQL,",Glynn Durham,4.8,1057.0,Approx. 11 hours to complete,Coursera,,,,,"['Database (DBMS)', 'Data Warehousing', 'Data Analysis', 'Big Data', 'SQL']",Data Science
C0592,Business Metrics for Data-Driven Companies,https://www.coursera.org/learn/analytics-business-metrics?specialization=excel-mysql,"In this course, you will learn best practices for how to use data analytics to make any company more competitive and more profitable. You will be able to recognize the most critical business metrics and distinguish them from mere data.",Data Science,Data Analysis,Course,"Data Analysis,Business Analysis,Business Analytics,Business Process,",Daniel Egger,4.6,8293.0,Approx. 7 hours to complete,Coursera,,,,,"['Data Analysis', 'Business Analysis', 'Business Analytics', 'Business Process']",Data Science
C0593,"Java Programming: Arrays, Lists, and Structured Data",https://www.coursera.org/learn/java-programming-arrays-lists-data?specialization=object-oriented-programming,Build on the software engineering skills you learned in “Java Programming: Solving Problems with Software” by learning new data structures. Use these data structures to build more complex programs that use Java’s object-oriented features. At the end of the course you will write an encryption program and a program to break your encryption algorithm.,Computer Science,Software Development,Course,"Data Structure,Cryptography,Hash Table,Java Programming,",Andrew D. Hilton,4.7,3051.0,Approx. 14 hours to complete,Coursera,,,,,"['Data Structure', 'Cryptography', 'Hash Table', 'Java Programming']",Web Development
C0594,Python Classes and Inheritance,https://www.coursera.org/learn/python-classes-inheritance?specialization=python-3-programming,"This course introduces classes, instances, and inheritance. You will learn how to use classes to represent data in concise and natural ways. You'll also learn how to override built-in methods and how to create ""inherited"" classes that reuse functionality. You'll also learn about how to design classes. Finally, you will be introduced to the good programming habit of writing automated tests for their own code.",Computer Science,Software Development,Course,,Steve Oney,4.7,3434.0,Approx. 17 hours to complete,Coursera,,,,,[],Web Development
C0595,User Experience & Interaction Design for AR/VR/MR/XR,https://www.coursera.org/learn/user-experience-interaction-design-augmented-virtual-mixed-extended-reality?specialization=extended-reality-for-everybody,"This second course in the XR for Everybody specialization looks at how to design new user experiences for XR technologies. The course provides learners with a design thinking mindset and equips them with a fundamental toolbox for creating XR applications using rapid prototyping. It starts with a broad overview of the complete XR design process, discussing different paths to becoming an XR creator, what is generally involved in making XR experiences, and how to best get started. The course then emphasizes design thinking, critiques, and ethics while introducing guidelines and user-centered techniques like design jams. The second half of the course introduces a variety of methods and tools for prototyping both physically and digitally including on the XR devices themselves through immersive authoring.",Computer Science,Design and Product,Course,,Michael Nebeling,4.7,97.0,Approx. 27 hours to complete,Coursera,,,,,[],Web Development
C0596,Microsoft Azure Machine Learning,https://www.coursera.org/learn/microsoft-azure-machine-learning?specialization=microsoft-azure-ai-900-ai-fundamentals,"Machine learning is at the core of artificial intelligence, and many modern applications and services depend on predictive machine learning models. Training a machine learning model is an iterative process that requires time and compute resources. Automated machine learning can help make it easier. In this course, you will learn how to use Azure Machine Learning to create and publish models without writing code.",Data Science,Machine Learning,Course,"Artificial Intelligence (AI),Microsoft Azure,Machine Learning,",Microsoft,4.6,128.0,Approx. 11 hours to complete,Coursera,,,,,"['Artificial Intelligence (AI)', 'Microsoft Azure', 'Machine Learning']",Data Science
C0597,Data Manipulation in JavaScript,https://www.coursera.org/learn/javascript-data-manipulation?specialization=javascript-beginner,"This course builds on the skills from the previous course and goes further into managing and manipulating data with JavaScript. You will learn methods for validating and handling data provided by users or coming from an external data source. This course includes a challenge in the form of a seat reservation system, as well as a project that pulls data in from an external data source.",Computer Science,Mobile and Web Development,Course,,William Mead,4.8,41.0,Approx. 18 hours to complete,Coursera,,,,,[],Web Development
C0598,DevOps on AWS: Operate and Monitor,https://www.coursera.org/learn/devops-aws-operate-monitor?specialization=aws-devops,"The third and the final course in the DevOps series will teach how to use AWS Services to control the architecture in order to reach a better operational state. Monitoring and Operation are key aspects for both the release pipeline and production environments, because they provide instruments that help discover what's happening, as well as do modifications and enhancements on infrastructure that is currently running. ",Computer Science,Software Development,Course,"CI/CD,aws,Devops,",Rafael Lopes,4.6,77.0,Approx. 3 hours to complete,Coursera,,,,,"['CI/CD', 'aws', 'Devops']",Web Development
C0599,Introduction to Neurohacking In R,https://www.coursera.org/learn/neurohacking?specialization=computational-neuroscience,"Neurohacking describes how to use the R programming language (https://cran.r-project.org/) and its associated package to perform manipulation, processing, and analysis of neuroimaging data. We focus on publicly-available structural magnetic resonance imaging (MRI). We discuss concepts such as inhomogeneity correction, image registration, and image visualization.",Data Science,Data Analysis,Course,"Image Processing,Brain,R Programming,Neurology,",Dr. Elizabeth Sweeney,4.6,281.0,Approx. 17 hours to complete,Coursera,,,,,"['Image Processing', 'Brain', 'R Programming', 'Neurology']",Data Science
C0600,Oracle Database Foundations,https://www.coursera.org/learn/introduction-to-oracle-sql?specialization=oracle-sql-databases,This Specialization is designed to help beginners learn the foundational knowledge invaluable towards their journey to becoming proficient with the Oracle database environment. ,Computer Science,Software Development,Course,,Rafiq Wayani,4.6,281.0,Approx. 11 hours to complete,Coursera,,,,,[],Web Development
C0601,Managing Machine Learning Projects,https://www.coursera.org/learn/managing-machine-learning-projects?specialization=ai-product-management-duke,"This second course of the AI Product Management Specialization by Duke University's Pratt School of Engineering focuses on the practical aspects of managing machine learning projects.  The course walks through the keys steps of a ML project from how to identify good opportunities for ML through data collection, model building, deployment, and monitoring and maintenance of production systems.  Participants will learn about the data science process and how to apply the process to organize ML efforts, as well as the key considerations and decisions in designing ML systems.",Data Science,Machine Learning,Course,"Modeling,Project Management,Machine Learning,",Jon Reifschneider,4.7,56.0,Approx. 18 hours to complete,Coursera,,,,,"['Modeling', 'Project Management', 'Machine Learning']",Data Science
C0602,Building No-Code Apps with AppSheet: Foundations,https://www.coursera.org/learn/building-no-code-apps-with-appsheet-foundations?specialization=building-no-code-apps-with-appsheet,"In this course you will learn the fundamentals of no-code app development and recognize use cases for no-code apps. The course provides an overview of the AppSheet no-code app development platform and its capabilities. You learn how to create an app with data from spreadsheets, create the app’s user experience using AppSheet views and publish the app to end users.",Information Technology,Cloud Computing,Course,"Navigate the AppSheet UI and editor to build an app,Learn the process to deploy and publish an app,Understand the capabilities of the AppSheet no-code app development platform,Work with app data sources using Google sheets,Create and customize the user experience of an app using AppSheet views and branding,",Google Cloud Training,4.7,101.0,Approx. 5 hours to complete,Coursera,,,,,"['Navigate the AppSheet UI and editor to build an app', 'Learn the process to deploy and publish an app', 'Understand the capabilities of the AppSheet no-code app development platform', 'Work with app data sources using Google sheets', 'Create and customize the user experience of an app using AppSheet views and branding']",Data Science
C0603,State Estimation and Localization for Self-Driving Cars,https://www.coursera.org/learn/state-estimation-localization-self-driving-cars?specialization=self-driving-cars,"Welcome to State Estimation and Localization for Self-Driving Cars, the second course in University of Toronto’s Self-Driving Cars Specialization. We recommend you take the first course in the Specialization prior to taking this course. ",Computer Science,Software Development,Course,,Jonathan Kelly,4.7,783.0,Approx. 26 hours to complete,Coursera,,,,,[],Web Development
C0604,Features and Boundaries,https://www.coursera.org/learn/features-and-boundaries?specialization=firstprinciplesofcomputervision,"This course focuses on the detection of features and boundaries in images. Feature and boundary detection is a critical preprocessing step for a variety of vision tasks including object detection, object recognition and metrology – the measurement of the physical dimensions and other properties of objects. The course presents a variety of methods for detecting features and boundaries and shows how features extracted from an image can be used to solve important vision tasks.",Computer Science,Algorithms,Course,"Scale Space,Active Contours,Image Transformations,Edge and Corner Detection,SIFT Detector,",Shree Nayar,4.9,21.0,Approx. 22 hours to complete,Coursera,,,,,"['Scale Space', 'Active Contours', 'Image Transformations', 'Edge and Corner Detection', 'SIFT Detector']",Web Development
C0605,"Everyday Excel, Part 2",https://www.coursera.org/learn/everyday-excel-part-2?specialization=everyday-excel,"""Everyday Excel, Part 2"" is a continuation of the popular ""Everyday Excel, Part 1"".  Building on concepts learned in the first course, you will continue to expand your knowledge of applications in Excel.  This course is aimed at intermediate users, but even advanced users will pick up new skills and tools in Excel.  By the end of this course, you will have the skills and tools to take on the project-based ""Everyday Excel, Part 3 (Projects)"".",Computer Science,Design and Product,Course,"Data Management,Spreadsheet,Microsoft Excel,Problem Solving,Real World,",Charlie Nuttelman,4.8,485.0,Approx. 22 hours to complete,Coursera,,,,,"['Data Management', 'Spreadsheet', 'Microsoft Excel', 'Problem Solving', 'Real World']",Web Development
C0606,Relational Database Design,https://www.coursera.org/learn/relational-database-design?specialization=databases-for-data-scientists,"Have you ever wanted to build a database but don't know where to start? This course will provide you a step-by-step guidance. We are going to start from a raw idea to an implementable relational database. Getting on the path, practicing the real-life mini cases, you will be confident and comfortable with Relational Database Design. Let's get started!",Information Technology,Data Management,Course,"Database (DB) Design,Database (DBMS),Relational Models,Normalization,Entity–Relationship (E-R) Model,",Di Wu,4.6,88.0,Approx. 36 hours to complete,Coursera,,,,,"['Database (DB) Design', 'Database (DBMS)', 'Relational Models', 'Normalization', 'Entity–Relationship (E-R) Model']",Data Science
C0607,Lean Software Development,https://www.coursera.org/learn/lean-software-development?specialization=software-development-lifecycle,"While scrum and XP were transforming the software development industry, there were another set of ideas (derived from lean manufacturing and Six Sigma) that started to influence software development methods.  These ideas around Lean Software Development forms the foundation of number of agile methods. ",Computer Science,Software Development,Course,,Praveen Mittal,4.6,366.0,Approx. 9 hours to complete,Coursera,,,,,[],Web Development
C0608,Ethics of Artificial Intelligence,https://www.coursera.org/learn/ethics-of-artificial-intelligence?specialization=artificial-intelligence-overview,"This course deals with the problems created, aggravated or transformed by AI. It is intended to give students a chance to reflect on the ethical, social, and cultural impact of AI by focusing on the issues faced by and brought about by professionals in AI but also by citizens, institutions and societies. The course addresses these topics by means of case studies and examples analyzed in the light of the main ethical frameworks.",Computer Science,Algorithms,Course,,Viola Schiaffonati,4.9,21.0,Approx. 10 hours to complete,Coursera,,,,,[],Web Development
C0609,Camera and Imaging,https://www.coursera.org/learn/cameraandimaging?specialization=firstprinciplesofcomputervision,"This course covers the fundamentals of imaging – the creation of an image that is ready for consumption or processing by a human or a machine. Imaging has a long history, spanning several centuries. But the advances made in the last three decades have revolutionized the camera and dramatically improved the robustness and accuracy of computer vision systems. We describe the fundamentals of imaging, as well as recent innovations in imaging that have had a profound impact on computer vision.",Computer Science,Algorithms,Course,"Fourier Transform,High-Dynamic-Range (HDR) Imaging,Image Formation,Convolution and Deconvolution,Working Principles of a Camera,",Shree Nayar,4.7,82.0,Approx. 17 hours to complete,Coursera,,,,,"['Fourier Transform', 'High-Dynamic-Range (HDR) Imaging', 'Image Formation', 'Convolution and Deconvolution', 'Working Principles of a Camera']",Web Development
C0610,A Crash Course in Data Science,https://www.coursera.org/learn/data-science-course?specialization=executive-data-science,"By now you have definitely heard about data science and big data. In this one-week class, we will provide a crash course in what these terms mean and how they play a role in successful organizations. This class is for anyone who wants to learn what all the data science action is about, including those who will eventually need to manage data scientists. The goal is to get you up to speed as quickly as possible on data science without all the fluff. We've designed this course to be as convenient as possible without sacrificing any of the essentials.",Data Science,Data Analysis,Course,"Data Science,Data Analysis,Machine Learning,Project,","Jeff Leek, PhD",4.5,8055.0,Approx. 7 hours to complete,Coursera,,,,,"['Data Science', 'Data Analysis', 'Machine Learning', 'Project']",Data Science
C0611,Data Collection and Processing with Python,https://www.coursera.org/learn/data-collection-processing-python?specialization=python-3-programming,"This course teaches you to fetch and process data from services on the Internet. It covers Python list comprehensions and provides opportunities to practice extracting from and processing deeply nested data. You'll also learn how to use the Python requests module to interact with REST APIs and what to look for in documentation of those APIs. For the final project, you will construct a “tag recommender” for the flickr photo sharing site.",Computer Science,Software Development,Course,,Paul Resnick,4.7,3709.0,Approx. 16 hours to complete,Coursera,,,,,[],Web Development
C0612,Developing Data Products,https://www.coursera.org/learn/data-products?specialization=data-science-statistics-machine-learning,"A data product is the production output from a statistical analysis. Data products automate complex analysis tasks or use technology to expand the utility of a data informed model, algorithm or inference. This course covers the basics of creating data products using Shiny, R packages, and interactive graphics. The course will focus on the statistical fundamentals of creating a data product that can be used to tell a story about data to a mass audience.",Data Science,Data Analysis,Course,"Interactivity,Plotly,Web Application,R Programming,","Brian Caffo, PhD",4.6,2248.0,Approx. 10 hours to complete,Coursera,,,,,"['Interactivity', 'Plotly', 'Web Application', 'R Programming']",Data Science
C0613,Capstone (React App),https://www.coursera.org/learn/capstone-react-app?specialization=meta-react-native,"This course enables you to demonstrate multiple skills from this program by solving an authentic real-world problem. Each module includes a brief recap of, and links to, content that you have covered in previous courses in this program. The course Capstone project will test your knowledge and understanding in mobile development using React Native. ",Computer Science,Mobile and Web Development,Course,"UX and UI,React (Web Framework),Github,Figma,SQL,",Taught by Meta Staff,4.6,13.0,Approx. 13 hours to complete,Coursera,,,,,"['UX and UI', 'React (Web Framework)', 'Github', 'Figma', 'SQL']",Web Development
C0614,Wearable Technologies and Sports Analytics,https://www.coursera.org/learn/wearable-technologies?specialization=sports-analytics,Sports analytics now include massive datasets from athletes and teams that quantify both training and competition efforts.  Wearable technology devices are being worn by athletes everyday and provide considerable opportunities for an in-depth look at the stress and recovery of athletes across entire seasons.  The capturing of these large datasets has led to new hypotheses and strategies regarding injury prevention as well as detailed feedback for athletes to try and optimize training and recovery.,Data Science,Data Analysis,Course,,Peter F. Bodary,4.6,21.0,Approx. 28 hours to complete,Coursera,,,,,[],Data Science
C0615,Introduction to Object-Oriented Programming with Java,https://www.coursera.org/learn/object-oriented-programming-with-java?specialization=core-java,"Introduction to OO Programming with Java is course 2 of the Core Java Specialization. After completing this course, you'll be able to create simple Java classes that exhibit the principle of Encapsulation, to import other classes for use, to work with Strings, print output and use advanced math functions.",Computer Science,Software Development,Course,"Crt0,Recursively Enumerable Set,Computer Programming,Java Programming,",Evan Bergman,4.7,343.0,Approx. 17 hours to complete,Coursera,,,,,"['Crt0', 'Recursively Enumerable Set', 'Computer Programming', 'Java Programming']",Web Development
C0616,CUDA at Scale for the Enterprise,https://www.coursera.org/learn/cuda-at-scale-for-the-enterprise?specialization=gpu-programming,"This course will aid in students in learning in concepts that scale the use of GPUs and the CPUs that manage their use beyond the most common consumer-grade GPU installations. They will learn how to manage asynchronous workflows, sending and receiving events to encapsulate data transfers and control signals. Also, students will walk through application of GPUs to sorting of data and processing images, implementing their own software using these techniques and libraries.",Computer Science,Software Development,Course,"Cuda,Algorithms,C/C++,GPU,Nvidia,",Chancellor Thomas Pascale,,,Approx. 28 hours to complete,Coursera,,,,,"['Cuda', 'Algorithms', 'C/C++', 'GPU', 'Nvidia']",Web Development
C0617,Predictive Modeling and Analytics ,https://www.coursera.org/learn/predictive-modeling-analytics?specialization=data-analytics-business,Welcome to the second course in the Data Analytics for Business specialization! ,Data Science,Data Analysis,Course,"Regression Analysis,Data Cleansing,Predictive Modelling,Exploratory Data Analysis,",Dan Zhang,3.6,571.0,Approx. 10 hours to complete,Coursera,,,,,"['Regression Analysis', 'Data Cleansing', 'Predictive Modelling', 'Exploratory Data Analysis']",Data Science
C0618,Software Architecture,https://www.coursera.org/learn/software-architecture?specialization=software-design-architecture,"The way that software components — subroutines, classes, functions, etc. —  are arranged,  and the interactions between them, is called architecture. In this course you will study the ways these architectures are represented, both in UML and other visual tools. We will introduce the most common architectures, their qualities, and tradeoffs. We will talk about how architectures are evaluated, what makes a good architecture, and an architecture can be improved. We'll also talk about how the architecture touches on the process of software development.",Computer Science,Software Development,Course,,Kenny Wong,4.5,808.0,Approx. 9 hours to complete,Coursera,,,,,[],Web Development
C0619,Creating Dashboards and Storytelling with Tableau,https://www.coursera.org/learn/dataviz-dashboards?specialization=data-visualization,"Leveraging the visualizations you created in the previous course, Visual Analytics with Tableau, you will create dashboards that help you identify the story within your data, and you will discover how to use Storypoints to create a powerful story to leave a lasting impression with your audience.",Data Science,Data Analysis,Course,"Storyboarding,Tableau Software,Data Virtualization,Data Visualization (DataViz),",Govind Acharya,4.6,948.0,Approx. 14 hours to complete,Coursera,,,,,"['Storyboarding', 'Tableau Software', 'Data Virtualization', 'Data Visualization (DataViz)']",Data Science
C0620,Cómputo evolutivo,https://www.coursera.org/learn/computo-evolutivo?specialization=inteligencia-artificial,"La computación evolutiva (evolutionary computation, EC), aplica la teoría de la evolución natural y la genética en la adaptación evolutiva de estructuras computacionales, proporcionando un medio alternativo para atacar problemas complejos en diversas áreas, como la ingeniería, economía, química, medicina y, porque no, las artes. Una población de posibles soluciones de un problema dado es análoga a una población de organismos vivos que evolucionan cada generación, al recombinar los mejores individuos de la población y transmitir sus características de dichos individuos padres, a sus descendientes. En este campo, diferentes esquemas de métodos evolutivos se han desarrollado, los cuales difieren en el tipo de estructuras que conforman la población.",Computer Science,Algorithms,Course,,Katya Rodríguez Vázquez,3.9,15.0,Approx. 19 hours to complete,Coursera,,,,,[],Web Development
C0621,Game Design and Development 4: 3D Platformer,https://www.coursera.org/learn/game-design-and-development-4?specialization=game-design-and-development,"If you love games and want to learn how to make them, then this course is your fourth step down that path. In this course you will learn the fundamentals of game design, including an understanding of game idea generation, design documentation, the business side of games, and social issues in games. You will continue developing video games using industry standard game development tools, including the Unity 2020 game engine. At the end of the course you will have completed a 3D Platformer game, and will be able to leverage an array of game development techniques to create your own basic games.",Computer Science,Software Development,Course,"Video Game Development,Unity,Game Design,technology,Game Making,",Brian Winn,4.8,31.0,Approx. 12 hours to complete,Coursera,,,,,"['Video Game Development', 'Unity', 'Game Design', 'technology', 'Game Making']",Web Development
C0622,Advanced Machine Learning and Signal Processing,https://www.coursera.org/learn/advanced-machine-learning-signal-processing?specialization=advanced-data-science-ibm,>>> By enrolling in this course you agree to the End User License Agreement as set out in the FAQ.  Once enrolled you can access the license in the Resources area <<<,Data Science,Machine Learning,Course,,Romeo Kienzler,4.5,1205.0,Approx. 28 hours to complete,Coursera,,,,,[],Data Science
C0623,DevOps on AWS: Release and Deploy,https://www.coursera.org/learn/devops-aws-release-deploy?specialization=aws-devops,"AWS provides a set of flexible services designed to enable companies to more rapidly and reliably build and deliver products using AWS and DevOps practices. These services simplify provisioning and managing infrastructure, deploying application code, automating software release processes, and monitoring your application and infrastructure performance. ",Computer Science,Software Development,Course,"aws,Continuous Integration,Continuous Delivery,Devops,",Rafael Lopes,4.7,74.0,Approx. 3 hours to complete,Coursera,,,,,"['aws', 'Continuous Integration', 'Continuous Delivery', 'Devops']",Web Development
C0624,Elastic Google Cloud Infrastructure: Scaling and Automation,https://www.coursera.org/learn/gcp-infrastructure-scaling-automation?specialization=gcp-architecture,"This accelerated on-demand course introduces participants to the comprehensive and flexible infrastructure and platform services provided by Google Cloud. Through a combination of video lectures, demos, and hands-on labs, participants explore and deploy solution elements, including securely interconnecting networks, load balancing, autoscaling, infrastructure automation and managed services.",Information Technology,Cloud Computing,Course,"Load Balancing,Virtual Private Network (VPN),Google Cloud Platform,Autoscaling,",Google Cloud Training,4.7,9063.0,Approx. 7 hours to complete,Coursera,,,,,"['Load Balancing', 'Virtual Private Network (VPN)', 'Google Cloud Platform', 'Autoscaling']",Data Science
C0625,Capstone: Analyzing (Social) Network Data,https://www.coursera.org/learn/intermediate-programming-capstone?specialization=java-object-oriented,In this capstone project we’ll combine  all of the skills from all four specialization courses to do something really fun: analyze social networks!  ,Data Science,Data Analysis,Course,,Christine Alvarado,4.7,97.0,Approx. 17 hours to complete,Coursera,,,,,[],Data Science
C0626,Black-box and White-box Testing,https://www.coursera.org/learn/black-box-white-box-testing?specialization=software-testing-automation,"After completing this course, learners will have an understanding of a variety of black-box and white-box testing techniques. The learner will have put this understanding into practice, creating effective sets of test cases (called a test suite) to properly exercise software for defect finding. The learner will have examined requirements for testability, created an oracle for automated testing, assessed fault-finding effectiveness of test suites, and generated inputs using a variety of techniques.",Computer Science,Software Development,Course,"Executing Tests,Software Testing,Writing Tests,Cucumber,Junit,",Mike,3.5,58.0,Approx. 26 hours to complete,Coursera,,,,,"['Executing Tests', 'Software Testing', 'Writing Tests', 'Cucumber', 'Junit']",Web Development
C0627,Mathematics for Machine Learning: PCA,https://www.coursera.org/learn/pca-machine-learning?specialization=mathematics-machine-learning,"This intermediate-level course introduces the mathematical foundations to derive Principal Component Analysis (PCA), a fundamental dimensionality reduction technique. We'll cover some basic statistics of data sets, such as mean values and variances, we'll compute distances and angles between vectors using inner products and derive orthogonal projections of data onto lower-dimensional subspaces. Using all these tools, we'll then derive PCA as a method that minimizes the average squared reconstruction error between data points and their reconstruction.",Data Science,Machine Learning,Course,"Dimensionality Reduction,Python Programming,Linear Algebra,",Marc Peter Deisenroth,4.1,2965.0,Approx. 20 hours to complete,Coursera,,,,,"['Dimensionality Reduction', 'Python Programming', 'Linear Algebra']",Data Science
C0628,Machine Learning Foundations: A Case Study Approach,https://www.coursera.org/learn/ml-foundations?specialization=machine-learning,Do you have data and wonder what it can tell you?  Do you need a deeper understanding of the core ways in which machine learning can improve your business?  Do you want to be able to converse with specialists about anything from regression and classification to deep learning and recommender systems?,Data Science,Machine Learning,Course,"Python Programming,Machine Learning Concepts,Machine Learning,Deep Learning,",Emily Fox,4.6,13247.0,Approx. 18 hours to complete,Coursera,,,,,"['Python Programming', 'Machine Learning Concepts', 'Machine Learning', 'Deep Learning']",Data Science
C0629,Security Best Practices in Google Cloud,https://www.coursera.org/learn/security-best-practices-in-google-cloud?specialization=security-google-cloud-platform,"This self-paced training course gives participants broad study of security controls and techniques on Google Cloud. Through recorded lectures, demonstrations, and hands-on labs, participants explore and deploy the components of a secure Google Cloud solution, including Cloud Storage access control technologies, Security Keys, Customer-Supplied Encryption Keys, API access controls, scoping, shielded VMs, encryption, and signed URLs. It also covers securing Kubernetes environments.",Information Technology,Cloud Computing,Course,,Google Cloud Training,4.6,328.0,Approx. 11 hours to complete,Coursera,,,,,[],Data Science
C0630,Intermediate Object-Oriented Programming for Unreal Games,https://www.coursera.org/learn/intermediate-object-oriented-programming--unreal-games?specialization=cplusplusunrealgamedevelopment,This course is the fourth and final course in the Specialization about learning how to develop video games using the C++ programming language and the Unreal game engine on Windows or Mac. ,Computer Science,Software Development,Course,,"Dr. Tim ""Dr. T"" Chamillard",,,Approx. 15 hours to complete,Coursera,,,,,[],Web Development
C0631,Getting Started with Data Warehousing and BI Analytics,https://www.coursera.org/learn/getting-started-with-data-warehousing-and-bi-analytics?specialization=bi-foundations-sql-etl-data-warehouse,"Data is one of an organization’s most valuable commodities. But how can organizations best use their data? And how does the organization determine which data is the most recent, accurate, and useful for business decision making at the highest level? ",Information Technology,Data Management,Course,"Data Warehousing,Cube and Rollup,Business Intelligence (BI),Star and Snowflake Schema,cognos analytics,",Ramesh Sannareddy,4.4,93.0,Approx. 15 hours to complete,Coursera,,,,,"['Data Warehousing', 'Cube and Rollup', 'Business Intelligence (BI)', 'Star and Snowflake Schema', 'cognos analytics']",Data Science
C0632,Linux Embedded System Topics and Projects,https://www.coursera.org/learn/linux-embedded-systems-topics-projects?specialization=advanced-embedded-linux-development,"This course is used as the capstone in a three course sequence, including Linux System Programming and Introduction to Buildroot and Linux Kernel Programming and Introduction to Yocto Project.  Both of these courses must be completed before starting this course.",Computer Science,Software Development,Course,"Agile Software Development,Linux,Embedded Systems,",Daniel Walkes,,,Approx. 47 hours to complete,Coursera,,,,,"['Agile Software Development', 'Linux', 'Embedded Systems']",Web Development
C0633,Architecting with Google Kubernetes Engine: Production,https://www.coursera.org/learn/deploying-secure-kubernetes-containers-in-production?specialization=architecting-google-kubernetes-engine,"In this course, ""Architecting with Google Kubernetes Engine: Production,"" you'll learn about Kubernetes and Google Kubernetes Engine (GKE) security; logging and monitoring; and using Google Cloud managed storage and database services from within GKE.",Computer Science,Software Development,Course,,Google Cloud Training,4.7,913.0,Approx. 11 hours to complete,Coursera,,,,,[],Web Development
C0634,Managing Security in Google Cloud,https://www.coursera.org/learn/managing-security-in-google-cloud-platform?specialization=security-google-cloud-platform,"This self-paced training course gives participants broad study of security controls and techniques on Google Cloud. Through recorded lectures, demonstrations, and hands-on labs, participants explore and deploy the components of a secure Google Cloud solution, including Cloud Identity, Resource Manager, Cloud IAM, Virtual Private Cloud firewalls, Cloud Load Balancing, Cloud Peering, Cloud Interconnect, and VPC Service Controls.",Information Technology,Cloud Computing,Course,,Google Cloud Training,4.7,1041.0,Approx. 7 hours to complete,Coursera,,,,,[],Data Science
C0635,"Graph Search, Shortest Paths, and Data Structures",https://www.coursera.org/learn/algorithms-graphs-data-structures?specialization=algorithms,"The primary topics in this part of the specialization are: data structures (heaps, balanced search trees, hash tables, bloom filters), graph primitives (applications of breadth-first and depth-first search, connectivity, shortest paths), and their applications (ranging from deduplication to social network analysis).",Computer Science,Algorithms,Course,"Graphs,Data Structure,Algorithms,Hash Table,",Tim Roughgarden,4.8,1929.0,Approx. 15 hours to complete,Coursera,,,,,"['Graphs', 'Data Structure', 'Algorithms', 'Hash Table']",Web Development
C0636,Guided Tour of Machine Learning in Finance,https://www.coursera.org/learn/guided-tour-machine-learning-finance?specialization=machine-learning-reinforcement-finance,"This course aims at providing an introductory and broad overview of the field of ML with the focus on applications on Finance. Supervised Machine Learning methods are used in the capstone project to predict bank closures. Simultaneously, while this course can be taken as a separate course, it serves as a preview of topics that are covered in more details in subsequent modules of the specialization Machine Learning and Reinforcement Learning in Finance.",Data Science,Machine Learning,Course,,Igor Halperin,3.8,649.0,Approx. 24 hours to complete,Coursera,,,,,[],Data Science
C0637,Digital Marketing Analytics in Theory,https://www.coursera.org/learn/marketing-analytics?specialization=digital-marketing,Successfully marketing brands today requires a well-balanced blend of art and science. This course introduces students to the science of web analytics while casting a keen eye toward the artful use of numbers found in the digital space. The goal is to provide the foundation needed to apply data analytics to real-world challenges marketers confront daily. Digital Analytics for Marketing Professionals: Marketing Analytics in Theory is the first in a two-part series of complementary courses and focuses on the background information and frameworks analysts need to be successful in today's digital business world.,Data Science,Data Analysis,Course,"Digital Marketing,Data Collection,Analytics,Data Analysis,Data Visualization (DataViz),",Kevin Hartman,4.5,4692.0,Approx. 20 hours to complete,Coursera,,,,,"['Digital Marketing', 'Data Collection', 'Analytics', 'Data Analysis', 'Data Visualization (DataViz)']",Data Science
C0638,Introduction to UI Design,https://www.coursera.org/learn/ui-design?specialization=user-interface-design,"In this course, you will gain an understanding of the critical importance of user interface design. You will also learn industry-standard methods for how to approach the design of a user interface and key theories and frameworks that underlie the design of most interfaces you use today.",Computer Science,Design and Product,Course,"Usability,User Interface Design (UI Design),Design Theory,User Interface,",Loren Terveen,4.6,1348.0,Approx. 14 hours to complete,Coursera,,,,,"['Usability', 'User Interface Design (UI Design)', 'Design Theory', 'User Interface']",Web Development
C0639,User Research and Design,https://www.coursera.org/learn/design-research?specialization=user-interface-design,"In this course you will learn and practice techniques of user research and early UI design exploration.  First, you will learn and practice several techniques for user research, including in-person research and survey and log-analysis techniques.  Then, you will learn to analyze and deliver user research in forms that support UI design, including personas, use cases, tasks, and scenarios.  Finally, you will learn and practice ideation techniques that start from user research and broadly generate potential design ideas.",Computer Science,Design and Product,Course,,Loren Terveen,4.6,431.0,Approx. 7 hours to complete,Coursera,,,,,[],Web Development
C0640,Getting started with TensorFlow 2,https://www.coursera.org/learn/getting-started-with-tensor-flow2?specialization=tensorflow2-deeplearning,Welcome to this course on Getting started with TensorFlow 2!,Data Science,Machine Learning,Course,,Dr Kevin Webster,4.9,517.0,Approx. 26 hours to complete,Coursera,,,,,[],Data Science
C0641,Introduction to the Internet of Things and Embedded Systems,https://www.coursera.org/learn/iot?specialization=iot,"The explosive growth of the “Internet of Things” is changing our world and the rapid drop in price for typical IoT components is allowing people to innovate new designs and products at home. In this first class in the specialization you will learn the importance of IoT in society, the current components of typical IoT devices and trends for the future. IoT design considerations, constraints and interfacing between the physical world and your device will also be covered. You will also learn how to make design trade-offs between hardware and software. We'll also cover key components of networking to ensure that students understand how to connect their device to the Internet. Please note that this course does not include discussion forums.",Computer Science,Software Development,Course,"Internet Of Things (IOT),Microcontroller,Embedded System Design,Wireshark,",Ian Harris,4.7,12783.0,Approx. 11 hours to complete,Coursera,,,,,"['Internet Of Things (IOT)', 'Microcontroller', 'Embedded System Design', 'Wireshark']",Web Development
C0642,Data Visualization and Communication with Tableau,https://www.coursera.org/learn/analytics-tableau?specialization=excel-mysql,"One of the skills that characterizes great business data analysts is the ability to communicate practical implications of quantitative analyses to any kind of audience member.  Even the most sophisticated statistical analyses are not useful to a business if they do not lead to actionable advice, or if the answers to those business questions are not conveyed in a way that non-technical people can understand.  ",Data Science,Data Analysis,Course,"Data Analysis,Tableau Software,Data Visualization (DataViz),Visualization (Computer Graphics),",Daniel Egger,4.7,3154.0,Approx. 24 hours to complete,Coursera,,,,,"['Data Analysis', 'Tableau Software', 'Data Visualization (DataViz)', 'Visualization (Computer Graphics)']",Data Science
C0643,Combining Scrum with Other Agile Methodologies,https://www.coursera.org/learn/combining-scrum-with-other-methodologies?specialization=learnquest-certified-scrum-master,This course is designed to help Scrum beginners become more proficient with Agile Scrum. This course explores layering other Agile methodologies on top of Scrum.,Computer Science,Design and Product,Course,,Jim Sullivan,4.7,310.0,Approx. 6 hours to complete,Coursera,,,,,[],Web Development
C0644,Introduction to Structured Query Language (SQL),https://www.coursera.org/learn/intro-sql?specialization=web-applications,"In this course, you'll walk through installation steps for installing a text editor, installing MAMP or XAMPP (or equivalent) and creating a MySql Database. You'll learn about single table queries and the basic syntax of the SQL language, as well as database design with multiple tables, foreign keys, and the JOIN operation. Lastly, you'll learn to model many-to-many relationships like those needed to represent users, roles, and courses.",Computer Science,Mobile and Web Development,Course,"Phpmyadmin,MySQL,Relational Database,SQL,",Charles Russell Severance,4.8,5017.0,Approx. 15 hours to complete,Coursera,,,,,"['Phpmyadmin', 'MySQL', 'Relational Database', 'SQL']",Web Development
C0645,SQL for Data Science with R,https://www.coursera.org/learn/sql-data-science-r?specialization=applied-data-science-r,Much of the world's data resides in databases. SQL (or Structured Query Language) is a powerful language which is used for communicating with and extracting data from databases. A working knowledge of databases and SQL is a must if you want to become a data scientist.,Data Science,Data Analysis,Course,"Data Science,Select (Sql),Relational Databases (RDBMS),R Programming,Data Analysis,",Rav Ahuja,4.2,79.0,Approx. 28 hours to complete,Coursera,,,,,"['Data Science', 'Select (Sql)', 'Relational Databases (RDBMS)', 'R Programming', 'Data Analysis']",Data Science
C0646,Evaluations of AI Applications in Healthcare,https://www.coursera.org/learn/evaluations-ai-applications-healthcare?specialization=ai-healthcare,"With artificial intelligence applications proliferating throughout the healthcare system, stakeholders are faced with both opportunities and challenges of these evolving technologies. This course explores the principles of AI deployment in healthcare and the framework used to evaluate downstream effects of AI healthcare solutions.",Data Science,Machine Learning,Course,,Tina Hernandez-Boussard,4.5,144.0,Approx. 10 hours to complete,Coursera,,,,,[],Data Science
C0647,Building Batch Data Pipelines on GCP 日本語版,https://www.coursera.org/learn/batch-data-pipelines-gcp-jp?specialization=gcp-data-machine-learning-jp,通常、データ パイプラインは、「抽出、読み込み」、「抽出、読み込み、変換」、「抽出、変換、読み込み」のいずれかの枠組みに分類できます。このコースでは、バッチデータではどの枠組みを、どのような場合に使用するのかについて説明します。本コースではさらに、BigQuery、Dataproc 上での Spark の実行、Cloud Data Fusion のパイプラインのグラフ、Dataflow でのサーバーレスのデータ処理など、データ変換用の複数の Google Cloud テクノロジーについて説明します。受講者には、Qwiklabs を使用して Google Cloud でデータ パイプラインのコンポーネントを構築する実践演習を行っていただきます。,Information Technology,Cloud Computing,Course,,Google Cloud Training,4.4,28.0,Approx. 17 hours to complete,Coursera,,,,,[],Data Science
C0648,IoT Devices,https://www.coursera.org/learn/iot-devices-il?specialization=uiuc-iot,"The Internet of Things (IoT) stands to be the next revolution in computing. Billions of data-spouting devices connected to the Internet are already fundamentally changing the way we live and work. This course teaches a deep understanding of IoT technologies from the ground up. Students will learn IoT device programming (Arduino and Raspberry Pi), sensing and actuating technologies, IoT protocol stacks (Zigbee, 5G, NFC, MQTT, etc), networking backhaul design and security enforcement, data science for IoT, and cloud-based IoT platforms such as AWS IoT. As an optional honors avtivity, students will be guided through laboratory assignments designed to give them practical real-world experience, where they will deploy a distributed wifi monitoring service, a cloud-based IoT service platform serving tens of thousands of heartbeat sensors, and more. Students will emerge from the class with a cutting-edge education on this rapidly emerging technology segment, and with the confidence to carry out tasks they will commonly encounter in industrial settings. Important: To complete the practical part of the whole series (honors) there will be practical experimentation using actual hardware, which you will need to acquire. (Cost may vary between 100 and 200 USD depending on your location). Most parts that are needed for the first course, will be re-used in the following courses.",Computer Science,Mobile and Web Development,Course,"Internet,Internet Of Things (IOT),Wireless,Front And Back Ends,",Matthew Caesar,4.7,118.0,Approx. 12 hours to complete,Coursera,,,,,"['Internet', 'Internet Of Things (IOT)', 'Wireless', 'Front And Back Ends']",Web Development
C0649,Smart Contracts,https://www.coursera.org/learn/smarter-contracts?specialization=blockchain,"This second course of the Blockchain specialization will help you design, code, deploy and execute a smart contract – the computational element of the blockchain technology. Smart contracts allow for implementing user-defined operations of arbitrary complexity that are not possible through plain cryptocurrency protocols. They allow users to implement conditions, rules and policies of the domain applications. Smart contracts are a powerful feature that, when properly designed and coded, can result in autonomous, efficient and transparent systems. ",Computer Science,Software Development,Course,"Cryptocurrency,Blockchain,Solidity,Smart Contract,Remix IDE,",Bina Ramamurthy,4.6,2204.0,Approx. 17 hours to complete,Coursera,,,,,"['Cryptocurrency', 'Blockchain', 'Solidity', 'Smart Contract', 'Remix IDE']",Web Development
C0650,Linux Basics: The Command Line Interface - 6,https://www.coursera.org/learn/linux-basics-the-command-line-interface?specialization=c-programming-linux,"This course will introduce you to Linux, a powerful operating system used by most professional developers!",Computer Science,Software Development,Course,"Computer Programming,Linux,Command-Line Interface,",Rémi SHARROCK,4.8,12.0,Approx. 7 hours to complete,Coursera,,,,,"['Computer Programming', 'Linux', 'Command-Line Interface']",Web Development
C0651,"Everyday Excel, Part 3 (Projects)",https://www.coursera.org/learn/everyday-excel-projects?specialization=everyday-excel,"""Everyday Excel, Part 3 (Projects)"" is a continuation of ""Everyday Excel, Parts 1 and 2"".  It is a capstone, projects-based course in which you will apply what you've learned previously to more complex, somewhat open-ended projects (open-ended with respect to the fact that they can be solved in multiple ways).",Computer Science,Algorithms,Course,"Data Management,Spreadsheet,Microsoft Excel,Real-world projects,computing,",Charlie Nuttelman,4.7,233.0,Approx. 14 hours to complete,Coursera,,,,,"['Data Management', 'Spreadsheet', 'Microsoft Excel', 'Real-world projects', 'computing']",Web Development
C0652,Razonamiento artificial,https://www.coursera.org/learn/razonamiento-artificial?specialization=inteligencia-artificial,"El razonamiento formal juega un papel importante en la inteligencia artificial. Hay dos maneras principales de formalizar razonamiento: una que enfatiza la deducción (lógica), y otra que enfatiza la incertidumbre (teoría de la probabilidad). En este curso vamos a cubrir una introducción tanto a la lógica (vamos a cubrir tres lógicas) como a la teoría de la probabilidad (vamos a cubrir tres modelos gráficos probabilísticos). ",Computer Science,Algorithms,Course,,David A. Rosenblueth,4.2,91.0,Approx. 20 hours to complete,Coursera,,,,,[],Web Development
C0653,Custom and Distributed Training with TensorFlow,https://www.coursera.org/learn/custom-distributed-training-with-tensorflow?specialization=tensorflow-advanced-techniques,"In this course, you will:",Data Science,Machine Learning,Course,"Distribution Strategies,Custom Training Loops,Basic Tensor Functionality,GradientTape for Optimization,",Laurence Moroney,4.8,348.0,Approx. 24 hours to complete,Coursera,,,,,"['Distribution Strategies', 'Custom Training Loops', 'Basic Tensor Functionality', 'GradientTape for Optimization']",Data Science
C0654,Advanced Data Science Capstone,https://www.coursera.org/learn/advanced-data-science-capstone?specialization=advanced-data-science-ibm,"This project completer has proven a deep understanding on massive parallel data processing, data exploration and visualization, advanced machine learning and deep learning and how to apply his knowledge in a real-world practical use case where he justifies architectural decisions, proves understanding the characteristics of different algorithms, frameworks and technologies and how they impact model performance and scalability. ",Data Science,Machine Learning,Course,,Romeo Kienzler,4.6,375.0,Approx. 8 hours to complete,Coursera,,,,,[],Data Science
C0655,Reinforcement Learning in Finance,https://www.coursera.org/learn/reinforcement-learning-in-finance?specialization=machine-learning-reinforcement-finance,"This course aims at introducing the fundamental concepts of Reinforcement Learning (RL), and develop use cases for applications of RL for option valuation, trading, and asset management. ",Data Science,Machine Learning,Course,"option pricing and risk management,simple model for market dynamics,Q-learning using financial problems,optimal trading,Portfolio Optimization,",Igor Halperin,3.6,123.0,Approx. 17 hours to complete,Coursera,,,,,"['option pricing and risk management', 'simple model for market dynamics', 'Q-learning using financial problems', 'optimal trading', 'Portfolio Optimization']",Data Science
C0656,AI Workflow: AI in Production,https://www.coursera.org/learn/ibm-ai-workflow-ai-production?specialization=ibm-ai-workflow,"This is the sixth course in the IBM AI Enterprise Workflow Certification specialization.   You are STRONGLY encouraged to complete these courses in order as they are not individual independent courses, but part of a workflow where each course builds on the previous ones.    ",Data Science,Machine Learning,Course,"Data Science,Information Engineering,Artificial Intelligence (AI),Machine Learning,Python Programming,",Mark J Grover,4.5,41.0,Approx. 17 hours to complete,Coursera,,,,,"['Data Science', 'Information Engineering', 'Artificial Intelligence (AI)', 'Machine Learning', 'Python Programming']",Data Science
C0657,Machine Learning: an overview,https://www.coursera.org/learn/machine-learning-overview?specialization=artificial-intelligence-overview,"The course provides a general overview of the main methods in the machine learning field. Starting from a taxonomy of the different problems that can be solved through machine learning techniques, the course briefly presents some algorithmic solutions, highlighting when they can be successful, but also their limitations. These concepts will be explained through examples and case studies.",Information Technology,Data Management,Course,,Marcello Restelli,4.5,23.0,Approx. 2 hours to complete,Coursera,,,,,[],Data Science
C0658,Computational Social Science Methods,https://www.coursera.org/learn/computational-social-science-methods?specialization=computational-social-science-ucdavis,"This course gives you an overview of the current opportunities and the omnipresent reach of computational social science. The results are all around us, every day, reaching from the services provided by the world’s most valuable companies, over the hidden influence of governmental agencies, to the power of social and political movements. All of them study human behavior in order to shape it. In short, all of them do social science by computational means.",Data Science,Data Analysis,Course,,Martin Hilbert,4.7,306.0,Approx. 11 hours to complete,Coursera,,,,,[],Data Science
C0659,Advanced Algorithms and Complexity,https://www.coursera.org/learn/advanced-algorithms-and-complexity?specialization=data-structures-algorithms,"In previous courses of our online specialization you've learned the basic algorithms, and now you are ready to step into the area of more complex problems and algorithms to solve them. Advanced algorithms build upon basic ones and use new ideas. We will start with networks flows which are used in more typical applications such as optimal matchings, finding disjoint paths and flight scheduling as well as more surprising ones like image segmentation in computer vision. We then proceed to linear programming with applications in optimizing budget allocation, portfolio optimization, finding the cheapest diet satisfying all requirements and many others. Next we discuss inherently hard problems for which no exact good solutions are known (and not likely to be found) and how to solve them in practice. We finish with a soft introduction to streaming algorithms that are heavily used in Big Data processing. Such algorithms are usually designed to be able to process huge datasets without being able even to store a dataset.",Computer Science,Algorithms,Course,"Python Programming,Linear Programming (LP),Np-Completeness,Dynamic Programming,",Neil Rhodes,4.6,658.0,Approx. 27 hours to complete,Coursera,,,,,"['Python Programming', 'Linear Programming (LP)', 'Np-Completeness', 'Dynamic Programming']",Web Development
C0660,Launching into Machine Learning,https://www.coursera.org/learn/launching-machine-learning?specialization=machine-learning-tensorflow-gcp,"The course begins with a discussion about data: how to improve data quality and perform exploratory data analysis. We describe Vertex AI AutoML and how to build, train, and deploy an ML model without writing a single line of code. You will understand the benefits of Big Query ML. We then discuss how to optimize a machine learning (ML) model and how generalization and sampling can help assess the quality of ML models for custom training.",Data Science,Machine Learning,Course,"Tensorflow,Bigquery,Machine Learning,Data Cleansing,",Google Cloud Training,4.6,4234.0,Approx. 17 hours to complete,Coursera,,,,,"['Tensorflow', 'Bigquery', 'Machine Learning', 'Data Cleansing']",Data Science
C0661,An Introduction to Interactive Programming in Python (Part 2),https://www.coursera.org/learn/interactive-python-2?specialization=computer-fundamentals,"This two-part course is designed to help students with very little or no computing background learn the basics of building simple interactive applications. Our language of choice, Python, is an easy-to learn, high-level computer language that is used in many of the computational courses offered on Coursera. To make learning Python easy, we have developed a new browser-based programming environment that makes developing interactive applications in Python simple. These applications will involve windows whose contents are graphical and respond to buttons, the keyboard and the mouse.",Computer Science,Software Development,Course,"Python Syntax And Semantics,Logic Programming,Python Programming,Object-Oriented Programming (OOP),",Joe Warren,4.9,1159.0,Approx. 15 hours to complete,Coursera,,,,,"['Python Syntax And Semantics', 'Logic Programming', 'Python Programming', 'Object-Oriented Programming (OOP)']",Web Development
C0662,Algorithmic Thinking (Part 2),https://www.coursera.org/learn/algorithmic-thinking-2?specialization=computer-fundamentals,"Experienced Computer Scientists analyze and solve computational problems at a level of abstraction that is beyond that of any particular programming language.  This two-part class is designed to train students in the mathematical concepts and process of ""Algorithmic Thinking"", allowing them to build simpler, more efficient solutions to computational problems.",Computer Science,Software Development,Course,"Algorithms,Python Programming,Algorithmic Efficiency,Dynamic Programming,",Luay Nakhleh,4.7,207.0,Approx. 11 hours to complete,Coursera,,,,,"['Algorithms', 'Python Programming', 'Algorithmic Efficiency', 'Dynamic Programming']",Web Development
C0663,Reproducible Research,https://www.coursera.org/learn/reproducible-research?specialization=data-science-foundations-r,"This course focuses on the concepts and tools behind reporting modern data analyses in a reproducible manner. Reproducible research is the idea that data analyses, and more generally, scientific claims, are published with their data and software code so that others may verify the findings and build upon them.  The need for reproducibility is increasing dramatically as data analyses become more complex, involving larger datasets and more sophisticated computations. Reproducibility allows for people to focus on the actual content of a data analysis, rather than on superficial details reported in a written summary. In addition, reproducibility makes an analysis more useful to others because the data and code that actually conducted the analysis are available. This course will focus on literate statistical analysis tools which allow one to publish data analyses in a single document that allows others to easily execute the same analysis to obtain the same results.",Data Science,Data Analysis,Course,"Knitr,Data Analysis,R Programming,Markup Language,","Roger D. Peng, PhD",4.6,4139.0,Approx. 7 hours to complete,Coursera,,,,,"['Knitr', 'Data Analysis', 'R Programming', 'Markup Language']",Data Science
C0664,Introduction to Microsoft Azure Cloud Services,https://www.coursera.org/learn/microsoft-azure-cloud-services?specialization=microsoft-azure-fundamentals-az-900,"Whether you're just beginning to work with the cloud or you already have cloud experience and are new to Microsoft Azure, this course provides you with everything you need to get started. It introduces you to Microsoft Azure core concepts and services. You’ll learn the basics of cloud computing, its advantages, and how to choose the right Microsoft Azure solution for different business scenarios. You’ll use the Microsoft Azure portal and a sandbox to create and test Microsoft Azure resources at no cost to you. You don’t need to write code or have scripting skills to do this.",Information Technology,Cloud Computing,Course,"Microsoft Azure,Cloud Computing,",Microsoft,4.6,1533.0,Approx. 9 hours to complete,Coursera,,,,,"['Microsoft Azure', 'Cloud Computing']",Data Science
C0665,Web and Mobile Testing with Selenium,https://www.coursera.org/learn/web-mobile-testing?specialization=software-testing-automation,Modern applications that we build invariably have touch-points with its users through web-based and mobile platforms.  Users interact with the software through these interfaces and the experiences those interfaces provide have a strong influence on the perceived quality of the software.  ,Computer Science,Software Development,Course,,Sanjai Rayadurgam,3.6,12.0,Approx. 20 hours to complete,Coursera,,,,,[],Web Development
C0666,Introduction to HTML5,https://www.coursera.org/learn/html?specialization=web-design,"Thanks to a growing number of software programs, it seems as if anyone can make a webpage. But what if you actually want to understand how the page was created? There are great textbooks and online resources for learning web design, but most of those resources require some background knowledge. This course is designed to help the novice who wants to gain confidence and knowledge. We will explore the theory (what actually happens when you click on a link on a webpage?), the practical (what do I need to know to make my own page?), and the overlooked (I have a page, what do I do now?). Throughout the course there will be a strong emphasis on adhering to syntactic standards for validation and semantic standards to promote wide accessibility for users with disabilities.  The textbook we use is available online, “The Missing Link: An Introduction to Web Development and Programming” by Michael Mendez from www.opensuny.org. ",Computer Science,Mobile and Web Development,Course,"Web Design,Web Accessibility,HTML,Html5,","Colleen van Lent, Ph.D.",4.7,26753.0,Approx. 13 hours to complete,Coursera,,,,,"['Web Design', 'Web Accessibility', 'HTML', 'Html5']",Web Development
C0667,C Programming: Modular Programming and Memory Management - 3,https://www.coursera.org/learn/c-programming-modular-programming-and-memory-management?specialization=c-programming-linux,Enhance your coding skills along your path to becoming a proficient C programmer with the essential concepts of functions and pointers. ,Computer Science,Software Development,Course,"Computer Programming,C Programming,",Rémi SHARROCK,4.6,31.0,Approx. 10 hours to complete,Coursera,,,,,"['Computer Programming', 'C Programming']",Web Development
C0668,C for Everyone: Structured Programming,https://www.coursera.org/learn/c-structured-programming?specialization=coding-for-everyone,"In the new world we live in, coding is a universally valuable skill, whether you're a scientist, artist, or a humanist. Algorithms are everywhere, and we all have to understand how they work. The C language is particularly well suited as an introduction to coding: It's a tried-and-true language, and it allows you to understand computing processes at a deep level. You will also get an introduction to more advanced programming in C++ in the final module. ",Computer Science,Software Development,Course,,Ira Pohl,4.6,650.0,Approx. 9 hours to complete,Coursera,,,,,[],Web Development
C0669,Supervised Machine Learning: Regression,https://www.coursera.org/learn/supervised-machine-learning-regression?specialization=ibm-intro-machine-learning,"This course introduces you to one of the main types of modelling families of supervised Machine Learning: Regression. You will learn how to train regression models to predict continuous outcomes and how to use error metrics to compare across different models. This course also walks you through best practices, including train and test splits, and regularization techniques.",Data Science,Machine Learning,Course,"Regression Analysis,Supervised Learning,Linear Regression,Ridge Regression,Machine Learning (ML) Algorithms,",Mark J Grover,4.7,374.0,Approx. 20 hours to complete,Coursera,,,,,"['Regression Analysis', 'Supervised Learning', 'Linear Regression', 'Ridge Regression', 'Machine Learning (ML) Algorithms']",Data Science
C0670,Advanced Deep Learning Methods for Healthcare,https://www.coursera.org/learn/advanced-deep-learning-methods-healthcare?specialization=deep-learning-healthcare,"This course covers deep learning (DL) methods, healthcare data and applications using DL methods. The courses include activities such as video lectures, self guided programming labs, homework assignments (both written and programming), and a large project.",Data Science,Machine Learning,Course,"Graphs,Unsupervised Learning,Autoencoder,Deep Learning,",Jimeng Sun,,,Approx. 16 hours to complete,Coursera,,,,,"['Graphs', 'Unsupervised Learning', 'Autoencoder', 'Deep Learning']",Data Science
C0671,Game Design and Development 2: 2D Platformer,https://www.coursera.org/learn/game-design-and-development-2?specialization=game-design-and-development,"If you love games and want to learn how to make them, then this course is your second step down that path. In this course you will learn the fundamentals of game design, including an understanding of the game world, storytelling, gameplay, user experience, and game technology. You will continue developing videogames using industry standard game development tools, including the Unity game engine. At the end of the course you will have completed a 2D Platformer game, and will be able to leverage an array of game development techniques to create your own basic games.",Computer Science,Software Development,Course,"Video Game Development,Unity,Game Design,technology,Game Making,",Brian Winn,4.7,88.0,Approx. 12 hours to complete,Coursera,,,,,"['Video Game Development', 'Unity', 'Game Design', 'technology', 'Game Making']",Web Development
C0672,Principles of fMRI 1,https://www.coursera.org/learn/functional-mri?specialization=computational-neuroscience,"Functional Magnetic Resonance Imaging (fMRI) is the most widely used technique for investigating the living, functioning human brain as people perform tasks and experience mental states. It is a convergence point for multidisciplinary work from many disciplines. Psychologists, statisticians, physicists, computer scientists, neuroscientists, medical researchers, behavioral scientists, engineers, public health researchers, biologists, and others are coming together to advance our understanding of the human mind and brain.  This course covers the design, acquisition, and analysis of Functional Magnetic Resonance Imaging (fMRI) data, including psychological inference, MR Physics, K Space, experimental design, pre-processing of fMRI data, as well as Generalized Linear Models (GLM’s).  A book related to the class can be found here: https://leanpub.com/principlesoffmri.",Data Science,Data Analysis,Course,"Statistics,Statistical Analysis,Statistical Model,Preprocessor,","Martin Lindquist, PhD, MSc",4.6,782.0,Approx. 8 hours to complete,Coursera,,,,,"['Statistics', 'Statistical Analysis', 'Statistical Model', 'Preprocessor']",Data Science
C0673,Enterprise Database Migration,https://www.coursera.org/learn/enterprise-database-migration?specialization=google-cloud-database-engineer,"This course is intended to give architects, engineers, and developers the skills required to help enterprise customers architect, plan, execute, and test database migration projects. Through a combination of presentations, demos, and hands-on labs participants move databases to Google Cloud while taking advantage of various services. ",Information Technology,Cloud Computing,Course,,Google Cloud Training,4.6,16.0,Approx. 19 hours to complete,Coursera,,,,,[],Data Science
C0674,"AI Workflow: Machine Learning, Visual Recognition and NLP",https://www.coursera.org/learn/ibm-ai-workflow-machine-learning-vr-nlp?specialization=ibm-ai-workflow,"This is the fourth course in the IBM AI Enterprise Workflow Certification specialization.    You are STRONGLY encouraged to complete these courses in order as they are not individual independent courses, but part of a workflow where each course builds on the previous ones. ",Data Science,Machine Learning,Course,"Data Science,Information Engineering,Artificial Intelligence (AI),Machine Learning,Python Programming,",Mark J Grover,4.4,67.0,Approx. 13 hours to complete,Coursera,,,,,"['Data Science', 'Information Engineering', 'Artificial Intelligence (AI)', 'Machine Learning', 'Python Programming']",Data Science
C0675,More C++ Programming and Unreal,https://www.coursera.org/learn/more-programming-unreal?specialization=cplusplusunrealgamedevelopment,This course is the second course in the specialization about learning how to develop video games using the C++ programming language and the Unreal game engine on Windows or Mac. ,Computer Science,Software Development,Course,,"Dr. Tim ""Dr. T"" Chamillard",4.4,26.0,Approx. 17 hours to complete,Coursera,,,,,[],Web Development
C0676,UX (User Experience) Capstone,https://www.coursera.org/learn/user-experience-capstone?specialization=michiganux,"In this UX capstone course, you’ll conduct a multi-stage user experience project to design a product from scratch. You will employ interviews, inspection methods, and user testing, along with ideation, design, and prototyping methods to gain and communicate valuable insight that can be used to deliver a compelling product.",Computer Science,Design and Product,Course,"User Research,Adobe Photoshop,User Experience (UX),User Experience Design (UXD),",Mark Newman,4.7,50.0,Approx. 18 hours to complete,Coursera,,,,,"['User Research', 'Adobe Photoshop', 'User Experience (UX)', 'User Experience Design (UXD)']",Web Development
C0677,Introduction to Cybersecurity Essentials,https://www.coursera.org/learn/introduction-to-cybersecurity-essentials?specialization=it-cloud-fundamentals,Build key skills needed to recognize common security threats and risks. Discover the characteristics of cyber-attacks and learn how organizations employ best practices to guard against them.,Information Technology,Security,Course,"Information Security (INFOSEC),Cyberattacks,Application Security,Cryptography,security,",Skills Network,4.9,286.0,Approx. 14 hours to complete,Coursera,,,,,"['Information Security (INFOSEC)', 'Cyberattacks', 'Application Security', 'Cryptography', 'security']",Cybersecurity
C0678,The Arduino Platform and C Programming,https://www.coursera.org/learn/arduino-platform?specialization=iot,"The Arduino is an open-source computer hardware/software platform for building digital devices and interactive objects that can sense and control the physical world around them. In this class you will learn how the Arduino platform works in terms of the physical board and libraries and the IDE (integrated development environment). You will also learn about shields, which are smaller boards that plug into the main Arduino board to perform other functions such as sensing light, heat, GPS tracking, or providing a user interface display. The course will also cover programming the Arduino using C code and accessing the pins on the board via the software to control external devices. Please note that this course does not include discussion forums.",Computer Science,Software Development,Course,"Arduino,C Programming,Debugging,",Ian Harris,4.7,6934.0,Approx. 12 hours to complete,Coursera,,,,,"['Arduino', 'C Programming', 'Debugging']",Web Development
C0679,Machine Learning With Big Data,https://www.coursera.org/learn/big-data-machine-learning?specialization=big-data,"Want to make sense of the volumes of data you have collected?  Need to incorporate data-driven decisions into your process?  This course provides an overview of machine learning techniques to explore, analyze, and leverage data.  You will be introduced to tools and algorithms you can use to create machine learning models that learn from data, and to scale those models up to big data problems.",Data Science,Machine Learning,Course,"Machine Learning Concepts,Knime,Machine Learning,Apache Spark,",Mai Nguyen,4.6,2427.0,Approx. 21 hours to complete,Coursera,,,,,"['Machine Learning Concepts', 'Knime', 'Machine Learning', 'Apache Spark']",Data Science
C0680,Data Structures and Performance,https://www.coursera.org/learn/data-structures-optimizing-performance?specialization=object-oriented-programming,"How do Java programs deal with vast quantities of data? Many of the data structures and algorithms that work with introductory toy examples break when applications process real, large data sets.  Efficiency is critical, but how do we achieve it, and how do we even measure it?",Computer Science,Algorithms,Course,"Trees (Data Structures),Data Structure,Linked List,Binary Tree,",Christine Alvarado,4.8,2189.0,Approx. 41 hours to complete,Coursera,,,,,"['Trees (Data Structures)', 'Data Structure', 'Linked List', 'Binary Tree']",Web Development
C0681,Natural Language Processing in Microsoft Azure,https://www.coursera.org/learn/nlp-microsoft-azure?specialization=microsoft-azure-ai-900-ai-fundamentals,"Natural language processing supports applications that can see, hear, speak with, and understand users. Using text analytics, translation, and language understanding services, Microsoft Azure makes it easy to build applications that support natural language.",Data Science,Machine Learning,Course,"Artificial Intelligence (AI),Microsoft Azure,Natural Language Processing,",Microsoft,4.7,59.0,Approx. 7 hours to complete,Coursera,,,,,"['Artificial Intelligence (AI)', 'Microsoft Azure', 'Natural Language Processing']",Data Science
C0682,Interacting with the System and Managing Memory,https://www.coursera.org/learn/interacting-system-managing-memory?specialization=c-programming,"The final course in the specialization Introduction to Programming in C will teach you powerful new programming techniques for interacting with the user and the system and dynamically allocating memory. You will learn more sophisticated uses for pointers, such as strings and multidimensional arrays, as well as how to write programs that read and write files and take input from the user. Learning about dynamic memory allocation will allow your programs to perform complex tasks that will be applied in the final part of the specialization project: a Monte Carlo simulation for calculating poker hand probabilities.",Computer Science,Software Development,Course,,Andrew D. Hilton,4.4,154.0,Approx. 23 hours to complete,Coursera,,,,,[],Web Development
C0683,Service-Oriented Architecture,https://www.coursera.org/learn/service-oriented-architecture?specialization=software-design-architecture,"Based on an understanding of architectural styles, you will review architectures for web applications, then explore the basics of Service-Oriented Architecture (SOA) in two approaches: Web Services (WS*) and Representational State Transfer (REST) architecture. ",Computer Science,Software Development,Course,"Web Service,Microservices,Representational State Transfer (REST),Service-Oriented Architecture,",Kenny Wong,4.5,532.0,Approx. 9 hours to complete,Coursera,,,,,"['Web Service', 'Microservices', 'Representational State Transfer (REST)', 'Service-Oriented Architecture']",Web Development
C0684,Sample-based Learning Methods,https://www.coursera.org/learn/sample-based-learning-methods?specialization=reinforcement-learning,"In this course, you will learn about several algorithms that can learn near optimal policies based on trial and error interaction with the environment---learning from the agent’s own experience. Learning from actual experience is striking because it requires no prior knowledge of the environment’s dynamics, yet can still attain optimal behavior. We will cover intuitively simple but powerful Monte Carlo methods, and temporal difference learning methods including Q-learning. We will wrap up this course investigating how we can get the best of both worlds: algorithms that can combine model-based planning (similar to dynamic programming) and temporal difference updates to radically accelerate learning.",Data Science,Machine Learning,Course,"Artificial Intelligence (AI),Machine Learning,Reinforcement Learning,Function Approximation,Intelligent Systems,",Martha White,4.8,1165.0,Approx. 21 hours to complete,Coursera,,,,,"['Artificial Intelligence (AI)', 'Machine Learning', 'Reinforcement Learning', 'Function Approximation', 'Intelligent Systems']",Data Science
C0685,Inferential Statistical Analysis with Python,https://www.coursera.org/learn/inferential-statistical-analysis-python?specialization=statistics-with-python,"In this course, we will explore basic principles behind using data for estimation and for assessing theories. We will analyze both categorical data and quantitative data, starting with one population techniques and expanding to handle comparisons of two populations. We will learn how to construct confidence intervals. We will also use sample data to assess whether or not a theory about the value of a parameter is consistent with the data. A major focus will be on interpreting inferential results appropriately.  ",Data Science,Data Analysis,Course,"Confidence Interval,Python Programming,Statistical Inference,Statistical Hypothesis Testing,",Brenda Gunderson,4.6,849.0,Approx. 18 hours to complete,Coursera,,,,,"['Confidence Interval', 'Python Programming', 'Statistical Inference', 'Statistical Hypothesis Testing']",Data Science
C0686,"Spring MVC, Spring Boot  and Rest Controllers",https://www.coursera.org/learn/spring-mvc-rest-controller?specialization=spring-framework,"This is a course aimed at students wishing to develop Java based Web Applications and Restful Micro Services using the very popular Spring MVC and  Spring Boot frameworks with minimal configuration. The student will develop services through various Url templates, consume and respond with json or XML payloads and create custom HTTP headers. Requestors of these services will include Java and Angular JS clients to illustrate the reuse capabilities of services in a distributed architecture. Traditional web applications will also be covered that render web pages in a typical Model View Controller (MVC) architecture. This is a very hands on course with a series of labs to illustrate the key concepts.",Computer Science,Software Development,Course,"Spring Framework,Restful services,Java Programming,Spring Boot,",Derek Parsons,4.2,123.0,Approx. 11 hours to complete,Coursera,,,,,"['Spring Framework', 'Restful services', 'Java Programming', 'Spring Boot']",Web Development
C0687,Machine Learning for Accounting with Python,https://www.coursera.org/learn/machine-learning-accounting-python?specialization=accounting-data-analytics,"This course, Machine Learning for Accounting with Python, introduces machine learning algorithms (models) and their applications in accounting problems. It covers classification, regression, clustering, text analysis, time series analysis. It also discusses model evaluation and model optimization. This course provides an entry point for students to be able to apply proper machine learning models on business related datasets with Python to solve various problems.",Data Science,Machine Learning,Course,"Text Analysis,Basic Time Series Analysis,Machine Learning Model Evaluation and Optimization,Python Programming,Machine Learning Modeling,",Linden Lu,4.6,37.0,Approx. 63 hours to complete,Coursera,,,,,"['Text Analysis', 'Basic Time Series Analysis', 'Machine Learning Model Evaluation and Optimization', 'Python Programming', 'Machine Learning Modeling']",Data Science
C0688,UX Design: From Concept to Prototype,https://www.coursera.org/learn/ux-design-concept-wireframe?specialization=michiganux,"Great design doesn’t come out of nowhere; it is born, nurtured, and grown--all through a systematic, learnable process. In this UX course, you will explore the process of taking a basic concept, grounded in user needs, and developing it into a design that will address those needs. In the course, you will gain hands-on experience with techniques such as sketching, scenario development, storyboarding, and wireframing that will help you transform your understanding of what your users need into a compelling user experience. You will then learn how to turn wireframes and interaction architecture into interactive prototypes that can be tested with prospective users and iteratively refined into a high quality design that that is ready for a hand-off to the development team for implementation.",Computer Science,Design and Product,Course,,Predrag Klasnja,4.8,256.0,Approx. 15 hours to complete,Coursera,,,,,[],Web Development
C0689,Fundamentals of Red Hat Enterprise Linux,https://www.coursera.org/learn/fundamentals-of-red-hat-enterprise-linux?specialization=linux-private-cloud-administration-power-systems,"This course will provide you with a basic introduction to Linux® skills using Red Hat® Enterprise Linux 8. It will show you how a Linux system is organized, and will demonstrate introductory system administration tasks, which you will be able to practice on your own.",Information Technology,Support and Operations,Course,,Chris Caillouet,4.8,746.0,Approx. 20 hours to complete,Coursera,,,,,[],Data Science
C0690,The Fundamentals of Computing Capstone Exam,https://www.coursera.org/learn/fundamentals-of-computing-capstone?specialization=computer-fundamentals,"While most specializations on Coursera conclude with a project-based course, students in the ""Fundamentals of Computing"" specialization have completed more than 20+ projects during the first six courses of the specialization. Given that much of the material in these courses is reused from session to session, our goal in this capstone class is to provide a conclusion to the specialization that allows each student an opportunity to demonstrate their individual mastery of the material in the specialization.",Computer Science,Software Development,Course,"Binary Tree,Algorithm Design,Python Programming,Graphs,Computer Programming,",Joe Warren,4.8,113.0,Approx. 1 hour to complete,Coursera,,,,,"['Binary Tree', 'Algorithm Design', 'Python Programming', 'Graphs', 'Computer Programming']",Web Development
C0691,Preparing for the AZ-900 Microsoft Azure Fundamentals Exam,https://www.coursera.org/learn/az-900-exam-prep?specialization=microsoft-azure-fundamentals-az-900,"Microsoft certifications give you a professional advantage by providing globally recognized and industry-endorsed evidence of mastering skills in digital and cloud businesses.​​ In this course, you will prepare for the AZ-900 Microsoft Azure Fundamentals exam. ",Information Technology,Cloud Computing,Course,"Test Preparation,Microsoft Azure,",Microsoft,4.7,299.0,Approx. 6 hours to complete,Coursera,,,,,"['Test Preparation', 'Microsoft Azure']",Data Science
C0692,Data Analytics in Accounting Capstone,https://www.coursera.org/learn/accounting-data-analytics-capstone?specialization=accounting-data-analytics,"This capstone is the last course in the Data Analytics in Accountancy Specialization. In this capstone course, you are going to take the knowledge and skills you have acquired from the previous courses and apply them to a real-world problem.",Data Science,Data Analysis,Course,"Data Analysis,Python Programming,Machine Learning,Data Visualization (DataViz),",Linden Lu,,,Approx. 18 hours to complete,Coursera,,,,,"['Data Analysis', 'Python Programming', 'Machine Learning', 'Data Visualization (DataViz)']",Data Science
C0693,Automation Techniques in RPA,https://www.coursera.org/learn/automation-techniques-in-rpa?specialization=roboticprocessautomation,"The Automation Techniques in RPA course will provide knowledge about Extraction and its Techniques, Screen Scraping, Data Scraping and PDF Extraction.",Computer Science,Software Development,Course,"Screen Scraping,email automation,Data Scraping,Workbook Automation,Excel Automation,",UiPath,4.6,22.0,Approx. 9 hours to complete,Coursera,,,,,"['Screen Scraping', 'email automation', 'Data Scraping', 'Workbook Automation', 'Excel Automation']",Web Development
C0694,Hypothesis-Driven Development,https://www.coursera.org/learn/uva-darden-agile-testing?specialization=uva-darden-digital-product-management,"To deliver agile outcomes, you have to do more than implement agile processes- you have to create focus around what matters to your user and constantly test your ideas. This is easier said than done, but most of today’s high-functioning innovators have a strong culture of experimentation.",Computer Science,Design and Product,Course,"Usability Testing,Continuous Delivery,hypothesis-driven development,Lean Startup,",Alex Cowan,4.7,933.0,Approx. 10 hours to complete,Coursera,,,,,"['Usability Testing', 'Continuous Delivery', 'hypothesis-driven development', 'Lean Startup']",Web Development
C0695,R Programming,https://www.coursera.org/learn/r-programming?specialization=jhu-data-science,"In this course you will learn how to program in R and how to use R for effective data analysis. You will learn how to install and configure software necessary for a statistical programming environment and describe generic programming language concepts as they are implemented in a high-level statistical language. The course covers practical issues in statistical computing which includes programming in R, reading data into R, accessing R packages, writing R functions, debugging, profiling R code, and organizing and commenting R code. Topics in statistical data analysis will provide working examples.",Data Science,Data Analysis,Course,"Data Analysis,Debugging,R Programming,Rstudio,","Roger D. Peng, PhD",4.5,22012.0,Approx. 57 hours to complete,Coursera,,,,,"['Data Analysis', 'Debugging', 'R Programming', 'Rstudio']",Data Science
C0696,Motion Planning for Self-Driving Cars,https://www.coursera.org/learn/motion-planning-self-driving-cars?specialization=self-driving-cars,"Welcome to Motion Planning for Self-Driving Cars, the fourth course in University of Toronto’s Self-Driving Cars Specialization.",Computer Science,Software Development,Course,,Steven Waslander,4.8,441.0,Approx. 32 hours to complete,Coursera,,,,,[],Web Development
C0697,Enterprise System Management and Security ,https://www.coursera.org/learn/enterprise-system-management-security?specialization=computer-security-systems-management,"The world runs on computers.  Your watch, your TV, your car.  You might be familiar on how to operate each of these.  Your home computer you are even more familiar with operating it.  But what does it take to really take computer systems to the next level?  - The enterprise level.  In this course we discuss what makes home computing systems different from enterprise computing systems. This course will also help you prepare and design your own home lab to explore enterprise operating systems.",Information Technology,Security,Course,"Subnetwork,Cybersecurity,Information Security (INFOSEC),Enterprise System,",Greg Williams,4.7,588.0,Approx. 11 hours to complete,Coursera,,,,,"['Subnetwork', 'Cybersecurity', 'Information Security (INFOSEC)', 'Enterprise System']",Cybersecurity
C0698,Google Calendar en Español,https://www.coursera.org/learn/google-calendar-es?specialization=getting-started-with-google-workspace-es,"Con Calendario de Google, puede programar reuniones y eventos de manera rápida, recibir recordatorios sobre próximas actividades, y así estar siempre al tanto de lo que vendrá. Calendario de Google se diseñó para equipos de trabajo, por lo que le será sencillo compartir su agenda con otras personas y crear varios calendarios para usar con su equipo.",Information Technology,Cloud Computing,Course,,Google Cloud Training,4.7,23.0,Approx. 2 hours to complete,Coursera,,,,,[],Data Science
C0699,"C++ For C Programmers, Part B",https://www.coursera.org/learn/c-plus-plus-b?specialization=coding-for-everyone,This course is for experienced C programmers who want to program in C++. The examples and exercises require a basic understanding of algorithms and object-oriented software.,Computer Science,Software Development,Course,"Graph Theory,C++11,Standard Template Library,C++,",Ira Pohl,4.5,301.0,Approx. 14 hours to complete,Coursera,,,,,"['Graph Theory', 'C++11', 'Standard Template Library', 'C++']",Web Development
C0700,The Structured Query Language (SQL),https://www.coursera.org/learn/the-structured-query-language-sql?specialization=databases-for-data-scientists,"In this course you will learn all about the Structured Query Language (""SQL"".)   We will review the origins of the language and its conceptual foundations.   But primarily, we will focus on learning all the standard SQL commands, their syntax, and how to use these commands to conduct analysis of the data within a relational database.  Our scope includes not only the SELECT statement for retrieving data and creating analytical reports, but also includes the DDL (""Data Definition Language"") and DML (""Data Manipulation Language"") commands necessary to create and maintain database objects.",Data Science,Data Analysis,Course,"Data Science,Database (DBMS),Database Application,SQL (Structured Query Language),database administration,",Alan Paradise,4.7,409.0,Approx. 25 hours to complete,Coursera,,,,,"['Data Science', 'Database (DBMS)', 'Database Application', 'SQL (Structured Query Language)', 'database administration']",Data Science
C0701,Python for Genomic Data Science,https://www.coursera.org/learn/python-genomics?specialization=genomic-data-science,This class provides an introduction to the Python programming language and the iPython notebook. This is the third course in the Genomic Big Data Science Specialization from Johns Hopkins University.,Data Science,Data Analysis,Course,"Bioinformatics,Biopython,Python Programming,Genomics,","Mihaela Pertea, PhD",4.3,1580.0,Approx. 8 hours to complete,Coursera,,,,,"['Bioinformatics', 'Biopython', 'Python Programming', 'Genomics']",Data Science
C0702,Interactivity with JavaScript,https://www.coursera.org/learn/javascript?specialization=web-design,"If you want to take your website to the next level, the ability to incorporate interactivity is a must.    But adding some of these types of capabilities requires a stronger programming language than HTML5 or CSS3, and JavaScript can provide just what you need.  With just a basic understanding of the language, you can create a page that will react to common events such as page loads, mouse clicks & movements, and even keyboard input.      ",Computer Science,Mobile and Web Development,Course,"Document Object Model (DOM),JavaScript,Web Development,","Colleen van Lent, Ph.D.",4.7,7039.0,Approx. 9 hours to complete,Coursera,,,,,"['Document Object Model (DOM)', 'JavaScript', 'Web Development']",Web Development
C0703,Data Science Fundamentals for Data Analysts,https://www.coursera.org/learn/data-science-fundamentals-for-data-analysts?specialization=data-science-with-databricks-for-data-analysts,"In this course we're going to guide you through the fundamental building blocks of data science, one of the fastest-growing fields in the world! ",Data Science,Probability and Statistics,Course,"Data Science,Data Analysis,Machine Learning,",Emma Freeman,4.2,40.0,Approx. 18 hours to complete,Coursera,,,,,"['Data Science', 'Data Analysis', 'Machine Learning']",Data Science
C0704,Data Science Capstone,https://www.coursera.org/learn/data-science-project?specialization=data-science-statistics-machine-learning,"The capstone project class will allow students to create a usable/public data product that can be used to show your skills to potential employers. Projects will be drawn from real-world problems and will be conducted with industry, government, and academic partners.",Data Science,Data Analysis,Course,"Data Science,Machine Learning,R Programming,Natural Language Processing,","Jeff Leek, PhD",4.5,1210.0,Approx. 5 hours to complete,Coursera,,,,,"['Data Science', 'Machine Learning', 'R Programming', 'Natural Language Processing']",Data Science
C0705,Algorithmic Thinking (Part 1),https://www.coursera.org/learn/algorithmic-thinking-1?specialization=computer-fundamentals,"Experienced Computer Scientists analyze and solve computational problems at a level of abstraction that is beyond that of any particular programming language.  This two-part course builds on the principles that you learned in our Principles of Computing course and is designed to train students in the mathematical concepts and process of ""Algorithmic Thinking"", allowing them to build simpler, more efficient solutions to real-world computational problems.",Computer Science,Software Development,Course,"Graph Theory,Algorithms,Python Programming,Graph Algorithms,",Luay Nakhleh,4.6,356.0,Approx. 12 hours to complete,Coursera,,,,,"['Graph Theory', 'Algorithms', 'Python Programming', 'Graph Algorithms']",Web Development
C0706,"Capstone MOOC for ""Android App Development""",https://www.coursera.org/learn/aadcapstone?specialization=android-app-development,"The Capstone project integrates material from throughout the Android App Development Specialization to exercise and assess the ability of learners to create an interesting Android app. Learners will apply knowledge and skills learned in previous MOOCs in this Specialization, including Java programming features; Android activity, broadcast receiver, service, and content provider (plus SQLite) components; and unit, integration, and user interface testing. The project itself is similar in scope to previous assignments in the earlier MOOCs in the Specialization.  However, it is intentionally designed to enable learners to create a customized app that demonstrates their creativity and mastery of the Specialization topics.",Computer Science,Mobile and Web Development,Course,,Dr. Douglas C. Schmidt,4.2,48.0,Approx. 4 hours to complete,Coursera,,,,,[],Web Development
C0707,Data Visualization in R with ggplot2,https://www.coursera.org/learn/jhu-data-visualization-r?specialization=jhu-data-visualization-dashboarding-with-r,"Data visualization is a critical skill for anyone that routinely using quantitative data in his or her work - which is to say that data visualization is a tool that almost every worker needs today. One of the critical tools for data visualization today is the R statistical programming language. Especially in conjunction with the tidyverse software packages, R has become an extremely powerful and flexible platform for making figures, tables, and reproducible reports. However, R can be intimidating for first time users, and there are so many resources online that it can be difficult to sort through without guidance.",Data Science,Data Analysis,Course,,Collin Paschall,4.9,98.0,Approx. 12 hours to complete,Coursera,,,,,[],Data Science
C0708,Introduction to NoSQL Databases,https://www.coursera.org/learn/introduction-to-nosql-databases?specialization=nosql-big-data-and-spark-foundations,"This course will provide you with technical hands-on knowledge of NoSQL databases and Database-as-a-Service (DaaS) offerings. With the advent of Big Data and agile development methodologies, NoSQL databases have gained a lot of relevance in the database landscape. Their main advantage is the ability to effectively handle scalability and flexibility issues raised by modern applications. ",Information Technology,Data Management,Course,"Mongodb,NoSQL,Cloud Database,Cloudant,Cassandra,",Rav Ahuja,4.6,161.0,Approx. 17 hours to complete,Coursera,,,,,"['Mongodb', 'NoSQL', 'Cloud Database', 'Cloudant', 'Cassandra']",Data Science
C0709,Google Chat,https://www.coursera.org/learn/google-chat?specialization=getting-started-with-google-workspace,"In this course, we introduce you to Google Chat, Google’s chat software included with Google Workspace.",Information Technology,Cloud Computing,Course,"Communication,Spreadsheet Software,Collaboration,",Google Cloud Training,,,Approx. 2 hours to complete,Coursera,,,,,"['Communication', 'Spreadsheet Software', 'Collaboration']",Data Science
C0710,Probabilistic Graphical Models 2: Inference,https://www.coursera.org/learn/probabilistic-graphical-models-2-inference?specialization=probabilistic-graphical-models,"Probabilistic graphical models (PGMs) are a rich framework for encoding probability distributions over complex domains: joint (multivariate) distributions over large numbers of random variables that interact with each other. These representations sit at the intersection of statistics and computer science, relying on concepts from probability theory, graph algorithms, machine learning, and more. They are the basis for the state-of-the-art methods in a wide variety of applications, such as medical diagnosis, image understanding, speech recognition, natural language processing, and many, many more. They are also a foundational tool in formulating many machine learning problems. ",Data Science,Machine Learning,Course,"Inference,Gibbs Sampling,Markov Chain Monte Carlo (MCMC),Belief Propagation,",Daphne Koller,4.6,479.0,Approx. 38 hours to complete,Coursera,,,,,"['Inference', 'Gibbs Sampling', 'Markov Chain Monte Carlo (MCMC)', 'Belief Propagation']",Data Science
C0711,"Applied Plotting, Charting & Data Representation in Python",https://www.coursera.org/learn/python-plotting?specialization=data-science-python,"This course will introduce the learner to information visualization basics, with a focus on reporting and charting using the matplotlib library. The course will start with a design and information literacy perspective, touching on what makes a good and bad visualization, and what statistical measures translate into in terms of visualizations. The second week will focus on the technology used to make visualizations in python, matplotlib, and introduce users to best practices when creating basic charts and how to realize design decisions in the framework. The third week will be a tutorial of functionality available in matplotlib, and demonstrate a variety of basic statistical charts helping learners to identify when a particular method is good for a particular problem. The course will end with a discussion of other forms of structuring and visualizing data. ",Data Science,Data Analysis,Course,"Python Programming,Data Virtualization,Data Visualization (DataViz),Matplotlib,",Christopher Brooks,4.5,6148.0,Approx. 24 hours to complete,Coursera,,,,,"['Python Programming', 'Data Virtualization', 'Data Visualization (DataViz)', 'Matplotlib']",Data Science
C0712,Python Data Visualization,https://www.coursera.org/learn/python-visualization?specialization=introduction-scripting-in-python,"This if the final course in the specialization which builds upon the knowledge learned in Python Programming Essentials, Python Data Representations, and Python Data Analysis.  We will learn how to install external packages for use within Python, acquire data from sources on the Web, and then we will clean, process, analyze, and visualize that data. This course will combine the skills learned throughout the specialization to enable you to write interesting, practical, and useful programs.",Computer Science,Software Development,Course,,Scott Rixner,4.6,533.0,Approx. 8 hours to complete,Coursera,,,,,[],Web Development
C0713,"App Deployment, Debugging, and Performance",https://www.coursera.org/learn/app-deployment-debugging-performance?specialization=developing-apps-gcp,"In this course, application developers learn how to design and develop cloud-native applications that seamlessly integrate components from the Google Cloud ecosystem. Through a combination of presentations, demos, and hands-on labs, participants learn how to create repeatable deployments by treating infrastructure as code, choose the appropriate application execution environment for an application, and monitor application performance.",Computer Science,Software Development,Course,"Application Deployment,Debugging,Google Cloud,Cloud Computing,Execution Environments,",Google Cloud Training,4.6,1141.0,Approx. 9 hours to complete,Coursera,,,,,"['Application Deployment', 'Debugging', 'Google Cloud', 'Cloud Computing', 'Execution Environments']",Web Development
C0714,Business Analytics for Decision Making,https://www.coursera.org/learn/business-analytics-decision-making?specialization=data-analytics-business,"In this course you will learn how to create models for decision making. We will start with cluster analysis, a technique for data reduction that is very useful in market segmentation. You will then learn the basics of Monte Carlo simulation that will help you model the uncertainty that is prevalent in many business decisions. A key element of decision making is to identify the best course of action. Since businesses problems often have too many alternative solutions, you will learn how optimization can help you identify the best option. What is really exciting about this course is that you won’t need to know a computer language or advanced statistics to learn about these predictive and prescriptive analytic models. The Analytic Solver Platform and basic knowledge of Excel is all you’ll need. Learners participating in assignments will be able to get free access to the Analytic Solver Platform.",Data Science,Data Analysis,Course,"Data Analysis,Simulation,Business Analytics,Mathematical Optimization,",Manuel Laguna,4.6,1762.0,Approx. 8 hours to complete,Coursera,,,,,"['Data Analysis', 'Simulation', 'Business Analytics', 'Mathematical Optimization']",Data Science
C0715," Build, Train, and Deploy ML Pipelines using BERT",https://www.coursera.org/learn/ml-pipelines-bert?specialization=practical-data-science,"In the second course of the Practical Data Science Specialization, you will learn to automate a natural language processing task by building an end-to-end machine learning pipeline using Hugging Face’s highly-optimized implementation of the state-of-the-art BERT algorithm with Amazon SageMaker Pipelines. Your pipeline will first transform the dataset into BERT-readable features and store the features in the Amazon SageMaker Feature Store. It will then fine-tune a text classification model to the dataset using a Hugging Face pre-trained model, which has learned to understand the human language from millions of Wikipedia documents. Finally, your pipeline will evaluate the model’s accuracy and only deploy the model if the accuracy exceeds a given threshold.",Data Science,Machine Learning,Course,"ML Pipelines and MLOps,Model Training and Deployment with BERT,Model Debugging and Evaluation,Feature engineering and feature store,Artifact and lineage tracking,",Antje Barth,4.5,127.0,Approx. 10 hours to complete,Coursera,,,,,"['ML Pipelines and MLOps', 'Model Training and Deployment with BERT', 'Model Debugging and Evaluation', 'Feature engineering and feature store', 'Artifact and lineage tracking']",Data Science
C0716,Data Visualization with R,https://www.coursera.org/learn/data-visualization-r?specialization=applied-data-science-r,"In this course, you will learn the Grammar of Graphics, a system for describing and building graphs, and how the ggplot2 data visualization package for R applies this concept to basic bar charts, histograms, pie charts, scatter plots, line plots, and box plots. You will also learn how to further customize your charts and plots using themes and other techniques. You will then learn how to use another data visualization package for R called Leaflet to create map plots, a unique way to plot data based on geolocation data. Finally, you will be introduced to creating interactive dashboards using the R Shiny package. You will learn how to create and customize Shiny apps, alter the appearance of the apps by adding HTML and image components, and deploy your interactive data apps on the web.",Data Science,Data Analysis,Course,"Data Science,Data Analysis,Data Visualization (DataViz),R Programming,",Yiwen Li,4.6,146.0,Approx. 11 hours to complete,Coursera,,,,,"['Data Science', 'Data Analysis', 'Data Visualization (DataViz)', 'R Programming']",Data Science
C0717,Road to the CISO – Culminating Project Course,https://www.coursera.org/learn/road-to-ciso?specialization=managing-cybersecurity,"The ultimate destination for a security manager is the Chief Information Security Officer (or Chief Security Officer) a senior executive role responsible for all cybersecurity operations in the organization. But how do you get from entry-level IT or security employee to the CISO’s office and what do you need to know when you get there? This course examines the career path and requirements to be an effective CISO, as well as the roles and responsibilities of the position.",Information Technology,Security,Course,"Cyber-Security Regulation,Cybersecurity Staffing,Risk Management,Contingency Plan,Cybersecurity Governance,","Herbert J. Mattord, Ph.D., CISM, CISSP, CDP",5.0,15.0,Approx. 18 hours to complete,Coursera,,,,,"['Cyber-Security Regulation', 'Cybersecurity Staffing', 'Risk Management', 'Contingency Plan', 'Cybersecurity Governance']",Cybersecurity
C0718,"Capstone: Retrieving, Processing, and Visualizing Data with Python",https://www.coursera.org/learn/python-data-visualization?specialization=python,"In the capstone, students will build a series of applications to retrieve, process and visualize data using Python.   The projects will involve all the elements of the specialization.  In the first part of the capstone, students will do some visualizations to become familiar with the technologies in use and then will pursue their own project to visualize some other data that they have or can find.  Chapters 15 and 16 from the book “Python for Everybody” will serve as the backbone for the capstone. This course covers Python 3.",Data Science,Data Analysis,Course,"Data Analysis,Python Programming,Database (DBMS),Data Visualization (DataViz),",Charles Russell Severance,4.7,13055.0,Approx. 9 hours to complete,Coursera,,,,,"['Data Analysis', 'Python Programming', 'Database (DBMS)', 'Data Visualization (DataViz)']",Data Science
C0719,Windows Server Management and Security,https://www.coursera.org/learn/windows-server-management-security?specialization=computer-security-systems-management,"Microsoft Windows has been at the forefront of enterprise computing for several decades.  What most office workers see is the desktop side – such as Windows 7, 8 or 10.  This course explores what it takes to design and build the server side of Windows in an enterprise environment.  This course will explore everything from Windows Server installation to configuring users, to hardening the server operating system itself.  ",Information Technology,Security,Course,,Greg Williams,4.7,595.0,Approx. 11 hours to complete,Coursera,,,,,[],Cybersecurity
C0720,Introduction to Parallel Programming with CUDA,https://www.coursera.org/learn/introduction-to-parallel-programming-with-cuda?specialization=gpu-programming,"This course will help prepare students for developing code that can process large amounts of data in parallel on Graphics Processing Units (GPUs). It will learn on how to implement software that can solve complex problems with the leading consumer to enterprise-grade GPUs available using Nvidia CUDA. They will focus on the hardware and software capabilities, including the use of 100s to 1000s of threads and various forms of memory.",Computer Science,Software Development,Course,"Cuda,Algorithms,C/C++,GPU,Nvidia,",Chancellor Thomas Pascale,,,Approx. 21 hours to complete,Coursera,,,,,"['Cuda', 'Algorithms', 'C/C++', 'GPU', 'Nvidia']",Web Development
C0721,Client Needs and Software Requirements ,https://www.coursera.org/learn/client-needs-and-software-requirements?specialization=product-management,This course covers practical techniques to elicit and express software requirements from client interactions.,Computer Science,Design and Product,Course,"Agile Software Development,User Story,Software Requirements,Use Case,",Kenny Wong,4.8,3026.0,Approx. 12 hours to complete,Coursera,,,,,"['Agile Software Development', 'User Story', 'Software Requirements', 'Use Case']",Web Development
C0722,Google Cloud Big Data and Machine Learning Fundamentals 日本語版,https://www.coursera.org/learn/gcp-big-data-ml-fundamentals-jp?specialization=gcp-data-machine-learning-jp,このコースでは、データから AI へのライフサイクルをサポートする Google Cloud のビッグデータと機械学習のプロダクトおよびサービスを紹介します。Google Cloud で Vertex AI を使用して、ビッグデータ パイプラインと機械学習モデルを構築するためのプロセス、課題、メリットについて説明します。,Data Science,Machine Learning,Course,"Tensorflow,Bigquery,Google Cloud Platform,Cloud Computing,",Google Cloud Training,4.5,230.0,Approx. 11 hours to complete,Coursera,,,,,"['Tensorflow', 'Bigquery', 'Google Cloud Platform', 'Cloud Computing']",Data Science
C0723,Text Retrieval and Search Engines,https://www.coursera.org/learn/text-retrieval?specialization=data-mining,"Recent years have seen a dramatic growth of natural language text data, including web pages, news articles, scientific literature, emails, enterprise documents, and social media such as blog articles, forum posts, product reviews, and tweets. Text data are unique in that they are usually generated directly by humans rather than a computer system or sensors, and are thus especially valuable for discovering knowledge about people’s opinions and preferences, in addition to many other kinds of knowledge that we encode in text. ",Data Science,Data Analysis,Course,"Information Retrieval (IR),Document Retrieval,Machine Learning,Recommender Systems,",ChengXiang Zhai,4.5,930.0,Approx. 30 hours to complete,Coursera,,,,,"['Information Retrieval (IR)', 'Document Retrieval', 'Machine Learning', 'Recommender Systems']",Data Science
C0724,Using Machine Learning in Trading and Finance,https://www.coursera.org/learn/machine-learning-trading-finance?specialization=machine-learning-trading,"This course provides the foundation for developing advanced trading strategies using machine learning techniques. In this course, you’ll review the key components that are common to every trading strategy, no matter how complex. You’ll be introduced to multiple trading strategies including quantitative trading, pairs trading, and momentum trading. By the end of the course, you will be able to design basic quantitative trading strategies, build machine learning models using Keras and TensorFlow, build a pair trading strategy prediction model and back test it, and build a momentum-based trading model and back test it.",Data Science,Machine Learning,Course,"Algorithmic Trading,Python Programming,Machine Learning,",Jack Farmer,4.0,325.0,Approx. 18 hours to complete,Coursera,,,,,"['Algorithmic Trading', 'Python Programming', 'Machine Learning']",Data Science
C0725,Machine Learning in the Enterprise,https://www.coursera.org/learn/art-science-ml?specialization=machine-learning-tensorflow-gcp,This course takes a real-world approach to the ML Workflow through a case study. An ML team faces several ML business requirements and use cases. The team must understand the tools required for data management and governance and consider the best approach for data preprocessing.,Data Science,Machine Learning,Course,"Tensorflow,Machine Learning,Cloud Computing,",Google Cloud Training,4.6,1432.0,Approx. 23 hours to complete,Coursera,,,,,"['Tensorflow', 'Machine Learning', 'Cloud Computing']",Data Science
C0726,Text Mining and Analytics,https://www.coursera.org/learn/text-mining?specialization=data-mining,"This course will cover the major techniques for mining and analyzing text data to discover interesting patterns, extract useful knowledge, and support decision making, with an emphasis on statistical approaches that can be generally applied to arbitrary text data in any natural language with no or minimum human effort. ",Data Science,Data Analysis,Course,"Data Clustering Algorithms,Text Mining,Probabilistic Models,Sentiment Analysis,",ChengXiang Zhai,4.5,702.0,Approx. 33 hours to complete,Coursera,,,,,"['Data Clustering Algorithms', 'Text Mining', 'Probabilistic Models', 'Sentiment Analysis']",Data Science
C0727,"Designing, Running, and Analyzing Experiments",https://www.coursera.org/learn/designexperiments?specialization=interaction-design,"You may never be sure whether you have an effective user experience until you have tested it with users. In this course, you’ll learn how to design user-centered experiments, how to run such experiments, and how to analyze data from these experiments in order to evaluate and validate user experiences. You will work through real-world examples of experiments from the fields of UX, IxD, and HCI, understanding issues in experiment design and analysis. You will analyze multiple data sets using recipes given to you in the R statistical programming language -- no prior programming experience is assumed or required, but you will be required to read, understand, and modify code snippets provided to you. By the end of the course, you will be able to knowledgeably design, run, and analyze your own experiments that give statistical weight to your designs.",Computer Science,Design and Product,Course,"Experiment,Experimental Design,Statistical Model,R Programming,Statistics,",Scott  Klemmer,3.6,573.0,Approx. 15 hours to complete,Coursera,,,,,"['Experiment', 'Experimental Design', 'Statistical Model', 'R Programming', 'Statistics']",Web Development
C0728,Device-based Models with TensorFlow Lite,https://www.coursera.org/learn/device-based-models-tensorflow?specialization=tensorflow-data-and-deployment,Bringing a machine learning model into the real world involves a lot more than just modeling. This Specialization will teach you how to navigate various deployment scenarios and use data more effectively to train your model.,Computer Science,Software Development,Course,"TensorFlow Lite,Mathematical Optimization,Machine Learning,Tensorflow,Object Detection,",Laurence Moroney,4.7,575.0,Approx. 10 hours to complete,Coursera,,,,,"['TensorFlow Lite', 'Mathematical Optimization', 'Machine Learning', 'Tensorflow', 'Object Detection']",Web Development
C0729,AI for Medical Prognosis ,https://www.coursera.org/learn/ai-for-medical-prognosis?specialization=ai-for-medicine,"AI is transforming the practice of medicine. It’s helping doctors diagnose patients more accurately, make predictions about patients’ future health, and recommend better treatments. This Specialization will give you practical experience in applying machine learning to concrete problems in medicine.",Data Science,Machine Learning,Course,"Deep Learning,Machine Learning,time-to-event modeling,Random Forest,model tuning,",Pranav Rajpurkar,4.7,729.0,Approx. 29 hours to complete,Coursera,,,,,"['Deep Learning', 'Machine Learning', 'time-to-event modeling', 'Random Forest', 'model tuning']",Data Science
C0730,C++ Basics: Selection and Iteration,https://www.coursera.org/learn/codio-cpp-basics?specialization=hands-on-cpp,Code and run your first C++ program in minutes without installing anything!,Computer Science,Software Development,Course,"Iteration,Variables,C++,Computer Science,Conditionals,",Anh Le,4.6,578.0,Approx. 8 hours to complete,Coursera,,,,,"['Iteration', 'Variables', 'C++', 'Computer Science', 'Conditionals']",Web Development
C0731, Unsupervised Machine Learning,https://www.coursera.org/learn/ibm-unsupervised-machine-learning?specialization=ibm-intro-machine-learning,This course introduces you to one of the main types of Machine Learning: Unsupervised Learning. You will learn how to find insights from data sets that do not have a target or labeled variable. You will learn several clustering and dimension reduction algorithms for unsupervised learning as well as how to select the algorithm that best suits your data. The hands-on section of this course focuses on using best practices for unsupervised learning.,Data Science,Machine Learning,Course,"Dimensionality Reduction,Unsupervised Learning,Cluster Analysis,K Means Clustering,Principal Component Analysis (PCA),",Mark J Grover,4.7,181.0,Approx. 23 hours to complete,Coursera,,,,,"['Dimensionality Reduction', 'Unsupervised Learning', 'Cluster Analysis', 'K Means Clustering', 'Principal Component Analysis (PCA)']",Data Science
C0732,Introduction to Graph Theory,https://www.coursera.org/learn/graphs?specialization=discrete-mathematics,"We invite you to a fascinating journey into Graph Theory — an area which connects the elegance of painting and the rigor of mathematics; is simple, but not unsophisticated. Graph Theory gives us, both an easy way to pictorially represent many major mathematical results, and insights into the deep theories behind them. ",Computer Science,Algorithms,Course,,Alexander S. Kulikov,4.5,917.0,Approx. 20 hours to complete,Coursera,,,,,[],Web Development
C0733,Interaction Design Capstone Project,https://www.coursera.org/learn/interaction-design-capstone?specialization=interaction-design,"Apply the skills you learned during the sequence of courses -- from needfinding to visual design -- as you redesign a new interface, service, or product for your Interaction Design Capstone Project. We’re working with some exciting design teams in Silicon Valley across multiple industries to develop real-world design challenges for this final project. Upon completion, you will have a polished capstone project you can share in your design portfolio to highlight your work and document your design process.",Computer Science,Design and Product,Course,"Usability Testing,User Research,User Experience (UX),User Interface,",Scott  Klemmer,4.5,158.0,Approx. 35 hours to complete,Coursera,,,,,"['Usability Testing', 'User Research', 'User Experience (UX)', 'User Interface']",Web Development
C0734,Advanced Linear Models for Data Science 2: Statistical Linear Models,https://www.coursera.org/learn/linear-models-2?specialization=advanced-statistics-data-science,Welcome to the Advanced Linear Models for Data Science Class 2: Statistical Linear Models. This class is an introduction to least squares from a linear algebraic and mathematical perspective. Before beginning the class make sure that you have the following:,Data Science,Probability and Statistics,Course,,"Brian Caffo, PhD",4.5,86.0,Approx. 5 hours to complete,Coursera,,,,,[],Data Science
C0735,Securing and Integrating Components of your Application,https://www.coursera.org/learn/securing-integrating-components-app?specialization=developing-apps-gcp,"In this course, application developers learn how to design and develop cloud-native applications that seamlessly integrate managed services from Google Cloud. Through a combination of presentations, demos, and hands-on labs, participants learn how to develop more secure applications, implement federated identity management, and integrate application components by using messaging, event-driven processing, and API gateways.",Computer Science,Software Development,Course,"Application Programming Interfaces (API),Cloud Functions,Identity Management (IDM),Cloud Endpoints,Publish–Subscribe Pattern,",Google Cloud Training,4.6,1311.0,Approx. 14 hours to complete,Coursera,,,,,"['Application Programming Interfaces (API)', 'Cloud Functions', 'Identity Management (IDM)', 'Cloud Endpoints', 'Publish–Subscribe Pattern']",Web Development
C0736,Algorithms on Strings,https://www.coursera.org/learn/algorithms-on-strings?specialization=data-structures-algorithms,"World and internet is full of textual information. We search for information using textual queries, we read websites, books, e-mails. All those are strings from the point of view of computer science. To make sense of all that information and make search efficient, search engines use many string algorithms. Moreover, the emerging field of personalized medicine uses many search algorithms to find disease-causing mutations in the human genome. In this online course you will learn key pattern matching concepts: tries, suffix trees, suffix arrays and even the Burrows-Wheeler transform.",Computer Science,Algorithms,Course,"Suffix Tree,Suffix Array,Knuth–Morris–Pratt (KMP) Algorithm,Algorithms On Strings,",Neil Rhodes,4.5,1022.0,Approx. 18 hours to complete,Coursera,,,,,"['Suffix Tree', 'Suffix Array', 'Knuth–Morris–Pratt (KMP) Algorithm', 'Algorithms On Strings']",Web Development
C0737,C++ Class Development,https://www.coursera.org/learn/cpp-class-development?specialization=cplusplusunrealgamedevelopment,This course is the third course in the specialization about learning how to develop video games using the C++ programming language and the Unreal game engine on Windows or Mac. ,Computer Science,Software Development,Course,,"Dr. Tim ""Dr. T"" Chamillard",4.9,12.0,Approx. 18 hours to complete,Coursera,,,,,[],Web Development
C0738,Object-Oriented Design,https://www.coursera.org/learn/object-oriented-design?specialization=software-design-architecture,"This course takes Java beginners to the next level by covering object-oriented analysis and design. You will discover how to create modular, flexible, and reusable software, by applying object-oriented design principles and guidelines. And, you will be able to communicate these designs in a visual notation known as Unified Modelling Language (UML).",Computer Science,Software Development,Course,"Object-Oriented Design,Object-Oriented Analysis And Design,Unified Modeling Language (UML),",Kenny Wong,4.7,2152.0,Approx. 17 hours to complete,Coursera,,,,,"['Object-Oriented Design', 'Object-Oriented Analysis And Design', 'Unified Modeling Language (UML)']",Web Development
C0739,C Programming: Language Foundations - 2,https://www.coursera.org/learn/c-programming-language-foundations?specialization=c-programming-linux,"In this course you will learn to use logical statements and arrays in C. Logical statements are used for decision-making with follow-up instructions, based on conditions you define. Arrays are used to store, keep track of, and organize larger amounts of data. You will furthermore implement some fundamental algorithms to search and sort data.",Computer Science,Software Development,Course,"Computer Programming,C Programming,",Rémi SHARROCK,4.6,45.0,Approx. 13 hours to complete,Coursera,,,,,"['Computer Programming', 'C Programming']",Web Development
C0740,Artificial Intelligence on Microsoft Azure,https://www.coursera.org/learn/artificial-intelligence-microsoft-azure?specialization=microsoft-azure-ai-900-ai-fundamentals,"Whether you're just beginning to work with Artificial Intelligence (AI) or you already have AI experience and are new to Microsoft Azure, this course provides you with everything you need to get started. Artificial Intelligence (AI) empowers amazing new solutions and experiences; and Microsoft Azure provides easy to use services to help you build solutions that seemed like science fiction a short time ago; enabling incredible advances in health care, financial management, environmental protection, and other areas to make a better world for everyone.",Information Technology,Cloud Computing,Course,"Artificial Intelligence (AI),Microsoft Azure,",Microsoft,4.6,241.0,Approx. 3 hours to complete,Coursera,,,,,"['Artificial Intelligence (AI)', 'Microsoft Azure']",Data Science
C0741,Web Design for Everybody Capstone,https://www.coursera.org/learn/web-design-project?specialization=web-design,The capstone will develop a professional-quality web portfolio.  Students will demonstrate the ability to design and implement a responsive site for a minimum of three platforms.  Adherence to validation and accessibility standards will be required. The evolving student implementations will be reviewed each week by capstone peers and teaching assistants to make sure that the student keeps up with the agenda of the course. ,Computer Science,Mobile and Web Development,Course,"Web Design,HTML,JavaScript,Cascading Style Sheets (CSS),","Colleen van Lent, Ph.D.",4.8,1520.0,Approx. 17 hours to complete,Coursera,,,,,"['Web Design', 'HTML', 'JavaScript', 'Cascading Style Sheets (CSS)']",Web Development
C0742,Mastering Data Analysis in Excel,https://www.coursera.org/learn/analytics-excel?specialization=excel-mysql,"Important: The focus of this course is on math - specifically, data-analysis concepts and methods - not on Excel for its own sake. We use Excel to do our calculations, and all math formulas are given as Excel Spreadsheets, but we do not attempt to cover Excel Macros, Visual Basic, Pivot Tables, or other intermediate-to-advanced Excel functionality.",Data Science,Data Analysis,Course,"Binary Classification,Data Analysis,Microsoft Excel,Linear Regression,",Jana Schaich Borg,4.2,3883.0,Approx. 21 hours to complete,Coursera,,,,,"['Binary Classification', 'Data Analysis', 'Microsoft Excel', 'Linear Regression']",Data Science
C0743,Linux Kernel Programming and Introduction to Yocto Project,https://www.coursera.org/learn/linux-kernel-programming-yocto-project?specialization=advanced-embedded-linux-development,"This course provides an introduction to Kernel Driver development for the Linux operating system. The Yocto build system is introduced, which students use to build their own custom Embedded Linux system through programming assignments.",Computer Science,Software Development,Course,"Shell Script,C Programming,Linux,Embedded Systems,",Daniel Walkes,,,Approx. 40 hours to complete,Coursera,,,,,"['Shell Script', 'C Programming', 'Linux', 'Embedded Systems']",Web Development
C0744,Interactivity with JavaScript and jQuery,https://www.coursera.org/learn/interactivity-javascript-jquery?specialization=javascript-beginner,"This course is the third in our JavaScript for Beginners Specialization. The scripts will become more complex and introduce more complex jQuery plugins. You will have several challenges to practice your skills throughout the course. The course objectives include how to identify objects in JavaScript; create new objects and populate them with data; manipulate objects by adding, modifying and deleting data in objects; manipulate the DOM based on the data in objects; identify and articulate how multiple functions work together to create a more complex program; and identify processes for breaking larger programs into smaller, more manageable pieces.",Computer Science,Mobile and Web Development,Course,,William Mead,4.8,39.0,Approx. 14 hours to complete,Coursera,,,,,[],Web Development
C0745,"UX Research at Scale: Surveys, Analytics, Online Testing",https://www.coursera.org/learn/ux-research-at-scale?specialization=michiganux,"This UX course will provide an overview of survey methodology from the perspective of UX research. UX surveys typically focus on uncovering user needs, connecting needs to user characteristics, and gaining insight into user attitudes towards systems they use. In this course, learners will learn the basics of UX survey research and conduct a survey of their own design!",Computer Science,Design and Product,Course,,Clifford Lampe,4.4,170.0,Approx. 18 hours to complete,Coursera,,,,,[],Web Development
C0746,Principles of UX/UI Design,https://www.coursera.org/learn/principles-of-ux-ui-design?specialization=meta-react-native,"Learn the fundamentals of User Experience (UX) research and design. Become immersed in the UX process of identifying problems and iterating and testing designs to find appropriate solutions. You’ll learn how to empathize with users through best-practice research approaches, and create common UX artifacts such as user personas. And you’ll use UX insights to make appropriate design decisions. ",Computer Science,Mobile and Web Development,Course,"Web Design,Front-End Web Development,User Experience (UX),Accessibility,",Taught by Meta Staff,4.7,231.0,Approx. 21 hours to complete,Coursera,,,,,"['Web Design', 'Front-End Web Development', 'User Experience (UX)', 'Accessibility']",Web Development
C0747,Basic Statistics,https://www.coursera.org/learn/basic-statistics?specialization=social-science,"Understanding statistics is essential to understand research in the social and behavioral sciences. In this course you will learn the basics of statistics; not just how to calculate them, but also how to evaluate them. This course will also prepare you for the next course in the specialization - the course Inferential Statistics. ",Data Science,Probability and Statistics,Course,"Statistics,Confidence Interval,Statistical Hypothesis Testing,R Programming,",Matthijs Rooduijn,4.6,4285.0,Approx. 26 hours to complete,Coursera,,,,,"['Statistics', 'Confidence Interval', 'Statistical Hypothesis Testing', 'R Programming']",Data Science
C0748,Visual Perception,https://www.coursera.org/learn/perception?specialization=firstprinciplesofcomputervision,The ultimate goal of a computer vision system is to generate a detailed symbolic description of each image shown. This course focuses on the all-important problem of perception. ,Computer Science,Algorithms,Course,"Image Segmentation,Artificial Neural Network,apperance matching,Tracking,Computer Vision,",Shree Nayar,4.8,12.0,Approx. 10 hours to complete,Coursera,,,,,"['Image Segmentation', 'Artificial Neural Network', 'apperance matching', 'Tracking', 'Computer Vision']",Web Development
C0749,Software Security ,https://www.coursera.org/learn/software-security?specialization=cyber-security,"This course we will explore the foundations of software security. We will consider important software vulnerabilities and attacks that exploit them -- such as buffer overflows, SQL injection, and session hijacking -- and we will consider defenses that prevent or mitigate these attacks, including advanced testing and program analysis techniques. Importantly, we take a ""build security in"" mentality, considering techniques at each phase of the development cycle that can be used to strengthen the security of software systems. Successful learners in this course typically have completed sophomore/junior-level undergraduate work in a technical field, have some familiarity with programming, ideally in C/C++ and one other ""managed"" program language (like ML or Java), and have prior exposure to algorithms. Students not familiar with these languages but with others can improve their skills through online web tutorials.",Computer Science,Computer Security and Networks,Course,"Fuzz Testing,Buffer Overflow,Sql Injection,Penetration Test,",Michael Hicks,4.6,1599.0,Approx. 17 hours to complete,Coursera,,,,,"['Fuzz Testing', 'Buffer Overflow', 'Sql Injection', 'Penetration Test']",Cybersecurity
C0750,Java Class Library,https://www.coursera.org/learn/java-class-library?specialization=core-java,"Java Class Library is the fourth and final course in the Core Java Specialization. The Core Java Specialization is part of a series of programming specializations, derived from LearnQuest's private Java Bootcamps, designed to provide the skill set necessary to be hired as an IT developer using Java in many corporate environments.",Computer Science,Software Development,Course,"Recursively Enumerable Set,Iterator,Linearity,Arrays,",Evan Bergman,4.7,113.0,Approx. 29 hours to complete,Coursera,,,,,"['Recursively Enumerable Set', 'Iterator', 'Linearity', 'Arrays']",Web Development
C0751,"C++ For C Programmers, Part A",https://www.coursera.org/learn/c-plus-plus-a?specialization=coding-for-everyone,This course is for experienced C programmers who want to program in C++. The examples and exercises require a basic understanding of algorithms and object-oriented software.,Computer Science,Software Development,Course,"Graph Theory,C++11,C++,Graph Algorithms,",Ira Pohl,4.4,2218.0,Approx. 13 hours to complete,Coursera,,,,,"['Graph Theory', 'C++11', 'C++', 'Graph Algorithms']",Web Development
C0752,Usable Security,https://www.coursera.org/learn/usable-security?specialization=cyber-security,"This course focuses on how to design and build secure systems with a human-centric focus. We will look at basic principles of human-computer interaction, and apply these insights to the design of secure systems with the goal of developing security measures that respect human performance and their goals within a system.",Computer Science,Computer Security and Networks,Course,"Cybersecurity,Usability,Privacy,User Interface,",Jennifer Golbeck,4.6,3246.0,Approx. 11 hours to complete,Coursera,,,,,"['Cybersecurity', 'Usability', 'Privacy', 'User Interface']",Cybersecurity
C0753,Cloud Computing Foundations,https://www.coursera.org/learn/cloud-computing-foundations-duke?specialization=building-cloud-computing-solutions-at-scale,"Welcome to the first course in the Building Cloud Computing Solutions at Scale Specialization! In this course, you will learn how to build foundational Cloud computing infrastructure, including websites involving serverless technology and virtual machines. You will also learn how to apply Agile software development techniques to projects which will be useful in building portfolio projects and global-scale Cloud infrastructures. ",Information Technology,Cloud Computing,Course,"Github,Devops,Cloud Computing,",Noah Gift,4.5,193.0,Approx. 19 hours to complete,Coursera,,,,,"['Github', 'Devops', 'Cloud Computing']",Data Science
C0754,Google Drive en Español,https://www.coursera.org/learn/google-drive-es?specialization=getting-started-with-google-workspace-es,"Google Drive es el servicio de almacenamiento de archivos de Google basado en la nube. Con Google Drive, puede guardar todo su trabajo en un lugar, ver diferentes formatos de archivos sin tener que usar software adicional y acceder a sus archivos desde cualquier dispositivo.",Information Technology,Cloud Computing,Course,,Google Cloud Training,4.7,27.0,Approx. 2 hours to complete,Coursera,,,,,[],Data Science
C0755,Building Products at Global Scale,https://www.coursera.org/learn/real-world-engineering-management-3?specialization=real-world-engineering-management,Sponsored by AMAZON WEB SERVICES (AWS). ,Computer Science,Software Development,Course,,Gordon Yu,,,Approx. 5 hours to complete,Coursera,,,,,[],Web Development
C0756,Advanced Clinical Data Science,https://www.coursera.org/learn/advanced-clinical-data-science?specialization=clinical-data-science,This course prepares you to deal with advanced clinical data science topics and techniques including temporal and research quality analysis.,Data Science,Data Analysis,Course,,"Michael G. Kahn, MD, PhD",4.8,18.0,Approx. 4 hours to complete,Coursera,,,,,[],Data Science
C0757,Reviews & Metrics for Software Improvements,https://www.coursera.org/learn/reviews-and-metrics-for-software-improvements?specialization=product-management,"This course covers techniques for monitoring your projects in order to align client needs, project plans, and software production. It focuses on metrics and reviews to track and improve project progress and software quality.",Computer Science,Design and Product,Course,"Software Metric,Agile Software Development,Software Project Management,Software Metrics,",Kenny Wong,4.7,1590.0,Approx. 8 hours to complete,Coursera,,,,,"['Software Metric', 'Agile Software Development', 'Software Project Management', 'Software Metrics']",Web Development
C0758,Building No-Code Apps with AppSheet: Automation,https://www.coursera.org/learn/building-no-code-apps-with-appsheet-automation?specialization=building-no-code-apps-with-appsheet,"This course helps you recognize the need to implement business process automation in your organization. You learn about automation patterns and use cases, and how to use AppSheet constructs to implement automation in your app. You learn about the various features of AppSheet automation, and integrate your app with Google Workspace products. You also learn how to send email, push notifications and text messages from your app, parse documents and generate reports with AppSheet automation.",Information Technology,Cloud Computing,Course,,Google Cloud Training,,,Approx. 7 hours to complete,Coursera,,,,,[],Data Science
C0759,Programming Fundamentals,https://www.coursera.org/learn/programming-fundamentals?specialization=c-programming,"Programming is an increasingly important skill, whether you aspire to a career in software development, or in other fields. This course is the first in the specialization Introduction to Programming in C, but its lessons extend to any language you might want to learn. This is because programming is fundamentally about figuring out how to solve a class of problems and writing the algorithm, a clear set of steps to solve any problem in its class. This course will introduce you to a powerful problem-solving process—the Seven Steps—which you can use to solve any programming problem. In this course, you will learn how to develop an algorithm, then progress to reading code and understanding how programming concepts relate to algorithms.",Computer Science,Algorithms,Course,"Algorithms,Programming Language Concepts,Problem Solving,C Programming,",Andrew D. Hilton,4.7,6564.0,Approx. 18 hours to complete,Coursera,,,,,"['Algorithms', 'Programming Language Concepts', 'Problem Solving', 'C Programming']",Web Development
C0760,Business Applications of Hypothesis Testing and Confidence Interval Estimation ,https://www.coursera.org/learn/hypothesis-testing-confidence-intervals?specialization=business-statistics-analysis,Confidence intervals and Hypothesis tests are very important tools in the Business Statistics toolbox. A mastery over these topics will help enhance your business decision making and allow you to understand and measure the extent of ‘risk’ or ‘uncertainty’ in various business processes. ,Data Science,Data Analysis,Course,"Data Analysis,Microsoft Excel,Statistical Hypothesis Testing,",Sharad Borle,4.8,1264.0,Approx. 24 hours to complete,Coursera,,,,,"['Data Analysis', 'Microsoft Excel', 'Statistical Hypothesis Testing']",Data Science
C0761,Advanced Computer Vision with TensorFlow,https://www.coursera.org/learn/advanced-computer-vision-with-tensorflow?specialization=tensorflow-advanced-techniques,"In this course, you will:",Data Science,Machine Learning,Course,"Salience,Image Segmentation,Model Interpretability,Class Activation Maps,TensorFlow Object Detection API,",Laurence Moroney,4.8,407.0,Approx. 19 hours to complete,Coursera,,,,,"['Salience', 'Image Segmentation', 'Model Interpretability', 'Class Activation Maps', 'TensorFlow Object Detection API']",Data Science
C0762,Resolución de problemas por búsqueda,https://www.coursera.org/learn/resolucion-busqueda?specialization=inteligencia-artificial,El curso trata de resolución automática de problemas por medio de algoritmos de búsqueda.,Computer Science,Algorithms,Course,,Stalin Muñoz Gutiérrez,4.5,19.0,Approx. 18 hours to complete,Coursera,,,,,[],Web Development
C0763,C Programming: Advanced Data Types - 5,https://www.coursera.org/learn/c-programming-advanced-data-types?specialization=c-programming-linux,"In this course you will define your own data types in C, and use the newly created types to more efficiently store and process your data.",Computer Science,Software Development,Course,"Computer Programming,C Programming,",Rémi SHARROCK,4.4,16.0,Approx. 7 hours to complete,Coursera,,,,,"['Computer Programming', 'C Programming']",Web Development
C0764,Object-Oriented C++: Inheritance and Encapsulation,https://www.coursera.org/learn/object-oriented-cpp?specialization=hands-on-cpp,Code and run your first C++ program in minutes without installing anything!,Computer Science,Software Development,Course,"Object-Oriented Programming (OOP),Polymorphism,C++,Inheritance,Computer Science,",Kevin Noelsaint,4.8,117.0,Approx. 9 hours to complete,Coursera,,,,,"['Object-Oriented Programming (OOP)', 'Polymorphism', 'C++', 'Inheritance', 'Computer Science']",Web Development
C0765,Applied Social Network Analysis in Python,https://www.coursera.org/learn/python-social-network-analysis?specialization=data-science-python,This course will introduce the learner to network analysis through tutorials using the NetworkX library. The course begins with an understanding of what network analysis is and motivations for why we might model phenomena as networks. The second week introduces the concept of connectivity and network robustness. The third week will explore ways of measuring the importance or centrality of a node in a network. The final week will explore the evolution of networks over time and cover models of network generation and the link prediction problem. ,Data Science,Data Analysis,Course,"Graph Theory,Network Analysis,Python Programming,Social Network Analysis,",Daniel Romero,4.6,2657.0,Approx. 26 hours to complete,Coursera,,,,,"['Graph Theory', 'Network Analysis', 'Python Programming', 'Social Network Analysis']",Data Science
C0766,Introduction to Software Product Management,https://www.coursera.org/learn/introduction-to-software-product-management?specialization=product-management,"This course highlights the importance and role of software product management. It also provides an overview of the specialization, as well as its goals, structure, and expectations. The course explains the value of process, requirements, planning, and monitoring in producing better software.",Computer Science,Design and Product,Course,"Agile Software Development,Software Product Management,Software Project Management,",Kenny Wong,4.6,7331.0,Approx. 4 hours to complete,Coursera,,,,,"['Agile Software Development', 'Software Product Management', 'Software Project Management']",Web Development
C0767,Pattern Discovery in Data Mining,https://www.coursera.org/learn/data-patterns?specialization=data-mining,"Learn the general concepts of data mining along with basic methodologies and applications. Then dive into one subfield in data mining: pattern discovery. Learn in-depth concepts, methods, and applications of pattern discovery in data mining. We will also introduce methods for data-driven phrase mining and some interesting applications of pattern discovery. This course provides you the opportunity to learn skills and content to practice and engage in scalable pattern discovery methods on massive transactional data, discuss pattern evaluation measures, and study methods for mining diverse kinds of patterns, sequential patterns, and sub-graph patterns.",Data Science,Data Analysis,Course,"Streams,Sequential Pattern Mining,Data Mining Algorithms,Data Mining,",Jiawei Han,4.3,314.0,Approx. 17 hours to complete,Coursera,,,,,"['Streams', 'Sequential Pattern Mining', 'Data Mining Algorithms', 'Data Mining']",Data Science
C0768,Developing Cloud Apps with Node.js and React,https://www.coursera.org/learn/node-js?specialization=ibm-cloud-application-development-foundations,"In a recent Stack Overflow survey, Node.js was used by about 50% of the developers who answered the survey, making it the most used server-side technology. Express ranked as the fourth most popular web technology overall, making it the most popular server-side web framework.   ",Computer Science,Software Development,Course,"Web Development,back-end development,Server-side JavaScript,express,Computer Science,",Upkar Lidder,4.0,211.0,Approx. 16 hours to complete,Coursera,,,,,"['Web Development', 'back-end development', 'Server-side JavaScript', 'express', 'Computer Science']",Web Development
C0769,Managing Cloud-native Applications with Kubernetes,https://www.coursera.org/learn/managing-cloud-native-applications-with-kubernetes?specialization=cloud-native-development-openshift-kubernetes,"Managing Cloud-native Applications with Kubernetes (DO100b) is designed for IT professionals without previous cloud application deployment experience to learn basic Kubernetes skills. This course is the second course of a three-course specialization. In this specialization, you will run, deploy, and test containerized applications with zero-downtime releases.",Information Technology,Cloud Computing,Course,"Cloud Platforms,Cloud Applications,Kubernetes,Cloud Computing,",Marek Czernek,4.7,22.0,Approx. 8 hours to complete,Coursera,,,,,"['Cloud Platforms', 'Cloud Applications', 'Kubernetes', 'Cloud Computing']",Data Science
C0770,AWS Fundamentals: Migrating to the Cloud,https://www.coursera.org/learn/aws-fundamentals-migrating-to-the-cloud?specialization=aws-fundamentals,"This introductory course is for anyone who wants a deeper dive into AWS migration. Whether you want to understand what services are helpful, need to plan a migration for your organization, or are helping other groups with their own migration, you will find valuable information throughout this course. The course sessions structure cloud migration through the three-phase migration process from AWS: assess, mobilize, and migrate and modernize. This process is designed to help your organization approach and implement a migration of tens, hundreds, or thousands of applications. By learning about this three-phase structure—and the various AWS tools, features, and services that can help you during each phase—you will complete this course with a better understanding of how to design and implement migrations to AWS.",Information Technology,Cloud Computing,Course,,Seph Robinson,4.4,27.0,Approx. 6 hours to complete,Coursera,,,,,[],Data Science
C0771,Number Theory and Cryptography,https://www.coursera.org/learn/number-theory-cryptography?specialization=discrete-mathematics,"A prominent expert in the number theory Godfrey Hardy described it in the beginning of 20th century as one of the most obviously useless branches of Pure Mathematics”. Just 30 years after his death, an algorithm for encryption of secret messages was developed using achievements of number theory. It was called RSA after the names of its authors, and its implementation is probably the most frequently used computer program in the world nowadays. Without it, nobody would be able to make secure payments over the internet, or even log in securely to e-mail and other personal services. In this course we will start with the basics of the number theory and get to cryptographic protocols based on it. By the end, you will be able to apply the basics of the number theory to encrypt and decrypt messages, and to break the code if one applies RSA carelessly. You will even pass a cryptographic quest!",Computer Science,Algorithms,Course,"Number Theory,Cryptography,Modular Exponentiation,",Michael Levin,4.5,542.0,Approx. 16 hours to complete,Coursera,,,,,"['Number Theory', 'Cryptography', 'Modular Exponentiation']",Web Development
C0772,Analysis for Business Systems,https://www.coursera.org/learn/analysis-for-business-systems?specialization=information-systems,"Most often, organizations acquire information systems as part of a larger focus on process improvement and efficiency. These organizations need to invest in the right system to meet their needs: right functionality, right size, and for the right price. The business systems analyst role in most organizations is responsible for translating the organization’s needs into requirements, which are then used to select or build the right system for the organization.",Information Technology,Data Management,Course,"Business analysis skills and knowledge,Management,Project management skills and knowledge,",Ken Reily,4.8,486.0,Approx. 9 hours to complete,Coursera,,,,,"['Business analysis skills and knowledge', 'Management', 'Project management skills and knowledge']",Data Science
C0773,Managing Machine Learning Projects with Google Cloud,https://www.coursera.org/learn/machine-learning-business-professionals?specialization=digital-transformation-using-ai-ml-with-google-cloud,"Business professionals in non-technical roles have a unique opportunity to lead or influence machine learning projects. If you have questions about machine learning and want to understand how to use it, without the technical jargon, this course is for you. Learn how to translate business problems into machine learning use cases and vet them for feasibility and impact. Find out how you can discover unexpected use cases, recognize the phases of an ML project and considerations within each, and gain confidence to propose a custom ML use case to your team or leadership or translate the requirements to a technical team.",Data Science,Machine Learning,Course,,Google Cloud Training,4.6,3589.0,Approx. 13 hours to complete,Coursera,,,,,[],Data Science
C0774,AI Workflow: Business Priorities and Data Ingestion,https://www.coursera.org/learn/ibm-ai-workflow-business-priorities-data-ingestion?specialization=ibm-ai-workflow,"This is the first course of a six part specialization.  You are STRONGLY encouraged to complete these courses in order as they are not individual independent courses, but part of a workflow where each course builds on the previous ones.",Data Science,Machine Learning,Course,"Data Science,Information Engineering,Artificial Intelligence (AI),Machine Learning,Python Programming,",Mark J Grover,4.3,147.0,Approx. 7 hours to complete,Coursera,,,,,"['Data Science', 'Information Engineering', 'Artificial Intelligence (AI)', 'Machine Learning', 'Python Programming']",Data Science
C0775,"Random Models, Nested and Split-plot Designs",https://www.coursera.org/learn/random-models-nested-split-plot-designs?specialization=design-experiments,"Many experiments involve factors whose levels are chosen at random. A well-know situation is the study of measurement systems to determine their capability.  This course presents the design and analysis of these types of experiments, including modern methods for estimating the components of variability in these systems. The course also covers experiments with nested factors, and experiments with hard-to-change factors that require split-plot designs. We also provide an overview of designs for experiments with response distributions from nonnormal response distributions and experiments with covariates.",Data Science,Probability and Statistics,Course,,Douglas C. Montgomery,4.6,29.0,Approx. 9 hours to complete,Coursera,,,,,[],Data Science
C0776,Introduction to Relational Databases (RDBMS),https://www.coursera.org/learn/introduction-to-relational-databases?specialization=data-engineering-foundations,"Are you ready to dive into the world of data engineering? You’ll need a solid understanding of how data is stored, processed, and accessed. You’ll need to identify the different types of database that are appropriate for the kind of data you are working with and what processing the data requires.",Information Technology,Data Management,Course,"Database (DB) Design,Database Architecture,Postgresql,MySQL,Relational Database Management System (RDBMS),",Rav Ahuja,4.6,342.0,Approx. 18 hours to complete,Coursera,,,,,"['Database (DB) Design', 'Database Architecture', 'Postgresql', 'MySQL', 'Relational Database Management System (RDBMS)']",Data Science
C0777,Algorithms on Graphs,https://www.coursera.org/learn/algorithms-on-graphs?specialization=data-structures-algorithms,"If you have ever used a navigation service to find optimal route and estimate time to destination, you've used algorithms on graphs. Graphs arise in various real-world situations as there are road networks, computer networks and, most recently, social networks! If you're looking for the fastest time to get to work, cheapest way to connect a set of computers into a network or efficient algorithm to automatically find communities and opinion leaders in Facebook, you're going to work with graphs and algorithms on graphs.",Computer Science,Algorithms,Course,"Graph Theory,Graphs,Graph Algorithms,",Neil Rhodes,4.7,2189.0,Approx. 55 hours to complete,Coursera,,,,,"['Graph Theory', 'Graphs', 'Graph Algorithms']",Web Development
C0778,Building Resilient Streaming Analytics Systems on GCP 日本語版,https://www.coursera.org/learn/streaming-analytics-systems-gcp-jp?specialization=gcp-data-machine-learning-jp,ストリーミングによって企業が事業運営に関するリアルタイムの指標を取得できるようになり、ストリーミング データの処理を行う機会が増えてきました。このコースでは、Google Cloud でストリーミング データ パイプラインを構築する方法について学習します。受信ストリーミング データの処理のための Pub/Sub について説明します。また、このコースでは、Dataflow を使用してストリーミング データを集計または変換する方法、処理済みのレコードを分析用に BigQuery や Cloud Bigtable に保存する方法についても説明します。そして、Qwiklabs を使用して Google Cloud でストリーミング データ パイプラインのコンポーネントを構築する実践演習を行います。,Information Technology,Cloud Computing,Course,,Google Cloud Training,4.8,18.0,Approx. 11 hours to complete,Coursera,,,,,[],Data Science
C0779,"Introduction to Trading, Machine Learning & GCP",https://www.coursera.org/learn/introduction-trading-machine-learning-gcp?specialization=machine-learning-trading,"In this course, you’ll learn about the fundamentals of trading, including the concept of trend, returns, stop-loss, and volatility. You will learn how to identify the profit source and structure of basic quantitative trading strategies. This course will help you gauge how well the model generalizes its learning, explain the differences between regression and forecasting, and identify the steps needed to create development and implementation backtesters. By the end of the course, you will be able to use Google Cloud Platform to build basic machine learning models in Jupyter Notebooks. ",Data Science,Machine Learning,Course,"Finance,Trading,Investment,Machine Learning applied to Finance,",Jack Farmer,4.0,780.0,Approx. 9 hours to complete,Coursera,,,,,"['Finance', 'Trading', 'Investment', 'Machine Learning applied to Finance']",Data Science
C0780,"Greedy Algorithms, Minimum Spanning Trees, and Dynamic Programming",https://www.coursera.org/learn/algorithms-greedy?specialization=algorithms,"The primary topics in this part of the specialization are: greedy algorithms (scheduling, minimum spanning trees, clustering, Huffman codes) and dynamic programming (knapsack, sequence alignment, optimal search trees).",Computer Science,Algorithms,Course,"Spanning Tree,Algorithms,Dynamic Programming,Greedy Algorithm,",Tim Roughgarden,4.8,1219.0,Approx. 15 hours to complete,Coursera,,,,,"['Spanning Tree', 'Algorithms', 'Dynamic Programming', 'Greedy Algorithm']",Web Development
C0781,Problem Solving with Excel ,https://www.coursera.org/learn/excel-analysis?specialization=pwc-analytics,"This course explores Excel as a tool for solving business problems. In this course you will learn the basic functions of excel through guided demonstration. Each week you will build on your excel skills and be provided an opportunity to practice what you’ve learned. Finally, you will have a chance to put your knowledge to work in a final project.  Please note, the content in this course was developed using a Windows version of Excel 2013.  ",Data Science,Data Analysis,Course,"Data Analysis,Microsoft Excel,Pivot Table,Data Cleansing,",Alex Mannella,4.7,5163.0,Approx. 20 hours to complete,Coursera,,,,,"['Data Analysis', 'Microsoft Excel', 'Pivot Table', 'Data Cleansing']",Data Science
C0782,"Database Architecture, Scale, and NoSQL with Elasticsearch",https://www.coursera.org/learn/database-architecture-scale-nosql-elasticsearch-postgresql?specialization=postgresql-for-everybody,"In this final course, you will explore database architecture, PostgreSQL, and various scalable deployment configurations. You will see how PostgreSQL implements basic CRUD operations and indexes, and review how transactions and the ACID (Atomicity, Consistency, Isolation, Durability) requirements are implemented. ",Computer Science,Software Development,Course,,Charles Russell Severance,4.3,83.0,Approx. 10 hours to complete,Coursera,,,,,[],Web Development
C0783,Oracle SQL Proficiency,https://www.coursera.org/learn/oracle-sql-proficiency?specialization=oracle-sql-databases,"This course is designed to help you continue learning about Oracle SQL and database management. We will look more closely at the Create, Alter, and Update commands, explore database relationships, and demonstrate how to use database views and SQL functions.",Computer Science,Software Development,Course,,Rafiq Wayani,4.5,85.0,Approx. 6 hours to complete,Coursera,,,,,[],Web Development
C0784,The GRC Approach to Managing Cybersecurity,https://www.coursera.org/learn/grc-approach-to-managing-cybersecurity?specialization=managing-cybersecurity,"Managing cybersecurity is about managing risk, specifically the risk to information assets of valued by an organization.  This course examines the role of Governance, Risk Management, and Compliance (GRC) as part of the Cybersecurity management process, including key functions of planning, policies, and the administration of technologies to support the protection of critical information assets.",Information Technology,Security,Course,"Cybersecurity planning,Cybersecurity performance measurement,Risk identification,Risk treatment,","Herbert J. Mattord, Ph.D., CISM, CISSP, CDP",4.8,209.0,Approx. 10 hours to complete,Coursera,,,,,"['Cybersecurity planning', 'Cybersecurity performance measurement', 'Risk identification', 'Risk treatment']",Cybersecurity
C0785,Increasing Real Estate Management Profits: Harnessing Data Analytics,https://www.coursera.org/learn/analytics-capstone?specialization=excel-mysql,"In this final course you will complete a Capstone Project using data analysis to recommend a method for improving profits for your company, Watershed Property Management, Inc. Watershed is responsible for managing thousands of residential rental properties throughout the United States. Your job is to persuade Watershed’s management team to pursue a new strategy for managing its properties that will increase their profits. To do this, you will: (1) Elicit information about important variables relevant to your analysis; (2) Draw upon your new MySQL database skills to extract relevant data from a real estate database; (3) Implement data analysis in Excel to identify the best opportunities for Watershed to increase revenue and maximize profits, while managing any new risks; (4) Create a Tableau dashboard to show Watershed executives the results of a sensitivity analysis; and (5) Articulate a significant and innovative business process change for Watershed based on your data analysis, that you will recommend to company executives. ",Data Science,Data Analysis,Course,"Data Analysis,Tableau Software,MySQL,SQL,",Daniel Egger,4.7,239.0,Approx. 23 hours to complete,Coursera,,,,,"['Data Analysis', 'Tableau Software', 'MySQL', 'SQL']",Data Science
C0786,More C# Programming and Unity,https://www.coursera.org/learn/more-programming-unity?specialization=programming-unity-game-development,"This course is the second course in the specialization about learning how to develop video games using the C# programming language and the Unity game engine on Windows or Mac. Why use C# and Unity instead of some other language and game engine? Well, C# is a really good language for learning how to program and then programming professionally. Also, the Unity game engine is very popular with indie game developers; Unity games were downloaded 16,000,000,000 times in 2016! Finally, C# is one of the programming languages you can use in the Unity environment.",Computer Science,Software Development,Course,,"Dr. Tim ""Dr. T"" Chamillard",4.8,555.0,Approx. 22 hours to complete,Coursera,,,,,[],Web Development
C0787,Introduction to Blockchain for Financial Services,https://www.coursera.org/learn/intro-blockchain-financial-services?specialization=blockchain-financial-services,"In this first course of the specialization, we will discuss the limitations of the Internet for business and economic activity, and explain how blockchain technology represents the way forward. After completing this course, you will be able to explain what blockchain is, how it works, and why it is revolutionary. You will learn key concepts such as mining, hashing, proof-of-work, public key cryptography, and the double-spend problem. You’ll be able to describe seven design principles for blockchain technology, and the challenges facing the people developing it. You’ll also meet the players in the blockchain ecosystem, and consider your own role in stewarding the blockchain revolution.",Computer Science,Computer Security and Networks,Course,"Collaborative Working Environment,Blockchain (Database),Open Collaboration,Access Structure,",Don Tapscott,4.7,614.0,Approx. 29 hours to complete,Coursera,,,,,"['Collaborative Working Environment', 'Blockchain (Database)', 'Open Collaboration', 'Access Structure']",Cybersecurity
C0788,Microsoft Azure Cosmos DB,https://www.coursera.org/learn/microsoft-azure-cosmos-db?specialization=microsoft-azure-dp-900-data-fundamentals,"In this course, you will learn the fundamentals of database concepts in a cloud environment, get basic skilling in cloud data services, and build your foundational knowledge of cloud data services within Microsoft Azure. You will explore non-relational data offerings, provisioning and deploying non-relational databases, and non-relational data stores with Microsoft Azure.",Information Technology,Data Management,Course,"Microsoft Azure,Data Management,Relational Data,Non-relational Data,",Microsoft,4.4,59.0,Approx. 10 hours to complete,Coursera,,,,,"['Microsoft Azure', 'Data Management', 'Relational Data', 'Non-relational Data']",Data Science
C0789,Big Data Integration and Processing,https://www.coursera.org/learn/big-data-integration-processing?specialization=big-data,"At the end of the course, you will be able to:",Data Science,Data Analysis,Course,"Big Data,Mongodb,Splunk,Apache Spark,",Ilkay Altintas,4.4,2375.0,Approx. 17 hours to complete,Coursera,,,,,"['Big Data', 'Mongodb', 'Splunk', 'Apache Spark']",Data Science
C0790,AWS Fundamentals: Addressing Security Risk,https://www.coursera.org/learn/aws-fundamentals-addressing-security-risk?specialization=aws-fundamentals,Welcome to AWS Fundamentals: Addressing Security Risk!,Information Technology,Cloud Computing,Course,"aws,Information Privacy,Cloud Management,security,Cloud Applications,",Rudy Chetty,4.4,3027.0,Approx. 5 hours to complete,Coursera,,,,,"['aws', 'Information Privacy', 'Cloud Management', 'security', 'Cloud Applications']",Data Science
C0791,Modernizing Data Lakes and Data Warehouses with Google Cloud,https://www.coursera.org/learn/data-lakes-data-warehouses-gcp?specialization=gcp-data-machine-learning,"The two key components of any data pipeline are data lakes and warehouses. This course highlights use-cases for each type of storage and dives into the available data lake and warehouse solutions on Google Cloud in technical detail. Also, this course describes the role of a data engineer, the benefits of a successful data pipeline to business operations, and examines why data engineering should be done in a cloud environment.",Information Technology,Cloud Computing,Course,,Google Cloud Training,4.7,2687.0,Approx. 7 hours to complete,Coursera,,,,,[],Data Science
C0792,Introduction to Computer Programming ,https://www.coursera.org/learn/introduction-to-computer-programming?specialization=introduction-computer-science-programming,"This MOOC provides you with the foundational skill set required to write computer programs. If you are interested in learning how to write interactive, graphical programs from an introductory level in a real programming language, this is the course for you. You will begin by learning the basics of editing and running programs. Then you will learn how to create 2D graphics using shapes and coordinates. Finally, you will learn how to create interactive graphics that you can control with the mouse. You will even solve a set of interactive puzzles using your coding skills in the Sleuth game which has been created especially for this course. The course uses the Javascript language and the p5.js library.",Computer Science,Software Development,Course,,Dr Edward Anstead,4.1,789.0,Approx. 21 hours to complete,Coursera,,,,,[],Web Development
C0793,Unordered Data Structures,https://www.coursera.org/learn/cs-fundamentals-3?specialization=cs-fundamentals,"The Unordered Data Structures course covers the data structures and algorithms needed to implement hash tables, disjoint sets and graphs. These fundamental data structures are useful for unordered data. For example, a hash table provides immediate access to data indexed by an arbitrary key value, that could be a number (such as a memory address for cached memory), a URL (such as for a web cache) or a dictionary. Graphs are used to represent relationships between items, and this course covers several different data structures for representing graphs and several different algorithms for traversing graphs, including finding the shortest route from one node to another node. These graph algorithms will also depend on another concept called disjoint sets, so this course will also cover its data structure and associated algorithms.",Computer Science,Software Development,Course,,Wade Fagen-Ulmschneider,4.7,520.0,Approx. 20 hours to complete,Coursera,,,,,[],Web Development
C0794,Mitigating Security Vulnerabilities on Google Cloud,https://www.coursera.org/learn/mitigating-security-vulnerabilites-gcp?specialization=security-google-cloud-platform,"In this self-paced training course, participants learn mitigations for attacks at many points in a Google Cloud-based infrastructure, including Distributed Denial-of-Service attacks, phishing attacks, and threats involving content classification and use. They also learn about the Security Command Center, cloud logging and audit logging, and using Forseti to view overall compliance with your organization's security policies.",Information Technology,Cloud Computing,Course,,Google Cloud Training,4.7,696.0,Approx. 6 hours to complete,Coursera,,,,,[],Data Science
C0795,Building Web Applications in PHP,https://www.coursera.org/learn/web-applications-php?specialization=web-applications,"In this course, you'll explore the basic structure of a web application, and how a web browser interacts with a web server. You'll be introduced to the request/response cycle, including GET/POST/Redirect. You'll also gain an introductory understanding of Hypertext Markup Language (HTML), as well as the basic syntax and data structures of the PHP language, variables, logic, iteration, arrays, error handling, and superglobal variables, among other elements. An introduction to Cascading Style Sheets (CSS) will allow you to style markup for webpages. Lastly, you'll gain the skills and knowledge to install and use an integrated PHP/MySQL environment like XAMPP or MAMP.",Computer Science,Mobile and Web Development,Course,"Hypertext Preprocessor (PHP),HTML,Cascading Style Sheets (CSS),",Charles Russell Severance,4.7,4076.0,Approx. 30 hours to complete,Coursera,,,,,"['Hypertext Preprocessor (PHP)', 'HTML', 'Cascading Style Sheets (CSS)']",Web Development
C0796,"C++ Object Basics: Functions, Recursion, and Objects",https://www.coursera.org/learn/cpp-object-basics?specialization=hands-on-cpp,Code and run your first C++ program in minutes without installing anything!,Computer Science,Software Development,Course,"Functions,Recursion,Objects,C++,Computer Science,",Anh Le,4.8,102.0,Approx. 8 hours to complete,Coursera,,,,,"['Functions', 'Recursion', 'Objects', 'C++', 'Computer Science']",Web Development
C0797,Cybersecurity for Data Science,https://www.coursera.org/learn/cybersecurity-for-data-science?specialization=vital-skills-for-data-science,"This course aims to help anyone interested in data science understand the cybersecurity risks and the tools/techniques that can be used to mitigate those risks.  We will cover the distinctions between confidentiality, integrity, and availability, introduce learners to relevant cybersecurity tools and techniques including cryptographic tools, software resources, and policies that will be essential to data science. We will explore key tools and techniques for authentication and access control so producers, curators, and users of data can help ensure the security and privacy of the data.",Information Technology,Security,Course,"Communication,Risk Analysis,Problem Solving,",Al Pisano,3.9,12.0,Approx. 19 hours to complete,Coursera,,,,,"['Communication', 'Risk Analysis', 'Problem Solving']",Cybersecurity
C0798,Reliable Google Cloud Infrastructure: Design and Process,https://www.coursera.org/learn/cloud-infrastructure-design-process?specialization=gcp-architecture,"This course equips students to build highly reliable and efficient solutions on Google Cloud using proven design patterns. It is a continuation of the Architecting with Google Compute Engine or Architecting with Google Kubernetes Engine courses and assumes hands-on experience with the technologies covered in either of those courses. Through a combination of presentations, design activities, and hands-on labs, participants learn to define and balance business and technical requirements to design Google Cloud deployments that are highly reliable, highly available, secure, and cost-effective.",Information Technology,Cloud Computing,Course,"Disaster Recovery,Site Reliability Engineering,Google Cloud Platform,Cloud Computing,",Google Cloud Training,4.7,7124.0,Approx. 8 hours to complete,Coursera,,,,,"['Disaster Recovery', 'Site Reliability Engineering', 'Google Cloud Platform', 'Cloud Computing']",Data Science
C0799,Acing the Product Management Interview,https://www.coursera.org/learn/acing-product-management-interviews?specialization=real-world-product-management,"Prepare to impress in your  product management interviews by taking this course. You'll learn tips to showcase your skills and PM knowledge directly from the experts who hire and promote top PMs, and  practice for your interview using real PM interview questions asked by companies including  Meta, Microsoft, Google, and Amazon!",Computer Science,Design and Product,Course,"Estimation Interview,Data Analysis Interview,Strategy Interview,Behavioral Interview,Product Design Interview,",Nancy Wang,4.7,94.0,Approx. 14 hours to complete,Coursera,,,,,"['Estimation Interview', 'Data Analysis Interview', 'Strategy Interview', 'Behavioral Interview', 'Product Design Interview']",Web Development
C0800,Principles of fMRI 2,https://www.coursera.org/learn/functional-mri-2?specialization=computational-neuroscience,"Functional Magnetic Resonance Imaging (fMRI) is the most widely used technique for investigating the living, functioning human brain as people perform tasks and experience mental states. It is a convergence point for multidisciplinary work from many disciplines. Psychologists, statisticians, physicists, computer scientists, neuroscientists, medical researchers, behavioral scientists, engineers, public health researchers, biologists, and others are coming together to advance our understanding of the human mind and brain.  This course covers the analysis of Functional Magnetic Resonance Imaging (fMRI) data.  It is a continuation of the course “Principles of fMRI, Part 1”.",Data Science,Data Analysis,Course,,"Martin Lindquist, PhD, MSc",4.7,225.0,Approx. 8 hours to complete,Coursera,,,,,[],Data Science
C0801,Leadership Principles for Software Engineers,https://www.coursera.org/learn/real-world-engineering-management-1?specialization=real-world-engineering-management,Sponsored by AMAZON WEB SERVICES (AWS). ,Computer Science,Software Development,Course,"People Management,Business Strategy,Cloud Engineering,Software Engineering,Program Management,",Nancy Wang,4.5,17.0,Approx. 5 hours to complete,Coursera,,,,,"['People Management', 'Business Strategy', 'Cloud Engineering', 'Software Engineering', 'Program Management']",Web Development
C0802,Google Cloud Big Data and Machine Learning Fundamentals,https://www.coursera.org/learn/gcp-big-data-ml-fundamentals?specialization=gcp-data-machine-learning,"This course introduces the Google Cloud big data and machine learning products and services that support the data-to-AI lifecycle. It explores the processes, challenges, and benefits of building a big data pipeline and machine learning models with Vertex AI on Google Cloud.",Data Science,Machine Learning,Course,"Tensorflow,Bigquery,Google Cloud Platform,Cloud Computing,",Google Cloud Training,4.6,15528.0,Approx. 10 hours to complete,Coursera,,,,,"['Tensorflow', 'Bigquery', 'Google Cloud Platform', 'Cloud Computing']",Data Science
C0803,Google Calendar,https://www.coursera.org/learn/google-calendar?specialization=getting-started-with-google-workspace,"With Google Calendar, you can quickly schedule meetings and events and get reminders about upcoming activities, so you always know what’s next. Google Calendar is designed for teams, so it’s easy to share your schedule with others and create multiple calendars that you and your team can use together.",Information Technology,Cloud Computing,Course,,Google Cloud Training,4.8,190.0,Approx. 2 hours to complete,Coursera,,,,,[],Data Science
C0804,Technologies and platforms for Artificial Intelligence,https://www.coursera.org/learn/technologies-and-platforms-for-artificial-intelligence?specialization=artificial-intelligence-overview,This course will address the hardware technologies for machine and deep learning (from the units of an Internet-of-Things system to a large-scale data centers) and will explore the families of machine and deep learning platforms (libraries and frameworks) for the design and development of smart applications and systems.,Computer Science,Algorithms,Course,,Manuel Roveri,,,Approx. 2 hours to complete,Coursera,,,,,[],Web Development
C0805,Google Sheets en Español,https://www.coursera.org/learn/google-sheets-es?specialization=getting-started-with-google-workspace-es,"En este curso, presentaremos Hojas de cálculo de Google, el software de hojas de cálculo de Google basado en la nube, que se incluye en Google Workspace.",Information Technology,Cloud Computing,Course,,Google Cloud Training,4.6,13.0,Approx. 3 hours to complete,Coursera,,,,,[],Data Science
C0806,Data Analysis and Presentation Skills: the PwC Approach Final Project,https://www.coursera.org/learn/data-analysis-project-pwc?specialization=pwc-analytics,"In this Capstone Project, you'll bring together all the new skills and insights you've learned through the four courses. You'll be given a 'mock' client problem and a data set. You'll need to analyze the data to gain business insights, research the client's domain area, and create recommendations. You'll then need to visualize the data in a client-facing presentation. You'll bring it all together in a recorded video presentation.",Data Science,Data Analysis,Course,,Alex Mannella,4.7,237.0,Approx. 10 hours to complete,Coursera,,,,,[],Data Science
C0807,Gmail en Español,https://www.coursera.org/learn/gmail-es?specialization=getting-started-with-google-workspace-es,Gmail es el servicio de correo electrónico basado en la nube de Google que le permite acceder a sus mensajes desde cualquier computadora o dispositivo con solo un navegador web.,Information Technology,Cloud Computing,Course,"File Shortcut,Email,Signature,Confidentiality,",Google Cloud Training,4.8,120.0,Approx. 3 hours to complete,Coursera,,,,,"['File Shortcut', 'Email', 'Signature', 'Confidentiality']",Data Science
C0808,Blockchain Transformations of Financial Services,https://www.coursera.org/learn/blockchain-transformations-financial-services?specialization=blockchain-financial-services,"The current global financial system is riddled with inefficiencies, uneven developments, and bizarre contradictions. Blockchain technology has the potential to bring about profound changes to financial services. In this course, you will learn how blockchain technology will disrupt the core functions of the financial services industry, offering individuals and organizations alike real choices in how they create and manage value.",Computer Science,Computer Security and Networks,Course,,Don Tapscott,4.7,166.0,Approx. 15 hours to complete,Coursera,,,,,[],Cybersecurity
C0809,Dealing With Missing Data,https://www.coursera.org/learn/missing-data?specialization=data-collection,"This course will cover the steps used in weighting sample surveys, including methods for adjusting for nonresponse and using data external to the survey for calibration.  Among the techniques discussed are adjustments using estimated response propensities, poststratification, raking, and general regression estimation.  Alternative techniques for imputing values for missing items will be discussed.  For both weighting and imputation, the capabilities of different statistical software packages will be covered, including R®, Stata®, and SAS®.",Data Science,Data Analysis,Course,,"Richard Valliant, Ph.D.",3.8,125.0,Approx. 17 hours to complete,Coursera,,,,,[],Data Science
C0810,Game Design and Development 1: 2D Shooter,https://www.coursera.org/learn/game-design-and-development-1?specialization=game-design-and-development,"If you love games and want to learn how to make them, then this course will start you down that path. Making games is a creative and technical art form. In this course you will familiarize yourself with the tools and practices of game development and well as the process. You will get started developing video games using industry standard game development tools, including the Unity 2020 game engine. At the end of the course you will have completed two hands-on projects, including an Intro to Unity project and a 2D Shooter game, and will be able to leverage an array of game development techniques to create your own basic games.",Computer Science,Software Development,Course,"Video Game Development,Unity,Game Design,technology,Game Making,",Brian Winn,4.7,378.0,Approx. 14 hours to complete,Coursera,,,,,"['Video Game Development', 'Unity', 'Game Design', 'technology', 'Game Making']",Web Development
C0811,Data Pipelines with TensorFlow Data Services,https://www.coursera.org/learn/data-pipelines-tensorflow?specialization=tensorflow-data-and-deployment,Bringing a machine learning model into the real world involves a lot more than just modeling. This Specialization will teach you how to navigate various deployment scenarios and use data more effectively to train your model.,Computer Science,Software Development,Course,"Artificial Neural Network,Tensorflow,Extraction, Transformation And Loading (ETL),Data Pipelines,TensorFlow Datasets,",Laurence Moroney,4.4,465.0,Approx. 11 hours to complete,Coursera,,,,,"['Artificial Neural Network', 'Tensorflow', 'Extraction', 'Transformation And Loading (ETL)', 'Data Pipelines', 'TensorFlow Datasets']",Web Development
C0812,Blockchain Basics,https://www.coursera.org/learn/blockchain-basics?specialization=blockchain,"This first course of the Blockchain specialization provides a broad overview of the essential concepts of blockchain technology – by initially exploring the Bitcoin protocol followed by the Ethereum protocol – to lay the foundation necessary for developing applications and programming. You will be equipped with the knowledge needed to create nodes on your personal Ethereum blockchain, create accounts, unlock accounts, mine, transact, transfer Ethers, and check balances.       ",Computer Science,Software Development,Course,"Ethereum,Cryptography,Blockchains,Bitcoin,",Bina Ramamurthy,4.6,7274.0,Approx. 15 hours to complete,Coursera,,,,,"['Ethereum', 'Cryptography', 'Blockchains', 'Bitcoin']",Web Development
C0813,Linux and Bash for Data Engineering,https://www.coursera.org/learn/linux-and-bash-for-data-engineering-duke?specialization=python-bash-sql-data-engineering-duke,"In this second course of the Python, Bash and SQL Essentials for Data Engineering Specialization, you will learn the fundamentals of Linux necessary to perform data engineering tasks. Additionally, you will explore how to use both Bash and zsh configurations, and develop the syntax needed to interact and control Linux. These skills will allow you to manage and manipulate databases in a Bash environment.",Information Technology,Data Management,Course,"Bash (Unix Shell),Database (DBMS),Data Management,Linux,",Noah Gift,4.6,55.0,Approx. 22 hours to complete,Coursera,,,,,"['Bash (Unix Shell)', 'Database (DBMS)', 'Data Management', 'Linux']",Data Science
C0814,Data Engineering and Machine Learning using Spark,https://www.coursera.org/learn/data-engineering-and-machine-learning-using-spark?specialization=nosql-big-data-and-spark-foundations,"Organizations need skilled, forward-thinking Big Data practitioners who can apply their business and technical skills to unstructured data such as tweets, posts, pictures, audio files, videos, sensor data, and satellite imagery and more to identify behaviors and preferences of prospects, clients, competitors, and others. ",Information Technology,Data Management,Course,,Karthik Muthuraman,3.9,89.0,Approx. 7 hours to complete,Coursera,,,,,[],Data Science
C0815,Creative Artifacts,https://www.coursera.org/learn/creative-artifacts?specialization=creativity-ai,"Creative Artifacts explores how different tools and structures can be used to increase creativity through a multidisciplinary lens. You will see how renowned artists use machine learning to expand their creative capacities, and you will gain experience collaborating with creative AI tools yourself. On a macro scale, you will examine the business strategies and economic policies that make organizations and regions more creative. As you progress, you will reflect on how these tools and structures can enhance your creativity and how they might impact the larger society. Throughout the course, you will manage your own design research project and gain new insights that can translate into actionable, innovative business initiatives.",Computer Science,Design and Product,Course,"Organizational Transformation,Artificial Intelligence (AI),Design Thinking,Applied Creativity,Computational Creativity,",Jeongki Lim,4.7,13.0,Approx. 21 hours to complete,Coursera,,,,,"['Organizational Transformation', 'Artificial Intelligence (AI)', 'Design Thinking', 'Applied Creativity', 'Computational Creativity']",Web Development
C0816,The Foundations of Cybersecurity,https://www.coursera.org/learn/foundations-cybersecurity?specialization=managing-cybersecurity,"In order to manage the cybersecurity function business, you must first understand its language and its environment.  This course covers the foundations of cybersecurity, including threats and vulnerabilities as well as the tools, technologies, and strategies used to manage it.",Information Technology,Security,Course,"Security vulnerabilities and treatments,Threats to cybersecurity,Cybersecurity terminology,cybersecurity program elements,","Herbert J. Mattord, Ph.D., CISM, CISSP, CDP",4.8,537.0,Approx. 8 hours to complete,Coursera,,,,,"['Security vulnerabilities and treatments', 'Threats to cybersecurity', 'Cybersecurity terminology', 'cybersecurity program elements']",Cybersecurity
C0817,Introduction to Concurrent Programming with GPUs,https://www.coursera.org/learn/introduction-to-concurrent-programming?specialization=gpu-programming,"This course will help prepare students for developing code that can process large amounts of data in parallel. It will focus on foundational aspects of concurrent programming, such as CPU/GPU architectures, multithreaded programming in C and Python, and an introduction to CUDA software/hardware.",Computer Science,Software Development,Course,"Cuda,Python Programming,Thread (Computing),C++,",Chancellor Thomas Pascale,,,Approx. 19 hours to complete,Coursera,,,,,"['Cuda', 'Python Programming', 'Thread (Computing)', 'C++']",Web Development
C0818,Machine Learning: Clustering & Retrieval,https://www.coursera.org/learn/ml-clustering-and-retrieval?specialization=machine-learning,Case Studies: Finding Similar Documents,Data Science,Data Analysis,Course,"Data Clustering Algorithms,K-Means Clustering,Machine Learning,K-D Tree,",Emily Fox,4.7,2318.0,Approx. 17 hours to complete,Coursera,,,,,"['Data Clustering Algorithms', 'K-Means Clustering', 'Machine Learning', 'K-D Tree']",Data Science
C0819,Distributed Computing with Spark SQL,https://www.coursera.org/learn/spark-sql?specialization=learn-sql-basics-data-science,"This course is all about big data. It’s for students with SQL experience that want to take the next step on their data journey by learning distributed computing using Apache Spark. Students will gain a thorough understanding of this open-source standard for working with large datasets. Students will gain an understanding of the fundamentals of data analysis using SQL on Spark, setting the foundation for how to combine data with advanced analytics at scale and in production environments. The four modules build on one another and by the end of the course you will understand: the Spark architecture, queries within Spark, common ways to optimize Spark SQL, and how to build reliable data pipelines. ",Data Science,Data Analysis,Course,"Data Science,Apache Spark,Delta Lake,SQL,",Brooke Wenig,4.5,586.0,Approx. 13 hours to complete,Coursera,,,,,"['Data Science', 'Apache Spark', 'Delta Lake', 'SQL']",Data Science
C0820,Blockchain Platforms,https://www.coursera.org/learn/blockchain-platforms?specialization=blockchain,"This fourth course of the Blockchain specialization provides learners with an understanding of the broader blockchain ecosystem. Learners are introduced to other blockchain platforms, details of two decentralized application use cases, and challenges such as privacy and scalability. They are prepared to discuss permissioned blockchain architectures of Hyperledger and Microsoft Azure's blockchain as a service model and analyze the Augur and Grid+ decentralized application platforms. Course material includes emerging alternative decentralization models such as IPFS and Hashgraph, challenges in broader blockchain adoption, and continuous improvement solutions.",Computer Science,Software Development,Course,"Hyperledger,Microsoft Azure,Blockchain Platforms,Grid+,Augur,",Bina Ramamurthy,4.6,1004.0,Approx. 16 hours to complete,Coursera,,,,,"['Hyperledger', 'Microsoft Azure', 'Blockchain Platforms', 'Grid+', 'Augur']",Web Development
C0821,Clinical Natural Language Processing,https://www.coursera.org/learn/clinical-natural-language-processing?specialization=clinical-data-science,"This course teaches you the fundamentals of clinical natural language processing (NLP). In this course you will learn the basic linguistic principals underlying NLP, as well as how to write regular expressions and handle text data in R. You will also learn practical techniques for text processing to be able to extract information from clinical notes.  Finally, you will have a chance to put your skills to the test with a real-world practical application where you develop text processing algorithms to identify diabetic complications from clinical notes. You will complete this work using a free, online computational environment for data science hosted by our Industry Partner Google Cloud.",Data Science,Data Analysis,Course,,"Laura K. Wiley, PhD",3.5,20.0,Approx. 12 hours to complete,Coursera,,,,,[],Data Science
C0822,Securing Linux Systems,https://www.coursera.org/learn/securing-linux-systems?specialization=linux-for-lfca-certification,"In this course, we look at security and the Linux operating system. The course material is a good for anyone preparing for the Linux Foundation Certified IT Associate (LFCA) exam or just interested in learning more about Linux. This course is the third course in a series that aims to prepare you for working as an information technology professional. In this course, you will be introduced to ownership, authentication, and authorization.  We will drill into creating security through backups and redundancy.  We concluded by looking at how to secure the perimeter of our network and systems.",Computer Science,Software Development,Course,"Cybersecurity,Information Technology,Linux,",Aspen Olmsted,4.5,52.0,Approx. 13 hours to complete,Coursera,,,,,"['Cybersecurity', 'Information Technology', 'Linux']",Web Development
C0823,Communicating Business Analytics Results,https://www.coursera.org/learn/communicating-business-analytics-results?specialization=data-analytics-business,"The analytical process does not end with models than can predict with accuracy or prescribe the best solution to business problems. Developing these models and gaining insights from data do not necessarily lead to successful implementations. This depends on the ability to communicate results to those who make decisions. Presenting findings to decision makers who are not familiar with the language of analytics presents a challenge. In this course you will learn how to communicate analytics results to  stakeholders who do not understand the details of analytics but want evidence of analysis and data. You will be able to choose the right vehicles to present quantitative information, including those based on principles of data visualization. You will also learn how to develop and deliver data-analytics stories that provide context, insight, and interpretation.",Data Science,Data Analysis,Course,,Manuel Laguna,4.5,493.0,Approx. 7 hours to complete,Coursera,,,,,[],Data Science
C0824,Health Data Science Foundation,https://www.coursera.org/learn/health-data-science-foundation?specialization=deep-learning-healthcare,"This course is intended for persons involved in machine learning who are interested in medical applications, or vice versa, medical professionals who are interested in the methods modern computer science has to offer to their field. We will cover health data analysis, different types of neural networks, as well as training and application of neural networks applied on real-world medical scenarios.",Data Science,Machine Learning,Course,"Graphs,Unsupervised Learning,Autoencoder,Deep Learning,",Jimeng Sun,,,Approx. 24 hours to complete,Coursera,,,,,"['Graphs', 'Unsupervised Learning', 'Autoencoder', 'Deep Learning']",Data Science
C0825,Real-Time Cyber Threat Detection and Mitigation,https://www.coursera.org/learn/real-time-cyber-threat-detection?specialization=intro-cyber-security,This course introduces real-time cyber security techniques and methods in the context of the TCP/IP protocol suites. Explanation of some basic TCP/IP security hacks is used to introduce the need for network security solutions such as stateless and stateful firewalls. Learners will be introduced to the techniques used to design and configure firewall solutions such as packet filters and proxies to protect enterprise assets.,Computer Science,Computer Security and Networks,Course,,Dr. Edward G. Amoroso,4.7,582.0,Approx. 15 hours to complete,Coursera,,,,,[],Cybersecurity
C0826,Google Sheets,https://www.coursera.org/learn/google-sheets?specialization=getting-started-with-google-workspace,"In this course we will introduce you to Google Sheets, Google’s cloud-based spreadsheet software, included with Google Workspace.",Information Technology,Cloud Computing,Course,,Google Cloud Training,4.8,206.0,Approx. 3 hours to complete,Coursera,,,,,[],Data Science
C0827,How Computers Work,https://www.coursera.org/learn/how-computers-work?specialization=introduction-computer-science-programming,"Computers are everywhere, they aren't just the desktops and laptops we use for work but the phones in our pockets and even the watches on our wrists are also computers. You probably use a computer every day and in fact you are reading this on a computer! ",Computer Science,Computer Security and Networks,Course,,Prof Marco Gillies,4.6,497.0,Approx. 10 hours to complete,Coursera,,,,,[],Cybersecurity
C0828,Publishing Visualizations in R with Shiny and flexdashboard,https://www.coursera.org/learn/data-viz-shiny-dashboards?specialization=jhu-data-visualization-dashboarding-with-r,"Data visualization is a critical skill for anyone that routinely using quantitative data in his or her work - which is to say that data visualization is a tool that almost every worker needs today. One of the critical tools for data visualization today is the R statistical programming language. Especially in conjunction with the tidyverse software packages, R has become an extremely powerful and flexible platform for making figures, tables, and reproducible reports. However, R can be intimidating for first time users, and there are so many resources online that it can be difficult to sort through without guidance.",Data Science,Data Analysis,Course,,Collin Paschall,4.9,51.0,Approx. 11 hours to complete,Coursera,,,,,[],Data Science
C0829,"Planning, Auditing and Maintaining Enterprise Systems",https://www.coursera.org/learn/planning-auditing-maintaining-enterprise-systems?specialization=computer-security-systems-management,"Good system management not only requires managing the systems themselves, but requires careful planning to make systems interact with each other, auditing of the systems once the systems are built, and proactive maintenance of all systems.  Organizations also rely on organizational policies, such as Acceptable Use Policies to bolster the technical aspect of system management.  ",Information Technology,Security,Course,,Greg Williams,4.7,201.0,Approx. 12 hours to complete,Coursera,,,,,[],Cybersecurity
C0830,TensorFlow on Google Cloud,https://www.coursera.org/learn/intro-tensorflow?specialization=machine-learning-tensorflow-gcp,"This course covers designing and building a TensorFlow input data pipeline, building ML models with TensorFlow and Keras, improving the accuracy of ML models, writing ML models for scaled use, and writing specialized ML models.",Data Science,Machine Learning,Course,"Machine Learning,Python Programming,Build Input Data Pipeline,Tensorflow,keras,",Google Cloud Training,4.4,2716.0,Approx. 15 hours to complete,Coursera,,,,,"['Machine Learning', 'Python Programming', 'Build Input Data Pipeline', 'Tensorflow', 'keras']",Data Science
C0831,Browser-based Models with TensorFlow.js,https://www.coursera.org/learn/browser-based-models-tensorflow?specialization=tensorflow-data-and-deployment,Bringing a machine learning model into the real world involves a lot more than just modeling. This Specialization will teach you how to navigate various deployment scenarios and use data more effectively to train your model.,Computer Science,Software Development,Course,"Convolutional Neural Network,Machine Learning,Tensorflow,Object Detection,TensorFlow.js,",Laurence Moroney,4.7,910.0,Approx. 17 hours to complete,Coursera,,,,,"['Convolutional Neural Network', 'Machine Learning', 'Tensorflow', 'Object Detection', 'TensorFlow.js']",Web Development
C0832,Private Cloud Management on IBM Power Systems,https://www.coursera.org/learn/private-cloud-ibm-power-systems?specialization=linux-private-cloud-administration-power-systems,"IBM PowerVC, an Infrastructure as a Service (IaaS) enabling software, provides a self-service cloud console for managing IBM Power Systems. It is built on OpenStack. OpenStack is a collection of open-source software projects that enterprises can use to run their own private cloud infrastructure.",Information Technology,Cloud Computing,Course,"IBM PowerVC,infrastructure as a service,Openstack,Cloud Computing,IBM Cloud,",Bill Miller,4.9,50.0,Approx. 13 hours to complete,Coursera,,,,,"['IBM PowerVC', 'infrastructure as a service', 'Openstack', 'Cloud Computing', 'IBM Cloud']",Data Science
C0833,The Data Scientist’s Toolbox,https://www.coursera.org/learn/data-scientists-tools?specialization=data-science-foundations-r,"In this course you will get an introduction to the main tools and ideas in the data scientist's toolbox. The course gives an overview of the data, questions, and tools that data analysts and data scientists work with. There are two components to this course. The first is a conceptual introduction to the ideas behind turning data into actionable knowledge. The second is a practical introduction to the tools that will be used in the program like version control, markdown, git, GitHub, R, and RStudio.",Data Science,Data Analysis,Course,"Data Science,Github,R Programming,Rstudio,","Jeff Leek, PhD",4.6,33604.0,Approx. 18 hours to complete,Coursera,,,,,"['Data Science', 'Github', 'R Programming', 'Rstudio']",Data Science
C0834,Python Project for AI & Application Development ,https://www.coursera.org/learn/python-project-for-ai-application-development?specialization=software-engineering-fundamentals,This mini course is intended to apply basic Python skills for developing Artificial Intelligence (AI) enabled applications. In this hands-on project you will assume the role of a developer and perform tasks including:  ,Computer Science,Software Development,Course,"Artificial Intelligence (AI),Web Application,Python Programming,Application development,Flask,",Ramesh Sannareddy,4.3,319.0,Approx. 7 hours to complete,Coursera,,,,,"['Artificial Intelligence (AI)', 'Web Application', 'Python Programming', 'Application development', 'Flask']",Web Development
C0835,Network Security,https://www.coursera.org/learn/-network-security?specialization=certified-in-cybersecurity,"Welcome to course 4 of 5 of this Specialization, Network Security.",Information Technology,Security,Course,"Cyberattacks,Network Security,Threat,",(ISC)² Education & Training,4.8,31.0,Approx. 8 hours to complete,Coursera,,,,,"['Cyberattacks', 'Network Security', 'Threat']",Cybersecurity
C0836,Design Principles: an Introduction,https://www.coursera.org/learn/design-principles?specialization=interaction-design,"What makes an interface intuitive? How can I tell whether one design works better than another? This course will teach you fundamental principles of design and how to effectively evaluate your work with users. You'll learn fundamental principles of visual design so that you can effectively organize and present information with your interfaces. You'll learn principles of perception and cognition that inform effective interaction design. And you'll learn how to perform and analyze controlled experiments online. In many cases, we'll use Web design as the anchoring domain. A lot of the examples will come from the Web, and we'll talk just a bit about Web technologies in particular. When we do so, it will be to support the main goal of this course, which is helping you build human-centered design skills, so that you have the principles and methods to create excellent interfaces with any technology.",Computer Science,Design and Product,Course,"A/B Testing,User Experience (UX),User Experience Design (UXD),User Interface,",Scott  Klemmer,4.6,1303.0,Approx. 12 hours to complete,Coursera,,,,,"['A/B Testing', 'User Experience (UX)', 'User Experience Design (UXD)', 'User Interface']",Web Development
C0837,Digital Marketing Analytics in Practice,https://www.coursera.org/learn/digital-analytics?specialization=digital-marketing,Successfully marketing brands today requires a well-balanced blend of art and science. This course introduces students to the science of web analytics while casting a keen eye toward the artful use of numbers found in the digital space. The goal is to provide the foundation needed to apply data analytics to real-world challenges marketers confront daily. Digital Analytics for Marketing Professionals: Marketing Analytics in Practice is the second in a two-part series of complementary courses and focuses on the skills and practical abilities analysts need to be successful in today's digital business world.,Data Science,Data Analysis,Course,"Analytics,Digital Marketing,Marketing Analytics,Marketing Performance,",Kevin Hartman,4.5,3247.0,Approx. 20 hours to complete,Coursera,,,,,"['Analytics', 'Digital Marketing', 'Marketing Analytics', 'Marketing Performance']",Data Science
C0838,Accounting Data Analytics with Python,https://www.coursera.org/learn/accounting-data-analytics-python?specialization=accounting-data-analytics,"This course focuses on developing Python skills for assembling business data. It will cover some of the same material from Introduction to Accounting Data Analytics and Visualization, but in a more general purpose programming environment (Jupyter Notebook for Python), rather than in Excel and the Visual Basic Editor. These concepts are taught within the context of one or more accounting data domains (e.g., financial statement data from EDGAR, stock data, loan data, point-of-sale data).",Data Science,Data Analysis,Course,"Python Programming,Data Visualization (DataViz),Linear Regression,SQL,Data Preparation,",Ronald Guymon,4.3,78.0,Approx. 41 hours to complete,Coursera,,,,,"['Python Programming', 'Data Visualization (DataViz)', 'Linear Regression', 'SQL', 'Data Preparation']",Data Science
C0839,Control Flow in RPA,https://www.coursera.org/learn/control-flow-in-rpa?specialization=roboticprocessautomation,"The Control Flow in RPA course provides a deep understanding of the automation flow. Control Flow is a concept that refers to the order in which actions are executed and ""control"" flows in an automation project with the help of sequences, decision making, loops, and flowcharts. This course also focuses on the error handling mechanism which is vital for an automation project.",Computer Science,Software Development,Course,"Error Handling Approach & Activities,Control Flow Activities,Loops in Studio,Sequences,Flowcharts and Decision Making,",UiPath,4.8,12.0,Approx. 10 hours to complete,Coursera,,,,,"['Error Handling Approach & Activities', 'Control Flow Activities', 'Loops in Studio', 'Sequences', 'Flowcharts and Decision Making']",Web Development
C0840,Cloud Machine Learning Engineering and MLOps,https://www.coursera.org/learn/cloud-machine-learning-engineering-mlops-duke?specialization=building-cloud-computing-solutions-at-scale,"Welcome to the fourth course in the Building Cloud Computing Solutions at Scale Specialization! In this course, you will build upon the Cloud computing and data engineering concepts introduced in the first three courses to apply Machine Learning Engineering to real-world projects. First, you will develop Machine Learning Engineering applications and use software development best practices to create Machine Learning Engineering applications. Then, you will learn to use AutoML to solve problems more efficiently than traditional machine learning approaches alone. Finally, you will dive into emerging topics in Machine Learning including MLOps, Edge Machine Learning and AI APIs. ",Information Technology,Cloud Computing,Course,,Noah Gift,4.5,57.0,Approx. 12 hours to complete,Coursera,,,,,[],Data Science
C0841,Data Visualization Capstone,https://www.coursera.org/learn/data-visualization-capstone?specialization=jhu-data-visualization-dashboarding-with-r,"Data visualization is a critical skill for anyone that routinely using quantitative data in his or her work - which is to say that data visualization is a tool that almost every worker needs today. One of the critical tools for data visualization today is the R statistical programming language. Especially in conjunction with the tidyverse software packages, R has become an extremely powerful and flexible platform for making figures, tables, and reproducible reports. However, R can be intimidating for first time users, and there are so many resources online that it can be difficult to sort through without guidance.",Data Science,Data Analysis,Course,,Collin Paschall,5.0,25.0,Approx. 21 hours to complete,Coursera,,,,,[],Data Science
C0842,Human-Centered Design: an Introduction,https://www.coursera.org/learn/human-computer-interaction?specialization=interaction-design,"In this course, you will learn how to design technologies that bring people joy, rather than frustration. You'll learn several techniques for rapidly prototyping (such as Wizard of Oz Prototyping) and evaluating multiple interface alternatives -- and why rapid prototyping and comparative evaluation are essential to excellent interaction design. You'll learn how to conduct fieldwork with people to help you get design ideas. How to make paper prototypes and low-fidelity mock-ups that are interactive -- and how to use these designs to get feedback from other stakeholders like your teammates, clients, and users. Armed with these design-thinking strategies, you’ll be able to do more creative human-centered design in any domain. ",Computer Science,Design and Product,Course,"Rapid Prototyping,Storyboarding,Heuristic Evaluation,Paper Prototyping,",Scott  Klemmer,4.7,2699.0,Approx. 14 hours to complete,Coursera,,,,,"['Rapid Prototyping', 'Storyboarding', 'Heuristic Evaluation', 'Paper Prototyping']",Web Development
C0843,"Shortest Paths Revisited, NP-Complete Problems and What To Do About Them",https://www.coursera.org/learn/algorithms-npcomplete?specialization=algorithms,"The primary topics in this part of the specialization are: shortest paths (Bellman-Ford, Floyd-Warshall, Johnson), NP-completeness and what it means for the algorithm designer, and strategies for coping with computationally intractable problems (analysis of heuristics, local search).",Computer Science,Algorithms,Course,"Data Structure,Algorithms,Np-Completeness,Dynamic Programming,",Tim Roughgarden,4.8,788.0,Approx. 13 hours to complete,Coursera,,,,,"['Data Structure', 'Algorithms', 'Np-Completeness', 'Dynamic Programming']",Web Development
C0844,Sesenta años de inteligencia artificial,https://www.coursera.org/learn/sesenta-anos-inteligencia-artificial?specialization=inteligencia-artificial,"En este curso, ofrecido por la UNAM, cubriremos el pasado, presente y futuro de la inteligencia artificial. También mencionaremos los conceptos más importantes que serán útiles en el resto del programa especializado. Discutiremos las implicaciones sociales, éticas y filosóficas de los desarrollos en inteligencia artificial.",Computer Science,Algorithms,Course,,Carlos Gershenson,4.8,360.0,Approx. 5 hours to complete,Coursera,,,,,[],Web Development
C0845,Introduction to Networking and Storage,https://www.coursera.org/learn/introduction-to-networking-and-storage?specialization=it-cloud-fundamentals,"Designed for beginners, this course is for anyone new to networking and storage. Kickstart an IT Support role or network technician role, or enhance your base knowledge for system administration.",Information Technology,Networking,Course,"Cloud Storage,Network Troubleshooting,Network Architecture,Networking Hardware,Wireless Networks,",Skills Network,4.7,208.0,Approx. 12 hours to complete,Coursera,,,,,"['Cloud Storage', 'Network Troubleshooting', 'Network Architecture', 'Networking Hardware', 'Wireless Networks']",Cybersecurity
C0846,"DevOps on AWS: Code, Build, and Test",https://www.coursera.org/learn/devops-aws-code-build-test?specialization=aws-devops,"DevOps is the combination of cultural philosophies, practices, and tools that increases an organization’s ability to deliver applications and services at high velocity: evolving and improving products at a faster pace than organizations using traditional software development and infrastructure management processes. This speed enables organizations to better serve their customers and compete more effectively in the market.",Computer Science,Software Development,Course,"Devops,Test Automation,AWS cloud,",Rafael Lopes,4.6,152.0,Approx. 3 hours to complete,Coursera,,,,,"['Devops', 'Test Automation', 'AWS cloud']",Web Development
C0847,Cluster Analysis in Data Mining,https://www.coursera.org/learn/cluster-analysis?specialization=data-mining,"Discover the basic concepts of cluster analysis, and then study a set of typical clustering methodologies, algorithms, and applications. This includes partitioning methods such as k-means, hierarchical methods such as BIRCH, and density-based methods such as DBSCAN/OPTICS. Moreover, learn methods for clustering validation and evaluation of clustering quality. Finally, see examples of cluster analysis in applications.",Data Science,Data Analysis,Course,"Cluster Analysis,Data Clustering Algorithms,K-Means Clustering,Hierarchical Clustering,",Jiawei Han,4.5,400.0,Approx. 16 hours to complete,Coursera,,,,,"['Cluster Analysis', 'Data Clustering Algorithms', 'K-Means Clustering', 'Hierarchical Clustering']",Data Science
C0848,Game Design and Development 5: Capstone Project,https://www.coursera.org/learn/game-design-and-development-5?specialization=game-design-and-development,"In the game design and development capstone course, you will create an original game from initial concept up to the first playable version! Along the way, you will have the opportunity to put your game ideas in front of your peers. The capstone experience gives you the opportunity to push your skills further and demonstrate your newfound skills as a game developer. The capstone also contains guest talks from game industry professionals at Riot Games, Blizzard Entertainment, Insomniac Games, Gearbox Entertainment, Iron Galaxy, Deep Silver Volition, Goodgame Studios, Stardock, GREE, Heart Shaped Games, and more.",Computer Science,Software Development,Course,"Video Game Development,Unity,Game Design,technology,Game Making,",Brian Winn,4.8,28.0,Approx. 17 hours to complete,Coursera,,,,,"['Video Game Development', 'Unity', 'Game Design', 'technology', 'Game Making']",Web Development
C0849,Introduction to Data Analysis Using Excel,https://www.coursera.org/learn/excel-data-analysis?specialization=business-statistics-analysis,"The use of Excel is widespread in the industry. It is a very powerful data analysis tool and almost all big and small businesses use Excel in their day to day functioning. This is an introductory course in the use of Excel and is designed to give you a working knowledge of Excel with the aim of getting to use it for more advance topics in Business Statistics later. The course is designed keeping in mind two kinds of learners -  those who have very little functional knowledge of Excel and those who use Excel regularly but at a peripheral level and wish to enhance their skills. The course takes you from basic operations such as reading data into excel using various data formats, organizing and manipulating data, to some of the more advanced functionality of Excel. All along, Excel functionality is introduced using easy to understand examples which are demonstrated in a way that learners can become comfortable in understanding and applying them.",Data Science,Data Analysis,Course,"Lookup Table,Data Analysis,Microsoft Excel,Pivot Table,",Sharad Borle,4.7,9892.0,Approx. 24 hours to complete,Coursera,,,,,"['Lookup Table', 'Data Analysis', 'Microsoft Excel', 'Pivot Table']",Data Science
C0850,Prediction and Control with Function Approximation,https://www.coursera.org/learn/prediction-control-function-approximation?specialization=reinforcement-learning,"In this course, you will learn how to solve problems with large, high-dimensional, and potentially infinite state spaces. You will see that estimating value functions can be cast as a supervised learning problem---function approximation---allowing you to build agents that carefully balance generalization and discrimination in order to maximize reward. We will begin this journey by investigating how our policy evaluation or prediction methods like Monte Carlo and TD can be extended to the function approximation setting. You will learn about feature construction techniques for RL, and representation learning via neural networks and backprop. We conclude this course with a deep-dive into policy gradient methods; a way to learn policies directly without learning a value function. In this course you will solve two continuous-state control tasks and investigate the benefits of policy gradient methods in a continuous-action environment. ",Data Science,Machine Learning,Course,"Artificial Intelligence (AI),Machine Learning,Reinforcement Learning,Function Approximation,Intelligent Systems,",Martha White,4.8,763.0,Approx. 21 hours to complete,Coursera,,,,,"['Artificial Intelligence (AI)', 'Machine Learning', 'Reinforcement Learning', 'Function Approximation', 'Intelligent Systems']",Data Science
C0851,Genome Assembly Programming Challenge,https://www.coursera.org/learn/assembling-genomes?specialization=data-structures-algorithms,"In Spring 2011, thousands of people in Germany were hospitalized with a deadly disease that started as food poisoning with bloody diarrhea and often led to kidney failure. It was the beginning of the deadliest outbreak in recent history, caused by a mysterious bacterial strain that we will refer to as E. coli X. Soon, German officials linked the outbreak to a restaurant in Lübeck, where nearly 20% of the patrons had developed bloody diarrhea in a single week. At this point, biologists knew that they were facing a previously unknown pathogen and that traditional methods would not suffice – computational biologists would be needed to assemble and analyze the genome of the newly emerged pathogen.",Computer Science,Algorithms,Course,"Data Structure,Algorithms,Algorithm Design,String (Computer Science),",Neil Rhodes,4.5,311.0,Approx. 17 hours to complete,Coursera,,,,,"['Data Structure', 'Algorithms', 'Algorithm Design', 'String (Computer Science)']",Web Development
C0852,Managing Big Data in Clusters and Cloud Storage,https://www.coursera.org/learn/cloud-storage-big-data-analysis-sql?specialization=cloudera-big-data-analysis-sql,"In this course, you'll learn how to manage big datasets, how to load them into clusters and cloud storage, and how to apply structure to the data so that you can run queries on it using distributed SQL engines like Apache Hive and Apache Impala. You’ll learn how to choose the right data types, storage systems, and file formats based on which tools you’ll use and what performance you need.",Data Science,Data Analysis,Course,"Data Management,Distributed File Systems,Cloud Storage,Big Data,SQL,",Ian Cook,4.7,285.0,Approx. 20 hours to complete,Coursera,,,,,"['Data Management', 'Distributed File Systems', 'Cloud Storage', 'Big Data', 'SQL']",Data Science
C0853,Enterprise and Infrastructure Security,https://www.coursera.org/learn/enterprise-infrastructure-security?specialization=intro-cyber-security,"This course introduces a series of advanced and current topics in cyber security, many of which are especially relevant in modern enterprise and infrastructure settings. The basics of enterprise compliance frameworks are provided with introduction to NIST and PCI. Hybrid cloud architectures are shown to provide an opportunity to fix many of the security weaknesses in modern perimeter local area networks.",Computer Science,Computer Security and Networks,Course,,Dr. Edward G. Amoroso,4.7,554.0,Approx. 14 hours to complete,Coursera,,,,,[],Cybersecurity
C0854,Scrum Master Certification: Scaling Agile and the Team-of-Teams,https://www.coursera.org/learn/scaling-agile-and-the-team-of-teams?specialization=learnquest-certified-scrum-master,"Prior to starting this course, we recommend that you complete the first two courses in this specialization: Introduction to Scrum Master Training and Scrum Methodology.",Computer Science,Software Development,Course,,Jim Sullivan,4.5,310.0,Approx. 5 hours to complete,Coursera,,,,,[],Web Development
C0855,Cybersecurity Capstone:  Breach Response Case Studies,https://www.coursera.org/learn/ibm-cybersecurity-breach-case-studies?specialization=security-analyst-fundamentals,This course gives you the background needed to gain Cybersecurity skills as part of the Cybersecurity Security Analyst Professional Certificate program. ,Information Technology,Security,Course,"security analyst,Cybersecurity,cyber attack,Computer Security Incident Management,Breach (Security Exploit),",IBM Security Learning Services,4.8,1197.0,Approx. 15 hours to complete,Coursera,,,,,"['security analyst', 'Cybersecurity', 'cyber attack', 'Computer Security Incident Management', 'Breach (Security Exploit)']",Cybersecurity
C0856,Evaluating Designs with Users,https://www.coursera.org/learn/evaluating-designs-with-users?specialization=michiganux,"When designing systems that work for users, there is no substitute for watching them try to use the system to see what works and what doesn’t.",Computer Science,Design and Product,Course,"User Research,human computer interaction,User Experience (UX),User Experience Design (UXD),",Mark Newman,4.8,258.0,Approx. 8 hours to complete,Coursera,,,,,"['User Research', 'human computer interaction', 'User Experience (UX)', 'User Experience Design (UXD)']",Web Development
C0857,Agile Analytics,https://www.coursera.org/learn/uva-darden-agile-analytics?specialization=agile-development,"Few capabilities focus agile like a strong analytics program. Such a program determines where a team should focus from one agile iteration (sprint) to the next. Successful analytics are rarely hard to understand and are often startling in their clarity. In this course, developed at the Darden School of Business at the University of Virginia, you'll learn how to build a strong analytics infrastructure for your team, integrating it with the core of your drive to value.",Computer Science,Design and Product,Course,"Software Development,Product Management,Agile Software Development,",Alex Cowan,4.7,422.0,Approx. 14 hours to complete,Coursera,,,,,"['Software Development', 'Product Management', 'Agile Software Development']",Web Development
C0858,Gmail,https://www.coursera.org/learn/gmail?specialization=getting-started-with-google-workspace,Gmail is Google’s cloud based email service that allows you to access your messages from any computer or device with just a web browser.,Information Technology,Cloud Computing,Course,,Google Cloud Training,4.8,705.0,Approx. 3 hours to complete,Coursera,,,,,[],Data Science
C0859,"Basic Data Descriptors, Statistical Distributions, and Application to Business Decisions",https://www.coursera.org/learn/descriptive-statistics-statistical-distributions-business-application?specialization=business-statistics-analysis,"The ability to understand and apply Business Statistics is becoming increasingly important in the industry. A good understanding of Business Statistics is a requirement to make correct and relevant interpretations of data. Lack of knowledge could lead to erroneous decisions which could potentially have negative consequences for a firm. This course is designed to introduce you to Business Statistics. We begin with the notion of descriptive statistics, which is summarizing data using a few numbers. Different categories of descriptive measures are introduced and discussed along with the Excel functions to calculate them. The notion of probability or uncertainty is introduced along with the concept of a sample and population data using relevant business examples. This leads us to various statistical distributions along with their Excel functions which are then used to model or approximate business processes. You get to apply these descriptive measures of data and various statistical distributions using easy-to-follow Excel based examples which are demonstrated throughout the course.",Data Science,Data Analysis,Course,"Statistics,Statistical Analysis,Normal Distribution,Poisson Distribution,",Sharad Borle,4.7,2387.0,Approx. 20 hours to complete,Coursera,,,,,"['Statistics', 'Statistical Analysis', 'Normal Distribution', 'Poisson Distribution']",Data Science
C0860,Fundamentals of Data Visualization,https://www.coursera.org/learn/fundamentals-of-data-visualization?specialization=vital-skills-for-data-science,"Data is everywhere. Charts, graphs, and other types of information visualizations help people to make sense of this data. This course explores the design, development, and evaluation of such information visualizations. By combining aspects of design, computer graphics, HCI, and data science, you will gain hands-on experience with creating visualizations, using exploratory tools, and architecting data narratives. Topics include user-centered design, web-based visualization, data cognition and perception, and design evaluation.",Data Science,Data Analysis,Course,"Evaluation Design,Visualizing data with Altair,User-Centered Design (Create basic visualizations that match data and user needs),Task Analysis (Define elements of a data analysis and/or communication problem),",Danielle Szafir,4.8,17.0,Approx. 14 hours to complete,Coursera,,,,,"['Evaluation Design', 'Visualizing data with Altair', 'User-Centered Design (Create basic visualizations that match data and user needs)', 'Task Analysis (Define elements of a data analysis and/or communication problem)']",Data Science
C0861,"Introduction to Software, Programming, and Databases ",https://www.coursera.org/learn/introduction-software-programming-and-databases?specialization=it-cloud-fundamentals,"Discover the world of software with this comprehensive course designed for beginners. Gain an understanding of various types of software and how to manage software from an IT perspective. This course covers the basics of software, cloud computing, web browsers, development concepts, programming languages, and database fundamentals. ",Computer Science,Software Development,Course,"Software Development Process,database management,IT Fundamentals,Software Application Development,Computer Programming,",Skills Network,4.8,136.0,Approx. 17 hours to complete,Coursera,,,,,"['Software Development Process', 'database management', 'IT Fundamentals', 'Software Application Development', 'Computer Programming']",Web Development
C0862,Probabilistic Graphical Models 3: Learning,https://www.coursera.org/learn/probabilistic-graphical-models-3-learning?specialization=probabilistic-graphical-models,"Probabilistic graphical models (PGMs) are a rich framework for encoding probability distributions over complex domains: joint (multivariate) distributions over large numbers of random variables that interact with each other. These representations sit at the intersection of statistics and computer science, relying on concepts from probability theory, graph algorithms, machine learning, and more. They are the basis for the state-of-the-art methods in a wide variety of applications, such as medical diagnosis, image understanding, speech recognition, natural language processing, and many, many more. They are also a foundational tool in formulating many machine learning problems. ",Data Science,Machine Learning,Course,"Algorithms,Expectation–Maximization (EM) Algorithm,Graphical Model,Markov Random Field,",Daphne Koller,4.6,297.0,Approx. 66 hours to complete,Coursera,,,,,"['Algorithms', 'Expectation–Maximization (EM) Algorithm', 'Graphical Model', 'Markov Random Field']",Data Science
C0863,C Programming: Pointers and Memory Management - 4,https://www.coursera.org/learn/c-programming-pointers-and-memory-management?specialization=c-programming-linux,"In this course, we will examine a key concept, foundational to any programming language: the usage of memory.",Computer Science,Software Development,Course,"Computer Programming,C Programming,",Rémi SHARROCK,4.7,27.0,Approx. 7 hours to complete,Coursera,,,,,"['Computer Programming', 'C Programming']",Web Development
C0864,Google Meet and Google Chat en Español,https://www.coursera.org/learn/google-meet-and-google-chat-es?specialization=getting-started-with-google-workspace-es,"En este curso, te presentamos Google Meet, el software para videoconferencias de Google que se incluye en Google Workspace. ",Information Technology,Cloud Computing,Course,"Streams,Retain,Email,Upload,",Google Cloud Training,4.8,12.0,Approx. 2 hours to complete,Coursera,,,,,"['Streams', 'Retain', 'Email', 'Upload']",Data Science
C0865,Java for Android,https://www.coursera.org/learn/java-for-android?specialization=android-app-development,"This MOOC teaches you how to program core features and classes from the Java programming language that are used in Android, which is the dominant platform for developing and deploying mobile device apps. ",Computer Science,Mobile and Web Development,Course,"Logic Programming,Android Studio,Java Programming,Object-Oriented Programming (OOP),",Dr. Jerry Roth,4.5,2998.0,Approx. 38 hours to complete,Coursera,,,,,"['Logic Programming', 'Android Studio', 'Java Programming', 'Object-Oriented Programming (OOP)']",Web Development
C0866,IS/IT Governance,https://www.coursera.org/learn/is-it-governance?specialization=information-systems,Firms make significant investments in IT. In the IS/IT Governance course we will discuss how to govern IT to make sure that the IT investments contribute to organizational goals and strategies.,Information Technology,Support and Operations,Course,"Management,IT Skills and Knowledge,Finance and accounting skills and knowledge,",Gautam Ray,4.7,576.0,Approx. 10 hours to complete,Coursera,,,,,"['Management', 'IT Skills and Knowledge', 'Finance and accounting skills and knowledge']",Data Science
C0867,Advanced Topics and Future Trends in Database Technologies,https://www.coursera.org/learn/advanced-topics-future-trends-database-technologies?specialization=databases-for-data-scientists,"This course consists of four modules covering some of the more in-depth and advanced areas of database technologies, followed by a look at the future of database software and where the industry is heading.",Information Technology,Data Management,Course,"Database (DBMS),Data Warehousing,NoSQL,Big Data,database administration,",Di Wu,4.8,16.0,Approx. 16 hours to complete,Coursera,,,,,"['Database (DBMS)', 'Data Warehousing', 'NoSQL', 'Big Data', 'database administration']",Data Science
C0868,Data Manipulation in RPA,https://www.coursera.org/learn/data-manipulation-in-rpa?specialization=roboticprocessautomation,"The Data Manipulation in RPA course will provide knowledge about Variables, Arguments, and Data Manipulation. It will also introduce you to Variables and Arguments, their types, and their application in automation projects. ",Computer Science,Software Development,Course,"Data Manipulation,Uipath,List,Dictionary,rpa,",UiPath,4.8,37.0,Approx. 9 hours to complete,Coursera,,,,,"['Data Manipulation', 'Uipath', 'List', 'Dictionary', 'rpa']",Web Development
C0869,UiPath Orchestrator and Capstone Projects,https://www.coursera.org/learn/uipath-orchestrator-and-capstone-projects?specialization=roboticprocessautomation,"UiPath Orchestrator and Capstone Projects course will provide knowledge about Orchestrator and its capabilities. Further, the learning extends through understanding the Orchestrator user Interface, Contexts of Orchestrator and Assets and Queues in Orchestrator.",Computer Science,Software Development,Course,"Asset,UiPath Orchestrator,Orchestrator user interface,Queues,",UiPath,4.9,24.0,Approx. 6 hours to complete,Coursera,,,,,"['Asset', 'UiPath Orchestrator', 'Orchestrator user interface', 'Queues']",Web Development
C0870,"Using JavaScript, JQuery, and JSON in Django",https://www.coursera.org/learn/django-javascript-jquery-json?specialization=django,"In this final course, we'll look at the JavaScript language and how it supports the Object-Oriented pattern, with a focus on the unique aspects of JavaScript's approach to OO. We'll provide an introduction to the jQuery library, which is widely used for in-browser manipulation of the Document Object Model (DOM) and event handling. You'll also learn about JavaScript Object Notation (JSON), which is commonly used as a syntax to exchange data between code running on the server (i.e., in Django) and code running in the browser (JavaScript/jQuery). You will continue to develop your classified ads application, adding features that make use of JavaScript, JQuery, and JSON.  This course assumes you have completed the first three courses in the specialization.",Computer Science,Mobile and Web Development,Course,"Document Object Model (DOM),Jquery,Many-to-many data modeling,Json,JavaScript,",Charles Russell Severance,4.8,255.0,Approx. 19 hours to complete,Coursera,,,,,"['Document Object Model (DOM)', 'Jquery', 'Many-to-many data modeling', 'Json', 'JavaScript']",Web Development
C0871,Data Visualization,https://www.coursera.org/learn/datavisualization?specialization=data-mining,"Learn the general concepts of data mining along with basic methodologies and applications. Then dive into one subfield in data mining: pattern discovery. Learn in-depth concepts, methods, and applications of pattern discovery in data mining. We will also introduce methods for pattern-based classification and some interesting applications of pattern discovery. This course provides you the opportunity to learn skills and content to practice and engage in scalable pattern discovery methods on massive transactional data, discuss pattern evaluation measures, and study methods for mining diverse kinds of patterns, sequential patterns, and sub-graph patterns.",Data Science,Data Analysis,Course,"Data Visualization Software,Tableau Software,Data Virtualization,Data Visualization (DataViz),",John C. Hart,4.5,1337.0,Approx. 15 hours to complete,Coursera,,,,,"['Data Visualization Software', 'Tableau Software', 'Data Virtualization', 'Data Visualization (DataViz)']",Data Science
C0872,UI Automation and Selectors,https://www.coursera.org/learn/ui-automation-and-selectors?specialization=roboticprocessautomation,"The UI Automation and Selectors course provides a deep understanding of the different methods used while interacting with the User Interface of different applications like Excel, Word, CRM, Websites while building automation projects. ",Computer Science,Software Development,Course,"Input Actions Automation,Selectors,Recording in Studio,User Interface Automation,rpa,",UiPath,4.8,20.0,Approx. 8 hours to complete,Coursera,,,,,"['Input Actions Automation', 'Selectors', 'Recording in Studio', 'User Interface Automation', 'rpa']",Web Development
C0873,Deep Learning Methods for Healthcare,https://www.coursera.org/learn/deep-learning-methods-healthcare?specialization=deep-learning-healthcare,"This course covers deep learning (DL) methods, healthcare data and applications using DL methods. The courses include activities such as video lectures, self guided programming labs, homework assignments (both written and programming), and a large project.",Data Science,Machine Learning,Course,"Graphs,Unsupervised Learning,Autoencoder,Deep Learning,",Jimeng Sun,,,Approx. 22 hours to complete,Coursera,,,,,"['Graphs', 'Unsupervised Learning', 'Autoencoder', 'Deep Learning']",Data Science
C0874,Database Design and Basic SQL in PostgreSQL,https://www.coursera.org/learn/database-design-postgresql?specialization=postgresql-for-everybody,"In this course you will learn more about the historical design of databases and the use of SQL in the PostgreSQL environment. Using SQL techniques and common commands (INSERT INTO, WHERE, ORDER BY, ON DELETE CASCADE, etc) will enable you to create tables, column types and define the schema of your data in PostgreSQL.    You will learn about data modeling and how to represent one-to-many and many-to-many relationships in PostgreSQL.   Students will do hands-on assignments creating tables, inserting data, designing data models, creating relational structures and inserting and querying relational data in tables.",Computer Science,Software Development,Course,,Charles Russell Severance,4.8,704.0,Approx. 13 hours to complete,Coursera,,,,,[],Web Development
C0875,"Python Functions, Files, and Dictionaries",https://www.coursera.org/learn/python-functions-files-dictionaries?specialization=python-3-programming,"This course introduces the dictionary data structure and user-defined functions. You’ll learn about local and global variables, optional and keyword parameter-passing, named functions and lambda expressions. You’ll also learn about Python’s sorted function and how to control the order in which it sorts by passing in another function as an input. For your final project, you’ll read in simulated social media data from a file, compute sentiment scores, and write out .csv files. It covers chapters 10-16 of the textbook “Fundamentals of Python Programming,” which is the accompanying text (optional and free) for this course.",Computer Science,Software Development,Course,,Paul Resnick,4.8,4980.0,Approx. 31 hours to complete,Coursera,,,,,[],Web Development
C0876,"Programming Foundations with JavaScript, HTML and CSS",https://www.coursera.org/learn/duke-programming-web?specialization=java-programming,"Learn foundational programming concepts (e.g., functions, for loops, conditional statements) and how to solve problems like a programmer. In addition, learn basic web development as you build web pages using HTML, CSS, JavaScript. By the end of the course, will create a web page where others can upload their images and apply image filters that you create.",Computer Science,Mobile and Web Development,Course,"HTML,JavaScript,Cascading Style Sheets (CSS),Html5,",Susan H. Rodger,4.6,14270.0,Approx. 33 hours to complete,Coursera,,,,,"['HTML', 'JavaScript', 'Cascading Style Sheets (CSS)', 'Html5']",Web Development
C0877,Python Data Analysis,https://www.coursera.org/learn/python-analysis?specialization=introduction-scripting-in-python,"This course will continue the introduction to Python programming that started with Python Programming Essentials and Python Data Representations.  We'll learn about reading, storing, and processing tabular data, which are common tasks.  We will also teach you about CSV files and Python's support for reading and writing them.  CSV files are a generic, plain text file format that allows you to exchange tabular data between different programs. These concepts and skills will help you to further extend your Python programming knowledge and allow you to process more complex data.",Computer Science,Software Development,Course,,Scott Rixner,4.7,862.0,Approx. 9 hours to complete,Coursera,,,,,[],Web Development
C0878,Getting and Cleaning Data,https://www.coursera.org/learn/data-cleaning?specialization=jhu-data-science,"Before you can work with data you have to get some. This course will cover the basic ways that data can be obtained. The course will cover obtaining data from the web, from APIs, from databases and from colleagues in various formats. It will also cover the basics of data cleaning and how to make data “tidy”. Tidy data dramatically speed downstream data analysis tasks. The course will also cover the components of a complete data set including raw data, processing instructions, codebooks, and processed data. The course will cover the basics needed for collecting, cleaning, and sharing data.",Data Science,Data Analysis,Course,"Data Manipulation,Regular Expression (REGEX),R Programming,Data Cleansing,","Jeff Leek, PhD",4.5,8010.0,Approx. 19 hours to complete,Coursera,,,,,"['Data Manipulation', 'Regular Expression (REGEX)', 'R Programming', 'Data Cleansing']",Data Science
C0879,Data Analysis Using Python,https://www.coursera.org/learn/data-analysis-python?specialization=programming-python-java,"This course provides an introduction to basic data science techniques using Python.  Students are introduced to core concepts like Data Frames and joining data, and learn how to use data analysis libraries like pandas, numpy, and matplotlib.  This course provides an overview of loading, inspecting, and querying real-world data, and how to answer basic questions about that data.  Students will gain skills in data aggregation and summarization, as well as basic data visualization.",Data Science,Data Analysis,Course,"Data Science,Python Libraries,Python Programming,Data Analysis,Data Visualization (DataViz),",Brandon Krakowsky,4.6,314.0,Approx. 16 hours to complete,Coursera,,,,,"['Data Science', 'Python Libraries', 'Python Programming', 'Data Analysis', 'Data Visualization (DataViz)']",Data Science
C0880,An Introduction to Interactive Programming in Python (Part 1),https://www.coursera.org/learn/interactive-python-1?specialization=computer-fundamentals,"This two-part course is designed to help students with very little or no computing background learn the basics of building simple interactive applications. Our language of choice, Python, is an easy-to learn, high-level computer language that is used in many of the computational courses offered on Coursera. To make learning Python easy, we have developed a new browser-based programming environment that makes developing interactive applications in Python simple. These applications will involve windows whose contents are graphical and respond to buttons, the keyboard and the mouse.",Computer Science,Software Development,Course,"Programming Principles,Python Syntax And Semantics,Computer Programming,Python Programming,",John Greiner,4.8,3208.0,Approx. 19 hours to complete,Coursera,,,,,"['Programming Principles', 'Python Syntax And Semantics', 'Computer Programming', 'Python Programming']",Web Development
C0881,"Android App Components - Intents, Activities, and Broadcast Receivers",https://www.coursera.org/learn/androidapps?specialization=android-app-development,"This 4 week MOOC builds upon the overview of Java and Android covered in Course 1 by delving deeper into core Android app components, such as intents, activities, and broadcast receivers.  You will learn by example how to program these core Android components together with Android concurrency frameworks and basic Java file I/O classes (such as File and InputStream) and Android storage mechanisms (such as Shared Preferences). You'll also learn how to use the Git source code management system. Throughout this MOOC you'll work incrementally on a project involving downloading, storing, and display images from remote websites. Each week you will add additional capabilities to the project, based on material covered in the lecture videos. You'll spend roughly 4 hours per week watching video lectures, taking quizzes, and programming assignments with Java and Android.",Computer Science,Mobile and Web Development,Course,"Computer Programming,Android Studio,Android Software Development,Concurrent Computing,",Dr. Douglas C. Schmidt,4.2,775.0,Approx. 14 hours to complete,Coursera,,,,,"['Computer Programming', 'Android Studio', 'Android Software Development', 'Concurrent Computing']",Web Development
C0882,Computer Simulations,https://www.coursera.org/learn/computer-simulations?specialization=computational-social-science-ucdavis,"Big data and artificial intelligence get most of the press about computational social science, but maybe the most complex aspect of it refers to using computational tools to explore and develop social science theory. This course shows how computer simulations are being used to explore the realm of what is theoretically possible. Computer simulations allow us to study why societies are the way they are, and to dream about the world we would like to live in. This can be as intuitive as playing a video game. Much like the well-known video game SimCity is used to build and manage an artificial city, we use agent-based models to grow and study artificial societies. Without hurting anyone in the real world, computer simulations allow us explore how to make the world a better place. We play hands-on with several practical computer simulation models and explore how we can combine hypothetical models with real world data. Finally, you will program a simple artificial society yourself, bottom-up. This will allow you to feel the complexity that arises when designing social systems, while at the same time experiencing the ease with which our new computational tools allow us to pursue such daunting endeavors.",Data Science,Machine Learning,Course,,Martin Hilbert,4.5,74.0,Approx. 12 hours to complete,Coursera,,,,,[],Data Science
C0883,Big Data Analysis with Scala and Spark,https://www.coursera.org/learn/scala-spark-big-data?specialization=scala,"Manipulating big data distributed over a cluster using functional concepts is rampant in industry, and is arguably one of the first widespread industrial uses of functional ideas. This is evidenced by the popularity of MapReduce and Hadoop, and most recently Apache Spark, a fast, in-memory distributed collections framework written in Scala. In this course, we'll see how the data parallel paradigm can be extended to the distributed case, using Spark throughout. We'll cover Spark's programming model in detail, being careful to understand how and when it differs from familiar programming models, like shared-memory parallel collections or sequential Scala collections. Through hands-on examples in Spark and Scala, we'll learn when important issues related to distribution like latency and network communication should be considered and how they can be addressed effectively for improved performance.",Computer Science,Algorithms,Course,"Scala Programming,Big Data,Apache Spark,SQL,",Prof. Heather Miller,4.6,2575.0,Approx. 27 hours to complete,Coursera,,,,,"['Scala Programming', 'Big Data', 'Apache Spark', 'SQL']",Web Development
C0884,Mastering Programming with MATLAB,https://www.coursera.org/learn/advanced-matlab-programming?specialization=matlab-programming-engineers-scientists,"The course builds on the foundation laid by the first course of the Specialization called “Introduction to Programming with MATLAB.” It covers more advanced programming concepts such as recursion, vectorization, function handles, algorithm efficiency and others. At the same time, it presents many features that make MATLAB a powerful programming environment for engineering and scientific computing, such as  its support for object oriented programming, the new user interface design environment and Live Scripts.",Computer Science,Software Development,Course,,Akos Ledeczi,4.8,337.0,Approx. 55 hours to complete,Coursera,,,,,[],Web Development
C0885,Spring Data Repositories,https://www.coursera.org/learn/spring-repositories?specialization=spring-framework,"This course is aimed at students wishing to learn how Java interacts with databases in a modern framework. The course uses the very popular Spring Boot Framework, with Micro services, as a setting for our database interactions using Java Persistence Framework (JPA) and Spring Data Repositories to abstract away JPA. Students will then learn how to expose Repositories as Rest Web services in their own right using Hypermedia as the Engine of Application State or HATEAOS concepts. Spring Aspect Oriented Programming (AOP) will be covered to illustrate how cross cutting concerns like logging can be applied in a centralized non evasive manner to domain classes. finally the course covers the use of Spring Transaction Managers and Springs declarative configuration Transaction model.",Computer Science,Software Development,Course,"Spring Support for JPA,JPA,Restful services,Spring Data Repositories,Spring Data,",Derek Parsons,3.8,26.0,Approx. 9 hours to complete,Coursera,,,,,"['Spring Support for JPA', 'JPA', 'Restful services', 'Spring Data Repositories', 'Spring Data']",Web Development
C0886,Data Analysis with R,https://www.coursera.org/learn/data-analysis-with-r?specialization=applied-data-science-r,"The R programming language is purpose-built for data analysis. R is the key that opens the door between the problems that you want to solve with data and the answers you need to meet your objectives.  This course starts with a question and then walks you through the process of answering it through data. You will first learn important techniques for preparing (or wrangling) your data for analysis. You will then learn how to gain a better understanding of your data through exploratory data analysis, helping you to summarize your data and identify relevant relationships between variables that can lead to insights. Once your data is ready to analyze, you will learn how to develop your model and evaluate and tune its performance. By following this process, you can be sure that your data analysis performs to the standards that you have set, and you can have confidence in the results. ",Data Science,Data Analysis,Course,"Data Science,Statistical Analysis,R Programming,Data Analysis,Data Visualization (DataViz),",Tiffany Zhu,4.7,196.0,Approx. 16 hours to complete,Coursera,,,,,"['Data Science', 'Statistical Analysis', 'R Programming', 'Data Analysis', 'Data Visualization (DataViz)']",Data Science
C0887,Preparing for DP-900: Microsoft Azure Data Fundamentals Exam,https://www.coursera.org/learn/microsoft-dp-900-exam-prep?specialization=microsoft-azure-dp-900-data-fundamentals,"Microsoft certifications give you a professional advantage by providing globally recognized and industry-endorsed evidence of mastering skills in digital and cloud businesses.​​ In this course, you will prepare to take the DP-900 Microsoft Azure Data Fundamentals certification exam. ",Information Technology,Data Management,Course,"Test Preparation,Microsoft Azure,",Microsoft,4.7,63.0,Approx. 5 hours to complete,Coursera,,,,,"['Test Preparation', 'Microsoft Azure']",Data Science
C0888,Advanced Business Analytics Capstone,https://www.coursera.org/learn/data-analytics-business-capstone?specialization=data-analytics-business,"The analytics process is a collection of interrelated activities that lead to better decisions and to a higher business performance. The capstone of this specialization is designed with the goal of allowing you to experience this process. The capstone project will take you from data to analysis and models, and ultimately to presentation of insights. ",Data Science,Data Analysis,Course,,Manuel Laguna,4.3,63.0,Approx. 19 hours to complete,Coursera,,,,,[],Data Science
C0889,Comportamiento adaptativo,https://www.coursera.org/learn/comportamiento-adapta?specialization=inteligencia-artificial,"Los seres vivos han evolucionado en entornos cambiantes, por lo que han desarrollado mecanismos que les permiten exhibir comportamiento adaptativo. Usando el método sintético, podemos construir sistemas artificiales adaptativos que implementen dichos mecanismos, con lo cual también podemos incrementar nuestra comprensión de los sistemas naturales.",Computer Science,Algorithms,Course,,Carlos Gershenson,4.5,16.0,Approx. 9 hours to complete,Coursera,,,,,[],Web Development
C0890,The Art & Science of Product Management,https://www.coursera.org/learn/pms-leading-design-engineering-ai-ml?specialization=real-world-product-management,"Sponsored by AMAZON WEB SERVICES (AWS). Learn how Amazon, Facebook, Google, and Twitch PMs and lead and collaborate with an interdisciplinary team of UX designers, software engineers, AI/ML engineers. Plus, practice real PM interview questions asked by Microsoft, Google, and Amazon!",Computer Science,Design and Product,Course,"Lead Designers,Lead Engineers,Technical PM Interview,Technical Literacy,AI/ML,",Nancy Wang,4.4,123.0,Approx. 9 hours to complete,Coursera,,,,,"['Lead Designers', 'Lead Engineers', 'Technical PM Interview', 'Technical Literacy', 'AI/ML']",Web Development
C0891,Introduction to C# Programming and Unity,https://www.coursera.org/learn/introduction-programming-unity?specialization=programming-unity-game-development,"This course is all about starting to learn how to develop video games using the C# programming language and the Unity game engine on Windows or Mac. Why use C# and Unity instead of some other language and game engine? Well, C# is a really good language for learning how to program and then programming professionally. Also, the Unity game engine is very popular with indie game developers; Unity games were downloaded 16,000,000,000 times in 2016! Finally, C# is one of the programming languages you can use in the Unity environment.",Computer Science,Software Development,Course,"Video Game Development,C Sharp (C#) (Programming Language),Unity (User Interface),Game Programming,","Dr. Tim ""Dr. T"" Chamillard",4.7,2194.0,Approx. 18 hours to complete,Coursera,,,,,"['Video Game Development', 'C Sharp (C#) (Programming Language)', 'Unity (User Interface)', 'Game Programming']",Web Development
C0892,Experimental Design Basics,https://www.coursera.org/learn/introduction-experimental-design-basics?specialization=design-experiments,"This is a basic course in designing experiments and analyzing the resulting data. The course objective is to learn how to plan, design and conduct experiments efficiently and effectively, and analyze the resulting data to obtain objective conclusions. Both design and statistical analysis issues are discussed. Opportunities to use the principles taught in the course arise in all aspects of today’s industrial and business environment. Applications from various fields will be illustrated throughout the course.  Computer software packages (JMP, Design-Expert, Minitab) will be used to implement the methods presented and will be illustrated extensively. ",Data Science,Probability and Statistics,Course,"statistical Methods for Process and Product improvement,design of experiments,experiment design,designing experiments,",Douglas C. Montgomery,4.6,213.0,Approx. 12 hours to complete,Coursera,,,,,"['statistical Methods for Process and Product improvement', 'design of experiments', 'experiment design', 'designing experiments']",Data Science
C0893,Spring - Cloud Overview,https://www.coursera.org/learn/spring-cloud-overview?specialization=spring-framework,"This course explains some high level patterns used in Microservice architectures and the motivation to move towards these architectures and away from monolithic development of applications. . It then goes on to implement these patterns using Spring Cloud, Netflix OSS one of the most popular Cloud implementations of Microservices used today. Students will learn about Service Registration, Service Discovery, Client Side Load Balancing, Circuit Breakers, and Gateway or Edge Services in a Spring Boot Setting. It will leverage Spring  Cloud and Netflix OSS, Labs will specifically target the projects Eureka, Ribbon, Hystrix, Feign and Zuul.",Computer Science,Software Development,Course,"Netflix OSS,Service Discovery,Microservices,Spring Cloud,Load Balancing,",Derek Parsons,4.3,34.0,Approx. 9 hours to complete,Coursera,,,,,"['Netflix OSS', 'Service Discovery', 'Microservices', 'Spring Cloud', 'Load Balancing']",Web Development
C0894,How Google does Machine Learning,https://www.coursera.org/learn/google-machine-learning?specialization=machine-learning-tensorflow-gcp,"What are best practices for implementing machine learning on Google Cloud? What is Vertex AI and how can you use the platform to quickly build, train, and deploy AutoML machine learning models without writing a single line of code? What is machine learning, and what kinds of problems can it solve? ",Data Science,Machine Learning,Course,"Application Programming Interfaces (API),Inclusive ML,Machine Learning,Google Cloud Platform,Bigquery,",Google Cloud Training,4.6,7135.0,Approx. 13 hours to complete,Coursera,,,,,"['Application Programming Interfaces (API)', 'Inclusive ML', 'Machine Learning', 'Google Cloud Platform', 'Bigquery']",Data Science
C0895,C Programming: Using Linux Tools and Libraries - 7,https://www.coursera.org/learn/c-programming-using-linux-tools-and-libraries?specialization=c-programming-linux,Learn how to use professional tools and libraries to write and build C programs within the Linux operating system. ,Computer Science,Software Development,Course,"Computer Programming,C Programming,Linux,",Rémi SHARROCK,,,Approx. 9 hours to complete,Coursera,,,,,"['Computer Programming', 'C Programming', 'Linux']",Web Development
C0896,Work Smarter with Microsoft PowerPoint,https://www.coursera.org/learn/microsoft-powerpoint-work-smarter?specialization=microsoft-365-fundamentals,"This course is intended for learners with some experience using Microsoft Windows, who are seeking to build presentation skills with Microsoft PowerPoint. To be successful in this course you should have an understanding of the basics of using a Windows-based computer. Experience with printing and using a web browser are an asset, but not required.",Information Technology,Cloud Computing,Course,"Microsoft PowerPoint,Presentation,",Microsoft,4.7,293.0,Approx. 19 hours to complete,Coursera,,,,,"['Microsoft PowerPoint', 'Presentation']",Data Science
C0897,Algorithms for DNA Sequencing,https://www.coursera.org/learn/dna-sequencing?specialization=genomic-data-science,"We will learn computational methods -- algorithms and data structures -- for analyzing DNA sequencing data. We will learn a little about DNA, genomics, and how DNA sequencing is used.  We will use Python to implement key algorithms and data structures and to analyze real genomes and DNA sequencing datasets.",Data Science,Data Analysis,Course,"Bioinformatics Algorithms,Algorithms,Python Programming,Algorithms On Strings,","Ben Langmead, PhD",4.7,842.0,Approx. 12 hours to complete,Coursera,,,,,"['Bioinformatics Algorithms', 'Algorithms', 'Python Programming', 'Algorithms On Strings']",Data Science
C0898,Visual Analytics with Tableau,https://www.coursera.org/learn/dataviz-visual-analytics?specialization=data-visualization,"In this third course of the specialization, we’ll drill deeper into the tools Tableau offers in the areas of charting, dates, table calculations and mapping. We’ll explore the best choices for charts, based on the type of data you are using. We’ll look at specific types of charts including scatter plots, Gantt charts, histograms, bullet charts and several others, and we’ll address charting guidelines. We’ll define discrete and continuous dates, and examine when to use each one to explain your data.  You’ll learn how to create custom and quick table calculations and how to create parameters. We’ll also introduce mapping and explore how Tableau can use different types of geographic data, how to connect to multiple data sources and how to create custom maps.",Data Science,Data Analysis,Course,"Visual Analytics,Map,Tableau Software,Data Visualization (DataViz),","Suk S. Brar, M.B.A.",4.6,1752.0,Approx. 9 hours to complete,Coursera,,,,,"['Visual Analytics', 'Map', 'Tableau Software', 'Data Visualization (DataViz)']",Data Science
C0899,Microsoft Azure SQL,https://www.coursera.org/learn/microsoft-azure-sql?specialization=microsoft-azure-dp-900-data-fundamentals,"In this course, you will learn the fundamentals of database concepts in a cloud environment, get basic skilling in cloud data services, and build your foundational knowledge of cloud data services within Microsoft Azure. You will explore relational data offerings, provisioning and deploying relational databases, and querying relational data through cloud data solutions with Microsoft Azure. You will learn about SQL, how it's used to query and maintain data in a database, and the different dialects that are available.",Information Technology,Data Management,Course,"Data Management,Database (DBMS),NoSQL,Microsoft Azure,SQL,",Microsoft,4.7,144.0,Approx. 6 hours to complete,Coursera,,,,,"['Data Management', 'Database (DBMS)', 'NoSQL', 'Microsoft Azure', 'SQL']",Data Science
C0900,Relational Database Support for Data Warehouses,https://www.coursera.org/learn/dwrelational?specialization=data-warehousing,"Relational Database Support for Data Warehouses is the third course in the Data Warehousing for Business Intelligence specialization. In this course, you'll use analytical elements of SQL for answering business intelligence questions. You'll learn features of relational database management systems for managing summary data commonly used in business intelligence reporting. Because of the importance and difficulty of managing implementations of data warehouses, we'll also delve into storage architectures, scalable parallel processing, data governance, and big data impacts. In the assignments in this course, you can use either Oracle or PostgreSQL.",Data Science,Data Analysis,Course,"Data Warehousing,Materialized View,Data Warehouse,SQL,",Michael Mannino,4.6,582.0,Approx. 21 hours to complete,Coursera,,,,,"['Data Warehousing', 'Materialized View', 'Data Warehouse', 'SQL']",Data Science
C0901,Architecting with Google Kubernetes Engine: Foundations,https://www.coursera.org/learn/foundations-google-kubernetes-engine-gke?specialization=architecting-google-kubernetes-engine,"In this course, ""Architecting with Google Kubernetes Engine: Foundations,"" you get a review of the layout and principles of Google Cloud, followed by an introduction to creating and managing software containers and an introduction to the architecture of Kubernetes.",Computer Science,Software Development,Course,,Google Cloud Training,4.7,2355.0,Approx. 8 hours to complete,Coursera,,,,,[],Web Development
C0902,Fundamentals of Machine Learning in Finance,https://www.coursera.org/learn/fundamentals-machine-learning-in-finance?specialization=machine-learning-reinforcement-finance,"The course aims at helping students to be able to solve practical ML-amenable problems that they may encounter in real life that include: (1) understanding where the problem one faces lands on a general landscape of available ML methods, (2) understanding which particular ML approach(es) would be most appropriate for resolving the problem, and (3) ability to successfully implement a solution, and assess its performance.  ",Data Science,Machine Learning,Course,,Igor Halperin,3.8,321.0,Approx. 18 hours to complete,Coursera,,,,,[],Data Science
C0903,"Python for Command-and-control, Exfiltration and Impact",https://www.coursera.org/learn/command-and-control-exfiltration-and-impact?specialization=pythonforcybersecurity,"This course covers python for Command-and-control, Exfiltration and Impact.",Information Technology,Security,Course,,Howard Poston,4.6,16.0,Approx. 3 hours to complete,Coursera,,,,,[],Cybersecurity
C0904,Trees and Graphs: Basics,https://www.coursera.org/learn/trees-graphs-basics?specialization=boulder-data-structures-algorithms,"Basic algorithms on tree data structures, binary search trees, self-balancing trees, graph data structures and basic traversal algorithms on graphs. This course also covers advanced topics such as kd-trees for spatial data and algorithms for spatial data.",Computer Science,Algorithms,Course,"Analysis of Algorithms,Algorithm Design,Python Programming,Data Structure Design,Graphs Algorithms,",Sriram Sankaranarayanan,4.8,65.0,Approx. 33 hours to complete,Coursera,,,,,"['Analysis of Algorithms', 'Algorithm Design', 'Python Programming', 'Data Structure Design', 'Graphs Algorithms']",Web Development
C0905,Introduction to Big Data with Spark and Hadoop,https://www.coursera.org/learn/introduction-to-big-data-with-spark-hadoop?specialization=nosql-big-data-and-spark-foundations,"Bernard Marr defines Big Data as the digital trace that we are generating in this digital era. In this course, you will learn about the characteristics of Big Data and its application in Big Data Analytics. You will gain an understanding about the features, benefits, limitations, and applications of some of the Big Data processing tools. You’ll explore how Hadoop and Hive help leverage the benefits of Big Data while overcoming some of the challenges it poses. ",Information Technology,Data Management,Course,"Apache Hadoop,SparkSQL,SparkML,Big Data,Apache Spark,",Karthik Muthuraman,4.3,203.0,Approx. 12 hours to complete,Coursera,,,,,"['Apache Hadoop', 'SparkSQL', 'SparkML', 'Big Data', 'Apache Spark']",Data Science
C0906,AI Workflow: Enterprise Model Deployment,https://www.coursera.org/learn/ibm-ai-workflow-machine-learning-model-deployment?specialization=ibm-ai-workflow,"This is the fifth course in the IBM AI Enterprise Workflow Certification specialization.   You are STRONGLY encouraged to complete these courses in order as they are not individual independent courses, but part of a workflow where each course builds on the previous ones.",Data Science,Machine Learning,Course,"Data Science,Information Engineering,Artificial Intelligence (AI),Machine Learning,Python Programming,",Mark J Grover,4.2,48.0,Approx. 9 hours to complete,Coursera,,,,,"['Data Science', 'Information Engineering', 'Artificial Intelligence (AI)', 'Machine Learning', 'Python Programming']",Data Science
C0907,Introduction to C++ Programming and Unreal,https://www.coursera.org/learn/introductionprogrammingunreal?specialization=cplusplusunrealgamedevelopment,This course is all about starting to learn how to develop video games using the C++ programming language and the Unreal Engine on Windows or Mac. ,Computer Science,Software Development,Course,,"Dr. Tim ""Dr. T"" Chamillard",4.6,109.0,Approx. 19 hours to complete,Coursera,,,,,[],Web Development
C0908,Oracle SQL Basics,https://www.coursera.org/learn/oracle-sql-basics?specialization=oracle-sql-databases,"This course, Oracle SQL Basics is the third course in the Oracle specialization. It is designed to help you learn the key elements of the Structured Query Language specific to Oracle. ",Computer Science,Software Development,Course,,Rafiq Wayani,4.6,168.0,Approx. 7 hours to complete,Coursera,,,,,[],Web Development
C0909,Introduction to Accounting Data Analytics and Visualization,https://www.coursera.org/learn/intro-accounting-data-analytics-visual?specialization=accounting-data-analytics,"Accounting has always been about analytical thinking. From the earliest days of the profession, Luca Pacioli emphasized the importance of math and order for analyzing business transactions. The skillset that accountants have needed to perform math and to keep order has evolved from pencil and paper, to typewriters and calculators, then to spreadsheets and accounting software. A new skillset that is becoming more important for nearly every aspect of business is that of big data analytics: analyzing large amounts of data to find actionable insights. This course is designed to help accounting students develop an analytical mindset and prepare them to use data analytic programming languages like Python and R.",Data Science,Data Analysis,Course,"Data Analysis,Predictive Analytics,Data Visualization (DataViz),Data Architecture,Coding,",Ronald Guymon,4.8,409.0,Approx. 18 hours to complete,Coursera,,,,,"['Data Analysis', 'Predictive Analytics', 'Data Visualization (DataViz)', 'Data Architecture', 'Coding']",Data Science
C0910,Google Docs en Español,https://www.coursera.org/learn/google-docs-es?specialization=getting-started-with-google-workspace-es,"Con Documentos de Google, sus documentos se almacenan en la nube, y puede acceder a ellos desde cualquier computadora o dispositivo. Creará y editará documentos directamente en su navegador web. No se requiere ningún software especial. Además, varias personas pueden trabajar al mismo tiempo. Por lo tanto, puede ver los cambios a medida que los hacen, y cada cambio se guarda automáticamente.",Information Technology,Cloud Computing,Course,,Google Cloud Training,4.6,23.0,Approx. 2 hours to complete,Coursera,,,,,[],Data Science
C0911,Engineering Maintainable Android Apps,https://www.coursera.org/learn/engineeringandroidapps?specialization=android-app-development,"Engineering Maintainable Android Apps, which is a 4 week MOOC that shows by example various methods for engineering maintainable Android apps, including test-driven development methods and how to develop/run unit tests using JUnit and Robotium (or equivalent automated testing frameworks for Android), as well as how to successfully apply common Java/Android software patterns to improve the extensibility and clarity of Android apps. Students will work on the appropriate automated unit quizzes, based on the material covered in the lecture videos. These lessons will demonstrate the benefits of good software engineering practices that are targeted at creating maintainable code for mobile apps.",Computer Science,Mobile and Web Development,Course,"Software Testing,Unit Testing,Android Software Development,Junit,",Dr. Douglas C. Schmidt,4.5,278.0,Approx. 8 hours to complete,Coursera,,,,,"['Software Testing', 'Unit Testing', 'Android Software Development', 'Junit']",Web Development
C0912,Linux Fundamentals,https://www.coursera.org/learn/linux-fundamentals?specialization=linux-for-lfca-certification,"This course is the first of a series that aims to prepare you for a role working as an information technology professional. In this course, you will be introduced to the Linux operating system. You will learn about the licensing model and several Linux distributions. We will go through some services delivered in the Linux operating system. We will conclude this course by looking at how to search and analyze text using command line tools in the operating system.",Computer Science,Software Development,Course,,Aspen Olmsted,4.6,542.0,Approx. 17 hours to complete,Coursera,,,,,[],Web Development
C0913,The Business of Product Management II,https://www.coursera.org/learn/real-world-product-management-skills?specialization=real-world-product-management,"Sponsored by AMAZON WEB SERVICES (AWS). Learn real-world product management lessons from Amazon, Tesla, Uber, WeWork, Zoom, the United States Armed Forces, Facebook, Google, Alphabet, Poshmark, Slack, Twitter, Headspace, Walmart Labs, Humana, Schwab, Allianz, Amex, Grohe, Amazon, Costco, Progressive, Activision, Yelp, H&M, Basecamp, Microsoft, and more!",Computer Science,Design and Product,Course,"Monetization Strategy,A/B/n testing,Customer Retention,KPIs OKRs North Stars,OODA Loops,",Nancy Wang,4.7,184.0,Approx. 13 hours to complete,Coursera,,,,,"['Monetization Strategy', 'A/B/n testing', 'Customer Retention', 'KPIs OKRs North Stars', 'OODA Loops']",Web Development
C0914,Web Applications and Command-Line Tools for Data Engineering,https://www.coursera.org/learn/web-app-command-line-tools-for-data-engineering-duke?specialization=python-bash-sql-data-engineering-duke,"In this fourth course of the Python, Bash and SQL Essentials for Data Engineering Specialization, you will build upon the data engineering concepts introduced in the first three courses to apply Python, Bash and SQL techniques in tackling real-world problems. First, we will dive deeper into leveraging Jupyter notebooks to create and deploy models for machine learning tasks. Then, we will explore how to use Python microservices to break up your data warehouse into small, portable solutions that can scale. Finally, you will build a powerful command-line tool to automate testing and quality control for publishing and sharing your tool with a data registry.",Information Technology,Data Management,Course,"Web Application,Python Programming,Jupyter notebooks,Cloud-Hosted Notebooks,Command-Line Interface,",Noah Gift,4.0,16.0,Approx. 15 hours to complete,Coursera,,,,,"['Web Application', 'Python Programming', 'Jupyter notebooks', 'Cloud-Hosted Notebooks', 'Command-Line Interface']",Data Science
C0915,Functional Program Design in Scala,https://www.coursera.org/learn/scala-functional-program-design?specialization=scala,"In this course you will learn how to apply the functional programming style in the design of larger Scala applications. You'll get to know important new functional programming concepts, from lazy evaluation to structuring your libraries using monads. We'll work on larger and more involved examples, from state space exploration to random testing to discrete circuit simulators. You’ll also learn some best practices on how to write good Scala code in the real world. Finally, you will learn how to leverage the ability of the compiler to infer values from types.",Computer Science,Software Development,Course,"Laziness,Type Class,Functional Programming,Referential Transparency,Reactive Programming,",Martin Odersky,4.5,3121.0,Approx. 35 hours to complete,Coursera,,,,,"['Laziness', 'Type Class', 'Functional Programming', 'Referential Transparency', 'Reactive Programming']",Web Development
C0916,Concurrency in Go,https://www.coursera.org/learn/golang-concurrency?specialization=google-golang,Learn how to implement concurrent programming in Go. Explore the roles of channels and goroutines in implementing concurrency. Topics include writing goroutines and implementing channels for communications between goroutines. Course activities will allow you to exercise Go’s capabilities for concurrent programming by developing several example programs.,Computer Science,Software Development,Course,,Ian Harris,4.7,690.0,Approx. 9 hours to complete,Coursera,,,,,[],Web Development
C0917,Bayesian Statistics: Time Series Analysis,https://www.coursera.org/learn/bayesian-statistics-time-series-analysis?specialization=bayesian-statistics,"This course for practicing and aspiring data scientists and statisticians. It is the fourth of a four-course sequence introducing the fundamentals of Bayesian statistics. It builds on the course Bayesian Statistics: From Concept to Data Analysis, Techniques and Models, and Mixture models. ",Data Science,Probability and Statistics,Course,"Bayesian Statistics,Forecasting,Dynamic Linear Modeling,Time Series,R Programming,",Raquel Prado,,,Approx. 22 hours to complete,Coursera,,,,,"['Bayesian Statistics', 'Forecasting', 'Dynamic Linear Modeling', 'Time Series', 'R Programming']",Data Science
C0918,Microsoft Azure Services and Lifecycles,https://www.coursera.org/learn/microsoft-azure-services-lifecycles?specialization=microsoft-azure-fundamentals-az-900,"In this course, you will learn how Microsoft Azure can help you secure access to cloud resources, what it means to build a cloud governance strategy, and how Microsoft Azure adheres to common regulatory and compliance standards.",Information Technology,Cloud Computing,Course,"Application Design,Microsoft Azure,Cloud Computing,Cloud Governance Strategy,",Microsoft,4.8,230.0,Approx. 7 hours to complete,Coursera,,,,,"['Application Design', 'Microsoft Azure', 'Cloud Computing', 'Cloud Governance Strategy']",Data Science
C0919,IoT Communications,https://www.coursera.org/learn/iot-communications?specialization=uiuc-iot,"This course builds on the previous course: IoT Devices. After we have built and programmed a small self-driving vehicle, now it's time get into more advanced territory and enhance the device's connectivity further. To do so you will study radio frequency (RF) communication, the MAC layer, Mesh Networking as well as distributed algorithms for use with geographic locations. These techniques will be applied to your device in the lab, which is composed of four steps, one in each week of the course. In Week 1, after going over some orientation for the course, you will focus on radio frequency (RF) communication, how it fits in with the larger scope of electromagnetism, how RF signals propagate in physical environments, how RF signals can be used to encode data, and how all this information is useful in constructing resilient and high-bandwidth IoT communication substrates.",Computer Science,Mobile and Web Development,Course,"Internet,Internet Of Things (IOT),Wireless,Front And Back Ends,",Matthew Caesar,4.5,23.0,Approx. 11 hours to complete,Coursera,,,,,"['Internet', 'Internet Of Things (IOT)', 'Wireless', 'Front And Back Ends']",Web Development
C0920,Django Features and Libraries,https://www.coursera.org/learn/django-features-libraries?specialization=django,"In this course, you will learn how to build Django-based web applications suitable for use by end users.  You will learn about cookies, sessions, and authentication processes in Django.  You will build navigation into your applications and explore ways to easily improve the look and feel of Django applications.  You will begin to develop a simple application to support a classified ads website that will walk you through many of the issues and techniques that you encounter in website development.  You will also learn how to move an application from development to production.",Computer Science,Mobile and Web Development,Course,"User authentication,Sessions and cookies,One-to-Many models,Data Validation,Django (Web Framework),",Charles Russell Severance,4.8,331.0,Approx. 16 hours to complete,Coursera,,,,,"['User authentication', 'Sessions and cookies', 'One-to-Many models', 'Data Validation', 'Django (Web Framework)']",Web Development
C0921,Advanced Linear Models for Data Science 1: Least Squares,https://www.coursera.org/learn/linear-models?specialization=advanced-statistics-data-science,Welcome to the Advanced Linear Models for Data Science Class 1: Least Squares. This class is an introduction to least squares from a linear algebraic and mathematical perspective. Before beginning the class make sure that you have the following:,Data Science,Probability and Statistics,Course,"Statistics,Linear Regression,R Programming,Linear Algebra,","Brian Caffo, PhD",4.4,177.0,Approx. 8 hours to complete,Coursera,,,,,"['Statistics', 'Linear Regression', 'R Programming', 'Linear Algebra']",Data Science
C0922,"C++ Basic Structures: Vectors, Pointers, Strings, and Files",https://www.coursera.org/learn/cpp-basic-structures-vectors-pointers-strings-and-files?specialization=hands-on-cpp,Code and run your first C++ program in minutes without installing anything!,Computer Science,Software Development,Course,"vectors,Files,Strings,C++,Computer Science,",Anh Le,4.6,141.0,Approx. 9 hours to complete,Coursera,,,,,"['vectors', 'Files', 'Strings', 'C++', 'Computer Science']",Web Development
C0923,"Business Intelligence Concepts, Tools, and Applications",https://www.coursera.org/learn/business-intelligence-tools?specialization=data-warehousing,"This is the fourth course in the Data Warehouse for Business Intelligence specialization. Ideally, the courses should be taken in sequence. Effectively and efficiently mining data is the very center of any modern business’s competitive strategy, and a data warehouse is a core component of this data mining. The ability to quickly look back at early trends and have the accurate data – properly formatted – is essential to good decision making. By enabling this historical overview, a data warehouse allows decision makers to learn from past trends and challenges. In essence, the benefit of a data warehouse is continuous improvement. ",Data Science,Data Analysis,Course,"Business Intelligence,Data Analysis,Data Visualization (DataViz),Microstrategy,",Jahangir Karimi,4.5,610.0,Approx. 22 hours to complete,Coursera,,,,,"['Business Intelligence', 'Data Analysis', 'Data Visualization (DataViz)', 'Microstrategy']",Data Science
C0924,"Blockchain, Cryptoassets, and Decentralized Finance",https://www.coursera.org/learn/blockchain-crypto-decentralized-finance?specialization=blockchain-financial-services,"Today, large intermediaries establish trust in our economy and control the movement, storage, and allocation of money and assets. The status quo, however, is rife with inefficiencies. In this course, we’ll address the many challenges of the status quo and discuss how cryptoassets, smart contracts, new identity systems, and new financial business models can help overcome them. You’ll learn how blockchain technology empowers individuals, entrepreneurs, and businesses with the tools they need to help level the playing field and to participate in the value they create. By the end of this course, you’ll learn how and why transacting on the blockchain can help us bring about a future that is faster, fairer, and more distributed than the world we inhabit today.",Computer Science,Computer Security and Networks,Course,"Object Binding,Alcatel Business Communications,Centurylink,Base Address,",Don Tapscott,4.7,340.0,Approx. 17 hours to complete,Coursera,,,,,"['Object Binding', 'Alcatel Business Communications', 'Centurylink', 'Base Address']",Cybersecurity
C0925,C# Class Development,https://www.coursera.org/learn/csharp-class-development?specialization=programming-unity-game-development,"This course is the third course in the specialization about learning how to develop video games using the C# programming language and the Unity game engine on Windows or Mac. Why use C# and Unity instead of some other language and game engine? Well, C# is a really good language for learning how to program and then programming professionally. Also, the Unity game engine is very popular with indie game developers; Unity games were downloaded 16,000,000,000 times in 2016! Finally, C# is one of the programming languages you can use in the Unity environment.",Computer Science,Software Development,Course,"Crt0,For Loop,Console Applications,Foreach Loop,","Dr. Tim ""Dr. T"" Chamillard",4.9,27.0,Approx. 28 hours to complete,Coursera,,,,,"['Crt0', 'For Loop', 'Console Applications', 'Foreach Loop']",Web Development
C0926,3D Reconstruction - Single Viewpoint ,https://www.coursera.org/learn/3d-reconstruction---single-viewpoint?specialization=firstprinciplesofcomputervision,"This course focuses on the recovery of the 3D structure of a scene from its 2D images. In particular, we are interested in the 3D reconstruction of a rigid scene from images taken by a stationary camera (same viewpoint). This problem is interesting as we want the multiple images of the scene to capture complementary information despite the fact that the scene is rigid and the camera is fixed. To this end, we explore several ways of capturing images where each image provides additional information about the scene.",Computer Science,Algorithms,Course,"Photometric Stereo,Depth from Focus and Defocus,Structed Light Methods,Reflectance Models,Radiometry,",Shree Nayar,4.9,18.0,Approx. 11 hours to complete,Coursera,,,,,"['Photometric Stereo', 'Depth from Focus and Defocus', 'Structed Light Methods', 'Reflectance Models', 'Radiometry']",Web Development
C0927,Linear Regression for Business Statistics,https://www.coursera.org/learn/linear-regression-business-statistics?specialization=business-statistics-analysis,Regression Analysis is perhaps the single most important Business Statistics tool used in the industry. Regression is the engine behind a multitude of data analytics applications used for many forms of forecasting and prediction.  ,Data Science,Data Analysis,Course,"Log–Log Plot,Interaction (Statistics),Linear Regression,Regression Analysis,",Sharad Borle,4.8,1309.0,Approx. 27 hours to complete,Coursera,,,,,"['Log–Log Plot', 'Interaction (Statistics)', 'Linear Regression', 'Regression Analysis']",Data Science
C0928,Business Statistics and Analysis Capstone,https://www.coursera.org/learn/business-statistics-analysis-capstone?specialization=business-statistics-analysis,"The Business Statistics and Analysis Capstone is an opportunity to apply various skills developed across the four courses in the specialization to a real life data. The Capstone, in collaboration with an industry partner uses publicly available ‘Housing Data’ to pose various questions typically a client would pose to a data analyst.",Data Science,Data Analysis,Course,"Predictive Analytics,Data Analysis,Microsoft Excel,Regression Analysis,",Sharad Borle,4.8,404.0,Approx. 7 hours to complete,Coursera,,,,,"['Predictive Analytics', 'Data Analysis', 'Microsoft Excel', 'Regression Analysis']",Data Science
C0929,Python and Pandas for Data Engineering,https://www.coursera.org/learn/python-and-pandas-for-data-engineering-duke?specialization=python-bash-sql-data-engineering-duke,"In this first course of the Python, Bash and SQL Essentials for Data Engineering Specialization, you will learn how to set up a version-controlled Python working environment which can utilize third party libraries. You will learn to use Python and the powerful Pandas library for data analysis and manipulation. Additionally, you will also be introduced to Vim and Visual Studio Code, two popular tools for writing software. This course is valuable for beginning and intermediate students in order to begin transforming and manipulating data as a data engineer.",Data Science,Data Analysis,Course,"Vim,Python Programming,Pandas,Visual Studio Code,Data Structure,",Kennedy Behrman,4.5,116.0,Approx. 38 hours to complete,Coursera,,,,,"['Vim', 'Python Programming', 'Pandas', 'Visual Studio Code', 'Data Structure']",Data Science
C0930,Building No-Code Apps with AppSheet: Implementation,https://www.coursera.org/learn/building-no-code-apps-with-appsheet-implementation?specialization=building-no-code-apps-with-appsheet,"This course teaches you how to implement various capabilities that include data organization and management, application security, actions and integrations in your app using AppSheet. The course also includes topics on managing and upgrading your app, improving performance and troubleshooting issues with your app.",Information Technology,Cloud Computing,Course,"App behaviors and automation,Application and data access control,App authoring and collaboration,External service integration,App version management,",Google Cloud Training,,,Approx. 12 hours to complete,Coursera,,,,,"['App behaviors and automation', 'Application and data access control', 'App authoring and collaboration', 'External service integration', 'App version management']",Data Science
C0931,Essential Google Cloud Infrastructure: Foundation,https://www.coursera.org/learn/gcp-infrastructure-foundation?specialization=gcp-architecture,"This accelerated on-demand course introduces participants to the comprehensive and flexible infrastructure and platform services provided by Google Cloud with a focus on Compute Engine. Through a combination of video lectures, demos, and hands-on labs, participants explore and deploy solution elements, including infrastructure components such as networks, virtual machines and applications services. You will learn how to use the Google Cloud through the console and Cloud Shell. You'll also learn about the role of a cloud architect, approaches to infrastructure design, and virtual networking configuration with Virtual Private Cloud (VPC), Projects, Networks, Subnetworks, IP addresses, Routes, and Firewall rules.",Information Technology,Cloud Computing,Course,"Google Compute Engine,Virtual Machine,Network Architecture,Google Cloud Platform,",Google Cloud Training,4.7,16462.0,Approx. 7 hours to complete,Coursera,,,,,"['Google Compute Engine', 'Virtual Machine', 'Network Architecture', 'Google Cloud Platform']",Data Science
C0932,Probabilistic Deep Learning with TensorFlow 2,https://www.coursera.org/learn/probabilistic-deep-learning-with-tensorflow2?specialization=tensorflow2-deeplearning,Welcome to this course on Probabilistic Deep Learning with TensorFlow!,Data Science,Machine Learning,Course,"Probabilistic Neural Network,Deep Learning,Generative Model,Tensorflow,Probabilistic Programming Language (PRPL),",Dr Kevin Webster,4.7,92.0,Approx. 52 hours to complete,Coursera,,,,,"['Probabilistic Neural Network', 'Deep Learning', 'Generative Model', 'Tensorflow', 'Probabilistic Programming Language (PRPL)']",Data Science
C0933,Bayesian Statistics: Techniques and Models,https://www.coursera.org/learn/mcmc-bayesian-statistics?specialization=bayesian-statistics,"This is the second of a two-course sequence introducing the fundamentals of Bayesian statistics. It builds on the course Bayesian Statistics: From Concept to Data Analysis, which introduces Bayesian methods through use of simple conjugate models. Real-world data often require more sophisticated models to reach realistic conclusions. This course aims to expand our “Bayesian toolbox” with more general models, and computational techniques to fit them. In particular, we will introduce Markov chain Monte Carlo (MCMC) methods, which allow sampling from posterior distributions that have no analytical solution. We will use the open-source, freely available software R (some experience is assumed, e.g., completing the previous course in R) and JAGS (no experience required). We will learn how to construct, fit, assess, and compare Bayesian statistical models to answer scientific questions involving continuous, binary, and count data. This course combines lecture videos, computer demonstrations, readings, exercises, and discussion boards to create an active learning experience. The lectures provide some of the basic mathematical development, explanations of the statistical modeling process, and a few basic modeling techniques commonly used by statisticians. Computer demonstrations provide concrete, practical walkthroughs. Completion of this course will give you access to a wide range of Bayesian analytical tools, customizable to your data.",Data Science,Probability and Statistics,Course,"Gibbs Sampling,Bayesian Statistics,Bayesian Inference,R Programming,",Matthew Heiner,4.8,456.0,Approx. 29 hours to complete,Coursera,,,,,"['Gibbs Sampling', 'Bayesian Statistics', 'Bayesian Inference', 'R Programming']",Data Science
C0934,Intermediate PostgreSQL,https://www.coursera.org/learn/intermediate-postgresql?specialization=postgresql-for-everybody,"This course covers a wide range of SQL techniques, beyond basic CRUD (Create, Read, Update, and Delete) operations in PostgreSQL. You will learn the specifics of aggregation, transactions, reading and parsing CSV files and inserting data into a database. You’ll also take a look at how PostgreSQL handles and indexes text data.",Computer Science,Software Development,Course,,Charles Russell Severance,4.8,229.0,Approx. 16 hours to complete,Coursera,,,,,[],Web Development
C0935,Linux Cloud and DevOps,https://www.coursera.org/learn/linux-cloud-devops?specialization=linux-for-lfca-certification,"In this course, we look at Cloud, DevOps and the Linux operating system. The course material is a good for anyone preparing for the Linux Foundation Certified IT Associate (LFCA) exam or just interested in learning more about Linux. This course is the fourth course in a series that aims to prepare you for working as an information technology professional.",Computer Science,Software Development,Course,"Virtual Machine,Version Control,Hypervisor,Use Case,",Aspen Olmsted,4.4,67.0,Approx. 12 hours to complete,Coursera,,,,,"['Virtual Machine', 'Version Control', 'Hypervisor', 'Use Case']",Web Development
C0936,Big Data Modeling and Management Systems,https://www.coursera.org/learn/big-data-management?specialization=big-data,"Once you’ve identified a big data issue to analyze, how do you collect, store and organize your data using Big Data solutions?  In this course, you will experience various data genres and management tools appropriate for each.  You will be able to describe the reasons behind the evolving plethora of new big data platforms from the perspective of big data management systems and analytical tools.  Through guided hands-on tutorials, you will become familiar with techniques using real-time and semi-structured data examples.  Systems and tools discussed include: AsterixDB, HP Vertica, Impala, Neo4j, Redis, SparkSQL. This course provides techniques to extract value from existing untapped data sources and discovering new data sources.",Data Science,Data Analysis,Course,"Data Model,Big Data,Data Modeling,Data Management,",Ilkay Altintas,4.4,2961.0,Approx. 13 hours to complete,Coursera,,,,,"['Data Model', 'Big Data', 'Data Modeling', 'Data Management']",Data Science
C0937,Mathematical Thinking in Computer Science,https://www.coursera.org/learn/what-is-a-proof?specialization=discrete-mathematics,"Mathematical thinking is crucial in all areas of computer science: algorithms, bioinformatics, computer graphics, data science, machine learning, etc. In this course, we will learn the most important tools used in discrete mathematics: induction, recursion, logic, invariants, examples, optimality. We will use these tools to answer typical programming questions like: How can we be certain a solution exists? Am I sure my program computes the optimal answer? Do each of these objects meet the given requirements?",Computer Science,Algorithms,Course,"Mathematical Induction,Proof Theory,Discrete Mathematics,Mathematical Logic,",Alexander S. Kulikov,4.4,2122.0,Approx. 41 hours to complete,Coursera,,,,,"['Mathematical Induction', 'Proof Theory', 'Discrete Mathematics', 'Mathematical Logic']",Web Development
C0938,AWS Fundamentals: Building Serverless Applications,https://www.coursera.org/learn/aws-fundamentals-building-serverless-applications?specialization=aws-fundamentals,This course will introduce you to Amazon Web Services (AWS) serverless architecture. Through demonstrations and hands-on exercises you'll learn skills in building and deploying serverless solutions. ,Information Technology,Cloud Computing,Course,"AWS Lambda,Amazon Lex,Amazon API Gateway,serverless architecture,Amazon Dynamodb,",Wes Gruver,4.7,2905.0,Approx. 10 hours to complete,Coursera,,,,,"['AWS Lambda', 'Amazon Lex', 'Amazon API Gateway', 'serverless architecture', 'Amazon Dynamodb']",Data Science
C0939,Computer Vision in Microsoft Azure,https://www.coursera.org/learn/computer-vision-microsoft-azure?specialization=microsoft-azure-ai-900-ai-fundamentals,"In Microsoft Azure, the Computer Vision cognitive service uses pre-trained models to analyze images, enabling software developers to easily build applications""see"" the world and make sense of it. This ability to process images is the key to creating software that can emulate human visual perception. In this course, you'll explore some of these capabilities as you learn how to use the Computer Vision service to analyze images.",Information Technology,Cloud Computing,Course,"Artificial Intelligence (AI),Computer Vision,Microsoft Azure,",Microsoft,4.6,59.0,Approx. 8 hours to complete,Coursera,,,,,"['Artificial Intelligence (AI)', 'Computer Vision', 'Microsoft Azure']",Data Science
C0940,React Native,https://www.coursera.org/learn/react-native-course?specialization=meta-react-native,"React Native is an open-source framework for building cross-platform applications (apps) using React and the platform’s native capabilities. In this course, you will move from the basics of React to a more advanced implementation using React Native. You’ll review a wide range of different React components and ways of styling them. And you’ll get to practice using different mobile methods of interactivity with React Native.",Computer Science,Mobile and Web Development,Course,"React (Javascript Library),React,Application development,Mobile Development,",Taught by Meta Staff,4.8,78.0,Approx. 38 hours to complete,Coursera,,,,,"['React (Javascript Library)', 'React', 'Application development', 'Mobile Development']",Web Development
C0941,Combining and Analyzing Complex Data,https://www.coursera.org/learn/data-collection-analytics-project?specialization=data-collection,"In this course you will learn how to use survey weights to estimate descriptive statistics, like means and totals, and more complicated quantities like model parameters for linear and logistic regressions.  Software capabilities will be covered with R® receiving particular emphasis.  The course will also cover the basics of record linkage and statistical matching—both of which are becoming more important as ways of combining data from different sources.  Combining of datasets raises ethical issues which the course reviews.  Informed consent may have to be obtained from persons to allow their data to be linked. You will learn about differences in the legal requirements in different countries.",Data Science,Data Analysis,Course,,"Richard Valliant, Ph.D.",4.2,56.0,Approx. 9 hours to complete,Coursera,,,,,[],Data Science
C0942,Managing Linux Systems,https://www.coursera.org/learn/managing-linux-systems?specialization=linux-for-lfca-certification,"In this course, we look at how to manage a system with the Linux operating system installed. The course material is a good for anyone preparing for the Linux Foundation Certified IT Associate (LFCA) exam or just interested in learning more about Linux.",Computer Science,Software Development,Course,,Aspen Olmsted,4.5,102.0,Approx. 16 hours to complete,Coursera,,,,,[],Web Development
C0943,Geospatial Analysis Project,https://www.coursera.org/learn/gis-capstone?specialization=gis,"In this project-based course, you will design and execute a complete GIS-based analysis – from identifying a concept, question or issue you wish to develop, all the way to final data products and maps that you can add to your portfolio. Your completed project will demonstrate your mastery of the content in the GIS Specialization and is broken up into four phases:",Data Science,Data Analysis,Course,"Geographic Information System (GIS),Data Analysis,Project,Map Analysis,Project Management,",Nick Santos,4.8,252.0,Approx. 62 hours to complete,Coursera,,,,,"['Geographic Information System (GIS)', 'Data Analysis', 'Project', 'Map Analysis', 'Project Management']",Data Science
C0944,Parallel programming,https://www.coursera.org/learn/scala-parallel-programming?specialization=scala,"With every smartphone and computer now boasting multiple processors, the use of functional ideas to facilitate parallel programming is becoming increasingly widespread. In this course, you'll learn the fundamentals of parallel programming, from task parallelism to data parallelism. In particular, you'll see how many familiar ideas from functional programming map perfectly to to the data parallel paradigm. We'll start the nuts and bolts how to effectively parallelize familiar collections operations, and we'll build up to parallel collections, a production-ready data parallel collections library available in the Scala standard library. Throughout, we'll apply these concepts through several hands-on examples that analyze real-world data, such as popular algorithms like k-means clustering.",Computer Science,Software Development,Course,"Data Structure,Parallel Computing,Data Parallelism,Parallel Algorithm,",Prof. Viktor Kuncak,4.4,1825.0,Approx. 32 hours to complete,Coursera,,,,,"['Data Structure', 'Parallel Computing', 'Data Parallelism', 'Parallel Algorithm']",Web Development
C0945,"Pointers, Arrays, and Recursion",https://www.coursera.org/learn/pointers-arrays-recursion?specialization=c-programming,"The third course in the specialization Introduction to Programming in C introduces the programming constructs pointers, arrays, and recursion. Pointers provide control and flexibility when programming in C by giving you a way to refer to the location of other data. Arrays provide a way to bundle data by guaranteeing sequences of data are grouped together. Finally, recursive functions—functions that call themselves—provide an alternative to iteration that are very useful for implementing certain algorithms.",Computer Science,Software Development,Course,,Andrew D. Hilton,4.4,323.0,Approx. 20 hours to complete,Coursera,,,,,[],Web Development
C0946,Python Data Representations,https://www.coursera.org/learn/python-representation?specialization=introduction-scripting-in-python,"This course will continue the introduction to Python programming that started with Python Programming Essentials.  We'll learn about different data representations, including strings, lists, and tuples, that form the core of all Python programs.  We will also teach you how to access files, which will allow you to store and retrieve data within your programs. These concepts and skills will help you to manipulate data and write more complex Python programs.",Computer Science,Software Development,Course,"Tuple,Python Programming,Debugging,List & Label,",Scott Rixner,4.7,1100.0,Approx. 8 hours to complete,Coursera,,,,,"['Tuple', 'Python Programming', 'Debugging', 'List & Label']",Web Development
C0947,Modernizing Data Lakes and Data Warehouses with GCP 日本語版,https://www.coursera.org/learn/data-lakes-data-warehouses-gcp-jp?specialization=gcp-data-machine-learning-jp,"""すべてのデータ パイプラインには、データレイクとデータ ウェアハウスという 2 つの主要コンポーネントがあります。このコースでは、各ストレージ タイプのユースケースを紹介し、Google Cloud で利用可能なデータレイクとデータ ウェアハウスのソリューションを技術的に詳しく説明します。また、データ エンジニアの役割や、効果的なデータ パイプラインが事業運営にもたらすメリットについて確認し、クラウド環境でデータ エンジニアリングを行うべき理由を説明します。",Information Technology,Cloud Computing,Course,,Google Cloud Training,4.3,46.0,Approx. 7 hours to complete,Coursera,,,,,[],Data Science
C0948,Google Slides,https://www.coursera.org/learn/google-slides?specialization=getting-started-with-google-workspace,"With Google Slides, you can create and present professional presentations for sales, projects, training modules, and much more. ",Information Technology,Cloud Computing,Course,,Google Cloud Training,4.8,109.0,Approx. 3 hours to complete,Coursera,,,,,[],Data Science
C0949,AI Applications in People Management ,https://www.coursera.org/learn/wharton-ai-applications-people-management?specialization=ai-for-business-wharton,"In this course, you will learn about Artificial Intelligence and Machine Learning as it applies to HR Management. You will explore concepts related to the role of data in machine learning, AI application, limitations of using data in HR decisions, and how bias can be mitigated using blockchain technology. Machine learning powers are becoming faster and more streamlined,  and you will gain firsthand knowledge of how to use current and emerging technology to manage the entire employee lifecycle. Through study and analysis, you will learn how to sift through tremendous volumes of data to identify patterns and make predictions that will be in the best interest of your business. By the end of this course, you'll be able to identify how you can incorporate AI to streamline all HR functions and how to work with data to take advantage of the power of machine learning.",Data Science,Machine Learning,Course,,Prasanna Tambe,4.8,33.0,Approx. 9 hours to complete,Coursera,,,,,[],Data Science
C0950,"Dynamic Programming, Greedy Algorithms",https://www.coursera.org/learn/dynamic-programming-greedy-algorithms?specialization=boulder-data-structures-algorithms,"This course covers basic algorithm design techniques such as divide and conquer, dynamic programming, and greedy algorithms. It concludes with a brief introduction to intractability (NP-completeness) and using linear/integer programming solvers for solving optimization problems. We will also cover some advanced topics in data structures.",Computer Science,Algorithms,Course,"Analysis of Algorithms,Algorithm Design,Python Programming,Data Structure Design,Intractability,",Sriram Sankaranarayanan,4.4,49.0,Approx. 37 hours to complete,Coursera,,,,,"['Analysis of Algorithms', 'Algorithm Design', 'Python Programming', 'Data Structure Design', 'Intractability']",Web Development
C0951,IT Infrastructure and Emerging Trends,https://www.coursera.org/learn/it-infrastructure-and-emerging-trends?specialization=information-systems,"Today organizations are either embracing digital technologies to improve their businesses or being disrupted by entrants with such capabilities. Therefore it is important for managers and executives of all organizations to learn about various technologies and apply them in innovative ways. Some of the most important trends in Information Technology are in mobile, cloud, security, and blockchains.",Information Technology,Security,Course,"Management,IT Skills and Knowledge,",Soumya Sen,4.8,395.0,Approx. 8 hours to complete,Coursera,,,,,"['Management', 'IT Skills and Knowledge']",Cybersecurity
C0952,Networking in Google Cloud: Defining and Implementing Networks,https://www.coursera.org/learn/networking-gcp-defining-implementing-networks?specialization=networking-google-cloud-platform,"This self-paced training course gives participants broad study of networking options on Google Cloud. Through recorded lectures, demonstrations, and hands-on labs, participants explore and deploy Google Cloud networking technologies, such as Google Cloud Virtual Private Cloud (VPC) networks, subnets and firewalls. The course also covers access control to networks, sharing networks and load balancing.",Information Technology,Networking,Course,,Google Cloud Training,4.8,1520.0,Approx. 7 hours to complete,Coursera,,,,,[],Cybersecurity
C0953,Building Batch Data Pipelines on Google Cloud,https://www.coursera.org/learn/batch-data-pipelines-gcp?specialization=gcp-data-machine-learning,"Data pipelines typically fall under one of the Extra-Load, Extract-Load-Transform or Extract-Transform-Load paradigms. This course describes which paradigm should be used and when for batch data. Furthermore, this course covers several technologies on Google Cloud for data transformation including BigQuery, executing Spark on Dataproc, pipeline graphs in Cloud Data Fusion and serverless data processing with Dataflow. Learners will get hands-on experience building data pipeline components on Google Cloud using Qwiklabs.",Information Technology,Cloud Computing,Course,,Google Cloud Training,4.5,1608.0,Approx. 17 hours to complete,Coursera,,,,,[],Data Science
C0954,Spring - Ecosystem and Core,https://www.coursera.org/learn/spring-ecosystem-and-core?specialization=spring-framework,"In this course students will learn the why the Spring Framework is one of the dominant Java development Frameworks. the course covers a variety of techniques for Java  Object Dependency Injection using various forms of configuration data i.e. XML, Annotations and Java Configuration Classes with Factory Methods. Configurations will be enhanced with Expression Languages  and Conditional Beans that are  available  based off certain conditions like development environment i.e. test and production. Students will build an extensive application iteratively in a succession of hands on labs.",Computer Science,Software Development,Course,"Spring Framework,Spring Configuration Techniques,Inversion Of Control,Dependency Injection,Junit,",Derek Parsons,3.6,228.0,Approx. 11 hours to complete,Coursera,,,,,"['Spring Framework', 'Spring Configuration Techniques', 'Inversion Of Control', 'Dependency Injection', 'Junit']",Web Development
C0955,Python Project for Data Engineering,https://www.coursera.org/learn/python-project-for-data-engineering?specialization=data-engineering-foundations,"Showcase your skills in Data Engineering with this Python Project! This mini-course is intended to apply foundational Python skills by implementing different techniques to collect and work with data. You will assume the role of a Data Engineer and extract data from multiple file formats, transform it into specific datatypes, and then load it into a single source for analysis. Continue with the course and test your knowledge by implementing webscraping and extracting data with APIs all with the help of multiple hands-on labs.  ",Information Technology,Data Management,Course,"Information Engineering,Python Programming,Jupyter notebooks,Web Scraping,Extract Transform Load (ETL),",Ramesh Sannareddy,4.6,375.0,Approx. 6 hours to complete,Coursera,,,,,"['Information Engineering', 'Python Programming', 'Jupyter notebooks', 'Web Scraping', 'Extract Transform Load (ETL)']",Data Science
C0956,Introduction to Java,https://www.coursera.org/learn/java-introduction?specialization=core-java,"This Course is the first of a series of courses that make up the Core Java Specialization.  The Core Java Specialization, in turn, is part of a series of programming specializations, derived from LearnQuest's private Java Bootcamps, designed to provide the skill set necessary to be hired as an IT developer using Java in many corporate environments.",Computer Science,Software Development,Course,"Java Database Connectivity (JDBC),Java Class Library,Java Programming,Object-Oriented Programming (OOP),Computer Programming,",Noel J. Bergman,4.6,1463.0,Approx. 11 hours to complete,Coursera,,,,,"['Java Database Connectivity (JDBC)', 'Java Class Library', 'Java Programming', 'Object-Oriented Programming (OOP)', 'Computer Programming']",Web Development
C0957,Prototyping and Design,https://www.coursera.org/learn/prototyping-design?specialization=user-interface-design,"In this course you will learn how to design and prototype user interfaces to address the users and tasks identified in user research.  Through a series of lectures and exercises, you will learn and practice paper- and other low-fidelity prototyping techniques; you will learn and apply principles from graphic design, including design patterns; you will learn to write a design rationale; and you will learn how to design for specific populations and situations, including principles and practices of accessible design.",Computer Science,Design and Product,Course,,Loren Terveen,4.6,369.0,Approx. 10 hours to complete,Coursera,,,,,[],Web Development
C0958,Java Programming: Principles of Software Design,https://www.coursera.org/learn/java-programming-design-principles?specialization=java-programming,"Solve real world problems with Java using multiple classes. Learn how to create programming solutions that scale using Java interfaces. Recognize that software engineering is more than writing code - it also involves logical thinking and design. By the end of this course you will have written a program that analyzes and sorts earthquake data, and developed a predictive text generator.",Computer Science,Software Development,Course,"Programming Principles,Interfaces,Software Design,Java Programming,",Robert Duvall,4.6,1456.0,Approx. 12 hours to complete,Coursera,,,,,"['Programming Principles', 'Interfaces', 'Software Design', 'Java Programming']",Web Development
C0959,"JavaScript, jQuery, and JSON",https://www.coursera.org/learn/javascript-jquery-json?specialization=web-applications,"In this course, we'll look at the JavaScript language, and how it supports the Object-Oriented pattern, with a focus on the unique aspect of how JavaScript approaches OO. We'll explore a brief introduction to the jQuery library, which is widely used to do in-browser manipulation of the Document Object Model (DOM) and event handling. You'll also learn more about JavaScript Object Notation (JSON), which is commonly used as a syntax to exchange data between code running on the server (i.e. in PHP) and code running in the browser (JavaScript/jQuery).",Computer Science,Mobile and Web Development,Course,"Hypertext Preprocessor (PHP),Jquery,JavaScript,",Charles Russell Severance,4.6,780.0,Approx. 26 hours to complete,Coursera,,,,,"['Hypertext Preprocessor (PHP)', 'Jquery', 'JavaScript']",Web Development
C0960,Analyzing Big Data with SQL,https://www.coursera.org/learn/cloudera-big-data-analysis-sql-queries?specialization=cloudera-big-data-analysis-sql,"In this course, you'll get an in-depth look at the SQL SELECT statement and its main clauses. The course focuses on big data SQL engines Apache Hive and Apache Impala, but most of the information is applicable to SQL with traditional RDBMs as well; the instructor explicitly addresses differences for MySQL and PostgreSQL.",Data Science,Data Analysis,Course,"Apache Hive,Apache Impala,Data Analysis,Big Data,SQL,",Ian Cook,4.9,511.0,Approx. 17 hours to complete,Coursera,,,,,"['Apache Hive', 'Apache Impala', 'Data Analysis', 'Big Data', 'SQL']",Data Science
C0961,Microsoft Azure Management Tools and Security Solutions,https://www.coursera.org/learn/microsoft-azure-management-security?specialization=microsoft-azure-fundamentals-az-900,"Microsoft Azure offers a wide range of services to deploy your applications. To keep control of your environment and to make deployments easier, it also offers a wide array of management tools and services. In this course, you will be introduced to these tools and services and you will be asked to help choose the best one for a given business scenario. ",Information Technology,Cloud Computing,Course,"Cloud Computing Security,Artificial Intelligence (AI),Microsoft Azure,Internet Of Things (IOT),",Microsoft,4.7,368.0,Approx. 8 hours to complete,Coursera,,,,,"['Cloud Computing Security', 'Artificial Intelligence (AI)', 'Microsoft Azure', 'Internet Of Things (IOT)']",Data Science
C0962,Blockchain in Financial Services: Strategic Action Plan,https://www.coursera.org/learn/blockchain-strategic-action-plan?specialization=blockchain-financial-services,"In this fourth and final course of the specialization, you will synthesize your learning into a Strategic Action Plan. The goals of this course are twofold: One, it’s for you to identify a specific need or problem within the financial services industry that can potentially be solved using blockchain technology. Two, it’s for you to investigate possible solutions to this problem, and to develop a strategic plan for how these solutions might be executed. You will accomplish different project milestones each week, and will be introduced to several tools to organize your findings. Throughout this process, you will hear from real-world practitioners who have hands-on experience in the blockchain ecosystem. Additionally, by participating in this course you will gain access to our Blockchain Case Commons—a crowdsourced collection of blockchain applications and use-cases spanning multiple industries. As an outcome of this course, you will walk away with a consolidated, peer-reviewed Strategic Action Plan, which you can use to pitch your idea to your organization and/or potential investors.",Computer Science,Computer Security and Networks,Course,,Don Tapscott,4.4,58.0,Approx. 14 hours to complete,Coursera,,,,,[],Cybersecurity
C0963,Social Network Analysis,https://www.coursera.org/learn/social-network-analysis?specialization=computational-social-science-ucdavis,"This course is designed to quite literally ‘make a science’ out of something at the heart of society: social networks. Humans are natural network scientists, as we compute new network configurations all the time, almost unaware, when thinking about friends and family (which are particular forms of social networks), about colleagues and organizational relations (other, overlapping network structures), and about how to navigate delicate or opportunistic network configurations to save guard or advance in our social standing (with society being one big social network itself). While such network structures always existed, computational social science has helped to reveal and to study them more systematically. In the first part of the course we focus on network structure. This looks as static snapshots of networks, which can be intricate and reveal important aspects of social systems. In our hands-on lab, you will also visualize and analyze a network with a software yourself, which will help to appreciate the complexity social networks can take on. During the second part of the course, we will look at how networks evolve in time. We ask how we can predict what kind of network will form and if and how we could influence network dynamics.",Data Science,Data Analysis,Course,,Martin Hilbert,4.7,199.0,Approx. 10 hours to complete,Coursera,,,,,[],Data Science
C0964,"Android App Components - Services, Local IPC, and Content Providers",https://www.coursera.org/learn/androidapps-2?specialization=android-app-development,"This 4 week MOOC builds upon the core Android app components and concurrency frameworks covered in Course 2 by focusing on started and bound services, local inter-process communication (IPC), and content providers. Case study apps will be examined from multiple perspectives to learn how to program these app components using Android's material design paradigm. Students will work incrementally on a hands-on project involving a material design-based RSS reader app. Each week you will add additional capabilities to the project, based on material covered in the lecture videos. You'll spend roughly 4 hours per week watching video lectures, taking quizzes, and programming assignments with Java and Android.",Computer Science,Mobile and Web Development,Course,,Dr. Douglas C. Schmidt,4.3,392.0,Approx. 13 hours to complete,Coursera,,,,,[],Web Development
C0965,Bioconductor for Genomic Data Science,https://www.coursera.org/learn/bioconductor?specialization=genomic-data-science,Learn to use tools from the Bioconductor project to perform analysis of genomic data. This is the fifth course in the Genomic Big Data Specialization from Johns Hopkins University.,Data Science,Data Analysis,Course,"Bioinformatics,Bioconductor,Genomics,R Programming,","Kasper Daniel Hansen, PhD",3.9,340.0,Approx. 8 hours to complete,Coursera,,,,,"['Bioinformatics', 'Bioconductor', 'Genomics', 'R Programming']",Data Science
C0966,Bayesian Statistics: Capstone Project,https://www.coursera.org/learn/bayesian-statistics-capstone?specialization=bayesian-statistics,"This is the capstone project for UC Santa Cruz's Bayesian Statistics Specialization. It is an opportunity for you to demonstrate a wide range of skills and knowledge in Bayesian statistics and to apply what you know to real-world data. You will review essential concepts in Bayesian statistics with lecture videos and quizzes, and you will perform a complex data analysis and compose a report on your methods and results.",Data Science,Data Analysis,Course,,Jizhou Kang,,,Approx. 11 hours to complete,Coursera,,,,,[],Data Science
C0967,Creatividad computacional,https://www.coursera.org/learn/creatividad-computacional?specialization=inteligencia-artificial,"¿Qué es la creatividad? ¿Pueden ser creativas las computadoras? ¿Cómo, cuándo y con qué objetivo surgió esta nueva área de investigación? ¿Hasta dónde hemos llegado en la creación de sistemas “creativos” y qué teorías, metodologías y técnicas podemos usar para programar y evaluar este tipo de sistemas en generación de narrativas, música, descubrimiento científico, artes visuales, etcétera?",Computer Science,Algorithms,Course,,Dra. Wendy Elizabeth Aguilar Martínez,,,Approx. 19 hours to complete,Coursera,,,,,[],Web Development
C0968,The Raspberry Pi Platform and Python Programming for the Raspberry Pi,https://www.coursera.org/learn/raspberry-pi-platform?specialization=iot,"The Raspberry Pi is a small, affordable single-board computer that you will use to design and develop fun and practical IoT devices while learning programming and computer hardware. In addition, you will learn how to set up up the Raspberry Pi environment, get a Linux operating system running, and write and execute some basic Python code on the Raspberry Pi. You will also learn how to use Python-based IDE (integrated development environments) for the Raspberry Pi and how to trace and debug Python code on the device. Please note that this course does not include discussion forums.",Computer Science,Software Development,Course,"Computer Programming,Python Programming,Internet Of Things (IOT),Raspberry Pi,",Ian Harris,4.7,2689.0,Approx. 11 hours to complete,Coursera,,,,,"['Computer Programming', 'Python Programming', 'Internet Of Things (IOT)', 'Raspberry Pi']",Web Development
C0969,Inspiring Peak Performance on Technical Teams,https://www.coursera.org/learn/real-world-engineering-management-2?specialization=real-world-engineering-management,Sponsored by AMAZON WEB SERVICES (AWS). ,Computer Science,Software Development,Course,"People Management,Business Strategy,Cloud Engineering,Software Engineering,Program Management,",Nancy Wang,,,Approx. 5 hours to complete,Coursera,,,,,"['People Management', 'Business Strategy', 'Cloud Engineering', 'Software Engineering', 'Program Management']",Web Development
C0970,Building Database Applications in PHP,https://www.coursera.org/learn/database-applications-php?specialization=web-applications,"In this course, we'll look at the object oriented patterns available in PHP. You'll learn how to connect to a MySQL using the Portable Data Objects (PDO) library and issue SQL commands in the the PHP language. We'll also look at how PHP uses cookies and manages session data. You'll learn how PHP avoids double posting data, how flash messages are implemented, and how to use a session to log in users in web applications. We'll then build the first 'complete' application that has multiple screens to Create, Read, Update and Delete (CRUD) our data. This brings all the previous concepts together and will form the basis for all later web applications.  It is assumed that learners have already taken the Building Web Applications course in this specialization.",Computer Science,Mobile and Web Development,Course,"Hypertext Preprocessor (PHP),Create, Read, Update And Delete,MySQL,",Charles Russell Severance,4.9,1031.0,Approx. 24 hours to complete,Coursera,,,,,"['Hypertext Preprocessor (PHP)', 'Create', 'Read', 'Update And Delete', 'MySQL']",Web Development
C0971,Security Operations,https://www.coursera.org/learn/security-operations?specialization=certified-in-cybersecurity,"Welcome to course 5 of 5 of this Specialization, Security Operations.",Information Technology,Security,Course,"Asset,Cryptography,Data Security,security,",(ISC)² Education & Training,4.2,14.0,Approx. 8 hours to complete,Coursera,,,,,"['Asset', 'Cryptography', 'Data Security', 'security']",Cybersecurity
C0972,Python Programming Essentials,https://www.coursera.org/learn/python-programming?specialization=introduction-scripting-in-python,"This course will introduce you to the wonderful world of Python programming!  We'll learn about the essential elements of programming and how to construct basic Python programs. We will cover expressions, variables, functions, logic, and conditionals, which are foundational concepts in computer programming. We will also teach you how to use Python modules, which enable you to benefit from the vast array of functionality that is already a part of the Python language. These concepts and skills will help you to begin to think like a computer programmer and to understand how to go about writing Python programs.",Computer Science,Software Development,Course,"Codeskulptor,Python Syntax And Semantics,Python Programming,Debugging,",Scott Rixner,4.8,3340.0,Approx. 9 hours to complete,Coursera,,,,,"['Codeskulptor', 'Python Syntax And Semantics', 'Python Programming', 'Debugging']",Web Development
C0973,Advanced Deployment Scenarios with TensorFlow,https://www.coursera.org/learn/advanced-deployment-scenarios-tensorflow?specialization=tensorflow-data-and-deployment,Bringing a machine learning model into the real world involves a lot more than just modeling. This Specialization will teach you how to navigate various deployment scenarios and use data more effectively to train your model.,Computer Science,Software Development,Course,"TensorFlow Serving,Machine Learning,federated learning,TensorFlow Hub,TensorBoard,",Laurence Moroney,4.8,443.0,Approx. 13 hours to complete,Coursera,,,,,"['TensorFlow Serving', 'Machine Learning', 'federated learning', 'TensorFlow Hub', 'TensorBoard']",Web Development
C0974,Linear Regression and Modeling ,https://www.coursera.org/learn/linear-regression-model?specialization=statistics,"This course introduces simple and multiple linear regression models. These models allow you to assess the relationship between variables in a data set and a continuous response variable. Is there a relationship between the physical attractiveness of a professor and their student evaluation scores? Can we predict the test score for a child based on certain characteristics of his or her mother? In this course, you will learn the fundamental theory behind linear regression and, through data examples, learn to fit, examine, and utilize regression models to examine relationships between multiple variables, using the free statistical software R and RStudio.",Data Science,Data Analysis,Course,"Statistics,Linear Regression,R Programming,Regression Analysis,",Mine Çetinkaya-Rundel,4.8,1643.0,Approx. 10 hours to complete,Coursera,,,,,"['Statistics', 'Linear Regression', 'R Programming', 'Regression Analysis']",Data Science
C0975,"Foundations of Sports Analytics: Data, Representation, and Models in Sports",https://www.coursera.org/learn/foundations-sports-analytics?specialization=sports-analytics,"This course provides an introduction to using Python to analyze team performance in sports. Learners will discover a variety of techniques that can be used to represent sports data and how to extract narratives based on these analytical techniques. The main focus of the introduction will be on the use of regression analysis to analyze team and player performance data, using examples drawn from the National Football League (NFL), the National Basketball Association (NBA), the National Hockey League (NHL), the English Premier LEague (EPL, soccer) and the Indian Premier League (IPL, cricket). ",Data Science,Data Analysis,Course,,Wenche Wang,4.4,133.0,Approx. 49 hours to complete,Coursera,,,,,[],Data Science
C0976,Introduction to Automated Analysis,https://www.coursera.org/learn/automated-analysis?specialization=software-testing-automation,"This course introduces state-of-the-art techniques for automated analysis.  Automated analysis encompasses both approaches to automatically generate a very large number of tests to check whether programs meet requirements, and also means by which it is possible to *prove* that software meets requirements and that it is free from certain commonly-occurring defects, such as divide-by-zero, overflow/underflow, deadlock, race-condition freedom, buffer/array overflow, uncaught exceptions, and several other commonly-occurring bugs that can lead to program failures or security problems.  The learner will become familiar with the fundamental theory and applications of such approaches, and apply a variety of automated analysis techniques on example programs.",Computer Science,Software Development,Course,"Software Testing,Formal Verification,Test Automation,",Mike,4.2,58.0,Approx. 19 hours to complete,Coursera,,,,,"['Software Testing', 'Formal Verification', 'Test Automation']",Web Development
C0977,Assessment for Data Analysis and Visualization Foundations,https://www.coursera.org/learn/data-analysis-visualization-foundations-assessment?specialization=data-analysis-visualization-foundations,"This is the final course in the Data Analysis and Visualization Foundations Specialization. It contains a graded final examination covering content from three courses: Introduction to Data Analytics, Excel Basics for Data Analysis, and Data Visualization and Dashboards with Excel and Cognos.  ",Data Science,Data Analysis,Course,,Skills Network,4.4,119.0,Approx. 1 hour to complete,Coursera,,,,,[],Data Science
C0978,"Incident Response, BC, and DR Concepts",https://www.coursera.org/learn/incident-response-bc-and-dr-concepts?specialization=certified-in-cybersecurity,"Welcome to course 2 of 5 of this Specialization, Incident Response, BC, and DR Concepts.",Information Technology,Security,Course,"Computer Security Incident Management,Business Continuity,Disaster Recovery,",(ISC)² Education & Training,4.7,16.0,Approx. 2 hours to complete,Coursera,,,,,"['Computer Security Incident Management', 'Business Continuity', 'Disaster Recovery']",Cybersecurity
C0979,JavaScript Basics,https://www.coursera.org/learn/javascript-basics?specialization=javascript-beginner,This course introduces the programming language JavaScript and shows the websites that include the type of interactions students will eventually be able to develop.  Learners will understand the importance of how JavaScript was developed and why such history impacts the way JavaScript is currently written and in future releases.  ,Computer Science,Mobile and Web Development,Course,,William Mead,4.7,723.0,Approx. 20 hours to complete,Coursera,,,,,[],Web Development
