course_title,course_organization,course_Certificate_type,course_rating,course_difficulty,course_students_enrolled,text_profile
(ISC)² Systems Security Certified Practitioner (SSCP),(ISC)²,SPECIALIZATION,4.7,Beginner,5.3k,"(ISC)² Systems Security Certified Practitioner (SSCP) by (ISC)², Beginner level, SPECIALIZATION"
A Crash Course in Causality:  Inferring Causal Effects from Observational Data,University of Pennsylvania,COURSE,4.7,Intermediate,17k,"A Crash Course in Causality:  Inferring Causal Effects from Observational Data by University of Pennsylvania, Intermediate level, COURSE"
A Crash Course in Data Science,Johns Hopkins University,COURSE,4.5,Mixed,130k,"A Crash Course in Data Science by Johns Hopkins University, Mixed level, COURSE"
A Law Student's Toolkit,Yale University,COURSE,4.7,Mixed,91k,"A Law Student's Toolkit by Yale University, Mixed level, COURSE"
A Life of Happiness and Fulfillment,Indian School of Business,COURSE,4.8,Mixed,320k,"A Life of Happiness and Fulfillment by Indian School of Business, Mixed level, COURSE"
ADHD: Everyday Strategies for Elementary Students,University at Buffalo,COURSE,4.7,Beginner,39k,"ADHD: Everyday Strategies for Elementary Students by University at Buffalo, Beginner level, COURSE"
AI For Everyone,deeplearning.ai,COURSE,4.8,Beginner,350k,"AI For Everyone by deeplearning.ai, Beginner level, COURSE"
AI For Medical Treatment,deeplearning.ai,COURSE,4.8,Intermediate,2.4k,"AI For Medical Treatment by deeplearning.ai, Intermediate level, COURSE"
AI Foundations for Everyone,IBM,SPECIALIZATION,4.7,Beginner,61k,"AI Foundations for Everyone by IBM, Beginner level, SPECIALIZATION"
AI for Medical Diagnosis,deeplearning.ai,COURSE,4.7,Intermediate,12k,"AI for Medical Diagnosis by deeplearning.ai, Intermediate level, COURSE"
AI for Medical Prognosis,deeplearning.ai,COURSE,4.6,Intermediate,4k,"AI for Medical Prognosis by deeplearning.ai, Intermediate level, COURSE"
AI for Medicine,deeplearning.ai,SPECIALIZATION,4.7,Intermediate,13k,"AI for Medicine by deeplearning.ai, Intermediate level, SPECIALIZATION"
AWS Fundamentals,Amazon Web Services,SPECIALIZATION,4.6,Beginner,130k,"AWS Fundamentals by Amazon Web Services, Beginner level, SPECIALIZATION"
AWS Fundamentals: Addressing Security Risk,Amazon Web Services,COURSE,4.3,Beginner,11k,"AWS Fundamentals: Addressing Security Risk by Amazon Web Services, Beginner level, COURSE"
AWS Fundamentals: Building Serverless Applications,Amazon Web Services,COURSE,4.7,Beginner,27k,"AWS Fundamentals: Building Serverless Applications by Amazon Web Services, Beginner level, COURSE"
AWS Fundamentals: Going Cloud-Native,Amazon Web Services,COURSE,4.7,Beginner,110k,"AWS Fundamentals: Going Cloud-Native by Amazon Web Services, Beginner level, COURSE"
AWS Fundamentals: Migrating to the Cloud,Amazon Web Services,COURSE,4.5,Intermediate,13k,"AWS Fundamentals: Migrating to the Cloud by Amazon Web Services, Intermediate level, COURSE"
Aboriginal Worldviews and Education,University of Toronto,COURSE,4.7,Mixed,6.6k,"Aboriginal Worldviews and Education by University of Toronto, Mixed level, COURSE"
Academic English: Writing,"University of California, Irvine",SPECIALIZATION,4.7,Beginner,540k,"Academic English: Writing by University of California, Irvine, Beginner level, SPECIALIZATION"
Accelerated Computer Science Fundamentals,University of Illinois at Urbana-Champaign,SPECIALIZATION,4.7,Intermediate,22k,"Accelerated Computer Science Fundamentals by University of Illinois at Urbana-Champaign, Intermediate level, SPECIALIZATION"
Access Controls,(ISC)²,COURSE,4.6,Beginner,2.9k,"Access Controls by (ISC)², Beginner level, COURSE"
Accounting Analytics,University of Pennsylvania,COURSE,4.5,Mixed,80k,"Accounting Analytics by University of Pennsylvania, Mixed level, COURSE"
Accounting for Decision Making,University of Michigan,COURSE,4.8,Intermediate,9.9k,"Accounting for Decision Making by University of Michigan, Intermediate level, COURSE"
Achieving Personal and Professional Success,University of Pennsylvania,SPECIALIZATION,4.7,Beginner,110k,"Achieving Personal and Professional Success by University of Pennsylvania, Beginner level, SPECIALIZATION"
Actualización en el manejo del paciente con diabetes mellitus tipo 2,Universidad Nacional Autónoma de México,COURSE,4.8,Mixed,23k,"Actualización en el manejo del paciente con diabetes mellitus tipo 2 by Universidad Nacional Autónoma de México, Mixed level, COURSE"
Addiction Treatment: Clinical Skills for Healthcare Providers,Yale University,COURSE,4.8,Beginner,9.2k,"Addiction Treatment: Clinical Skills for Healthcare Providers by Yale University, Beginner level, COURSE"
Advanced Business Analytics,University of Colorado Boulder,SPECIALIZATION,4.5,Intermediate,78k,"Advanced Business Analytics by University of Colorado Boulder, Intermediate level, SPECIALIZATION"
Advanced Data Science with IBM,IBM,SPECIALIZATION,4.4,Advanced,320k,"Advanced Data Science with IBM by IBM, Advanced level, SPECIALIZATION"
Advanced Machine Learning,National Research University Higher School of Economics,SPECIALIZATION,4.5,Advanced,190k,"Advanced Machine Learning by National Research University Higher School of Economics, Advanced level, SPECIALIZATION"
Advanced Machine Learning with TensorFlow on Google Cloud Platform,Google Cloud,SPECIALIZATION,4.5,Advanced,35k,"Advanced Machine Learning with TensorFlow on Google Cloud Platform by Google Cloud, Advanced level, SPECIALIZATION"
"Advanced Valuation and Strategy - M&A, Private Equity, and Venture Capital",Erasmus University Rotterdam,COURSE,4.7,Advanced,29k,"Advanced Valuation and Strategy - M&A, Private Equity, and Venture Capital by Erasmus University Rotterdam, Advanced level, COURSE"
Advertising and Society,Duke University,COURSE,4.8,Mixed,14k,"Advertising and Society by Duke University, Mixed level, COURSE"
Age of Cathedrals,Yale University,COURSE,4.7,Beginner,21k,"Age of Cathedrals by Yale University, Beginner level, COURSE"
Agile Development,University of Virginia,SPECIALIZATION,4.7,Beginner,94k,"Agile Development by University of Virginia, Beginner level, SPECIALIZATION"
Agile Meets Design Thinking,University of Virginia,COURSE,4.7,Beginner,69k,"Agile Meets Design Thinking by University of Virginia, Beginner level, COURSE"
Agile with Atlassian Jira,Atlassian,COURSE,4.7,Beginner,40k,"Agile with Atlassian Jira by Atlassian, Beginner level, COURSE"
Agile и Scrum в работе над проектами и продуктами,ScrumTrek,COURSE,4.9,Beginner,12k,"Agile и Scrum в работе над проектами и продуктами by ScrumTrek, Beginner level, COURSE"
Algorithmic Toolbox,University of California San Diego,COURSE,4.7,Intermediate,220k,"Algorithmic Toolbox by University of California San Diego, Intermediate level, COURSE"
Algorithms,Stanford University,SPECIALIZATION,4.8,Intermediate,150k,"Algorithms by Stanford University, Intermediate level, SPECIALIZATION"
Algorithms for Battery Management Systems,University of Colorado System,SPECIALIZATION,4.8,Intermediate,14k,"Algorithms for Battery Management Systems by University of Colorado System, Intermediate level, SPECIALIZATION"
American Contract Law I,Yale University,COURSE,4.9,Beginner,18k,"American Contract Law I by Yale University, Beginner level, COURSE"
An Introduction to American Law,University of Pennsylvania,COURSE,4.8,Beginner,23k,"An Introduction to American Law by University of Pennsylvania, Beginner level, COURSE"
An Introduction to Consumer Neuroscience & Neuromarketing,Copenhagen Business School,COURSE,4.7,Beginner,69k,"An Introduction to Consumer Neuroscience & Neuromarketing by Copenhagen Business School, Beginner level, COURSE"
An Introduction to Programming the Internet of Things (IOT),"University of California, Irvine",SPECIALIZATION,4.6,Beginner,270k,"An Introduction to Programming the Internet of Things (IOT) by University of California, Irvine, Beginner level, SPECIALIZATION"
Analysing: Numeric and digital literacies,Macquarie University,SPECIALIZATION,4.6,Beginner,7.9k,"Analysing: Numeric and digital literacies by Macquarie University, Beginner level, SPECIALIZATION"
Anatomy,University of Michigan,SPECIALIZATION,4.8,Beginner,30k,"Anatomy by University of Michigan, Beginner level, SPECIALIZATION"
"Anatomy of the Chest, Abdomen, and Pelvis",Yale University,COURSE,4.8,Intermediate,36k,"Anatomy of the Chest, Abdomen, and Pelvis by Yale University, Intermediate level, COURSE"
Anatomy: Musculoskeletal and Integumentary Systems,University of Michigan,COURSE,4.8,Beginner,20k,"Anatomy: Musculoskeletal and Integumentary Systems by University of Michigan, Beginner level, COURSE"
Ancient Philosophy: Aristotle and His Successors,University of Pennsylvania,COURSE,4.8,Mixed,8.1k,"Ancient Philosophy: Aristotle and His Successors by University of Pennsylvania, Mixed level, COURSE"
Android App Development,Vanderbilt University,SPECIALIZATION,4.5,Beginner,120k,"Android App Development by Vanderbilt University, Beginner level, SPECIALIZATION"
Animal Behaviour and Welfare,The University of Edinburgh,COURSE,4.8,Mixed,71k,"Animal Behaviour and Welfare by The University of Edinburgh, Mixed level, COURSE"
Antibiotic Stewardship,Stanford University,COURSE,4.5,Advanced,11k,"Antibiotic Stewardship by Stanford University, Advanced level, COURSE"
Anticorrupción: Introducción a conceptos y perspectiva práctica,Universidad Nacional Autónoma de México,COURSE,4.8,Beginner,11k,"Anticorrupción: Introducción a conceptos y perspectiva práctica by Universidad Nacional Autónoma de México, Beginner level, COURSE"
Antimicrobial resistance - theory and methods,Technical University of Denmark (DTU),COURSE,4.6,Intermediate,63k,"Antimicrobial resistance - theory and methods by Technical University of Denmark (DTU), Intermediate level, COURSE"
Applied Data Science,IBM,SPECIALIZATION,4.6,Beginner,220k,"Applied Data Science by IBM, Beginner level, SPECIALIZATION"
Applied Data Science Capstone,IBM,COURSE,4.7,Intermediate,42k,"Applied Data Science Capstone by IBM, Intermediate level, COURSE"
Applied Data Science with Python,University of Michigan,SPECIALIZATION,4.5,Intermediate,480k,"Applied Data Science with Python by University of Michigan, Intermediate level, SPECIALIZATION"
Applied Machine Learning in Python,University of Michigan,COURSE,4.6,Intermediate,150k,"Applied Machine Learning in Python by University of Michigan, Intermediate level, COURSE"
"Applied Plotting, Charting & Data Representation in Python",University of Michigan,COURSE,4.6,Intermediate,97k,"Applied Plotting, Charting & Data Representation in Python by University of Michigan, Intermediate level, COURSE"
Aprende a programar con Python,Universidad Austral,SPECIALIZATION,4.2,Beginner,6.6k,"Aprende a programar con Python by Universidad Austral, Beginner level, SPECIALIZATION"
Aprender,Universidad Nacional Autónoma de México,COURSE,4.8,Mixed,200k,"Aprender by Universidad Nacional Autónoma de México, Mixed level, COURSE"
Aprendiendo a aprender: Poderosas herramientas mentales con las que podrás dominar temas difíciles (Learning How to Learn),University of California San Diego,COURSE,4.9,Beginner,180k,"Aprendiendo a aprender: Poderosas herramientas mentales con las que podrás dominar temas difíciles (Learning How to Learn) by University of California San Diego, Beginner level, COURSE"
Architecting with Google Cloud Platform 日本語版,Google Cloud,SPECIALIZATION,4.5,Intermediate,4.2k,"Architecting with Google Cloud Platform 日本語版 by Google Cloud, Intermediate level, SPECIALIZATION"
Architecting with Google Compute Engine,Google Cloud,SPECIALIZATION,4.7,Intermediate,310k,"Architecting with Google Compute Engine by Google Cloud, Intermediate level, SPECIALIZATION"
Architecting with Google Kubernetes Engine 日本語版,Google Cloud,SPECIALIZATION,4.5,Beginner,3.9k,"Architecting with Google Kubernetes Engine 日本語版 by Google Cloud, Beginner level, SPECIALIZATION"
Arizona State University TESOL,Arizona State University,PROFESSIONAL CERTIFICATE,4.9,Beginner,150k,"Arizona State University TESOL by Arizona State University, Beginner level, PROFESSIONAL CERTIFICATE"
Art & Activity: Interactive Strategies for Engaging with Art,The Museum of Modern Art,COURSE,4.8,Mixed,79k,"Art & Activity: Interactive Strategies for Engaging with Art by The Museum of Modern Art, Mixed level, COURSE"
Art & Ideas: Teaching with Themes,The Museum of Modern Art,COURSE,4.8,Mixed,31k,"Art & Ideas: Teaching with Themes by The Museum of Modern Art, Mixed level, COURSE"
Arts and Culture Strategy,National Arts Strategies,COURSE,4.6,Mixed,15k,"Arts and Culture Strategy by National Arts Strategies, Mixed level, COURSE"
Arts and Heritage Management,Università Bocconi,COURSE,4.8,Mixed,15k,"Arts and Heritage Management by Università Bocconi, Mixed level, COURSE"
Aspectos básicos de la planificación y la gestión de proyectos,University of Virginia,COURSE,4.9,Beginner,10k,"Aspectos básicos de la planificación y la gestión de proyectos by University of Virginia, Beginner level, COURSE"
Astrobiology and the Search for Extraterrestrial Life,The University of Edinburgh,COURSE,4.7,Mixed,66k,"Astrobiology and the Search for Extraterrestrial Life by The University of Edinburgh, Mixed level, COURSE"
Atención Primaria en Salud: El desafío de las Enfermedades no Transmisibles,Pontificia Universidad Católica de Chile,COURSE,4.8,Intermediate,33k,"Atención Primaria en Salud: El desafío de las Enfermedades no Transmisibles by Pontificia Universidad Católica de Chile, Intermediate level, COURSE"
Autism Spectrum Disorder,"University of California, Davis",COURSE,4.6,Mixed,56k,"Autism Spectrum Disorder by University of California, Davis, Mixed level, COURSE"
Autodesk CAD/CAM for Manufacturing,Autodesk,SPECIALIZATION,4.8,Intermediate,7.3k,"Autodesk CAD/CAM for Manufacturing by Autodesk, Intermediate level, SPECIALIZATION"
Autodesk CAD/CAM/CAE for Mechanical Engineering,Autodesk,SPECIALIZATION,4.8,Intermediate,9.2k,"Autodesk CAD/CAM/CAE for Mechanical Engineering by Autodesk, Intermediate level, SPECIALIZATION"
Autodesk Certified Professional: AutoCAD for Design and Drafting Exam Prep,Autodesk,COURSE,4.7,Advanced,22k,"Autodesk Certified Professional: AutoCAD for Design and Drafting Exam Prep by Autodesk, Advanced level, COURSE"
Autodesk Certified Professional: Revit for Architectural Design Exam Prep,Autodesk,COURSE,4.7,Advanced,9.7k,"Autodesk Certified Professional: Revit for Architectural Design Exam Prep by Autodesk, Advanced level, COURSE"
BIM Fundamentals for Engineers,National Taiwan University,COURSE,4.6,Beginner,13k,"BIM Fundamentals for Engineers by National Taiwan University, Beginner level, COURSE"
Basic Statistics,University of Amsterdam,COURSE,4.6,Beginner,180k,"Basic Statistics by University of Amsterdam, Beginner level, COURSE"
Bayesian Statistics: From Concept to Data Analysis,"University of California, Santa Cruz",COURSE,4.8,Intermediate,91k,"Bayesian Statistics: From Concept to Data Analysis by University of California, Santa Cruz, Intermediate level, COURSE"
Bayesian Statistics: Techniques and Models,"University of California, Santa Cruz",COURSE,4.8,Intermediate,29k,"Bayesian Statistics: Techniques and Models by University of California, Santa Cruz, Intermediate level, COURSE"
Become a CBRS Certified Professional Installer by Google,Google - Spectrum Sharing,COURSE,4.9,Mixed,210k,"Become a CBRS Certified Professional Installer by Google by Google - Spectrum Sharing, Mixed level, COURSE"
Become a Journalist: Report the News!,Michigan State University,SPECIALIZATION,4.7,Beginner,28k,"Become a Journalist: Report the News! by Michigan State University, Beginner level, SPECIALIZATION"
Become a Sustainable Business Change Agent,University of Colorado System,SPECIALIZATION,4.7,Intermediate,4.2k,"Become a Sustainable Business Change Agent by University of Colorado System, Intermediate level, SPECIALIZATION"
Becoming a Sports Agent,Case Western Reserve University,COURSE,4.7,Beginner,6.5k,"Becoming a Sports Agent by Case Western Reserve University, Beginner level, COURSE"
Becoming a changemaker: Introduction to Social Innovation,University of Cape Town,COURSE,4.8,Beginner,61k,"Becoming a changemaker: Introduction to Social Innovation by University of Cape Town, Beginner level, COURSE"
Behavioral Finance,Duke University,COURSE,4.4,Mixed,55k,"Behavioral Finance by Duke University, Mixed level, COURSE"
Beyond the Sustainable Development Goals (SDGs): Addressing Sustainability and Development,University of Michigan,COURSE,4.6,Mixed,2.3k,"Beyond the Sustainable Development Goals (SDGs): Addressing Sustainability and Development by University of Michigan, Mixed level, COURSE"
Big Data – Introducción al uso práctico de datos masivos,Universitat Autònoma de Barcelona,SPECIALIZATION,4.5,Beginner,8.8k,"Big Data – Introducción al uso práctico de datos masivos by Universitat Autònoma de Barcelona, Beginner level, SPECIALIZATION"
Biohacking Your Brain's Health,Emory University,COURSE,4.6,Beginner,35k,"Biohacking Your Brain's Health by Emory University, Beginner level, COURSE"
Biology Meets Programming: Bioinformatics for Beginners,University of California San Diego,COURSE,4.4,Beginner,88k,"Biology Meets Programming: Bioinformatics for Beginners by University of California San Diego, Beginner level, COURSE"
Biostatistics in Public Health,Johns Hopkins University,SPECIALIZATION,4.8,Beginner,14k,"Biostatistics in Public Health by Johns Hopkins University, Beginner level, SPECIALIZATION"
Blended Language Learning: Design and Practice for Teachers,University of Colorado Boulder,COURSE,4.8,Intermediate,1.9k,"Blended Language Learning: Design and Practice for Teachers by University of Colorado Boulder, Intermediate level, COURSE"
Blockchain,University at Buffalo,SPECIALIZATION,4.6,Intermediate,68k,"Blockchain by University at Buffalo, Intermediate level, SPECIALIZATION"
Blockchain Revolution,INSEAD,SPECIALIZATION,4.7,Beginner,21k,"Blockchain Revolution by INSEAD, Beginner level, SPECIALIZATION"
Blockchain Revolution in Financial Services,INSEAD,SPECIALIZATION,4.6,Beginner,1.6k,"Blockchain Revolution in Financial Services by INSEAD, Beginner level, SPECIALIZATION"
Blockchain: Foundations and Use Cases,ConsenSys Academy,COURSE,4.7,Beginner,31k,"Blockchain: Foundations and Use Cases by ConsenSys Academy, Beginner level, COURSE"
Boosting Creativity for Innovation,HEC Paris,COURSE,4.9,Beginner,9.5k,"Boosting Creativity for Innovation by HEC Paris, Beginner level, COURSE"
"Brand Management: Aligning Business, Brand and Behaviour",London Business School,COURSE,4.9,Beginner,57k,"Brand Management: Aligning Business, Brand and Behaviour by London Business School, Beginner level, COURSE"
Branding: The Creative Journey,IE Business School,SPECIALIZATION,4.6,Beginner,26k,"Branding: The Creative Journey by IE Business School, Beginner level, SPECIALIZATION"
Budgeting and Scheduling Projects,"University of California, Irvine",COURSE,4.7,Mixed,84k,"Budgeting and Scheduling Projects by University of California, Irvine, Mixed level, COURSE"
Bugs 101: Insect-Human Interactions,University of Alberta,COURSE,4.9,Beginner,15k,"Bugs 101: Insect-Human Interactions by University of Alberta, Beginner level, COURSE"
Build a Modern Computer from First Principles: From Nand to Tetris (Project-Centered Course),Hebrew University of Jerusalem,COURSE,4.9,Mixed,95k,"Build a Modern Computer from First Principles: From Nand to Tetris (Project-Centered Course) by Hebrew University of Jerusalem, Mixed level, COURSE"
Building Batch Data Pipelines on GCP,Google Cloud,COURSE,4.5,Intermediate,7.3k,"Building Batch Data Pipelines on GCP by Google Cloud, Intermediate level, COURSE"
Building Conversational Experiences with Dialogflow,Google Cloud,COURSE,4.5,Beginner,22k,"Building Conversational Experiences with Dialogflow by Google Cloud, Beginner level, COURSE"
Building Resilient Streaming Analytics Systems on GCP,Google Cloud,COURSE,4.6,Intermediate,5.8k,"Building Resilient Streaming Analytics Systems on GCP by Google Cloud, Intermediate level, COURSE"
Building Scalable Java Microservices with Spring Boot and Spring Cloud,Google Cloud,COURSE,4.3,Intermediate,24k,"Building Scalable Java Microservices with Spring Boot and Spring Cloud by Google Cloud, Intermediate level, COURSE"
Building Your Leadership Skills,HEC Paris,COURSE,4.5,Mixed,67k,"Building Your Leadership Skills by HEC Paris, Mixed level, COURSE"
Business Analytics,University of Pennsylvania,SPECIALIZATION,4.6,Beginner,280k,"Business Analytics by University of Pennsylvania, Beginner level, SPECIALIZATION"
Business English,Arizona State University,SPECIALIZATION,4.7,Intermediate,38k,"Business English by Arizona State University, Intermediate level, SPECIALIZATION"
Business English Communication Skills,University of Washington,SPECIALIZATION,4.7,Intermediate,120k,"Business English Communication Skills by University of Washington, Intermediate level, SPECIALIZATION"
Business English: Networking,University of Washington,COURSE,4.7,Intermediate,77k,"Business English: Networking by University of Washington, Intermediate level, COURSE"
Business Foundations,University of Pennsylvania,SPECIALIZATION,4.7,Beginner,510k,"Business Foundations by University of Pennsylvania, Beginner level, SPECIALIZATION"
Business Model Innovation,HEC Paris,COURSE,4.7,Mixed,13k,"Business Model Innovation by HEC Paris, Mixed level, COURSE"
Business Statistics and Analysis,Rice University,SPECIALIZATION,4.7,Beginner,110k,"Business Statistics and Analysis by Rice University, Beginner level, SPECIALIZATION"
Business Strategies for A Better World,University of Pennsylvania,SPECIALIZATION,4.7,Beginner,24k,"Business Strategies for A Better World by University of Pennsylvania, Beginner level, SPECIALIZATION"
Business Strategy,University of Virginia,SPECIALIZATION,4.7,Beginner,89k,"Business Strategy by University of Virginia, Beginner level, SPECIALIZATION"
Business Technology Management,Indian School of Business,SPECIALIZATION,4.5,Beginner,67k,"Business Technology Management by Indian School of Business, Beginner level, SPECIALIZATION"
Business Transformation with Google Cloud,Google Cloud,COURSE,4.7,Beginner,10k,"Business Transformation with Google Cloud by Google Cloud, Beginner level, COURSE"
Business Writing,University of Colorado Boulder,COURSE,4.8,Beginner,48k,"Business Writing by University of Colorado Boulder, Beginner level, COURSE"
Business and Financial Modeling,University of Pennsylvania,SPECIALIZATION,4.5,Beginner,160k,"Business and Financial Modeling by University of Pennsylvania, Beginner level, SPECIALIZATION"
C for Everyone: Programming Fundamentals,"University of California, Santa Cruz",COURSE,4.5,Beginner,31k,"C for Everyone: Programming Fundamentals by University of California, Santa Cruz, Beginner level, COURSE"
C# Programming for Unity Game Development,University of Colorado System,SPECIALIZATION,4.7,Beginner,36k,"C# Programming for Unity Game Development by University of Colorado System, Beginner level, SPECIALIZATION"
COVID-19 Contact Tracing,Johns Hopkins University,COURSE,4.9,Beginner,220k,"COVID-19 Contact Tracing by Johns Hopkins University, Beginner level, COURSE"
COVID-19: What You Need to Know (CME Eligible),Osmosis,COURSE,4.8,Beginner,32k,"COVID-19: What You Need to Know (CME Eligible) by Osmosis, Beginner level, COURSE"
"Cameras, Exposure, and Photography",Michigan State University,COURSE,4.7,Mixed,130k,"Cameras, Exposure, and Photography by Michigan State University, Mixed level, COURSE"
Camino a la Excelencia en Gestión de Proyectos,Pontificia Universidad Católica de Chile,COURSE,4.7,Beginner,340k,"Camino a la Excelencia en Gestión de Proyectos by Pontificia Universidad Católica de Chile, Beginner level, COURSE"
"Capstone: Retrieving, Processing, and Visualizing Data with Python",University of Michigan,COURSE,4.6,Mixed,82k,"Capstone: Retrieving, Processing, and Visualizing Data with Python by University of Michigan, Mixed level, COURSE"
Career Success,"University of California, Irvine",SPECIALIZATION,4.4,Beginner,790k,"Career Success by University of California, Irvine, Beginner level, SPECIALIZATION"
Challenging Forensic Science: How Science Should Speak to Court,University of Lausanne,COURSE,4.8,Beginner,31k,"Challenging Forensic Science: How Science Should Speak to Court by University of Lausanne, Beginner level, COURSE"
Chemicals and Health,Johns Hopkins University,COURSE,4.7,Beginner,23k,"Chemicals and Health by Johns Hopkins University, Beginner level, COURSE"
Chicken Behaviour and Welfare,The University of Edinburgh,COURSE,4.7,Mixed,19k,"Chicken Behaviour and Welfare by The University of Edinburgh, Mixed level, COURSE"
Child Nutrition and Cooking,Stanford University,COURSE,4.7,Beginner,30k,"Child Nutrition and Cooking by Stanford University, Beginner level, COURSE"
Chinese for HSK 1,Peking University,COURSE,4.8,Beginner,22k,"Chinese for HSK 1 by Peking University, Beginner level, COURSE"
Cisco Networking Basics,Cisco,SPECIALIZATION,4.7,Beginner,57k,"Cisco Networking Basics by Cisco, Beginner level, SPECIALIZATION"
Classical Sociological Theory,University of Amsterdam,COURSE,4.8,Mixed,51k,"Classical Sociological Theory by University of Amsterdam, Mixed level, COURSE"
Claves de la Dirección de Empresas,IESE Business School,SPECIALIZATION,4.8,Beginner,51k,"Claves de la Dirección de Empresas by IESE Business School, Beginner level, SPECIALIZATION"
Climate Change and Health: From Science to Action,Yale University,SPECIALIZATION,4.6,Beginner,4.8k,"Climate Change and Health: From Science to Action by Yale University, Beginner level, SPECIALIZATION"
Clinical Terminology for International and U.S. Students,University of Pittsburgh,COURSE,4.8,Beginner,32k,"Clinical Terminology for International and U.S. Students by University of Pittsburgh, Beginner level, COURSE"
Cloud Computing,University of Illinois at Urbana-Champaign,SPECIALIZATION,4.4,Intermediate,110k,"Cloud Computing by University of Illinois at Urbana-Champaign, Intermediate level, SPECIALIZATION"
Cloud Computing Basics (Cloud 101),LearnQuest,COURSE,4.5,Beginner,37k,"Cloud Computing Basics (Cloud 101) by LearnQuest, Beginner level, COURSE"
Cloud Engineering with Google Cloud,Google Cloud,PROFESSIONAL CERTIFICATE,4.7,Intermediate,310k,"Cloud Engineering with Google Cloud by Google Cloud, Intermediate level, PROFESSIONAL CERTIFICATE"
Coaching Skills for Managers,"University of California, Davis",SPECIALIZATION,4.7,Intermediate,37k,"Coaching Skills for Managers by University of California, Davis, Intermediate level, SPECIALIZATION"
Code Yourself! An Introduction to Programming,The University of Edinburgh,COURSE,4.7,Beginner,120k,"Code Yourself! An Introduction to Programming by The University of Edinburgh, Beginner level, COURSE"
Communication Skills for Engineers,Rice University,SPECIALIZATION,4.7,Beginner,15k,"Communication Skills for Engineers by Rice University, Beginner level, SPECIALIZATION"
Communication Strategies for a Virtual Age,University of Toronto,COURSE,4.8,Beginner,43k,"Communication Strategies for a Virtual Age by University of Toronto, Beginner level, COURSE"
Compassionate Leadership Through Service Learning with Jane Goodall and Roots & Shoots,University of Colorado Boulder,COURSE,4.9,Beginner,6.4k,"Compassionate Leadership Through Service Learning with Jane Goodall and Roots & Shoots by University of Colorado Boulder, Beginner level, COURSE"
"Competencias digitales. Herramientas de ofimática (Microsoft Word, Excel, Power Point)",Universitat Autònoma de Barcelona,COURSE,4.7,Beginner,43k,"Competencias digitales. Herramientas de ofimática (Microsoft Word, Excel, Power Point) by Universitat Autònoma de Barcelona, Beginner level, COURSE"
Competitive Strategy and Organization Design,Ludwig-Maximilians-Universität München (LMU),SPECIALIZATION,4.7,Intermediate,350k,"Competitive Strategy and Organization Design by Ludwig-Maximilians-Universität München (LMU), Intermediate level, SPECIALIZATION"
Computational Social Science,"University of California, Davis",SPECIALIZATION,4.6,Beginner,5.8k,"Computational Social Science by University of California, Davis, Beginner level, SPECIALIZATION"
Computational Thinking for Problem Solving,University of Pennsylvania,COURSE,4.8,Beginner,33k,"Computational Thinking for Problem Solving by University of Pennsylvania, Beginner level, COURSE"
Computer Security and Systems Management,University of Colorado System,SPECIALIZATION,4.6,Beginner,27k,"Computer Security and Systems Management by University of Colorado System, Beginner level, SPECIALIZATION"
Conflict Management,"University of California, Irvine",SPECIALIZATION,4.3,Beginner,66k,"Conflict Management by University of California, Irvine, Beginner level, SPECIALIZATION"
Construction Cost Estimating and Cost Control,Columbia University,COURSE,4.7,Beginner,19k,"Construction Cost Estimating and Cost Control by Columbia University, Beginner level, COURSE"
Construction Management,Columbia University,SPECIALIZATION,4.7,Beginner,61k,"Construction Management by Columbia University, Beginner level, SPECIALIZATION"
Construction Project Management,Columbia University,COURSE,4.8,Beginner,43k,"Construction Project Management by Columbia University, Beginner level, COURSE"
Construction Scheduling,Columbia University,COURSE,4.8,Beginner,15k,"Construction Scheduling by Columbia University, Beginner level, COURSE"
Contabilidad para no contadores,Universidad Nacional Autónoma de México,COURSE,4.7,Beginner,220k,"Contabilidad para no contadores by Universidad Nacional Autónoma de México, Beginner level, COURSE"
Content Strategy for Professionals,Northwestern University,SPECIALIZATION,4.5,Beginner,27k,"Content Strategy for Professionals by Northwestern University, Beginner level, SPECIALIZATION"
Continuous Delivery & DevOps,University of Virginia,COURSE,4.6,Beginner,26k,"Continuous Delivery & DevOps by University of Virginia, Beginner level, COURSE"
Control of Mobile Robots,Georgia Institute of Technology,COURSE,4.8,Mixed,49k,"Control of Mobile Robots by Georgia Institute of Technology, Mixed level, COURSE"
Convolutional Neural Networks,deeplearning.ai,COURSE,4.9,Intermediate,240k,"Convolutional Neural Networks by deeplearning.ai, Intermediate level, COURSE"
Convolutional Neural Networks in TensorFlow,deeplearning.ai,COURSE,4.7,Intermediate,46k,"Convolutional Neural Networks in TensorFlow by deeplearning.ai, Intermediate level, COURSE"
Corporate & Commercial Law I: Contracts & Employment Law,University of Illinois at Urbana-Champaign,COURSE,4.8,Intermediate,10k,"Corporate & Commercial Law I: Contracts & Employment Law by University of Illinois at Urbana-Champaign, Intermediate level, COURSE"
Corporate Finance Essentials,IESE Business School,COURSE,4.8,Mixed,56k,"Corporate Finance Essentials by IESE Business School, Mixed level, COURSE"
Corporate Strategy,UCL School of Management,COURSE,4.8,Beginner,7.8k,"Corporate Strategy by UCL School of Management, Beginner level, COURSE"
Corporate Sustainability. Understanding and Seizing the Strategic Opportunity,Università Bocconi,COURSE,4.6,Mixed,10k,"Corporate Sustainability. Understanding and Seizing the Strategic Opportunity by Università Bocconi, Mixed level, COURSE"
"Corrección, estilo y  variaciones de la lengua española",Universitat Autònoma de Barcelona,COURSE,4.6,Beginner,75k,"Corrección, estilo y  variaciones de la lengua española by Universitat Autònoma de Barcelona, Beginner level, COURSE"
Cost and Economics in Pricing Strategy,University of Virginia,COURSE,4.8,Beginner,15k,"Cost and Economics in Pricing Strategy by University of Virginia, Beginner level, COURSE"
Costos para los Negocios,Universidad de Chile,COURSE,4.8,Intermediate,43k,"Costos para los Negocios by Universidad de Chile, Intermediate level, COURSE"
Crash Course on Python,Google,COURSE,4.8,Beginner,81k,"Crash Course on Python by Google, Beginner level, COURSE"
Creative Problem Solving,University of Minnesota,COURSE,4.3,Mixed,140k,"Creative Problem Solving by University of Minnesota, Mixed level, COURSE"
Creative Writing,Wesleyan University,SPECIALIZATION,4.6,Beginner,140k,"Creative Writing by Wesleyan University, Beginner level, SPECIALIZATION"
Creative Writing: The Craft of Plot,Wesleyan University,COURSE,4.7,Mixed,120k,"Creative Writing: The Craft of Plot by Wesleyan University, Mixed level, COURSE"
"Creatividad, diseño e innovación: Técnicas y herramientas",Arizona State University,SPECIALIZATION,4.7,Beginner,150k,"Creatividad, diseño e innovación: Técnicas y herramientas by Arizona State University, Beginner level, SPECIALIZATION"
Cuidado de heridas en el ámbito hospitalario,Universidad Nacional Autónoma de México,COURSE,4.8,Intermediate,26k,"Cuidado de heridas en el ámbito hospitalario by Universidad Nacional Autónoma de México, Intermediate level, COURSE"
Cuidados y procedimientos generales en la atención del recién nacido,Universidad de Chile,COURSE,4.8,Intermediate,22k,"Cuidados y procedimientos generales en la atención del recién nacido by Universidad de Chile, Intermediate level, COURSE"
Culture-Driven Team Building,University of Pennsylvania,SPECIALIZATION,4.6,Beginner,17k,"Culture-Driven Team Building by University of Pennsylvania, Beginner level, SPECIALIZATION"
Curanderismo: Traditional Healing Using Plants,University of New Mexico,COURSE,4.6,Beginner,5.5k,"Curanderismo: Traditional Healing Using Plants by University of New Mexico, Beginner level, COURSE"
Customer Segmentation and Prospecting,Northwestern University,COURSE,4.7,Beginner,18k,"Customer Segmentation and Prospecting by Northwestern University, Beginner level, COURSE"
Cybersecurity,"University of Maryland, College Park",SPECIALIZATION,4.5,Intermediate,99k,"Cybersecurity by University of Maryland, College Park, Intermediate level, SPECIALIZATION"
Cybersecurity and Its Ten Domains,University System of Georgia,COURSE,4.2,Beginner,140k,"Cybersecurity and Its Ten Domains by University System of Georgia, Beginner level, COURSE"
Cybersecurity for Business,University of Colorado System,SPECIALIZATION,4.6,Beginner,23k,"Cybersecurity for Business by University of Colorado System, Beginner level, SPECIALIZATION"
Cómo hablar bien en público,Universitat Autònoma de Barcelona,COURSE,4.8,Beginner,55k,"Cómo hablar bien en público by Universitat Autònoma de Barcelona, Beginner level, COURSE"
Dairy Production and Management,The Pennsylvania State University,COURSE,4.8,Mixed,23k,"Dairy Production and Management by The Pennsylvania State University, Mixed level, COURSE"
Data Analysis and Interpretation,Wesleyan University,SPECIALIZATION,4.4,Beginner,100k,"Data Analysis and Interpretation by Wesleyan University, Beginner level, SPECIALIZATION"
Data Analysis and Presentation Skills: the PwC Approach,PwC,SPECIALIZATION,4.6,Beginner,220k,"Data Analysis and Presentation Skills: the PwC Approach by PwC, Beginner level, SPECIALIZATION"
Data Analysis with Python,IBM,COURSE,4.7,Beginner,110k,"Data Analysis with Python by IBM, Beginner level, COURSE"
Data Analytics for Lean Six Sigma,University of Amsterdam,COURSE,4.8,Beginner,24k,"Data Analytics for Lean Six Sigma by University of Amsterdam, Beginner level, COURSE"
Data Collection and Processing with Python,University of Michigan,COURSE,4.7,Intermediate,19k,"Data Collection and Processing with Python by University of Michigan, Intermediate level, COURSE"
Data Engineering on Google Cloud Platform 日本語版,Google Cloud,SPECIALIZATION,4.4,Intermediate,3k,"Data Engineering on Google Cloud Platform 日本語版 by Google Cloud, Intermediate level, SPECIALIZATION"
Data Engineering with Google Cloud,Google Cloud,PROFESSIONAL CERTIFICATE,4.6,Intermediate,120k,"Data Engineering with Google Cloud by Google Cloud, Intermediate level, PROFESSIONAL CERTIFICATE"
"Data Engineering, Big Data, and Machine Learning on GCP",Google Cloud,SPECIALIZATION,4.6,Intermediate,120k,"Data Engineering, Big Data, and Machine Learning on GCP by Google Cloud, Intermediate level, SPECIALIZATION"
Data Management for Clinical Research,Vanderbilt University,COURSE,4.7,Beginner,42k,"Data Management for Clinical Research by Vanderbilt University, Beginner level, COURSE"
Data Mining,University of Illinois at Urbana-Champaign,SPECIALIZATION,4.4,Intermediate,140k,"Data Mining by University of Illinois at Urbana-Champaign, Intermediate level, SPECIALIZATION"
Data Science,Johns Hopkins University,SPECIALIZATION,4.5,Beginner,830k,"Data Science by Johns Hopkins University, Beginner level, SPECIALIZATION"
Data Science Math Skills,Duke University,COURSE,4.5,Beginner,140k,"Data Science Math Skills by Duke University, Beginner level, COURSE"
Data Science Methodology,IBM,COURSE,4.6,Beginner,89k,"Data Science Methodology by IBM, Beginner level, COURSE"
Data Science: Foundations using R,Johns Hopkins University,SPECIALIZATION,4.6,Beginner,740k,"Data Science: Foundations using R by Johns Hopkins University, Beginner level, SPECIALIZATION"
Data Science: Statistics and Machine Learning,Johns Hopkins University,SPECIALIZATION,4.4,Intermediate,210k,"Data Science: Statistics and Machine Learning by Johns Hopkins University, Intermediate level, SPECIALIZATION"
Data Visualization and Communication with Tableau,Duke University,COURSE,4.7,Mixed,130k,"Data Visualization and Communication with Tableau by Duke University, Mixed level, COURSE"
Data Visualization with Advanced Excel,PwC,COURSE,4.8,Beginner,60k,"Data Visualization with Advanced Excel by PwC, Beginner level, COURSE"
Data Visualization with Python,IBM,COURSE,4.6,Intermediate,66k,"Data Visualization with Python by IBM, Intermediate level, COURSE"
Data Visualization with Tableau,"University of California, Davis",SPECIALIZATION,4.5,Beginner,96k,"Data Visualization with Tableau by University of California, Davis, Beginner level, SPECIALIZATION"
Data Warehousing for Business Intelligence,University of Colorado System,SPECIALIZATION,4.5,Advanced,140k,"Data Warehousing for Business Intelligence by University of Colorado System, Advanced level, SPECIALIZATION"
Data and Health Indicators in Public Health Practice,Johns Hopkins University,COURSE,4.7,Beginner,18k,"Data and Health Indicators in Public Health Practice by Johns Hopkins University, Beginner level, COURSE"
Data-driven Decision Making,PwC,COURSE,4.6,Beginner,120k,"Data-driven Decision Making by PwC, Beginner level, COURSE"
Databases and SQL for Data Science,IBM,COURSE,4.7,Beginner,110k,"Databases and SQL for Data Science by IBM, Beginner level, COURSE"
De-Mystifying Mindfulness,Universiteit Leiden,COURSE,4.8,Beginner,150k,"De-Mystifying Mindfulness by Universiteit Leiden, Beginner level, COURSE"
Decision-Making and Scenarios,University of Pennsylvania,COURSE,4.6,Mixed,31k,"Decision-Making and Scenarios by University of Pennsylvania, Mixed level, COURSE"
Deep Learning,deeplearning.ai,SPECIALIZATION,4.8,Intermediate,690k,"Deep Learning by deeplearning.ai, Intermediate level, SPECIALIZATION"
Democracia y decisiones públicas. Introducción al análisis de políticas públicas,Universitat Autònoma de Barcelona,COURSE,4.8,Beginner,44k,"Democracia y decisiones públicas. Introducción al análisis de políticas públicas by Universitat Autònoma de Barcelona, Beginner level, COURSE"
Dentistry 101,University of Michigan,COURSE,4.7,Beginner,4.5k,"Dentistry 101 by University of Michigan, Beginner level, COURSE"
Dermatology: Trip to skin,Novosibirsk State University ,COURSE,4.4,Beginner,8.2k,"Dermatology: Trip to skin by Novosibirsk State University , Beginner level, COURSE"
Design Thinking for Innovation,University of Virginia,COURSE,4.6,Beginner,240k,"Design Thinking for Innovation by University of Virginia, Beginner level, COURSE"
Design Thinking for the Greater Good: Innovation in the Social Sector,University of Virginia,COURSE,4.6,Beginner,17k,"Design Thinking for the Greater Good: Innovation in the Social Sector by University of Virginia, Beginner level, COURSE"
Design and Interpretation of Clinical Trials,Johns Hopkins University,COURSE,4.7,Mixed,67k,"Design and Interpretation of Clinical Trials by Johns Hopkins University, Mixed level, COURSE"
Design and Make Infographics (Project-Centered Course),Michigan State University,COURSE,4.7,Mixed,97k,"Design and Make Infographics (Project-Centered Course) by Michigan State University, Mixed level, COURSE"
Design-Led Strategy: Design thinking for business strategy and entrepreneurship,The University of Sydney,COURSE,4.6,Intermediate,19k,"Design-Led Strategy: Design thinking for business strategy and entrepreneurship by The University of Sydney, Intermediate level, COURSE"
Developing APIs with Google Cloud's Apigee API Platform,Google Cloud,SPECIALIZATION,4.6,Intermediate,16k,"Developing APIs with Google Cloud's Apigee API Platform by Google Cloud, Intermediate level, SPECIALIZATION"
Developing Applications with Google Cloud Platform,Google Cloud,SPECIALIZATION,4.7,Intermediate,300k,"Developing Applications with Google Cloud Platform by Google Cloud, Intermediate level, SPECIALIZATION"
Developing Applications with Google Cloud Platform 日本語版,Google Cloud,SPECIALIZATION,4.8,Intermediate,4k,"Developing Applications with Google Cloud Platform 日本語版 by Google Cloud, Intermediate level, SPECIALIZATION"
Developing Industrial Internet of Things,University of Colorado Boulder,SPECIALIZATION,4.6,Intermediate,8k,"Developing Industrial Internet of Things by University of Colorado Boulder, Intermediate level, SPECIALIZATION"
Developing Your Musicianship,Berklee College of Music,COURSE,4.8,Mixed,41k,"Developing Your Musicianship by Berklee College of Music, Mixed level, COURSE"
Developing Your Musicianship,Berklee College of Music,SPECIALIZATION,4.8,Beginner,54k,"Developing Your Musicianship by Berklee College of Music, Beginner level, SPECIALIZATION"
Devenir entrepreneur du changement,Ticket for Change,COURSE,4.7,Mixed,54k,"Devenir entrepreneur du changement by Ticket for Change, Mixed level, COURSE"
Digital Advertising Strategy,University of Colorado Boulder,SPECIALIZATION,4.4,Beginner,9k,"Digital Advertising Strategy by University of Colorado Boulder, Beginner level, SPECIALIZATION"
Digital Business Models,Lund University,COURSE,4.5,Beginner,21k,"Digital Business Models by Lund University, Beginner level, COURSE"
Digital Manufacturing & Design Technology,University at Buffalo,SPECIALIZATION,4.6,Beginner,37k,"Digital Manufacturing & Design Technology by University at Buffalo, Beginner level, SPECIALIZATION"
Digital Marketing,University of Illinois at Urbana-Champaign,SPECIALIZATION,4.6,Beginner,380k,"Digital Marketing by University of Illinois at Urbana-Champaign, Beginner level, SPECIALIZATION"
Digital Media and Marketing Strategies,University of Illinois at Urbana-Champaign,COURSE,4.4,Mixed,57k,"Digital Media and Marketing Strategies by University of Illinois at Urbana-Champaign, Mixed level, COURSE"
Digital Product Management,University of Virginia,SPECIALIZATION,4.7,Beginner,140k,"Digital Product Management by University of Virginia, Beginner level, SPECIALIZATION"
Digital Product Management: Modern Fundamentals,University of Virginia,COURSE,4.7,Beginner,58k,"Digital Product Management: Modern Fundamentals by University of Virginia, Beginner level, COURSE"
Dino 101: Dinosaur Paleobiology,University of Alberta,COURSE,4.5,Beginner,35k,"Dino 101: Dinosaur Paleobiology by University of Alberta, Beginner level, COURSE"
Discrete Optimization,The University of Melbourne,COURSE,4.9,Intermediate,40k,"Discrete Optimization by The University of Melbourne, Intermediate level, COURSE"
Diseño Instruccional: Aprendizaje activo y Pedagogía digital,Tecnológico de Monterrey,SPECIALIZATION,4.6,Beginner,4k,"Diseño Instruccional: Aprendizaje activo y Pedagogía digital by Tecnológico de Monterrey, Beginner level, SPECIALIZATION"
Diseño y Creación de un Emprendimiento Social,Pontificia Universidad Católica de Chile,COURSE,4.9,Beginner,21k,"Diseño y Creación de un Emprendimiento Social by Pontificia Universidad Católica de Chile, Beginner level, COURSE"
"Divide and Conquer, Sorting and Searching, and Randomized Algorithms",Stanford University,COURSE,4.8,Intermediate,130k,"Divide and Conquer, Sorting and Searching, and Randomized Algorithms by Stanford University, Intermediate level, COURSE"
Dog Emotion and Cognition,Duke University,COURSE,4.6,Mixed,150k,"Dog Emotion and Cognition by Duke University, Mixed level, COURSE"
Driving business towards the Sustainable Development Goals,Erasmus University Rotterdam,COURSE,4.8,Beginner,5.6k,"Driving business towards the Sustainable Development Goals by Erasmus University Rotterdam, Beginner level, COURSE"
Drug Commercialization,University of California San Diego,COURSE,4.7,Beginner,17k,"Drug Commercialization by University of California San Diego, Beginner level, COURSE"
Drug Discovery,University of California San Diego,COURSE,4.6,Beginner,39k,"Drug Discovery by University of California San Diego, Beginner level, COURSE"
Dynamic Public Speaking,University of Washington,SPECIALIZATION,4.7,Beginner,110k,"Dynamic Public Speaking by University of Washington, Beginner level, SPECIALIZATION"
EMT Foundations,University of Colorado System,COURSE,4.8,Beginner,7.1k,"EMT Foundations by University of Colorado System, Beginner level, COURSE"
Ecology: Ecosystem Dynamics and Conservation,American Museum of Natural History,COURSE,4.8,Intermediate,18k,"Ecology: Ecosystem Dynamics and Conservation by American Museum of Natural History, Intermediate level, COURSE"
Econometrics: Methods and Applications,Erasmus University Rotterdam,COURSE,4.7,Mixed,110k,"Econometrics: Methods and Applications by Erasmus University Rotterdam, Mixed level, COURSE"
Economics of Money and Banking,Columbia University,COURSE,4.9,Mixed,83k,"Economics of Money and Banking by Columbia University, Mixed level, COURSE"
Ecosystem Services: a Method for Sustainable Development,University of Geneva,COURSE,4.7,Intermediate,16k,"Ecosystem Services: a Method for Sustainable Development by University of Geneva, Intermediate level, COURSE"
Effective Compliance Programs,University of Pennsylvania,COURSE,4.9,Mixed,3.4k,"Effective Compliance Programs by University of Pennsylvania, Mixed level, COURSE"
Egiptología (Egyptology),Universitat Autònoma de Barcelona,COURSE,4.9,Beginner,46k,"Egiptología (Egyptology) by Universitat Autònoma de Barcelona, Beginner level, COURSE"
El Abogado del Futuro: Legaltech y la Transformación Digital del Derecho,Universidad Austral,COURSE,5.0,Beginner,1.5k,"El Abogado del Futuro: Legaltech y la Transformación Digital del Derecho by Universidad Austral, Beginner level, COURSE"
Elastic Google Cloud Infrastructure: Scaling and Automation,Google Cloud,COURSE,4.7,Intermediate,57k,"Elastic Google Cloud Infrastructure: Scaling and Automation by Google Cloud, Intermediate level, COURSE"
Electric Industry Operations and Markets,Duke University,COURSE,4.8,Beginner,12k,"Electric Industry Operations and Markets by Duke University, Beginner level, COURSE"
Electronic Music Production,Berklee College of Music,SPECIALIZATION,4.8,Intermediate,110k,"Electronic Music Production by Berklee College of Music, Intermediate level, SPECIALIZATION"
Emerging Technologies: From Smartphones to IoT to Big Data,Yonsei University,SPECIALIZATION,4.6,Beginner,17k,"Emerging Technologies: From Smartphones to IoT to Big Data by Yonsei University, Beginner level, SPECIALIZATION"
"Energy Production, Distribution & Safety",University at Buffalo,SPECIALIZATION,4.7,Beginner,37k,"Energy Production, Distribution & Safety by University at Buffalo, Beginner level, SPECIALIZATION"
Engineering Health: Introduction to Yoga and Physiology,New York University,COURSE,4.8,Beginner,14k,"Engineering Health: Introduction to Yoga and Physiology by New York University, Beginner level, COURSE"
Engineering Project Management: Initiating and Planning,Rice University,COURSE,4.7,Beginner,23k,"Engineering Project Management: Initiating and Planning by Rice University, Beginner level, COURSE"
English Composition I,Duke University,COURSE,4.6,Beginner,200k,"English Composition I by Duke University, Beginner level, COURSE"
English for Business and Entrepreneurship,University of Pennsylvania,COURSE,4.8,Beginner,230k,"English for Business and Entrepreneurship by University of Pennsylvania, Beginner level, COURSE"
English for Career Development,University of Pennsylvania,COURSE,4.8,Mixed,760k,"English for Career Development by University of Pennsylvania, Mixed level, COURSE"
English for Journalism,University of Pennsylvania,COURSE,4.8,Mixed,130k,"English for Journalism by University of Pennsylvania, Mixed level, COURSE"
English for Research Publication Purposes,Moscow Institute of Physics and Technology,SPECIALIZATION,4.6,Intermediate,42k,"English for Research Publication Purposes by Moscow Institute of Physics and Technology, Intermediate level, SPECIALIZATION"
"English for Science, Technology, Engineering, and Mathematics",University of Pennsylvania,COURSE,4.8,Beginner,110k,"English for Science, Technology, Engineering, and Mathematics by University of Pennsylvania, Beginner level, COURSE"
Enterprise Architecture,Peter the Great St. Petersburg Polytechnic University,COURSE,4.4,Beginner,2.4k,"Enterprise Architecture by Peter the Great St. Petersburg Polytechnic University, Beginner level, COURSE"
Entrepreneurial Finance: Strategy and Innovation,Duke University,SPECIALIZATION,4.5,Intermediate,7.9k,"Entrepreneurial Finance: Strategy and Innovation by Duke University, Intermediate level, SPECIALIZATION"
Entrepreneurship,University of Pennsylvania,SPECIALIZATION,4.8,Beginner,110k,"Entrepreneurship by University of Pennsylvania, Beginner level, SPECIALIZATION"
Entrepreneurship 1: Developing the Opportunity,University of Pennsylvania,COURSE,4.8,Mixed,86k,"Entrepreneurship 1: Developing the Opportunity by University of Pennsylvania, Mixed level, COURSE"
Entrepreneurship 2: Launching your Start-Up,University of Pennsylvania,COURSE,4.8,Mixed,38k,"Entrepreneurship 2: Launching your Start-Up by University of Pennsylvania, Mixed level, COURSE"
Entrepreneurship 3: Growth Strategies,University of Pennsylvania,COURSE,4.7,Beginner,31k,"Entrepreneurship 3: Growth Strategies by University of Pennsylvania, Beginner level, COURSE"
Entrepreneurship Strategy: From Ideation to Exit,HEC Paris,COURSE,4.8,Beginner,20k,"Entrepreneurship Strategy: From Ideation to Exit by HEC Paris, Beginner level, COURSE"
Entrepreneurship: Launching an Innovative Business,"University of Maryland, College Park",SPECIALIZATION,4.6,Beginner,69k,"Entrepreneurship: Launching an Innovative Business by University of Maryland, College Park, Beginner level, SPECIALIZATION"
Epidemics - the Dynamics of Infectious Diseases,The Pennsylvania State University,COURSE,4.8,Mixed,45k,"Epidemics - the Dynamics of Infectious Diseases by The Pennsylvania State University, Mixed level, COURSE"
"Epidemics, Pandemics and Outbreaks",University of Pittsburgh,COURSE,4.7,Mixed,23k,"Epidemics, Pandemics and Outbreaks by University of Pittsburgh, Mixed level, COURSE"
Epidemiology for Public Health,Imperial College London,SPECIALIZATION,4.7,Beginner,6.4k,"Epidemiology for Public Health by Imperial College London, Beginner level, SPECIALIZATION"
Epidemiology in Public Health Practice,Johns Hopkins University,SPECIALIZATION,4.7,Beginner,31k,"Epidemiology in Public Health Practice by Johns Hopkins University, Beginner level, SPECIALIZATION"
Epidemiology: The Basic Science of Public Health,The University of North Carolina at Chapel Hill,COURSE,4.6,Mixed,130k,"Epidemiology: The Basic Science of Public Health by The University of North Carolina at Chapel Hill, Mixed level, COURSE"
Epigenetic Control of Gene Expression,The University of Melbourne,COURSE,4.8,Mixed,35k,"Epigenetic Control of Gene Expression by The University of Melbourne, Mixed level, COURSE"
Equine Welfare and Management,"University of California, Davis",COURSE,4.8,Beginner,7.2k,"Equine Welfare and Management by University of California, Davis, Beginner level, COURSE"
Esports,"University of California, Irvine",SPECIALIZATION,4.5,Beginner,1.8k,"Esports by University of California, Irvine, Beginner level, SPECIALIZATION"
Essential Epidemiologic Tools for Public Health Practice,Johns Hopkins University,COURSE,4.7,Beginner,14k,"Essential Epidemiologic Tools for Public Health Practice by Johns Hopkins University, Beginner level, COURSE"
Essential Google Cloud Infrastructure: Core Services,Google Cloud,COURSE,4.7,Intermediate,68k,"Essential Google Cloud Infrastructure: Core Services by Google Cloud, Intermediate level, COURSE"
Essential Google Cloud Infrastructure: Foundation,Google Cloud,COURSE,4.7,Intermediate,83k,"Essential Google Cloud Infrastructure: Foundation by Google Cloud, Intermediate level, COURSE"
Essentials in Clinical Simulations Across the Health Professions,The George Washington University,COURSE,4.8,Intermediate,4.1k,"Essentials in Clinical Simulations Across the Health Professions by The George Washington University, Intermediate level, COURSE"
Essentials of Corporate Finance,The University of Melbourne,SPECIALIZATION,4.6,Intermediate,54k,"Essentials of Corporate Finance by The University of Melbourne, Intermediate level, SPECIALIZATION"
Essentials of Global Health,Yale University,COURSE,4.8,Mixed,31k,"Essentials of Global Health by Yale University, Mixed level, COURSE"
Estadística y probabilidad,Universidad Nacional Autónoma de México,COURSE,4.7,Beginner,27k,"Estadística y probabilidad by Universidad Nacional Autónoma de México, Beginner level, COURSE"
Evaluación educativa,Universidad Nacional Autónoma de México,SPECIALIZATION,4.8,Beginner,13k,"Evaluación educativa by Universidad Nacional Autónoma de México, Beginner level, SPECIALIZATION"
"Everyday Excel, Part 1",University of Colorado Boulder,COURSE,4.8,Beginner,11k,"Everyday Excel, Part 1 by University of Colorado Boulder, Beginner level, COURSE"
Everyday Parenting: The ABCs of Child Rearing,Yale University,COURSE,4.9,Beginner,86k,"Everyday Parenting: The ABCs of Child Rearing by Yale University, Beginner level, COURSE"
Excel Skills for Business,Macquarie University,SPECIALIZATION,4.9,Beginner,240k,"Excel Skills for Business by Macquarie University, Beginner level, SPECIALIZATION"
Excel Skills for Business: Advanced,Macquarie University,COURSE,4.7,Intermediate,39k,"Excel Skills for Business: Advanced by Macquarie University, Intermediate level, COURSE"
Excel Skills for Business: Essentials,Macquarie University,COURSE,4.9,Beginner,200k,"Excel Skills for Business: Essentials by Macquarie University, Beginner level, COURSE"
Excel Skills for Business: Intermediate I,Macquarie University,COURSE,4.9,Intermediate,76k,"Excel Skills for Business: Intermediate I by Macquarie University, Intermediate level, COURSE"
Excel Skills for Business: Intermediate II,Macquarie University,COURSE,4.8,Intermediate,39k,"Excel Skills for Business: Intermediate II by Macquarie University, Intermediate level, COURSE"
Excel to MySQL: Analytic Techniques for Business,Duke University,SPECIALIZATION,4.6,Beginner,490k,"Excel to MySQL: Analytic Techniques for Business by Duke University, Beginner level, SPECIALIZATION"
Excel/VBA for Creative Problem Solving,University of Colorado Boulder,SPECIALIZATION,4.8,Beginner,56k,"Excel/VBA for Creative Problem Solving by University of Colorado Boulder, Beginner level, SPECIALIZATION"
"Excel/VBA for Creative Problem Solving, Part 1",University of Colorado Boulder,COURSE,4.8,Beginner,54k,"Excel/VBA for Creative Problem Solving, Part 1 by University of Colorado Boulder, Beginner level, COURSE"
Executive Data Science,Johns Hopkins University,SPECIALIZATION,4.5,Beginner,170k,"Executive Data Science by Johns Hopkins University, Beginner level, SPECIALIZATION"
Explorando la Energía Sustentable,Pontificia Universidad Católica de Chile,COURSE,4.8,Beginner,28k,"Explorando la Energía Sustentable by Pontificia Universidad Católica de Chile, Beginner level, COURSE"
Fashion as Design,The Museum of Modern Art,COURSE,4.8,Beginner,180k,"Fashion as Design by The Museum of Modern Art, Beginner level, COURSE"
Feminism and Social Justice,"University of California, Santa Cruz",COURSE,4.8,Beginner,18k,"Feminism and Social Justice by University of California, Santa Cruz, Beginner level, COURSE"
FinTech Law and Policy,Duke University,COURSE,4.8,Beginner,9.7k,"FinTech Law and Policy by Duke University, Beginner level, COURSE"
FinTech: Finance Industry Transformation and Regulation,The Hong Kong University of Science and Technology,SPECIALIZATION,4.6,Beginner,13k,"FinTech: Finance Industry Transformation and Regulation by The Hong Kong University of Science and Technology, Beginner level, SPECIALIZATION"
"FinTech: Foundations, Payments, and Regulations",University of Pennsylvania,COURSE,4.7,Beginner,12k,"FinTech: Foundations, Payments, and Regulations by University of Pennsylvania, Beginner level, COURSE"
Finance & Quantitative Modeling for Analysts,University of Pennsylvania,SPECIALIZATION,4.5,Beginner,260k,"Finance & Quantitative Modeling for Analysts by University of Pennsylvania, Beginner level, SPECIALIZATION"
Finance for Non-Finance Professionals,Rice University,COURSE,4.8,Beginner,69k,"Finance for Non-Finance Professionals by Rice University, Beginner level, COURSE"
Finance for Non-Financial Managers,Emory University,COURSE,4.4,Intermediate,12k,"Finance for Non-Financial Managers by Emory University, Intermediate level, COURSE"
Financial Accounting Fundamentals,University of Virginia,COURSE,4.8,Beginner,65k,"Financial Accounting Fundamentals by University of Virginia, Beginner level, COURSE"
Financial Acumen for Non-Financial Managers,University of Pennsylvania,COURSE,4.5,Beginner,10k,"Financial Acumen for Non-Financial Managers by University of Pennsylvania, Beginner level, COURSE"
Financial Engineering and Risk Management Part I,Columbia University,COURSE,4.6,Mixed,100k,"Financial Engineering and Risk Management Part I by Columbia University, Mixed level, COURSE"
Financial Management,University of Illinois at Urbana-Champaign,SPECIALIZATION,4.7,Intermediate,76k,"Financial Management by University of Illinois at Urbana-Champaign, Intermediate level, SPECIALIZATION"
Financial Markets,Yale University,COURSE,4.8,Beginner,470k,"Financial Markets by Yale University, Beginner level, COURSE"
Financial Markets and Investment Strategy,Indian School of Business,SPECIALIZATION,4.5,Beginner,60k,"Financial Markets and Investment Strategy by Indian School of Business, Beginner level, SPECIALIZATION"
Financial Reporting,University of Illinois at Urbana-Champaign,SPECIALIZATION,4.8,Intermediate,12k,"Financial Reporting by University of Illinois at Urbana-Champaign, Intermediate level, SPECIALIZATION"
Financial Technology (Fintech) Innovations,University of Michigan,SPECIALIZATION,4.7,Beginner,6.5k,"Financial Technology (Fintech) Innovations by University of Michigan, Beginner level, SPECIALIZATION"
Financing and Investing in Infrastructure,Università Bocconi,COURSE,4.8,Mixed,24k,"Financing and Investing in Infrastructure by Università Bocconi, Mixed level, COURSE"
Finanzas corporativas,Universidad Nacional Autónoma de México,SPECIALIZATION,4.6,Intermediate,30k,"Finanzas corporativas by Universidad Nacional Autónoma de México, Intermediate level, SPECIALIZATION"
Finanzas personales,Universidad Nacional Autónoma de México,COURSE,4.8,Mixed,310k,"Finanzas personales by Universidad Nacional Autónoma de México, Mixed level, COURSE"
Finding Purpose and Meaning In Life: Living for What Matters Most,University of Michigan,COURSE,4.7,Beginner,36k,"Finding Purpose and Meaning In Life: Living for What Matters Most by University of Michigan, Beginner level, COURSE"
Fintech: Foundations & Applications of Financial Technology,University of Pennsylvania,SPECIALIZATION,4.6,Beginner,20k,"Fintech: Foundations & Applications of Financial Technology by University of Pennsylvania, Beginner level, SPECIALIZATION"
First Step Korean,Yonsei University,COURSE,4.9,Beginner,400k,"First Step Korean by Yonsei University, Beginner level, COURSE"
Food & Beverage Management,Università Bocconi,COURSE,4.8,Mixed,57k,"Food & Beverage Management by Università Bocconi, Mixed level, COURSE"
Forensic Accounting and Fraud Examination,West Virginia University,COURSE,4.7,Mixed,42k,"Forensic Accounting and Fraud Examination by West Virginia University, Mixed level, COURSE"
Formulación y evaluación de proyectos complejos,Universidad de los Andes,COURSE,4.9,Intermediate,4.4k,"Formulación y evaluación de proyectos complejos by Universidad de los Andes, Intermediate level, COURSE"
Foundational Finance for Strategic Decision Making,University of Michigan,SPECIALIZATION,4.8,Beginner,14k,"Foundational Finance for Strategic Decision Making by University of Michigan, Beginner level, SPECIALIZATION"
Foundations of Business Strategy,University of Virginia,COURSE,4.8,Beginner,63k,"Foundations of Business Strategy by University of Virginia, Beginner level, COURSE"
Foundations of Everyday Leadership,University of Illinois at Urbana-Champaign,COURSE,4.8,Mixed,62k,"Foundations of Everyday Leadership by University of Illinois at Urbana-Champaign, Mixed level, COURSE"
Foundations of Global Health,Johns Hopkins University,SPECIALIZATION,4.7,Beginner,31k,"Foundations of Global Health by Johns Hopkins University, Beginner level, SPECIALIZATION"
Foundations of Management,IESE Business School,SPECIALIZATION,4.8,Beginner,64k,"Foundations of Management by IESE Business School, Beginner level, SPECIALIZATION"
Foundations of Marketing Analytics,Emory University,SPECIALIZATION,4.2,Intermediate,27k,"Foundations of Marketing Analytics by Emory University, Intermediate level, SPECIALIZATION"
Foundations of Positive Psychology,University of Pennsylvania,SPECIALIZATION,4.8,Beginner,89k,"Foundations of Positive Psychology by University of Pennsylvania, Beginner level, SPECIALIZATION"
Foundations of Public Health Practice,Imperial College London,SPECIALIZATION,4.8,Beginner,3.2k,"Foundations of Public Health Practice by Imperial College London, Beginner level, SPECIALIZATION"
From Data to Insights with Google Cloud Platform,Google Cloud,SPECIALIZATION,4.6,Beginner,26k,"From Data to Insights with Google Cloud Platform by Google Cloud, Beginner level, SPECIALIZATION"
From the Big Bang to Dark Energy,The University of Tokyo,COURSE,4.8,Beginner,52k,"From the Big Bang to Dark Energy by The University of Tokyo, Beginner level, COURSE"
Front-End Web Development with React,The Hong Kong University of Science and Technology,COURSE,4.7,Intermediate,45k,"Front-End Web Development with React by The Hong Kong University of Science and Technology, Intermediate level, COURSE"
Front-End Web UI Frameworks and Tools: Bootstrap 4,The Hong Kong University of Science and Technology,COURSE,4.8,Intermediate,89k,"Front-End Web UI Frameworks and Tools: Bootstrap 4 by The Hong Kong University of Science and Technology, Intermediate level, COURSE"
Full Stack Web and Multiplatform Mobile App Development,The Hong Kong University of Science and Technology,SPECIALIZATION,4.7,Intermediate,150k,"Full Stack Web and Multiplatform Mobile App Development by The Hong Kong University of Science and Technology, Intermediate level, SPECIALIZATION"
Full-Stack Web Development with React,The Hong Kong University of Science and Technology,SPECIALIZATION,4.7,Intermediate,140k,"Full-Stack Web Development with React by The Hong Kong University of Science and Technology, Intermediate level, SPECIALIZATION"
Functional Programming Principles in Scala,École Polytechnique Fédérale de Lausanne,COURSE,4.8,Intermediate,170k,"Functional Programming Principles in Scala by École Polytechnique Fédérale de Lausanne, Intermediate level, COURSE"
Functional Programming in Scala,École Polytechnique Fédérale de Lausanne,SPECIALIZATION,4.7,Intermediate,220k,"Functional Programming in Scala by École Polytechnique Fédérale de Lausanne, Intermediate level, SPECIALIZATION"
Fundamental Neuroscience for Neuroimaging,Johns Hopkins University,COURSE,4.6,Beginner,30k,"Fundamental Neuroscience for Neuroimaging by Johns Hopkins University, Beginner level, COURSE"
Fundamentals of Accounting,University of Illinois at Urbana-Champaign,SPECIALIZATION,4.6,Beginner,39k,"Fundamentals of Accounting by University of Illinois at Urbana-Champaign, Beginner level, SPECIALIZATION"
Fundamentals of Computing,Rice University,SPECIALIZATION,4.8,Beginner,200k,"Fundamentals of Computing by Rice University, Beginner level, SPECIALIZATION"
Fundamentals of Engineering Exam Review,Georgia Institute of Technology,COURSE,4.7,Mixed,49k,"Fundamentals of Engineering Exam Review by Georgia Institute of Technology, Mixed level, COURSE"
Fundamentals of GIS,"University of California, Davis",COURSE,4.8,Beginner,86k,"Fundamentals of GIS by University of California, Davis, Beginner level, COURSE"
Fundamentals of Graphic Design,California Institute of the Arts,COURSE,4.8,Beginner,290k,"Fundamentals of Graphic Design by California Institute of the Arts, Beginner level, COURSE"
Fundamentals of Immunology,Rice University,SPECIALIZATION,4.7,Intermediate,20k,"Fundamentals of Immunology by Rice University, Intermediate level, SPECIALIZATION"
Fundamentals of Immunology: Innate Immunity and B-Cell Function,Rice University,COURSE,4.7,Intermediate,18k,"Fundamentals of Immunology: Innate Immunity and B-Cell Function by Rice University, Intermediate level, COURSE"
Fundamentals of Music Theory,The University of Edinburgh,COURSE,4.6,Beginner,180k,"Fundamentals of Music Theory by The University of Edinburgh, Beginner level, COURSE"
Fundamentals of Project Planning and Management,University of Virginia,COURSE,4.7,Beginner,120k,"Fundamentals of Project Planning and Management by University of Virginia, Beginner level, COURSE"
Fundamentals of Quantitative Modeling,University of Pennsylvania,COURSE,4.6,Mixed,110k,"Fundamentals of Quantitative Modeling by University of Pennsylvania, Mixed level, COURSE"
Fundamentals of Reinforcement Learning,University of Alberta,COURSE,4.8,Intermediate,22k,"Fundamentals of Reinforcement Learning by University of Alberta, Intermediate level, COURSE"
Fundamentals of Visualization with Tableau,"University of California, Davis",COURSE,4.5,Beginner,81k,"Fundamentals of Visualization with Tableau by University of California, Davis, Beginner level, COURSE"
Fundamentos Empresariales,University of Pennsylvania,SPECIALIZATION,4.6,Beginner,25k,"Fundamentos Empresariales by University of Pennsylvania, Beginner level, SPECIALIZATION"
Fundamentos Estratégicos Empresariales,Universidad Nacional Autónoma de México,SPECIALIZATION,4.6,Beginner,56k,"Fundamentos Estratégicos Empresariales by Universidad Nacional Autónoma de México, Beginner level, SPECIALIZATION"
Fundamentos de Excel para Negocios,Universidad Austral,COURSE,4.7,Beginner,150k,"Fundamentos de Excel para Negocios by Universidad Austral, Beginner level, COURSE"
Fundamentos de Finanzas Empresariales,Universidad de los Andes,COURSE,4.8,Beginner,110k,"Fundamentos de Finanzas Empresariales by Universidad de los Andes, Beginner level, COURSE"
Fundamentos de la escritura,Tecnológico de Monterrey,COURSE,4.6,Beginner,47k,"Fundamentos de la escritura by Tecnológico de Monterrey, Beginner level, COURSE"
Fundraising and Development,"University of California, Davis",SPECIALIZATION,4.6,Beginner,4.9k,"Fundraising and Development by University of California, Davis, Beginner level, SPECIALIZATION"
Futures Thinking,Institute for the Future,SPECIALIZATION,4.8,Beginner,9.4k,"Futures Thinking by Institute for the Future, Beginner level, SPECIALIZATION"
G Suite Administration,Google Cloud,SPECIALIZATION,4.7,Beginner,10k,"G Suite Administration by Google Cloud, Beginner level, SPECIALIZATION"
"GIS, Mapping, and Spatial Analysis",University of Toronto,SPECIALIZATION,4.8,Beginner,140k,"GIS, Mapping, and Spatial Analysis by University of Toronto, Beginner level, SPECIALIZATION"
Game Design and Development,Michigan State University,SPECIALIZATION,4.7,Intermediate,100k,"Game Design and Development by Michigan State University, Intermediate level, SPECIALIZATION"
Game Theory,Stanford University,COURSE,4.6,Beginner,260k,"Game Theory by Stanford University, Beginner level, COURSE"
Gamification,University of Pennsylvania,COURSE,4.8,Mixed,110k,"Gamification by University of Pennsylvania, Mixed level, COURSE"
Gender and Sexuality: Diversity and Inclusion in the Workplace,University of Pittsburgh,COURSE,4.7,Beginner,14k,"Gender and Sexuality: Diversity and Inclusion in the Workplace by University of Pittsburgh, Beginner level, COURSE"
Genomic Data Science,Johns Hopkins University,SPECIALIZATION,4.4,Intermediate,80k,"Genomic Data Science by Johns Hopkins University, Intermediate level, SPECIALIZATION"
Geographic Information Systems  (GIS),"University of California, Davis",SPECIALIZATION,4.8,Beginner,97k,"Geographic Information Systems  (GIS) by University of California, Davis, Beginner level, SPECIALIZATION"
Geopolitics of Europe,Sciences Po,COURSE,4.3,Mixed,19k,"Geopolitics of Europe by Sciences Po, Mixed level, COURSE"
Geopolítica y gobernanza global: riesgos y oportunidades,ESADE Business and Law School,COURSE,4.8,Mixed,34k,"Geopolítica y gobernanza global: riesgos y oportunidades by ESADE Business and Law School, Mixed level, COURSE"
Gestión de organizaciones efectivas,Pontificia Universidad Católica de Chile,COURSE,4.7,Mixed,47k,"Gestión de organizaciones efectivas by Pontificia Universidad Católica de Chile, Mixed level, COURSE"
Get Interactive: Practical Teaching with Technology,Bloomsbury Learning Exchange,COURSE,4.7,Beginner,14k,"Get Interactive: Practical Teaching with Technology by Bloomsbury Learning Exchange, Beginner level, COURSE"
Getting Started With Music Theory,Michigan State University,COURSE,4.5,Beginner,59k,"Getting Started With Music Theory by Michigan State University, Beginner level, COURSE"
Getting Started with AWS Machine Learning,Amazon Web Services,COURSE,4.5,Intermediate,73k,"Getting Started with AWS Machine Learning by Amazon Web Services, Intermediate level, COURSE"
Getting Started with Go,"University of California, Irvine",COURSE,4.6,Intermediate,59k,"Getting Started with Go by University of California, Irvine, Intermediate level, COURSE"
Getting Started with Google Kubernetes Engine,Google Cloud,COURSE,4.5,Intermediate,75k,"Getting Started with Google Kubernetes Engine by Google Cloud, Intermediate level, COURSE"
Getting Started with Google Sheets,Google Cloud,COURSE,4.6,Beginner,18k,"Getting Started with Google Sheets by Google Cloud, Beginner level, COURSE"
Getting Started with SAS Programming,SAS,COURSE,4.9,Beginner,22k,"Getting Started with SAS Programming by SAS, Beginner level, COURSE"
Global Diplomacy – Diplomacy in the Modern World,SOAS University of London,COURSE,4.6,Mixed,79k,"Global Diplomacy – Diplomacy in the Modern World by SOAS University of London, Mixed level, COURSE"
Global Diplomacy: the United Nations in the World,SOAS University of London,COURSE,4.7,Beginner,29k,"Global Diplomacy: the United Nations in the World by SOAS University of London, Beginner level, COURSE"
Global Energy and Climate Policy,SOAS University of London,COURSE,4.5,Beginner,10k,"Global Energy and Climate Policy by SOAS University of London, Beginner level, COURSE"
Global Environmental Management,Technical University of Denmark (DTU),COURSE,4.6,Intermediate,22k,"Global Environmental Management by Technical University of Denmark (DTU), Intermediate level, COURSE"
Global Financial Markets and Instruments,Rice University,COURSE,4.6,Mixed,37k,"Global Financial Markets and Instruments by Rice University, Mixed level, COURSE"
Global Financing Solutions  (by EDHEC and Société Générale),EDHEC Business School,COURSE,4.6,Intermediate,3.6k,"Global Financing Solutions  (by EDHEC and Société Générale) by EDHEC Business School, Intermediate level, COURSE"
Global Trends for Business and Society,University of Pennsylvania,COURSE,4.8,Mixed,7.6k,"Global Trends for Business and Society by University of Pennsylvania, Mixed level, COURSE"
"Globalization, Economic Growth and Stability",IE Business School,SPECIALIZATION,4.8,Intermediate,44k,"Globalization, Economic Growth and Stability by IE Business School, Intermediate level, SPECIALIZATION"
Good with Words: Writing and Editing,University of Michigan,SPECIALIZATION,4.6,Beginner,3.8k,"Good with Words: Writing and Editing by University of Michigan, Beginner level, SPECIALIZATION"
Google Cloud Platform Big Data and Machine Learning Fundamentals,Google Cloud,COURSE,4.6,Intermediate,120k,"Google Cloud Platform Big Data and Machine Learning Fundamentals by Google Cloud, Intermediate level, COURSE"
Google Cloud Platform Fundamentals for AWS Professionals,Google Cloud,COURSE,4.7,Intermediate,36k,"Google Cloud Platform Fundamentals for AWS Professionals by Google Cloud, Intermediate level, COURSE"
Google IT Automation with Python,Google,PROFESSIONAL CERTIFICATE,4.7,Beginner,93k,"Google IT Automation with Python by Google, Beginner level, PROFESSIONAL CERTIFICATE"
Google IT Support,Google,PROFESSIONAL CERTIFICATE,4.8,Beginner,350k,"Google IT Support by Google, Beginner level, PROFESSIONAL CERTIFICATE"
Grammar and Punctuation,"University of California, Irvine",COURSE,4.7,Mixed,430k,"Grammar and Punctuation by University of California, Irvine, Mixed level, COURSE"
Graphic Design Elements for Non-Designers,University of Colorado Boulder,SPECIALIZATION,4.7,Beginner,10k,"Graphic Design Elements for Non-Designers by University of Colorado Boulder, Beginner level, SPECIALIZATION"
Greek and Roman Mythology,University of Pennsylvania,COURSE,4.8,Mixed,260k,"Greek and Roman Mythology by University of Pennsylvania, Mixed level, COURSE"
Greening the Economy: Sustainable Cities,Lund University,COURSE,4.6,Beginner,56k,"Greening the Economy: Sustainable Cities by Lund University, Beginner level, COURSE"
Guitar for Beginners,Berklee College of Music,COURSE,4.8,Mixed,210k,"Guitar for Beginners by Berklee College of Music, Mixed level, COURSE"
Gut Check: Exploring Your Microbiome,University of California San Diego,COURSE,4.7,Mixed,62k,"Gut Check: Exploring Your Microbiome by University of California San Diego, Mixed level, COURSE"
"HTML, CSS, and Javascript for Web Developers",Johns Hopkins University,COURSE,4.8,Mixed,240k,"HTML, CSS, and Javascript for Web Developers by Johns Hopkins University, Mixed level, COURSE"
Habilidades Gerenciales,Universidad Nacional Autónoma de México,SPECIALIZATION,4.7,Beginner,43k,"Habilidades Gerenciales by Universidad Nacional Autónoma de México, Beginner level, SPECIALIZATION"
Hacia una práctica constructivista en el aula,Pontificia Universidad Católica de Chile,COURSE,4.8,Mixed,62k,"Hacia una práctica constructivista en el aula by Pontificia Universidad Católica de Chile, Mixed level, COURSE"
Hardware Description Languages for FPGA Design,University of Colorado Boulder,COURSE,4.2,Intermediate,7.4k,"Hardware Description Languages for FPGA Design by University of Colorado Boulder, Intermediate level, COURSE"
Healing with the Arts,University of Florida,COURSE,4.6,Mixed,39k,"Healing with the Arts by University of Florida, Mixed level, COURSE"
Health Informatics,Johns Hopkins University,SPECIALIZATION,4.5,Beginner,8.1k,"Health Informatics by Johns Hopkins University, Beginner level, SPECIALIZATION"
Health Information Literacy for Data Analytics,"University of California, Davis",SPECIALIZATION,4.5,Intermediate,5.4k,"Health Information Literacy for Data Analytics by University of California, Davis, Intermediate level, SPECIALIZATION"
Healthcare Law,University of Pennsylvania,SPECIALIZATION,4.7,Intermediate,1.7k,"Healthcare Law by University of Pennsylvania, Intermediate level, SPECIALIZATION"
Healthcare Marketplace,University of Minnesota,SPECIALIZATION,4.4,Beginner,36k,"Healthcare Marketplace by University of Minnesota, Beginner level, SPECIALIZATION"
Healthcare Organization Operations,Rutgers the State University of New Jersey,SPECIALIZATION,4.6,Beginner,5.5k,"Healthcare Organization Operations by Rutgers the State University of New Jersey, Beginner level, SPECIALIZATION"
"High Performance Collaboration: Leadership, Teamwork, and Negotiation",Northwestern University,COURSE,4.8,Mixed,46k,"High Performance Collaboration: Leadership, Teamwork, and Negotiation by Northwestern University, Mixed level, COURSE"
Homeland Security and Cybersecurity,University of Colorado System,SPECIALIZATION,4.7,Beginner,5.5k,"Homeland Security and Cybersecurity by University of Colorado System, Beginner level, SPECIALIZATION"
"Hotel Management: Distribution, Revenue and Demand Management",ESSEC Business School,SPECIALIZATION,4.6,Beginner,28k,"Hotel Management: Distribution, Revenue and Demand Management by ESSEC Business School, Beginner level, SPECIALIZATION"
How Things Work: An Introduction to Physics,University of Virginia,COURSE,4.8,Intermediate,170k,"How Things Work: An Introduction to Physics by University of Virginia, Intermediate level, COURSE"
How To Create a Website in a Weekend! (Project-Centered Course),The State University of New York,COURSE,3.3,Mixed,140k,"How To Create a Website in a Weekend! (Project-Centered Course) by The State University of New York, Mixed level, COURSE"
How to Start Your Own Business,Michigan State University,SPECIALIZATION,4.1,Beginner,34k,"How to Start Your Own Business by Michigan State University, Beginner level, SPECIALIZATION"
Human Resource Management: HR for People Managers,University of Minnesota,SPECIALIZATION,4.7,Beginner,98k,"Human Resource Management: HR for People Managers by University of Minnesota, Beginner level, SPECIALIZATION"
IBM AI Engineering,IBM,PROFESSIONAL CERTIFICATE,4.6,Intermediate,140k,"IBM AI Engineering by IBM, Intermediate level, PROFESSIONAL CERTIFICATE"
IBM AI Enterprise Workflow,IBM,SPECIALIZATION,4.4,Advanced,3.5k,"IBM AI Enterprise Workflow by IBM, Advanced level, SPECIALIZATION"
IBM Applied AI,IBM,PROFESSIONAL CERTIFICATE,4.6,Beginner,220k,"IBM Applied AI by IBM, Beginner level, PROFESSIONAL CERTIFICATE"
IBM Customer Engagement Specialist Professional Certificate,IBM,COURSE,4.8,Beginner,3.3k,"IBM Customer Engagement Specialist Professional Certificate by IBM, Beginner level, COURSE"
IBM Data Science,IBM,PROFESSIONAL CERTIFICATE,4.6,Beginner,480k,"IBM Data Science by IBM, Beginner level, PROFESSIONAL CERTIFICATE"
IT Fundamentals for Cybersecurity,IBM,SPECIALIZATION,4.5,Beginner,35k,"IT Fundamentals for Cybersecurity by IBM, Beginner level, SPECIALIZATION"
IT Security: Defense against the digital dark arts,Google,COURSE,4.8,Beginner,62k,"IT Security: Defense against the digital dark arts by Google, Beginner level, COURSE"
"Identifying, Monitoring, and Analyzing Risk and Incident Response and Recovery",(ISC)²,COURSE,4.9,Beginner,1.7k,"Identifying, Monitoring, and Analyzing Risk and Incident Response and Recovery by (ISC)², Beginner level, COURSE"
Implementación del Marketing Mix,IE Business School,SPECIALIZATION,4.7,Beginner,23k,"Implementación del Marketing Mix by IE Business School, Beginner level, SPECIALIZATION"
Implementing RPA with Cognitive Automation and Analytics,Automation Anywhere,SPECIALIZATION,4.6,Beginner,2.2k,"Implementing RPA with Cognitive Automation and Analytics by Automation Anywhere, Beginner level, SPECIALIZATION"
Improve Your English Communication Skills,Georgia Institute of Technology,SPECIALIZATION,4.7,Beginner,610k,"Improve Your English Communication Skills by Georgia Institute of Technology, Beginner level, SPECIALIZATION"
"Improving Deep Neural Networks: Hyperparameter tuning, Regularization and Optimization",deeplearning.ai,COURSE,4.9,Beginner,270k,"Improving Deep Neural Networks: Hyperparameter tuning, Regularization and Optimization by deeplearning.ai, Beginner level, COURSE"
Improving Leadership & Governance in Nonprofit Organizations,Luther College at the University of Regina,SPECIALIZATION,4.4,Beginner,18k,"Improving Leadership & Governance in Nonprofit Organizations by Luther College at the University of Regina, Beginner level, SPECIALIZATION"
In the Studio: Postwar Abstract Painting,The Museum of Modern Art,COURSE,4.9,Beginner,79k,"In the Studio: Postwar Abstract Painting by The Museum of Modern Art, Beginner level, COURSE"
Indigenous Canada,University of Alberta,COURSE,4.8,Mixed,51k,"Indigenous Canada by University of Alberta, Mixed level, COURSE"
Industrial IoT on Google Cloud Platform,Google Cloud,COURSE,4.5,Beginner,34k,"Industrial IoT on Google Cloud Platform by Google Cloud, Beginner level, COURSE"
Infectious Disease Modelling,Imperial College London,SPECIALIZATION,5.0,Intermediate,1.6k,"Infectious Disease Modelling by Imperial College London, Intermediate level, SPECIALIZATION"
Influencer Marketing Strategy,Rutgers the State University of New Jersey,COURSE,4.4,Intermediate,12k,"Influencer Marketing Strategy by Rutgers the State University of New Jersey, Intermediate level, COURSE"
"Influencing: Storytelling, Change Management and Governance",Macquarie University,SPECIALIZATION,4.8,Beginner,22k,"Influencing: Storytelling, Change Management and Governance by Macquarie University, Beginner level, SPECIALIZATION"
Information Security: Context and Introduction,"Royal Holloway, University of London",COURSE,4.6,Beginner,32k,"Information Security: Context and Introduction by Royal Holloway, University of London, Beginner level, COURSE"
Information Visualization,New York University,SPECIALIZATION,4.6,Beginner,10k,"Information Visualization by New York University, Beginner level, SPECIALIZATION"
Information​ ​Systems,University of Minnesota,SPECIALIZATION,4.7,Beginner,16k,"Information​ ​Systems by University of Minnesota, Beginner level, SPECIALIZATION"
Initiating and Planning Projects,"University of California, Irvine",COURSE,4.7,Mixed,180k,"Initiating and Planning Projects by University of California, Irvine, Mixed level, COURSE"
Innovation Management,Erasmus University Rotterdam,COURSE,4.6,Beginner,40k,"Innovation Management by Erasmus University Rotterdam, Beginner level, COURSE"
"Innovation Through Design: Think, Make, Break, Repeat",The University of Sydney,COURSE,4.8,Beginner,10k,"Innovation Through Design: Think, Make, Break, Repeat by The University of Sydney, Beginner level, COURSE"
Innovation: From Creativity to Entrepreneurship,University of Illinois at Urbana-Champaign,SPECIALIZATION,4.8,Beginner,25k,"Innovation: From Creativity to Entrepreneurship by University of Illinois at Urbana-Champaign, Beginner level, SPECIALIZATION"
Inspirational Leadership: Leading with Sense,HEC Paris,SPECIALIZATION,4.5,Beginner,72k,"Inspirational Leadership: Leading with Sense by HEC Paris, Beginner level, SPECIALIZATION"
Inspired Leadership,Case Western Reserve University,SPECIALIZATION,4.7,Intermediate,97k,"Inspired Leadership by Case Western Reserve University, Intermediate level, SPECIALIZATION"
Inspiring and Motivating Individuals,University of Michigan,COURSE,4.8,Mixed,85k,"Inspiring and Motivating Individuals by University of Michigan, Mixed level, COURSE"
Instructional Design Foundations and Applications,University of Illinois at Urbana-Champaign,COURSE,4.2,Mixed,12k,"Instructional Design Foundations and Applications by University of Illinois at Urbana-Champaign, Mixed level, COURSE"
Instructional Methods in Health Professions Education,University of Michigan,COURSE,4.6,Intermediate,9.7k,"Instructional Methods in Health Professions Education by University of Michigan, Intermediate level, COURSE"
Integrative Health and Medicine,University of Minnesota,SPECIALIZATION,4.8,Beginner,14k,"Integrative Health and Medicine by University of Minnesota, Beginner level, SPECIALIZATION"
Intellectual Property Law,University of Pennsylvania,SPECIALIZATION,4.8,Intermediate,8.7k,"Intellectual Property Law by University of Pennsylvania, Intermediate level, SPECIALIZATION"
Interaction Design,University of California San Diego,SPECIALIZATION,4.5,Intermediate,150k,"Interaction Design by University of California San Diego, Intermediate level, SPECIALIZATION"
Intercultural Management,ESCP Business School,COURSE,4.6,Beginner,6.5k,"Intercultural Management by ESCP Business School, Beginner level, COURSE"
International Business Essentials,University of London,SPECIALIZATION,4.5,Intermediate,22k,"International Business Essentials by University of London, Intermediate level, SPECIALIZATION"
International Cyber Conflicts,The State University of New York,COURSE,4.4,Mixed,25k,"International Cyber Conflicts by The State University of New York, Mixed level, COURSE"
International Humanitarian Law in Theory and Practice,Kalshoven-Gieskes Forum,COURSE,4.8,Beginner,22k,"International Humanitarian Law in Theory and Practice by Kalshoven-Gieskes Forum, Beginner level, COURSE"
International Law in Action: A Guide to the International Courts and Tribunals in The Hague,Universiteit Leiden,COURSE,4.8,Mixed,36k,"International Law in Action: A Guide to the International Courts and Tribunals in The Hague by Universiteit Leiden, Mixed level, COURSE"
International Law in Action: the Arbitration of International Disputes,Universiteit Leiden,COURSE,4.8,Mixed,19k,"International Law in Action: the Arbitration of International Disputes by Universiteit Leiden, Mixed level, COURSE"
International Leadership and Organizational Behavior,Università Bocconi,COURSE,4.8,Mixed,41k,"International Leadership and Organizational Behavior by Università Bocconi, Mixed level, COURSE"
International Marketing & Cross Industry Growth,Yonsei University,SPECIALIZATION,4.6,Beginner,26k,"International Marketing & Cross Industry Growth by Yonsei University, Beginner level, SPECIALIZATION"
International Organizations Management,University of Geneva,COURSE,4.8,Beginner,20k,"International Organizations Management by University of Geneva, Beginner level, COURSE"
International Security Management,Erasmus University Rotterdam,COURSE,4.5,Beginner,2.2k,"International Security Management by Erasmus University Rotterdam, Beginner level, COURSE"
International Women's Health and Human Rights,Stanford University,COURSE,4.9,Beginner,35k,"International Women's Health and Human Rights by Stanford University, Beginner level, COURSE"
International migrations: a global issue,Sciences Po,COURSE,4.6,Beginner,11k,"International migrations: a global issue by Sciences Po, Beginner level, COURSE"
Internet Connection: How to Get Online?,Cisco,COURSE,4.7,Beginner,36k,"Internet Connection: How to Get Online? by Cisco, Beginner level, COURSE"
Internet Giants: The Law and Economics of Media Platforms,The University of Chicago,COURSE,4.8,Mixed,38k,"Internet Giants: The Law and Economics of Media Platforms by The University of Chicago, Mixed level, COURSE"
Interviewing and Resume Writing in English,"University of Maryland, College Park",SPECIALIZATION,4.6,Intermediate,66k,"Interviewing and Resume Writing in English by University of Maryland, College Park, Intermediate level, SPECIALIZATION"
Introducción a Data Science: Programación Estadística con R,Universidad Nacional Autónoma de México,COURSE,4.7,Beginner,140k,"Introducción a Data Science: Programación Estadística con R by Universidad Nacional Autónoma de México, Beginner level, COURSE"
Introducción a la programación en Python I: Aprendiendo a programar con Python,Pontificia Universidad Católica de Chile,COURSE,4.4,Beginner,100k,"Introducción a la programación en Python I: Aprendiendo a programar con Python by Pontificia Universidad Católica de Chile, Beginner level, COURSE"
Introduction aux Droits de l’Homme,University of Geneva,COURSE,4.8,Mixed,46k,"Introduction aux Droits de l’Homme by University of Geneva, Mixed level, COURSE"
Introduction to Ableton Live,Berklee College of Music,COURSE,4.8,Mixed,60k,"Introduction to Ableton Live by Berklee College of Music, Mixed level, COURSE"
Introduction to Artificial Intelligence (AI),IBM,COURSE,4.7,Beginner,44k,"Introduction to Artificial Intelligence (AI) by IBM, Beginner level, COURSE"
Introduction to Big Data,University of California San Diego,COURSE,4.6,Mixed,160k,"Introduction to Big Data by University of California San Diego, Mixed level, COURSE"
Introduction to Blockchain Technologies,INSEAD,COURSE,4.7,Beginner,16k,"Introduction to Blockchain Technologies by INSEAD, Beginner level, COURSE"
Introduction to Breast Cancer,Yale University,COURSE,4.9,Mixed,27k,"Introduction to Breast Cancer by Yale University, Mixed level, COURSE"
Introduction to Business Analytics: Communicating with Data,University of Illinois at Urbana-Champaign,COURSE,4.7,Intermediate,14k,"Introduction to Business Analytics: Communicating with Data by University of Illinois at Urbana-Champaign, Intermediate level, COURSE"
Introduction to CSS3,University of Michigan,COURSE,4.8,Mixed,84k,"Introduction to CSS3 by University of Michigan, Mixed level, COURSE"
Introduction to Calculus,The University of Sydney,COURSE,4.8,Intermediate,53k,"Introduction to Calculus by The University of Sydney, Intermediate level, COURSE"
Introduction to Chemistry:  Reactions and Ratios,Duke University,COURSE,4.8,Beginner,46k,"Introduction to Chemistry:  Reactions and Ratios by Duke University, Beginner level, COURSE"
Introduction to Classical Music,Yale University,COURSE,4.9,Mixed,150k,"Introduction to Classical Music by Yale University, Mixed level, COURSE"
Introduction to Cloud Computing,IBM,COURSE,4.6,Beginner,2.6k,"Introduction to Cloud Computing by IBM, Beginner level, COURSE"
Introduction to Computer Programming,"Goldsmiths, University of London",COURSE,4.3,Beginner,20k,"Introduction to Computer Programming by Goldsmiths, University of London, Beginner level, COURSE"
Introduction to Computer Science and Programming,"Goldsmiths, University of London",SPECIALIZATION,4.3,Beginner,32k,"Introduction to Computer Science and Programming by Goldsmiths, University of London, Beginner level, SPECIALIZATION"
Introduction to Corporate Finance,University of Pennsylvania,COURSE,4.6,Mixed,130k,"Introduction to Corporate Finance by University of Pennsylvania, Mixed level, COURSE"
Introduction to Cyber Attacks,New York University,COURSE,4.7,Beginner,27k,"Introduction to Cyber Attacks by New York University, Beginner level, COURSE"
Introduction to Cyber Security,New York University,SPECIALIZATION,4.7,Beginner,32k,"Introduction to Cyber Security by New York University, Beginner level, SPECIALIZATION"
Introduction to Cybersecurity Tools & Cyber Attacks,IBM,COURSE,4.5,Beginner,30k,"Introduction to Cybersecurity Tools & Cyber Attacks by IBM, Beginner level, COURSE"
Introduction to Data Analysis Using Excel,Rice University,COURSE,4.7,Mixed,99k,"Introduction to Data Analysis Using Excel by Rice University, Mixed level, COURSE"
Introduction to Data Science,IBM,SPECIALIZATION,4.6,Beginner,310k,"Introduction to Data Science by IBM, Beginner level, SPECIALIZATION"
Introduction to Data Science in Python,University of Michigan,COURSE,4.5,Intermediate,390k,"Introduction to Data Science in Python by University of Michigan, Intermediate level, COURSE"
Introduction to Dental Medicine,University of Pennsylvania,COURSE,4.8,Beginner,25k,"Introduction to Dental Medicine by University of Pennsylvania, Beginner level, COURSE"
Introduction to Discrete Mathematics for Computer Science,National Research University Higher School of Economics,SPECIALIZATION,4.4,Beginner,75k,"Introduction to Discrete Mathematics for Computer Science by National Research University Higher School of Economics, Beginner level, SPECIALIZATION"
Introduction to Electronics,Georgia Institute of Technology,COURSE,4.7,Mixed,110k,"Introduction to Electronics by Georgia Institute of Technology, Mixed level, COURSE"
Introduction to Embedded Systems Software and Development Environments,University of Colorado Boulder,COURSE,4.5,Intermediate,41k,"Introduction to Embedded Systems Software and Development Environments by University of Colorado Boulder, Intermediate level, COURSE"
Introduction to Engineering Mechanics,Georgia Institute of Technology,COURSE,4.7,Mixed,150k,"Introduction to Engineering Mechanics by Georgia Institute of Technology, Mixed level, COURSE"
Introduction to Environmental Law and Policy,The University of North Carolina at Chapel Hill,COURSE,4.8,Mixed,34k,"Introduction to Environmental Law and Policy by The University of North Carolina at Chapel Hill, Mixed level, COURSE"
Introduction to Financial Accounting,University of Pennsylvania,COURSE,4.7,Mixed,200k,"Introduction to Financial Accounting by University of Pennsylvania, Mixed level, COURSE"
Introduction to Forensic Science,"Nanyang Technological University, Singapore",COURSE,4.9,Mixed,47k,"Introduction to Forensic Science by Nanyang Technological University, Singapore, Mixed level, COURSE"
Introduction to Game Development,Michigan State University,COURSE,4.8,Mixed,79k,"Introduction to Game Development by Michigan State University, Mixed level, COURSE"
Introduction to Genetics and Evolution,Duke University,COURSE,4.8,Mixed,74k,"Introduction to Genetics and Evolution by Duke University, Mixed level, COURSE"
Introduction to Genomic Technologies,Johns Hopkins University,COURSE,4.6,Mixed,42k,"Introduction to Genomic Technologies by Johns Hopkins University, Mixed level, COURSE"
Introduction to HTML5,University of Michigan,COURSE,4.7,Mixed,220k,"Introduction to HTML5 by University of Michigan, Mixed level, COURSE"
Introduction to Imagemaking,California Institute of the Arts,COURSE,4.5,Beginner,54k,"Introduction to Imagemaking by California Institute of the Arts, Beginner level, COURSE"
Introduction to Intellectual Property,University of Pennsylvania,COURSE,4.8,Beginner,6k,"Introduction to Intellectual Property by University of Pennsylvania, Beginner level, COURSE"
Introduction to International Criminal Law,Case Western Reserve University,COURSE,4.8,Mixed,82k,"Introduction to International Criminal Law by Case Western Reserve University, Mixed level, COURSE"
Introduction to Marketing,University of Pennsylvania,COURSE,4.8,Mixed,220k,"Introduction to Marketing by University of Pennsylvania, Mixed level, COURSE"
Introduction to Mathematical Thinking,Stanford University,COURSE,4.8,Intermediate,270k,"Introduction to Mathematical Thinking by Stanford University, Intermediate level, COURSE"
Introduction to Operations Management,University of Pennsylvania,COURSE,4.5,Mixed,87k,"Introduction to Operations Management by University of Pennsylvania, Mixed level, COURSE"
Introduction to Personal Branding,University of Virginia,COURSE,4.4,Beginner,140k,"Introduction to Personal Branding by University of Virginia, Beginner level, COURSE"
Introduction to Philosophy,The University of Edinburgh,COURSE,4.6,Mixed,370k,"Introduction to Philosophy by The University of Edinburgh, Mixed level, COURSE"
Introduction to Portfolio Construction and Analysis with Python,EDHEC Business School,COURSE,4.8,Mixed,11k,"Introduction to Portfolio Construction and Analysis with Python by EDHEC Business School, Mixed level, COURSE"
Introduction to Probability and Data,Duke University,COURSE,4.7,Beginner,160k,"Introduction to Probability and Data by Duke University, Beginner level, COURSE"
Introduction to Programming in C,Duke University,SPECIALIZATION,4.7,Beginner,82k,"Introduction to Programming in C by Duke University, Beginner level, SPECIALIZATION"
Introduction to Programming with MATLAB,Vanderbilt University,COURSE,4.8,Beginner,270k,"Introduction to Programming with MATLAB by Vanderbilt University, Beginner level, COURSE"
Introduction to Psychology,Yale University,COURSE,4.9,Beginner,270k,"Introduction to Psychology by Yale University, Beginner level, COURSE"
Introduction to Scripting in Python,Rice University,SPECIALIZATION,4.7,Beginner,49k,"Introduction to Scripting in Python by Rice University, Beginner level, SPECIALIZATION"
Introduction to Self-Driving Cars,University of Toronto,COURSE,4.8,Advanced,39k,"Introduction to Self-Driving Cars by University of Toronto, Advanced level, COURSE"
Introduction to Spreadsheets and Models,University of Pennsylvania,COURSE,4.2,Mixed,76k,"Introduction to Spreadsheets and Models by University of Pennsylvania, Mixed level, COURSE"
Introduction to Statistics & Data Analysis in Public Health,Imperial College London,COURSE,4.7,Beginner,12k,"Introduction to Statistics & Data Analysis in Public Health by Imperial College London, Beginner level, COURSE"
Introduction to Sustainability,University of Illinois at Urbana-Champaign,COURSE,4.8,Mixed,69k,"Introduction to Sustainability by University of Illinois at Urbana-Champaign, Mixed level, COURSE"
Introduction to Systematic Review and Meta-Analysis,Johns Hopkins University,COURSE,4.8,Mixed,67k,"Introduction to Systematic Review and Meta-Analysis by Johns Hopkins University, Mixed level, COURSE"
Introduction to Systems Engineering,UNSW Sydney (The University of New South Wales),COURSE,4.7,Mixed,33k,"Introduction to Systems Engineering by UNSW Sydney (The University of New South Wales), Mixed level, COURSE"
"Introduction to TensorFlow for Artificial Intelligence, Machine Learning, and Deep Learning",deeplearning.ai,COURSE,4.7,Intermediate,150k,"Introduction to TensorFlow for Artificial Intelligence, Machine Learning, and Deep Learning by deeplearning.ai, Intermediate level, COURSE"
Introduction to Thermodynamics: Transferring Energy from Here to There,University of Michigan,COURSE,4.8,Beginner,4.1k,"Introduction to Thermodynamics: Transferring Energy from Here to There by University of Michigan, Beginner level, COURSE"
"Introduction to Trading, Machine Learning & GCP",New York Institute of Finance,COURSE,4.0,Intermediate,13k,"Introduction to Trading, Machine Learning & GCP by New York Institute of Finance, Intermediate level, COURSE"
Introduction to Typography,California Institute of the Arts,COURSE,4.8,Beginner,72k,"Introduction to Typography by California Institute of the Arts, Beginner level, COURSE"
Introduction to User Experience Design,Georgia Institute of Technology,COURSE,4.5,Beginner,87k,"Introduction to User Experience Design by Georgia Institute of Technology, Beginner level, COURSE"
Introduction to User Experience Principles and Processes,University of Michigan,COURSE,4.8,Beginner,16k,"Introduction to User Experience Principles and Processes by University of Michigan, Beginner level, COURSE"
Introduction to Web Development,"University of California, Davis",COURSE,4.7,Beginner,76k,"Introduction to Web Development by University of California, Davis, Beginner level, COURSE"
Introduction to the Biology of Cancer,Johns Hopkins University,COURSE,4.8,Beginner,110k,"Introduction to the Biology of Cancer by Johns Hopkins University, Beginner level, COURSE"
Introductory Human Physiology,Duke University,COURSE,4.7,Mixed,270k,"Introductory Human Physiology by Duke University, Mixed level, COURSE"
Introdução aos Princípios e Práticas da Gestão De Projetos,Universidade de São Paulo,SPECIALIZATION,4.9,Beginner,4.5k,"Introdução aos Princípios e Práticas da Gestão De Projetos by Universidade de São Paulo, Beginner level, SPECIALIZATION"
Introdução à Ciência da Computação com Python Parte 1,Universidade de São Paulo,COURSE,4.9,Beginner,120k,"Introdução à Ciência da Computação com Python Parte 1 by Universidade de São Paulo, Beginner level, COURSE"
Investment Management,University of Geneva,SPECIALIZATION,4.7,Beginner,99k,"Investment Management by University of Geneva, Beginner level, SPECIALIZATION"
Investment Management with Python and Machine Learning,EDHEC Business School,SPECIALIZATION,4.6,Beginner,14k,"Investment Management with Python and Machine Learning by EDHEC Business School, Beginner level, SPECIALIZATION"
Investment and Portfolio Management,Rice University,SPECIALIZATION,4.5,Beginner,49k,"Investment and Portfolio Management by Rice University, Beginner level, SPECIALIZATION"
Japanese for beginners 1,Saint Petersburg State University,COURSE,4.6,Beginner,4.4k,"Japanese for beginners 1 by Saint Petersburg State University, Beginner level, COURSE"
Java Programming and Software Engineering Fundamentals,Duke University,SPECIALIZATION,4.6,Beginner,380k,"Java Programming and Software Engineering Fundamentals by Duke University, Beginner level, SPECIALIZATION"
Java Programming: Solving Problems with Software,Duke University,COURSE,4.6,Beginner,160k,"Java Programming: Solving Problems with Software by Duke University, Beginner level, COURSE"
Julia Scientific Programming,University of Cape Town,COURSE,4.5,Beginner,22k,"Julia Scientific Programming by University of Cape Town, Beginner level, COURSE"
Kotlin for Java Developers,JetBrains,COURSE,4.7,Intermediate,37k,"Kotlin for Java Developers by JetBrains, Intermediate level, COURSE"
L'excellence opérationnelle en pratique,ESSEC Business School,COURSE,4.7,Beginner,8k,"L'excellence opérationnelle en pratique by ESSEC Business School, Beginner level, COURSE"
"L'impact investing, la finance qui change le monde",ESSEC Business School,SPECIALIZATION,4.6,Beginner,6.3k,"L'impact investing, la finance qui change le monde by ESSEC Business School, Beginner level, SPECIALIZATION"
Leadership Development for Engineers,Rice University,SPECIALIZATION,4.7,Beginner,17k,"Leadership Development for Engineers by Rice University, Beginner level, SPECIALIZATION"
Leadership in 21st Century Organizations,Copenhagen Business School,COURSE,4.7,Mixed,34k,"Leadership in 21st Century Organizations by Copenhagen Business School, Mixed level, COURSE"
Leading Healthcare Quality and Safety,The George Washington University,COURSE,4.8,Beginner,16k,"Leading Healthcare Quality and Safety by The George Washington University, Beginner level, COURSE"
Leading People and Teams,University of Michigan,SPECIALIZATION,4.7,Beginner,220k,"Leading People and Teams by University of Michigan, Beginner level, SPECIALIZATION"
"Leading for Equity, Diversity and Inclusion in Higher Education",University of Michigan,COURSE,4.7,Intermediate,5.9k,"Leading for Equity, Diversity and Inclusion in Higher Education by University of Michigan, Intermediate level, COURSE"
Leading: Human Resource Management and Leadership,Macquarie University,SPECIALIZATION,4.8,Intermediate,16k,"Leading: Human Resource Management and Leadership by Macquarie University, Intermediate level, SPECIALIZATION"
Learn Chinese: HSK Test Preparation,Peking University,SPECIALIZATION,4.8,Beginner,43k,"Learn Chinese: HSK Test Preparation by Peking University, Beginner level, SPECIALIZATION"
Learn English,Tsinghua University,SPECIALIZATION,4.3,Beginner,22k,"Learn English by Tsinghua University, Beginner level, SPECIALIZATION"
Learn English: Advanced Academic Speaking and Listening,"University of California, Irvine",SPECIALIZATION,4.5,Intermediate,78k,"Learn English: Advanced Academic Speaking and Listening by University of California, Irvine, Intermediate level, SPECIALIZATION"
Learn English: Advanced Grammar and Punctuation,"University of California, Irvine",SPECIALIZATION,4.8,Advanced,52k,"Learn English: Advanced Grammar and Punctuation by University of California, Irvine, Advanced level, SPECIALIZATION"
Learn English: Intermediate Grammar,"University of California, Irvine",SPECIALIZATION,4.7,Intermediate,120k,"Learn English: Intermediate Grammar by University of California, Irvine, Intermediate level, SPECIALIZATION"
Learn Mandarin Chinese,Shanghai Jiao Tong University,SPECIALIZATION,4.8,Beginner,39k,"Learn Mandarin Chinese by Shanghai Jiao Tong University, Beginner level, SPECIALIZATION"
Learn SQL Basics for Data Science,"University of California, Davis",SPECIALIZATION,4.6,Beginner,160k,"Learn SQL Basics for Data Science by University of California, Davis, Beginner level, SPECIALIZATION"
Learn Spanish: Basic Spanish Vocabulary,"University of California, Davis",SPECIALIZATION,4.6,Beginner,80k,"Learn Spanish: Basic Spanish Vocabulary by University of California, Davis, Beginner level, SPECIALIZATION"
Learn to Program: The Fundamentals,University of Toronto,COURSE,4.8,Beginner,180k,"Learn to Program: The Fundamentals by University of Toronto, Beginner level, COURSE"
Learn to Speak Korean 1,Yonsei University,COURSE,4.9,Beginner,120k,"Learn to Speak Korean 1 by Yonsei University, Beginner level, COURSE"
Learning to Teach Online,UNSW Sydney (The University of New South Wales),COURSE,4.7,Beginner,68k,"Learning to Teach Online by UNSW Sydney (The University of New South Wales), Beginner level, COURSE"
Legal Tech & Startups,IE Business School,COURSE,4.5,Intermediate,7.2k,"Legal Tech & Startups by IE Business School, Intermediate level, COURSE"
Les Fondamentaux de la Négociation,ESSEC Business School,COURSE,4.7,Beginner,10k,"Les Fondamentaux de la Négociation by ESSEC Business School, Beginner level, COURSE"
Liderazgo efectivo para el siglo XXI,Universidad de los Andes,SPECIALIZATION,4.8,Intermediate,23k,"Liderazgo efectivo para el siglo XXI by Universidad de los Andes, Intermediate level, SPECIALIZATION"
Linear Circuits 1: DC Analysis,Georgia Institute of Technology,COURSE,4.6,Mixed,29k,"Linear Circuits 1: DC Analysis by Georgia Institute of Technology, Mixed level, COURSE"
Love as a Force for Social Justice,Stanford University,COURSE,4.7,Beginner,14k,"Love as a Force for Social Justice by Stanford University, Beginner level, COURSE"
Machine Learning,University of Washington,SPECIALIZATION,4.6,Intermediate,290k,"Machine Learning by University of Washington, Intermediate level, SPECIALIZATION"
Machine Learning,Stanford University,COURSE,4.9,Mixed,3.2m,"Machine Learning by Stanford University, Mixed level, COURSE"
Machine Learning Foundations: A Case Study Approach,University of Washington,COURSE,4.6,Mixed,240k,"Machine Learning Foundations: A Case Study Approach by University of Washington, Mixed level, COURSE"
Machine Learning and Reinforcement Learning in Finance,New York University,SPECIALIZATION,3.7,Intermediate,29k,"Machine Learning and Reinforcement Learning in Finance by New York University, Intermediate level, SPECIALIZATION"
Machine Learning for All,University of London,COURSE,4.6,Beginner,19k,"Machine Learning for All by University of London, Beginner level, COURSE"
Machine Learning for Business Professionals,Google Cloud,COURSE,4.6,Intermediate,58k,"Machine Learning for Business Professionals by Google Cloud, Intermediate level, COURSE"
Machine Learning for Trading,Google Cloud,SPECIALIZATION,3.9,Intermediate,15k,"Machine Learning for Trading by Google Cloud, Intermediate level, SPECIALIZATION"
Machine Learning with Python,IBM,COURSE,4.7,Intermediate,120k,"Machine Learning with Python by IBM, Intermediate level, COURSE"
Machine Learning with TensorFlow on Google Cloud Platform,Google Cloud,SPECIALIZATION,4.5,Intermediate,72k,"Machine Learning with TensorFlow on Google Cloud Platform by Google Cloud, Intermediate level, SPECIALIZATION"
Magic in the Middle Ages,Universitat de Barcelona,COURSE,4.6,Beginner,78k,"Magic in the Middle Ages by Universitat de Barcelona, Beginner level, COURSE"
Making Architecture,IE School of Architecture & Design,COURSE,4.7,Beginner,43k,"Making Architecture by IE School of Architecture & Design, Beginner level, COURSE"
Management of Fashion and Luxury Companies,Università Bocconi,COURSE,4.7,Mixed,120k,"Management of Fashion and Luxury Companies by Università Bocconi, Mixed level, COURSE"
Managerial Accounting Fundamentals,University of Virginia,COURSE,4.9,Beginner,11k,"Managerial Accounting Fundamentals by University of Virginia, Beginner level, COURSE"
Managerial Economics and Business Analysis,University of Illinois at Urbana-Champaign,SPECIALIZATION,4.7,Beginner,55k,"Managerial Economics and Business Analysis by University of Illinois at Urbana-Champaign, Beginner level, SPECIALIZATION"
Managing Innovation and Design Thinking,HEC Paris,SPECIALIZATION,4.7,Beginner,23k,"Managing Innovation and Design Thinking by HEC Paris, Beginner level, SPECIALIZATION"
Managing Project Risks and Changes,"University of California, Irvine",COURSE,4.7,Mixed,71k,"Managing Project Risks and Changes by University of California, Irvine, Mixed level, COURSE"
Managing Social and Human Capital,University of Pennsylvania,COURSE,4.5,Beginner,27k,"Managing Social and Human Capital by University of Pennsylvania, Beginner level, COURSE"
Managing Your Health: The Role of Physical Therapy and Exercise,University of Toronto,COURSE,4.6,Beginner,47k,"Managing Your Health: The Role of Physical Therapy and Exercise by University of Toronto, Beginner level, COURSE"
Market Research,"University of California, Davis",SPECIALIZATION,4.5,Beginner,22k,"Market Research by University of California, Davis, Beginner level, SPECIALIZATION"
Marketing Digital,Universidade de São Paulo,COURSE,4.8,Beginner,81k,"Marketing Digital by Universidade de São Paulo, Beginner level, COURSE"
Marketing Digital,Universidad Austral,SPECIALIZATION,4.7,Beginner,39k,"Marketing Digital by Universidad Austral, Beginner level, SPECIALIZATION"
Marketing Gerencial,Universidad de Chile,COURSE,4.7,Intermediate,49k,"Marketing Gerencial by Universidad de Chile, Intermediate level, COURSE"
Marketing Mix Implementation,IE Business School,SPECIALIZATION,4.6,Beginner,93k,"Marketing Mix Implementation by IE Business School, Beginner level, SPECIALIZATION"
Marketing Strategy,IE Business School,SPECIALIZATION,4.4,Beginner,57k,"Marketing Strategy by IE Business School, Beginner level, SPECIALIZATION"
Marketing Verde,Universidad de los Andes,COURSE,4.8,Mixed,58k,"Marketing Verde by Universidad de los Andes, Mixed level, COURSE"
Marketing con Redes Sociales,Tecnológico de Monterrey,SPECIALIZATION,4.4,Intermediate,60k,"Marketing con Redes Sociales by Tecnológico de Monterrey, Intermediate level, SPECIALIZATION"
Marketing in a Digital World,University of Illinois at Urbana-Champaign,COURSE,4.7,Beginner,310k,"Marketing in a Digital World by University of Illinois at Urbana-Champaign, Beginner level, COURSE"
Mastering Data Analysis in Excel,Duke University,COURSE,4.2,Mixed,280k,"Mastering Data Analysis in Excel by Duke University, Mixed level, COURSE"
Mastering Final Cut Pro,LearnQuest,COURSE,4.6,Beginner,8.4k,"Mastering Final Cut Pro by LearnQuest, Beginner level, COURSE"
Mastering Software Development in R,Johns Hopkins University,SPECIALIZATION,4.3,Beginner,52k,"Mastering Software Development in R by Johns Hopkins University, Beginner level, SPECIALIZATION"
Materials Science: 10 Things Every Engineer Should Know,"University of California, Davis",COURSE,4.7,Mixed,48k,"Materials Science: 10 Things Every Engineer Should Know by University of California, Davis, Mixed level, COURSE"
Mathematics for Data Science,National Research University Higher School of Economics,SPECIALIZATION,4.5,Beginner,12k,"Mathematics for Data Science by National Research University Higher School of Economics, Beginner level, SPECIALIZATION"
Mathematics for Machine Learning,Imperial College London,SPECIALIZATION,4.6,Beginner,150k,"Mathematics for Machine Learning by Imperial College London, Beginner level, SPECIALIZATION"
Mathematics for Machine Learning: Linear Algebra,Imperial College London,COURSE,4.7,Beginner,140k,"Mathematics for Machine Learning: Linear Algebra by Imperial College London, Beginner level, COURSE"
Mathematics for Machine Learning: Multivariate Calculus,Imperial College London,COURSE,4.7,Beginner,51k,"Mathematics for Machine Learning: Multivariate Calculus by Imperial College London, Beginner level, COURSE"
Mathematics for Machine Learning: PCA,Imperial College London,COURSE,4.0,Intermediate,33k,"Mathematics for Machine Learning: PCA by Imperial College London, Intermediate level, COURSE"
Medical Cannabis: The Health Effects of THC and CBD,University of Colorado Boulder,SPECIALIZATION,4.8,Beginner,4.8k,"Medical Cannabis: The Health Effects of THC and CBD by University of Colorado Boulder, Beginner level, SPECIALIZATION"
Medical Neuroscience,Duke University,COURSE,4.9,Advanced,170k,"Medical Neuroscience by Duke University, Advanced level, COURSE"
Memoir and Personal Essay: Write About Yourself,Wesleyan University,SPECIALIZATION,4.3,Beginner,13k,"Memoir and Personal Essay: Write About Yourself by Wesleyan University, Beginner level, SPECIALIZATION"
Methods and Statistics in Social Sciences,University of Amsterdam,SPECIALIZATION,4.6,Beginner,260k,"Methods and Statistics in Social Sciences by University of Amsterdam, Beginner level, SPECIALIZATION"
Microeconomics Principles,University of Illinois at Urbana-Champaign,COURSE,4.9,Beginner,73k,"Microeconomics Principles by University of Illinois at Urbana-Champaign, Beginner level, COURSE"
Microeconomics: The Power of Markets,University of Pennsylvania,COURSE,4.7,Mixed,34k,"Microeconomics: The Power of Markets by University of Pennsylvania, Mixed level, COURSE"
Mindshift: Break Through Obstacles to Learning and Discover Your Hidden Potential,McMaster University,COURSE,4.8,Beginner,230k,"Mindshift: Break Through Obstacles to Learning and Discover Your Hidden Potential by McMaster University, Beginner level, COURSE"
Miracles of Human Language: An Introduction to Linguistics,Universiteit Leiden,COURSE,4.7,Beginner,120k,"Miracles of Human Language: An Introduction to Linguistics by Universiteit Leiden, Beginner level, COURSE"
Model Thinking,University of Michigan,COURSE,4.8,Mixed,130k,"Model Thinking by University of Michigan, Mixed level, COURSE"
Modeling Risk and Realities,University of Pennsylvania,COURSE,4.6,Mixed,36k,"Modeling Risk and Realities by University of Pennsylvania, Mixed level, COURSE"
Modern Art & Ideas,The Museum of Modern Art,COURSE,4.7,Beginner,310k,"Modern Art & Ideas by The Museum of Modern Art, Beginner level, COURSE"
Modern Big Data Analysis with SQL,Cloudera,SPECIALIZATION,4.8,Beginner,14k,"Modern Big Data Analysis with SQL by Cloudera, Beginner level, SPECIALIZATION"
"Modern Robotics:  Mechanics, Planning, and Control",Northwestern University,SPECIALIZATION,4.7,Intermediate,21k,"Modern Robotics:  Mechanics, Planning, and Control by Northwestern University, Intermediate level, SPECIALIZATION"
Modernizing Data Lakes and Data Warehouses with GCP,Google Cloud,COURSE,4.7,Intermediate,9.1k,"Modernizing Data Lakes and Data Warehouses with GCP by Google Cloud, Intermediate level, COURSE"
Moral Foundations of Politics,Yale University,COURSE,4.8,Mixed,100k,"Moral Foundations of Politics by Yale University, Mixed level, COURSE"
More Introduction to Financial Accounting,University of Pennsylvania,COURSE,4.9,Mixed,40k,"More Introduction to Financial Accounting by University of Pennsylvania, Mixed level, COURSE"
Mountains 101,University of Alberta,COURSE,4.9,Mixed,44k,"Mountains 101 by University of Alberta, Mixed level, COURSE"
Municipal Solid Waste Management in Developing Countries,École Polytechnique Fédérale de Lausanne,COURSE,4.8,Intermediate,59k,"Municipal Solid Waste Management in Developing Countries by École Polytechnique Fédérale de Lausanne, Intermediate level, COURSE"
Music Business,Berklee College of Music,SPECIALIZATION,4.8,Beginner,42k,"Music Business by Berklee College of Music, Beginner level, SPECIALIZATION"
Music Business Foundations,Berklee College of Music,COURSE,4.9,Mixed,34k,"Music Business Foundations by Berklee College of Music, Mixed level, COURSE"
Music Production,Berklee College of Music,SPECIALIZATION,4.8,Beginner,70k,"Music Production by Berklee College of Music, Beginner level, SPECIALIZATION"
Nanotechnology: A Maker’s Course,Duke University,COURSE,4.8,Mixed,21k,"Nanotechnology: A Maker’s Course by Duke University, Mixed level, COURSE"
Natural Language Processing in TensorFlow,deeplearning.ai,COURSE,4.6,Intermediate,40k,"Natural Language Processing in TensorFlow by deeplearning.ai, Intermediate level, COURSE"
Negociación exitosa: Estrategias y habilidades esenciales (en español),University of Michigan,COURSE,4.8,Mixed,95k,"Negociación exitosa: Estrategias y habilidades esenciales (en español) by University of Michigan, Mixed level, COURSE"
"Negotiation, Mediation and Conflict Resolution",ESSEC Business School,SPECIALIZATION,4.7,Beginner,22k,"Negotiation, Mediation and Conflict Resolution by ESSEC Business School, Beginner level, SPECIALIZATION"
Networking and Security Architecture with VMware NSX,VMware,COURSE,4.8,Intermediate,17k,"Networking and Security Architecture with VMware NSX by VMware, Intermediate level, COURSE"
Networking in Google Cloud,Google Cloud,SPECIALIZATION,4.7,Intermediate,290k,"Networking in Google Cloud by Google Cloud, Intermediate level, SPECIALIZATION"
Neural Networks and Deep Learning,deeplearning.ai,COURSE,4.9,Intermediate,630k,"Neural Networks and Deep Learning by deeplearning.ai, Intermediate level, COURSE"
Neurolinguistics,Saint Petersburg State University,COURSE,4.7,Mixed,41k,"Neurolinguistics by Saint Petersburg State University, Mixed level, COURSE"
New Approaches to Countering Terror: Countering Violent Extremism,"University of Maryland, College Park",COURSE,4.7,Beginner,12k,"New Approaches to Countering Terror: Countering Violent Extremism by University of Maryland, College Park, Beginner level, COURSE"
Newborn Baby Care,University of Colorado System,SPECIALIZATION,4.8,Beginner,5.3k,"Newborn Baby Care by University of Colorado System, Beginner level, SPECIALIZATION"
Nutrición y obesidad: control de sobrepeso,Universidad Nacional Autónoma de México,COURSE,4.8,Beginner,100k,"Nutrición y obesidad: control de sobrepeso by Universidad Nacional Autónoma de México, Beginner level, COURSE"
Nutrition and Lifestyle in Pregnancy,Ludwig-Maximilians-Universität München (LMU),COURSE,4.8,Intermediate,35k,"Nutrition and Lifestyle in Pregnancy by Ludwig-Maximilians-Universität München (LMU), Intermediate level, COURSE"
Object Oriented Java Programming: Data Structures and Beyond,University of California San Diego,SPECIALIZATION,4.7,Intermediate,250k,"Object Oriented Java Programming: Data Structures and Beyond by University of California San Diego, Intermediate level, SPECIALIZATION"
Object Oriented Programming in Java,Duke University,SPECIALIZATION,4.6,Beginner,330k,"Object Oriented Programming in Java by Duke University, Beginner level, SPECIALIZATION"
Object-Oriented Data Structures in C++,University of Illinois at Urbana-Champaign,COURSE,4.7,Intermediate,21k,"Object-Oriented Data Structures in C++ by University of Illinois at Urbana-Champaign, Intermediate level, COURSE"
Object-Oriented Design,University of Alberta,COURSE,4.7,Intermediate,33k,"Object-Oriented Design by University of Alberta, Intermediate level, COURSE"
Oil & Gas Industry Operations and Markets,Duke University,COURSE,4.8,Mixed,57k,"Oil & Gas Industry Operations and Markets by Duke University, Mixed level, COURSE"
"Open Source Software Development, Linux and Git",The Linux Foundation,SPECIALIZATION,4.4,Beginner,13k,"Open Source Software Development, Linux and Git by The Linux Foundation, Beginner level, SPECIALIZATION"
Operating Systems and You: Becoming a Power User,Google,COURSE,4.6,Beginner,76k,"Operating Systems and You: Becoming a Power User by Google, Beginner level, COURSE"
Operations Analytics,University of Pennsylvania,COURSE,4.7,Mixed,80k,"Operations Analytics by University of Pennsylvania, Mixed level, COURSE"
Optical Engineering,University of Colorado Boulder,SPECIALIZATION,4.2,Advanced,6.2k,"Optical Engineering by University of Colorado Boulder, Advanced level, SPECIALIZATION"
Organizational Leadership,Northwestern University,SPECIALIZATION,4.7,Intermediate,92k,"Organizational Leadership by Northwestern University, Intermediate level, SPECIALIZATION"
Osteoarchaeology: The Truth in Our Bones,Universiteit Leiden,COURSE,4.7,Beginner,22k,"Osteoarchaeology: The Truth in Our Bones by Universiteit Leiden, Beginner level, COURSE"
Palliative Care: It's Not Just Hospice Anymore,University of Colorado System,SPECIALIZATION,4.8,Beginner,3.2k,"Palliative Care: It's Not Just Hospice Anymore by University of Colorado System, Beginner level, SPECIALIZATION"
Palo Alto Networks Cybersecurity,Palo Alto Networks,SPECIALIZATION,4.6,Beginner,9.1k,"Palo Alto Networks Cybersecurity by Palo Alto Networks, Beginner level, SPECIALIZATION"
"Parallel, Concurrent, and Distributed Programming in Java",Rice University,SPECIALIZATION,4.5,Intermediate,30k,"Parallel, Concurrent, and Distributed Programming in Java by Rice University, Intermediate level, SPECIALIZATION"
Particle Physics: an Introduction,University of Geneva,COURSE,4.5,Mixed,42k,"Particle Physics: an Introduction by University of Geneva, Mixed level, COURSE"
Patient Safety,Johns Hopkins University,SPECIALIZATION,4.8,Beginner,8.8k,"Patient Safety by Johns Hopkins University, Beginner level, SPECIALIZATION"
Patrocinio Deportivo,Universitat Autònoma de Barcelona,COURSE,4.6,Beginner,12k,"Patrocinio Deportivo by Universitat Autònoma de Barcelona, Beginner level, COURSE"
People Analytics,University of Pennsylvania,COURSE,4.5,Mixed,84k,"People Analytics by University of Pennsylvania, Mixed level, COURSE"
Perfect Tenses and Modals,"University of California, Irvine",COURSE,4.7,Intermediate,79k,"Perfect Tenses and Modals by University of California, Irvine, Intermediate level, COURSE"
Periodismo digital y combate a las fake news,Universidad Nacional Autónoma de México,COURSE,4.9,Beginner,8.9k,"Periodismo digital y combate a las fake news by Universidad Nacional Autónoma de México, Beginner level, COURSE"
Photography Basics and Beyond: From Smartphone to DSLR,Michigan State University,SPECIALIZATION,4.7,Beginner,160k,"Photography Basics and Beyond: From Smartphone to DSLR by Michigan State University, Beginner level, SPECIALIZATION"
Plant Bioinformatic Methods,University of Toronto,SPECIALIZATION,4.7,Beginner,83k,"Plant Bioinformatic Methods by University of Toronto, Beginner level, SPECIALIZATION"
Politics and Economics of International Energy,Sciences Po,COURSE,4.7,Beginner,34k,"Politics and Economics of International Energy by Sciences Po, Beginner level, COURSE"
Positive Psychiatry and Mental Health,The University of Sydney,COURSE,4.8,Mixed,72k,"Positive Psychiatry and Mental Health by The University of Sydney, Mixed level, COURSE"
Positive Psychology,The University of North Carolina at Chapel Hill,COURSE,4.7,Mixed,180k,"Positive Psychology by The University of North Carolina at Chapel Hill, Mixed level, COURSE"
Positive Psychology: Applications and Interventions,University of Pennsylvania,COURSE,4.8,Beginner,23k,"Positive Psychology: Applications and Interventions by University of Pennsylvania, Beginner level, COURSE"
Positive Psychology: Martin E. P. Seligman’s Visionary Science,University of Pennsylvania,COURSE,4.8,Beginner,50k,"Positive Psychology: Martin E. P. Seligman’s Visionary Science by University of Pennsylvania, Beginner level, COURSE"
Positive Psychology: Resilience Skills,University of Pennsylvania,COURSE,4.6,Beginner,40k,"Positive Psychology: Resilience Skills by University of Pennsylvania, Beginner level, COURSE"
Power Electronics,University of Colorado Boulder,SPECIALIZATION,4.8,Intermediate,67k,"Power Electronics by University of Colorado Boulder, Intermediate level, SPECIALIZATION"
Practical Data Science with MATLAB,MathWorks,SPECIALIZATION,4.7,Beginner,10k,"Practical Data Science with MATLAB by MathWorks, Beginner level, SPECIALIZATION"
Practical Time Series Analysis,The State University of New York,COURSE,4.6,Intermediate,39k,"Practical Time Series Analysis by The State University of New York, Intermediate level, COURSE"
Preparing for the Google Cloud Associate Cloud Engineer Exam,Google Cloud,COURSE,4.7,Beginner,22k,"Preparing for the Google Cloud Associate Cloud Engineer Exam by Google Cloud, Beginner level, COURSE"
Preparing to Manage Human Resources,University of Minnesota,COURSE,4.8,Mixed,68k,"Preparing to Manage Human Resources by University of Minnesota, Mixed level, COURSE"
"Presentation Skills: Speechwriting, Slides and Delivery",E-Learning Development Fund,SPECIALIZATION,4.6,Beginner,47k,"Presentation Skills: Speechwriting, Slides and Delivery by E-Learning Development Fund, Beginner level, SPECIALIZATION"
Pricing Strategy Optimization,BCG,SPECIALIZATION,4.8,Beginner,20k,"Pricing Strategy Optimization by BCG, Beginner level, SPECIALIZATION"
Primeros Auxilios Psicológicos (PAP),Universitat Autònoma de Barcelona,COURSE,4.8,Mixed,280k,"Primeros Auxilios Psicológicos (PAP) by Universitat Autònoma de Barcelona, Mixed level, COURSE"
Private Equity and Venture Capital,Università Bocconi,COURSE,4.8,Mixed,79k,"Private Equity and Venture Capital by Università Bocconi, Mixed level, COURSE"
Probabilistic Graphical Models 1: Representation,Stanford University,COURSE,4.7,Advanced,68k,"Probabilistic Graphical Models 1: Representation by Stanford University, Advanced level, COURSE"
Probability and Statistics: To p or not to p?,University of London,COURSE,4.6,Beginner,36k,"Probability and Statistics: To p or not to p? by University of London, Beginner level, COURSE"
Process Mining: Data science in Action,Eindhoven University of Technology,COURSE,4.8,Intermediate,39k,"Process Mining: Data science in Action by Eindhoven University of Technology, Intermediate level, COURSE"
"Programming Foundations with JavaScript, HTML and CSS",Duke University,COURSE,4.6,Beginner,250k,"Programming Foundations with JavaScript, HTML and CSS by Duke University, Beginner level, COURSE"
Programming Fundamentals,Duke University,COURSE,4.7,Beginner,19k,"Programming Fundamentals by Duke University, Beginner level, COURSE"
Programming for Everybody (Getting Started with Python),University of Michigan,COURSE,4.8,Mixed,1.3m,"Programming for Everybody (Getting Started with Python) by University of Michigan, Mixed level, COURSE"
Programming with Google Go,"University of California, Irvine",SPECIALIZATION,4.6,Intermediate,18k,"Programming with Google Go by University of California, Irvine, Intermediate level, SPECIALIZATION"
Project Execution,"University of California, Irvine",COURSE,4.2,Beginner,70k,"Project Execution by University of California, Irvine, Beginner level, COURSE"
Project Launch,"University of California, Irvine",COURSE,4.7,Beginner,190k,"Project Launch by University of California, Irvine, Beginner level, COURSE"
Project Management & Other Tools for Career Development,"University of California, Irvine",SPECIALIZATION,4.6,Beginner,440k,"Project Management & Other Tools for Career Development by University of California, Irvine, Beginner level, SPECIALIZATION"
Project Management Principles and Practices,"University of California, Irvine",SPECIALIZATION,4.7,Beginner,230k,"Project Management Principles and Practices by University of California, Irvine, Beginner level, SPECIALIZATION"
Psychological First Aid,Johns Hopkins University,COURSE,4.8,Mixed,190k,"Psychological First Aid by Johns Hopkins University, Mixed level, COURSE"
Public Policy Challenges of the 21st Century,University of Virginia,COURSE,4.6,Beginner,52k,"Public Policy Challenges of the 21st Century by University of Virginia, Beginner level, COURSE"
Python Basics,University of Michigan,COURSE,4.8,Beginner,110k,"Python Basics by University of Michigan, Beginner level, COURSE"
Python Classes and Inheritance,University of Michigan,COURSE,4.7,Intermediate,21k,"Python Classes and Inheritance by University of Michigan, Intermediate level, COURSE"
Python Data Structures,University of Michigan,COURSE,4.9,Mixed,420k,"Python Data Structures by University of Michigan, Mixed level, COURSE"
"Python Functions, Files, and Dictionaries",University of Michigan,COURSE,4.8,Beginner,26k,"Python Functions, Files, and Dictionaries by University of Michigan, Beginner level, COURSE"
Python and Statistics for Financial Analysis,The Hong Kong University of Science and Technology,COURSE,4.4,Intermediate,41k,"Python and Statistics for Financial Analysis by The Hong Kong University of Science and Technology, Intermediate level, COURSE"
Python for Data Science and AI,IBM,COURSE,4.6,Beginner,170k,"Python for Data Science and AI by IBM, Beginner level, COURSE"
Python for Everybody,University of Michigan,SPECIALIZATION,4.8,Beginner,1.5m,"Python for Everybody by University of Michigan, Beginner level, SPECIALIZATION"
Quantitative Methods,University of Amsterdam,COURSE,4.7,Mixed,69k,"Quantitative Methods by University of Amsterdam, Mixed level, COURSE"
Queering Identities: LGBTQ+ Sexuality and Gender Identity,University of Colorado System,COURSE,4.9,Beginner,3k,"Queering Identities: LGBTQ+ Sexuality and Gender Identity by University of Colorado System, Beginner level, COURSE"
R Programming,Johns Hopkins University,COURSE,4.6,Intermediate,480k,"R Programming by Johns Hopkins University, Intermediate level, COURSE"
"Ready, Set, Future! Introduction to Futures Thinking",Institute for the Future,COURSE,4.8,Beginner,7.7k,"Ready, Set, Future! Introduction to Futures Thinking by Institute for the Future, Beginner level, COURSE"
Recommender Systems,University of Minnesota,SPECIALIZATION,4.3,Intermediate,29k,"Recommender Systems by University of Minnesota, Intermediate level, SPECIALIZATION"
"Recruiting, Hiring, and Onboarding Employees",University of Minnesota,COURSE,4.7,Mixed,35k,"Recruiting, Hiring, and Onboarding Employees by University of Minnesota, Mixed level, COURSE"
Reinforcement Learning,University of Alberta,SPECIALIZATION,4.7,Intermediate,23k,"Reinforcement Learning by University of Alberta, Intermediate level, SPECIALIZATION"
Renewable Energy and Green Building Entrepreneurship,Duke University,COURSE,4.7,Beginner,24k,"Renewable Energy and Green Building Entrepreneurship by Duke University, Beginner level, COURSE"
Reporting extra-financier et stratégie RSE,ESSEC Business School,COURSE,4.7,Beginner,5.2k,"Reporting extra-financier et stratégie RSE by ESSEC Business School, Beginner level, COURSE"
Requirements Engineering: Secure Software  Specifications,University of Colorado System,SPECIALIZATION,4.6,Beginner,7.2k,"Requirements Engineering: Secure Software  Specifications by University of Colorado System, Beginner level, SPECIALIZATION"
Research Data Management and Sharing,The University of Edinburgh,COURSE,4.6,Mixed,16k,"Research Data Management and Sharing by The University of Edinburgh, Mixed level, COURSE"
"Resilience in Children Exposed to Trauma, Disaster and War: Global Perspectives",University of Minnesota,COURSE,4.8,Mixed,15k,"Resilience in Children Exposed to Trauma, Disaster and War: Global Perspectives by University of Minnesota, Mixed level, COURSE"
Responsive Website Development and Design,"Goldsmiths, University of London",SPECIALIZATION,4.5,Beginner,170k,"Responsive Website Development and Design by Goldsmiths, University of London, Beginner level, SPECIALIZATION"
Rethinking International Tax Law,Universiteit Leiden,COURSE,4.9,Mixed,36k,"Rethinking International Tax Law by Universiteit Leiden, Mixed level, COURSE"
Revisão Sistemática e Meta-análise,Universidade Estadual de Campinas,COURSE,4.9,Intermediate,17k,"Revisão Sistemática e Meta-análise by Universidade Estadual de Campinas, Intermediate level, COURSE"
Robotics,University of Pennsylvania,SPECIALIZATION,4.4,Beginner,120k,"Robotics by University of Pennsylvania, Beginner level, SPECIALIZATION"
Roman Architecture,Yale University,COURSE,4.9,Beginner,30k,"Roman Architecture by Yale University, Beginner level, COURSE"
Russian Alphabet,Saint Petersburg State University,COURSE,4.7,Beginner,3.2k,"Russian Alphabet by Saint Petersburg State University, Beginner level, COURSE"
Russian for beginners А1. Русский язык: A1,Saint Petersburg State University,SPECIALIZATION,4.7,Beginner,7k,"Russian for beginners А1. Русский язык: A1 by Saint Petersburg State University, Beginner level, SPECIALIZATION"
Réussir le Changement,ESSEC Business School,COURSE,4.5,Mixed,33k,"Réussir le Changement by ESSEC Business School, Mixed level, COURSE"
SAS Programmer,SAS,PROFESSIONAL CERTIFICATE,4.8,Beginner,370k,"SAS Programmer by SAS, Beginner level, PROFESSIONAL CERTIFICATE"
SAS Visual Business Analytics,SAS,PROFESSIONAL CERTIFICATE,4.6,Beginner,2.6k,"SAS Visual Business Analytics by SAS, Beginner level, PROFESSIONAL CERTIFICATE"
SQL for Data Science,"University of California, Davis",COURSE,4.6,Beginner,160k,"SQL for Data Science by University of California, Davis, Beginner level, COURSE"
Sales Operations/Management,West Virginia University,SPECIALIZATION,4.4,Beginner,5.6k,"Sales Operations/Management by West Virginia University, Beginner level, SPECIALIZATION"
Sales Training for High Performing Teams,HubSpot Academy,SPECIALIZATION,4.7,Beginner,16k,"Sales Training for High Performing Teams by HubSpot Academy, Beginner level, SPECIALIZATION"
Sample-based Learning Methods,University of Alberta,COURSE,4.8,Intermediate,6.8k,"Sample-based Learning Methods by University of Alberta, Intermediate level, COURSE"
Scaling Operations: Linking Strategy and Execution,Northwestern University,COURSE,4.5,Mixed,12k,"Scaling Operations: Linking Strategy and Execution by Northwestern University, Mixed level, COURSE"
School Health for Children and Adolescents,University of Colorado System,SPECIALIZATION,4.8,Beginner,9.1k,"School Health for Children and Adolescents by University of Colorado System, Beginner level, SPECIALIZATION"
Science of Exercise,University of Colorado Boulder,COURSE,4.8,Beginner,140k,"Science of Exercise by University of Colorado Boulder, Beginner level, COURSE"
Search Engine Optimization Fundamentals,"University of California, Davis",COURSE,4.7,Mixed,47k,"Search Engine Optimization Fundamentals by University of California, Davis, Mixed level, COURSE"
Secure Coding Practices,"University of California, Davis",SPECIALIZATION,4.4,Intermediate,6.4k,"Secure Coding Practices by University of California, Davis, Intermediate level, SPECIALIZATION"
Security & Safety Challenges in a Globalized World,Universiteit Leiden,COURSE,4.7,Beginner,14k,"Security & Safety Challenges in a Globalized World by Universiteit Leiden, Beginner level, COURSE"
Security in Google Cloud Platform,Google Cloud,SPECIALIZATION,4.7,Intermediate,300k,"Security in Google Cloud Platform by Google Cloud, Intermediate level, SPECIALIZATION"
Self-Driving Cars,University of Toronto,SPECIALIZATION,4.7,Advanced,39k,"Self-Driving Cars by University of Toronto, Advanced level, SPECIALIZATION"
Sequence Models,deeplearning.ai,COURSE,4.8,Intermediate,14k,"Sequence Models by deeplearning.ai, Intermediate level, COURSE"
Sexualidad...mucho más que sexo,Universidad de los Andes,COURSE,4.8,Beginner,110k,"Sexualidad...mucho más que sexo by Universidad de los Andes, Beginner level, COURSE"
Sharpened Visions: A Poetry Workshop,California Institute of the Arts,COURSE,4.7,Beginner,61k,"Sharpened Visions: A Poetry Workshop by California Institute of the Arts, Beginner level, COURSE"
Site Reliability Engineering: Measuring and Managing Reliability,Google Cloud,COURSE,4.5,Advanced,16k,"Site Reliability Engineering: Measuring and Managing Reliability by Google Cloud, Advanced level, COURSE"
Six Sigma Green Belt,University System of Georgia,SPECIALIZATION,4.7,Intermediate,18k,"Six Sigma Green Belt by University System of Georgia, Intermediate level, SPECIALIZATION"
Six Sigma and the Organization (Advanced),University System of Georgia,COURSE,4.7,Intermediate,15k,"Six Sigma and the Organization (Advanced) by University System of Georgia, Intermediate level, COURSE"
"Sleep: Neurobiology, Medicine, and Society",University of Michigan,COURSE,4.8,Beginner,20k,"Sleep: Neurobiology, Medicine, and Society by University of Michigan, Beginner level, COURSE"
Smart Cities – Management of Smart Urban Infrastructures,École Polytechnique Fédérale de Lausanne,COURSE,4.6,Beginner,22k,"Smart Cities – Management of Smart Urban Infrastructures by École Polytechnique Fédérale de Lausanne, Beginner level, COURSE"
Social Entrepreneurship,Copenhagen Business School,SPECIALIZATION,4.6,Beginner,13k,"Social Entrepreneurship by Copenhagen Business School, Beginner level, SPECIALIZATION"
Social Media Marketing,Northwestern University,SPECIALIZATION,4.6,Beginner,130k,"Social Media Marketing by Northwestern University, Beginner level, SPECIALIZATION"
"Social Norms, Social Change I",University of Pennsylvania,COURSE,4.6,Beginner,78k,"Social Norms, Social Change I by University of Pennsylvania, Beginner level, COURSE"
Social Policy for Social Services & Health Practitioners,Columbia University,SPECIALIZATION,4.8,Beginner,4.2k,"Social Policy for Social Services & Health Practitioners by Columbia University, Beginner level, SPECIALIZATION"
Social Psychology,Wesleyan University,COURSE,4.7,Beginner,220k,"Social Psychology by Wesleyan University, Beginner level, COURSE"
Social and Economic Networks:  Models and Analysis,Stanford University,COURSE,4.8,Advanced,42k,"Social and Economic Networks:  Models and Analysis by Stanford University, Advanced level, COURSE"
Software Design and Architecture,University of Alberta,SPECIALIZATION,4.6,Beginner,60k,"Software Design and Architecture by University of Alberta, Beginner level, SPECIALIZATION"
Software Development Lifecycle,University of Minnesota,SPECIALIZATION,4.6,Intermediate,34k,"Software Development Lifecycle by University of Minnesota, Intermediate level, SPECIALIZATION"
Software Processes and Agile Practices,University of Alberta,COURSE,4.7,Mixed,60k,"Software Processes and Agile Practices by University of Alberta, Mixed level, COURSE"
Software Product Management,University of Alberta,SPECIALIZATION,4.6,Beginner,110k,"Software Product Management by University of Alberta, Beginner level, SPECIALIZATION"
Solar Energy Basics,The State University of New York,COURSE,4.8,Beginner,17k,"Solar Energy Basics by The State University of New York, Beginner level, COURSE"
Songwriting: Writing the Lyrics,Berklee College of Music,COURSE,4.8,Beginner,68k,"Songwriting: Writing the Lyrics by Berklee College of Music, Beginner level, COURSE"
Soporte de Tecnologías de la Información de Google,Crece con Google,PROFESSIONAL CERTIFICATE,4.9,Beginner,8.8k,"Soporte de Tecnologías de la Información de Google by Crece con Google, Beginner level, PROFESSIONAL CERTIFICATE"
Spacecraft Dynamics and Control,University of Colorado Boulder,SPECIALIZATION,4.8,Advanced,12k,"Spacecraft Dynamics and Control by University of Colorado Boulder, Advanced level, SPECIALIZATION"
Spanish Vocabulary: Meeting People,"University of California, Davis",COURSE,4.6,Beginner,71k,"Spanish Vocabulary: Meeting People by University of California, Davis, Beginner level, COURSE"
"Speak English Professionally: In Person, Online & On the Phone",Georgia Institute of Technology,COURSE,4.6,Mixed,430k,"Speak English Professionally: In Person, Online & On the Phone by Georgia Institute of Technology, Mixed level, COURSE"
Sports Marketing,Northwestern University,COURSE,4.7,Intermediate,12k,"Sports Marketing by Northwestern University, Intermediate level, COURSE"
Sports and Society,Duke University,COURSE,4.8,Mixed,16k,"Sports and Society by Duke University, Mixed level, COURSE"
Stanford Introduction to Food and Health,Stanford University,COURSE,4.7,Beginner,370k,"Stanford Introduction to Food and Health by Stanford University, Beginner level, COURSE"
Stanford's Short Course on Breastfeeding,Stanford University,COURSE,4.7,Beginner,17k,"Stanford's Short Course on Breastfeeding by Stanford University, Beginner level, COURSE"
Statistical Analysis with R for Public Health,Imperial College London,SPECIALIZATION,4.7,Beginner,16k,"Statistical Analysis with R for Public Health by Imperial College London, Beginner level, SPECIALIZATION"
Statistics with Python,University of Michigan,SPECIALIZATION,4.6,Beginner,34k,"Statistics with Python by University of Michigan, Beginner level, SPECIALIZATION"
Statistics with R,Duke University,SPECIALIZATION,4.7,Beginner,220k,"Statistics with R by Duke University, Beginner level, SPECIALIZATION"
Stories of Infection,Stanford University,COURSE,4.9,Intermediate,28k,"Stories of Infection by Stanford University, Intermediate level, COURSE"
Strategic Business Analytics,ESSEC Business School,SPECIALIZATION,4.3,Advanced,60k,"Strategic Business Analytics by ESSEC Business School, Advanced level, SPECIALIZATION"
Strategic Business Management - Microeconomics,"University of California, Irvine",COURSE,4.7,Beginner,9.5k,"Strategic Business Management - Microeconomics by University of California, Irvine, Beginner level, COURSE"
Strategic Leadership and Management,University of Illinois at Urbana-Champaign,SPECIALIZATION,4.7,Beginner,100k,"Strategic Leadership and Management by University of Illinois at Urbana-Champaign, Beginner level, SPECIALIZATION"
Strategic Management,Copenhagen Business School,COURSE,4.7,Mixed,58k,"Strategic Management by Copenhagen Business School, Mixed level, COURSE"
Strategic Management and Innovation,Copenhagen Business School,SPECIALIZATION,4.7,Beginner,68k,"Strategic Management and Innovation by Copenhagen Business School, Beginner level, SPECIALIZATION"
Strategic Sales Management,Fundação Instituto de Administração,SPECIALIZATION,4.5,Intermediate,9.2k,"Strategic Sales Management by Fundação Instituto de Administração, Intermediate level, SPECIALIZATION"
Strategising: Management for Global Competitive Advantage,Macquarie University,SPECIALIZATION,4.8,Intermediate,30k,"Strategising: Management for Global Competitive Advantage by Macquarie University, Intermediate level, SPECIALIZATION"
Strategy and Sustainability,IESE Business School,COURSE,4.6,Beginner,11k,"Strategy and Sustainability by IESE Business School, Beginner level, COURSE"
Structuring Machine Learning Projects,deeplearning.ai,COURSE,4.8,Beginner,220k,"Structuring Machine Learning Projects by deeplearning.ai, Beginner level, COURSE"
Success,University of Pennsylvania,COURSE,4.8,Beginner,38k,"Success by University of Pennsylvania, Beginner level, COURSE"
Successful Negotiation: Essential Strategies and Skills,University of Michigan,COURSE,4.8,Mixed,750k,"Successful Negotiation: Essential Strategies and Skills by University of Michigan, Mixed level, COURSE"
Summary Statistics in Public Health,Johns Hopkins University,COURSE,4.8,Beginner,11k,"Summary Statistics in Public Health by Johns Hopkins University, Beginner level, COURSE"
Supply Chain Analytics,Rutgers the State University of New Jersey,COURSE,4.7,Beginner,7.9k,"Supply Chain Analytics by Rutgers the State University of New Jersey, Beginner level, COURSE"
Supply Chain Finance and Blockchain Technology,New York Institute of Finance,SPECIALIZATION,4.6,Intermediate,4.9k,"Supply Chain Finance and Blockchain Technology by New York Institute of Finance, Intermediate level, SPECIALIZATION"
Supply Chain Logistics,Rutgers the State University of New Jersey,COURSE,4.7,Beginner,66k,"Supply Chain Logistics by Rutgers the State University of New Jersey, Beginner level, COURSE"
Supply Chain Management,Rutgers the State University of New Jersey,SPECIALIZATION,4.7,Beginner,82k,"Supply Chain Management by Rutgers the State University of New Jersey, Beginner level, SPECIALIZATION"
Supply Chain Operations,Rutgers the State University of New Jersey,COURSE,4.8,Beginner,24k,"Supply Chain Operations by Rutgers the State University of New Jersey, Beginner level, COURSE"
Supply Chain Principles,Georgia Institute of Technology,COURSE,4.6,Mixed,29k,"Supply Chain Principles by Georgia Institute of Technology, Mixed level, COURSE"
Supporting children with difficulties in reading and writing,UCL Institute of Education,COURSE,4.8,Mixed,50k,"Supporting children with difficulties in reading and writing by UCL Institute of Education, Mixed level, COURSE"
Survey Data Collection and Analytics,"University of Maryland, College Park",SPECIALIZATION,4.3,Beginner,45k,"Survey Data Collection and Analytics by University of Maryland, College Park, Beginner level, SPECIALIZATION"
Sustainable Tourism – promoting environmental public health,University of Copenhagen,COURSE,4.6,Beginner,9.4k,"Sustainable Tourism – promoting environmental public health by University of Copenhagen, Beginner level, COURSE"
Swift 5 iOS Application Developer,LearnQuest,SPECIALIZATION,4.5,Beginner,3.9k,"Swift 5 iOS Application Developer by LearnQuest, Beginner level, SPECIALIZATION"
System Administration and IT Infrastructure Services,Google,COURSE,4.7,Beginner,62k,"System Administration and IT Infrastructure Services by Google, Beginner level, COURSE"
Systems Biology and Biotechnology,Icahn School of Medicine at Mount Sinai,SPECIALIZATION,4.4,Intermediate,48k,"Systems Biology and Biotechnology by Icahn School of Medicine at Mount Sinai, Intermediate level, SPECIALIZATION"
Systems Thinking In Public Health,Johns Hopkins University,COURSE,4.9,Mixed,33k,"Systems Thinking In Public Health by Johns Hopkins University, Mixed level, COURSE"
"TESOL Certificate, Part 1: Teach English Now!",Arizona State University,SPECIALIZATION,4.9,Beginner,100k,"TESOL Certificate, Part 1: Teach English Now! by Arizona State University, Beginner level, SPECIALIZATION"
"TESOL Certificate, Part 2: Teach English Now!",Arizona State University,SPECIALIZATION,4.9,Beginner,62k,"TESOL Certificate, Part 2: Teach English Now! by Arizona State University, Beginner level, SPECIALIZATION"
Teach English Now! Foundational Principles,Arizona State University,COURSE,4.9,Mixed,81k,"Teach English Now! Foundational Principles by Arizona State University, Mixed level, COURSE"
Teach English Now! Teaching Language Online,Arizona State University,COURSE,4.4,Intermediate,8.5k,"Teach English Now! Teaching Language Online by Arizona State University, Intermediate level, COURSE"
Teaching Character and Creating Positive Classrooms,Relay Graduate School of Education,COURSE,4.8,Mixed,53k,"Teaching Character and Creating Positive Classrooms by Relay Graduate School of Education, Mixed level, COURSE"
Teamwork Skills: Communicating Effectively in Groups,University of Colorado Boulder,COURSE,4.8,Beginner,49k,"Teamwork Skills: Communicating Effectively in Groups by University of Colorado Boulder, Beginner level, COURSE"
Technical Support Fundamentals,Google,COURSE,4.8,Beginner,280k,"Technical Support Fundamentals by Google, Beginner level, COURSE"
TensorFlow in Practice,deeplearning.ai,SPECIALIZATION,4.7,Intermediate,170k,"TensorFlow in Practice by deeplearning.ai, Intermediate level, SPECIALIZATION"
TensorFlow: Data and Deployment,deeplearning.ai,SPECIALIZATION,4.5,Intermediate,12k,"TensorFlow: Data and Deployment by deeplearning.ai, Intermediate level, SPECIALIZATION"
Terrorism and Counterterrorism: Comparing Theory and Practice,Universiteit Leiden,COURSE,4.8,Beginner,90k,"Terrorism and Counterterrorism: Comparing Theory and Practice by Universiteit Leiden, Beginner level, COURSE"
The Addicted Brain,Emory University,COURSE,4.6,Beginner,130k,"The Addicted Brain by Emory University, Beginner level, COURSE"
The Art of Music Production,Berklee College of Music,COURSE,4.8,Intermediate,47k,"The Art of Music Production by Berklee College of Music, Intermediate level, COURSE"
The Art of Sales: Mastering the Selling Process,Northwestern University,SPECIALIZATION,4.7,Beginner,23k,"The Art of Sales: Mastering the Selling Process by Northwestern University, Beginner level, SPECIALIZATION"
The Arts and Science of Relationships: Understanding Human Needs,University of Toronto,COURSE,4.5,Beginner,73k,"The Arts and Science of Relationships: Understanding Human Needs by University of Toronto, Beginner level, COURSE"
The Bits and Bytes of Computer Networking,Google,COURSE,4.7,Beginner,130k,"The Bits and Bytes of Computer Networking by Google, Beginner level, COURSE"
The Business of Health Care,University of Pennsylvania,SPECIALIZATION,4.6,Beginner,22k,"The Business of Health Care by University of Pennsylvania, Beginner level, SPECIALIZATION"
The Business of Music Production,Berklee College of Music,SPECIALIZATION,4.8,Beginner,84k,"The Business of Music Production by Berklee College of Music, Beginner level, SPECIALIZATION"
The Changing Global Order,Universiteit Leiden,COURSE,4.7,Intermediate,23k,"The Changing Global Order by Universiteit Leiden, Intermediate level, COURSE"
The Cycle: Management of Successful Arts and Cultural Organizations,"University of Maryland, College Park",COURSE,4.8,Beginner,11k,"The Cycle: Management of Successful Arts and Cultural Organizations by University of Maryland, College Park, Beginner level, COURSE"
The DIY Musician,Berklee College of Music,SPECIALIZATION,4.8,Beginner,120k,"The DIY Musician by Berklee College of Music, Beginner level, SPECIALIZATION"
The Data Scientist’s Toolbox,Johns Hopkins University,COURSE,4.6,Mixed,420k,"The Data Scientist’s Toolbox by Johns Hopkins University, Mixed level, COURSE"
The Economics of Health Care Delivery,University of Pennsylvania,COURSE,4.8,Mixed,7.2k,"The Economics of Health Care Delivery by University of Pennsylvania, Mixed level, COURSE"
The Global Financial Crisis,Yale University,COURSE,4.8,Mixed,84k,"The Global Financial Crisis by Yale University, Mixed level, COURSE"
The Horse Course: Introduction to Basic Care and Management,University of Florida,COURSE,4.9,Mixed,29k,"The Horse Course: Introduction to Basic Care and Management by University of Florida, Mixed level, COURSE"
The Manager's Toolkit: A Practical Guide to Managing People at Work,"Birkbeck, University of London",COURSE,4.6,Mixed,47k,"The Manager's Toolkit: A Practical Guide to Managing People at Work by Birkbeck, University of London, Mixed level, COURSE"
"The Modern World, Part One: Global History from 1760 to 1910",University of Virginia,COURSE,4.8,Beginner,130k,"The Modern World, Part One: Global History from 1760 to 1910 by University of Virginia, Beginner level, COURSE"
"The Modern World, Part Two: Global History since 1910",University of Virginia,COURSE,4.8,Beginner,47k,"The Modern World, Part Two: Global History since 1910 by University of Virginia, Beginner level, COURSE"
The Oral Cavity: Portal to Health and Disease,University of Pennsylvania,COURSE,4.9,Intermediate,9.4k,"The Oral Cavity: Portal to Health and Disease by University of Pennsylvania, Intermediate level, COURSE"
The Power of Macroeconomics: Economic Principles in the Real World,"University of California, Irvine",COURSE,4.6,Mixed,180k,"The Power of Macroeconomics: Economic Principles in the Real World by University of California, Irvine, Mixed level, COURSE"
The Power of Microeconomics: Economic Principles in the Real World,"University of California, Irvine",COURSE,4.7,Mixed,120k,"The Power of Microeconomics: Economic Principles in the Real World by University of California, Irvine, Mixed level, COURSE"
The Pronunciation of American English,"University of California, Irvine",SPECIALIZATION,4.6,Beginner,1.7k,"The Pronunciation of American English by University of California, Irvine, Beginner level, SPECIALIZATION"
The Science of Gastronomy,The Hong Kong University of Science and Technology,COURSE,4.6,Mixed,50k,"The Science of Gastronomy by The Hong Kong University of Science and Technology, Mixed level, COURSE"
The Science of Stem Cells,American Museum of Natural History,COURSE,4.7,Intermediate,12k,"The Science of Stem Cells by American Museum of Natural History, Intermediate level, COURSE"
The Science of Success: What Researchers Know that You Should Know,University of Michigan,COURSE,4.8,Beginner,59k,"The Science of Success: What Researchers Know that You Should Know by University of Michigan, Beginner level, COURSE"
The Science of Training Young Athletes,University of Florida,COURSE,4.9,Beginner,13k,"The Science of Training Young Athletes by University of Florida, Beginner level, COURSE"
The Science of Well-Being,Yale University,COURSE,4.9,Mixed,2.5m,"The Science of Well-Being by Yale University, Mixed level, COURSE"
The Singer Songwriter,Berklee College of Music,SPECIALIZATION,4.8,Beginner,320k,"The Singer Songwriter by Berklee College of Music, Beginner level, SPECIALIZATION"
The Social Context of Mental Health and Illness,University of Toronto,COURSE,4.6,Mixed,19k,"The Social Context of Mental Health and Illness by University of Toronto, Mixed level, COURSE"
The Strategy of Content Marketing,"University of California, Davis",COURSE,4.5,Intermediate,100k,"The Strategy of Content Marketing by University of California, Davis, Intermediate level, COURSE"
"The Sustainable Development Goals – A global, transdisciplinary vision for the future",University of Copenhagen,COURSE,4.8,Beginner,26k,"The Sustainable Development Goals – A global, transdisciplinary vision for the future by University of Copenhagen, Beginner level, COURSE"
The Teacher and Social and Emotional Learning (SEL),University of Colorado Boulder,SPECIALIZATION,4.7,Beginner,5.2k,"The Teacher and Social and Emotional Learning (SEL) by University of Colorado Boulder, Beginner level, SPECIALIZATION"
The Technology of Music Production,Berklee College of Music,COURSE,4.8,Beginner,28k,"The Technology of Music Production by Berklee College of Music, Beginner level, COURSE"
The Truth About Cats and Dogs,The University of Edinburgh,COURSE,4.7,Mixed,33k,"The Truth About Cats and Dogs by The University of Edinburgh, Mixed level, COURSE"
The hidden value – Lean in manufacturing and services,École des Ponts ParisTech,COURSE,4.7,Beginner,14k,"The hidden value – Lean in manufacturing and services by École des Ponts ParisTech, Beginner level, COURSE"
Think Again I: How to Understand Arguments,Duke University,COURSE,4.6,Beginner,200k,"Think Again I: How to Understand Arguments by Duke University, Beginner level, COURSE"
Tools for Data Science,IBM,COURSE,4.6,Beginner,120k,"Tools for Data Science by IBM, Beginner level, COURSE"
Trading Strategies in Emerging Markets,Indian School of Business,SPECIALIZATION,4.3,Beginner,68k,"Trading Strategies in Emerging Markets by Indian School of Business, Beginner level, SPECIALIZATION"
"Transmedia Storytelling: Narrative worlds, emerging technologies, and global audiences",UNSW Sydney (The University of New South Wales),COURSE,4.8,Mixed,45k,"Transmedia Storytelling: Narrative worlds, emerging technologies, and global audiences by UNSW Sydney (The University of New South Wales), Mixed level, COURSE"
Tricky American English Pronunciation,"University of California, Irvine",COURSE,4.7,Beginner,110k,"Tricky American English Pronunciation by University of California, Irvine, Beginner level, COURSE"
Troubles du spectre de l'autisme : diagnostic,University of Geneva,COURSE,4.9,Intermediate,5.4k,"Troubles du spectre de l'autisme : diagnostic by University of Geneva, Intermediate level, COURSE"
U.S. Federal Taxation,University of Illinois at Urbana-Champaign,SPECIALIZATION,4.8,Intermediate,12k,"U.S. Federal Taxation by University of Illinois at Urbana-Champaign, Intermediate level, SPECIALIZATION"
UCI Project Management,"University of California, Irvine",PROFESSIONAL CERTIFICATE,4.6,Beginner,44k,"UCI Project Management by University of California, Irvine, Beginner level, PROFESSIONAL CERTIFICATE"
UI / UX Design,California Institute of the Arts,SPECIALIZATION,4.7,Beginner,68k,"UI / UX Design by California Institute of the Arts, Beginner level, SPECIALIZATION"
UX Design Fundamentals,California Institute of the Arts,COURSE,4.8,Beginner,25k,"UX Design Fundamentals by California Institute of the Arts, Beginner level, COURSE"
Understanding Cancer Metastasis,Johns Hopkins University,COURSE,4.8,Beginner,29k,"Understanding Cancer Metastasis by Johns Hopkins University, Beginner level, COURSE"
Understanding Clinical Research: Behind the Statistics,University of Cape Town,COURSE,4.8,Mixed,78k,"Understanding Clinical Research: Behind the Statistics by University of Cape Town, Mixed level, COURSE"
Understanding Einstein: The Special Theory of Relativity,Stanford University,COURSE,4.9,Beginner,89k,"Understanding Einstein: The Special Theory of Relativity by Stanford University, Beginner level, COURSE"
Understanding Medical Research: Your Facebook Friend is Wrong,Yale University,COURSE,4.8,Beginner,24k,"Understanding Medical Research: Your Facebook Friend is Wrong by Yale University, Beginner level, COURSE"
Understanding Modern Finance,American Institute of Business and Economics,SPECIALIZATION,4.4,Intermediate,11k,"Understanding Modern Finance by American Institute of Business and Economics, Intermediate level, SPECIALIZATION"
Understanding Plants - Part I: What a Plant Knows,Tel Aviv University,COURSE,4.8,Beginner,49k,"Understanding Plants - Part I: What a Plant Knows by Tel Aviv University, Beginner level, COURSE"
Understanding Research Methods,SOAS University of London,COURSE,4.5,Mixed,120k,"Understanding Research Methods by SOAS University of London, Mixed level, COURSE"
Understanding and Visualizing Data with Python,University of Michigan,COURSE,4.7,Beginner,30k,"Understanding and Visualizing Data with Python by University of Michigan, Beginner level, COURSE"
Understanding the Brain: The Neurobiology of Everyday Life,The University of Chicago,COURSE,4.9,Beginner,130k,"Understanding the Brain: The Neurobiology of Everyday Life by The University of Chicago, Beginner level, COURSE"
Unity Certified Programmer Exam Preparation,Unity,SPECIALIZATION,4.5,Intermediate,6.1k,"Unity Certified Programmer Exam Preparation by Unity, Intermediate level, SPECIALIZATION"
Unity XR: How to Build AR and VR Apps,Unity,SPECIALIZATION,4.2,Beginner,12k,"Unity XR: How to Build AR and VR Apps by Unity, Beginner level, SPECIALIZATION"
University Teaching,The University of Hong Kong,COURSE,4.8,Beginner,9.5k,"University Teaching by The University of Hong Kong, Beginner level, COURSE"
Unraveling the Cycling City,University of Amsterdam,COURSE,4.9,Intermediate,3.9k,"Unraveling the Cycling City by University of Amsterdam, Intermediate level, COURSE"
User Experience Research and Design,University of Michigan,SPECIALIZATION,4.8,Beginner,23k,"User Experience Research and Design by University of Michigan, Beginner level, SPECIALIZATION"
User Interface Design,University of Minnesota,SPECIALIZATION,4.6,Intermediate,43k,"User Interface Design by University of Minnesota, Intermediate level, SPECIALIZATION"
Using Databases with Python,University of Michigan,COURSE,4.8,Mixed,220k,"Using Databases with Python by University of Michigan, Mixed level, COURSE"
Using Python to Access Web Data,University of Michigan,COURSE,4.8,Mixed,310k,"Using Python to Access Web Data by University of Michigan, Mixed level, COURSE"
Using Python to Interact with the Operating System,Google,COURSE,4.7,Beginner,19k,"Using Python to Interact with the Operating System by Google, Beginner level, COURSE"
Value Chain Management,University of Illinois at Urbana-Champaign,SPECIALIZATION,4.7,Intermediate,63k,"Value Chain Management by University of Illinois at Urbana-Champaign, Intermediate level, SPECIALIZATION"
Version Control with Git,Atlassian,COURSE,4.8,Mixed,40k,"Version Control with Git by Atlassian, Mixed level, COURSE"
Viral Marketing and How to Craft Contagious Content,University of Pennsylvania,COURSE,4.7,Mixed,150k,"Viral Marketing and How to Craft Contagious Content by University of Pennsylvania, Mixed level, COURSE"
Virtual Reality,"Goldsmiths, University of London",SPECIALIZATION,4.7,Beginner,37k,"Virtual Reality by Goldsmiths, University of London, Beginner level, SPECIALIZATION"
Virtual Teacher,"University of California, Irvine",SPECIALIZATION,4.3,Beginner,23k,"Virtual Teacher by University of California, Irvine, Beginner level, SPECIALIZATION"
Vital Signs: Understanding What the Body Is Telling Us,University of Pennsylvania,COURSE,4.8,Mixed,190k,"Vital Signs: Understanding What the Body Is Telling Us by University of Pennsylvania, Mixed level, COURSE"
Web Applications for Everybody,University of Michigan,SPECIALIZATION,4.8,Intermediate,120k,"Web Applications for Everybody by University of Michigan, Intermediate level, SPECIALIZATION"
Web Design for Everybody: Basics of Web Development & Coding,University of Michigan,SPECIALIZATION,4.7,Beginner,280k,"Web Design for Everybody: Basics of Web Development & Coding by University of Michigan, Beginner level, SPECIALIZATION"
Weight Management: Beyond Balancing Calories,Emory University,COURSE,4.7,Beginner,34k,"Weight Management: Beyond Balancing Calories by Emory University, Beginner level, COURSE"
What Is Contemporary Art?,The Museum of Modern Art,COURSE,4.7,Beginner,120k,"What Is Contemporary Art? by The Museum of Modern Art, Beginner level, COURSE"
What future for education?,UCL Institute of Education,COURSE,4.7,Mixed,35k,"What future for education? by UCL Institute of Education, Mixed level, COURSE"
What is Compliance?,University of Pennsylvania,COURSE,4.8,Mixed,6.2k,"What is Compliance? by University of Pennsylvania, Mixed level, COURSE"
What is Data Science?,IBM,COURSE,4.7,Beginner,260k,"What is Data Science? by IBM, Beginner level, COURSE"
What is Social?,Northwestern University,COURSE,4.6,Mixed,94k,"What is Social? by Northwestern University, Mixed level, COURSE"
Wine Tasting: Sensory Techniques for Wine Analysis,"University of California, Davis",COURSE,4.7,Beginner,32k,"Wine Tasting: Sensory Techniques for Wine Analysis by University of California, Davis, Beginner level, COURSE"
Wonders of Ancient Egypt,University of Pennsylvania,COURSE,4.8,Intermediate,17k,"Wonders of Ancient Egypt by University of Pennsylvania, Intermediate level, COURSE"
Write A Feature Length Screenplay For Film Or Television,Michigan State University,COURSE,4.9,Beginner,12k,"Write A Feature Length Screenplay For Film Or Television by Michigan State University, Beginner level, COURSE"
Write Professional Emails in English,Georgia Institute of Technology,COURSE,4.7,Mixed,270k,"Write Professional Emails in English by Georgia Institute of Technology, Mixed level, COURSE"
Write Your First Novel,Michigan State University,COURSE,4.4,Beginner,18k,"Write Your First Novel by Michigan State University, Beginner level, COURSE"
Writing in the Sciences,Stanford University,COURSE,4.9,Beginner,140k,"Writing in the Sciences by Stanford University, Beginner level, COURSE"
e-Learning Ecologies: Innovative Approaches to Teaching and Learning for the Digital Age,University of Illinois at Urbana-Champaign,COURSE,4.5,Mixed,17k,"e-Learning Ecologies: Innovative Approaches to Teaching and Learning for the Digital Age by University of Illinois at Urbana-Champaign, Mixed level, COURSE"
iOS App Development with Swift,University of Toronto,SPECIALIZATION,3.9,Intermediate,76k,"iOS App Development with Swift by University of Toronto, Intermediate level, SPECIALIZATION"
¿Qué hacen los buenos directivos? Prioridades de la Alta Dirección,IESE Business School,COURSE,4.7,Beginner,25k,"¿Qué hacen los buenos directivos? Prioridades de la Alta Dirección by IESE Business School, Beginner level, COURSE"
Étudier en France: French Intermediate course B1-B2,École Polytechnique,COURSE,4.8,Intermediate,190k,"Étudier en France: French Intermediate course B1-B2 by École Polytechnique, Intermediate level, COURSE"
Éxito Profesional,"University of California, Irvine",SPECIALIZATION,4.5,Beginner,69k,"Éxito Profesional by University of California, Irvine, Beginner level, SPECIALIZATION"
Искусство ведения бизнеса,Saint Petersburg State University,SPECIALIZATION,4.6,Beginner,14k,"Искусство ведения бизнеса by Saint Petersburg State University, Beginner level, SPECIALIZATION"
Искусство разработки на современном C++,E-Learning Development Fund,SPECIALIZATION,4.9,Intermediate,68k,"Искусство разработки на современном C++ by E-Learning Development Fund, Intermediate level, SPECIALIZATION"
Корпоративные финансы и стоимость компании,National Research University Higher School of Economics,SPECIALIZATION,4.5,Beginner,16k,"Корпоративные финансы и стоимость компании by National Research University Higher School of Economics, Beginner level, SPECIALIZATION"
Математика и Python для анализа данных,E-Learning Development Fund,COURSE,4.8,Beginner,67k,"Математика и Python для анализа данных by E-Learning Development Fund, Beginner level, COURSE"
Машинное обучение и анализ данных,E-Learning Development Fund,SPECIALIZATION,4.7,Intermediate,77k,"Машинное обучение и анализ данных by E-Learning Development Fund, Intermediate level, SPECIALIZATION"
Основы Digital Маркетинга,National Research University Higher School of Economics,SPECIALIZATION,4.5,Intermediate,19k,"Основы Digital Маркетинга by National Research University Higher School of Economics, Intermediate level, SPECIALIZATION"
Основы программирования на Python,National Research University Higher School of Economics,COURSE,4.6,Beginner,83k,"Основы программирования на Python by National Research University Higher School of Economics, Beginner level, COURSE"
Основы разработки на C++: белый пояс,E-Learning Development Fund,COURSE,4.9,Intermediate,41k,"Основы разработки на C++: белый пояс by E-Learning Development Fund, Intermediate level, COURSE"
Погружение в Python,Moscow Institute of Physics and Technology,COURSE,4.7,Intermediate,45k,"Погружение в Python by Moscow Institute of Physics and Technology, Intermediate level, COURSE"
Программирование на Python,Mail.Ru Group,SPECIALIZATION,4.5,Intermediate,52k,"Программирование на Python by Mail.Ru Group, Intermediate level, SPECIALIZATION"
Психолингвистика (Psycholinguistics),Saint Petersburg State University,COURSE,4.8,Mixed,21k,"Психолингвистика (Psycholinguistics) by Saint Petersburg State University, Mixed level, COURSE"
Разработка интерфейсов: вёрстка и JavaScript,E-Learning Development Fund,SPECIALIZATION,4.5,Intermediate,30k,"Разработка интерфейсов: вёрстка и JavaScript by E-Learning Development Fund, Intermediate level, SPECIALIZATION"
Русский как иностранный,Saint Petersburg State University,SPECIALIZATION,4.6,Intermediate,9.8k,"Русский как иностранный by Saint Petersburg State University, Intermediate level, SPECIALIZATION"
Финансовые инструменты для частного инвестора,National Research University Higher School of Economics,SPECIALIZATION,4.7,Beginner,38k,"Финансовые инструменты для частного инвестора by National Research University Higher School of Economics, Beginner level, SPECIALIZATION"
