tree
version=v4
num_class=1
num_tree_per_iteration=1
label_index=0
max_feature_idx=11
objective=binary sigmoid:1
feature_names=num_of_prev_attempts studied_credits avg_score num_assessments total_clicks avg_clicks gender_enc region_enc highest_education_enc imd_band_enc age_band_enc disability_enc
feature_infos=[0:6] [30:655] [0:100] [0:28] [0:28615] [0:19.427536231884059] [0:1] [0:12] [0:4] [0:10] [0:2] [0:1]
tree_sizes=3399 3415 3423 3420 3410 3415 3405 3416 3418 3411 3412 3404 3423 3414 3419 3409 3416 3422 3412 3425 3426 3415 3412 3422 3431 3423 3425 3413 3422 3437 3414 3414 3425 3417 3417 3434 3430 3419 3432 3428 3437 3421 3430 3429 3414 3427 3437 3418 3420 3426 3427 3431 3422 3434 3416 3434 3422 3422 3437 3436 3414 3419 3437 3423 3420 3427 3441 3410 3432 3425 3439 3439 3424 3448 3415 3423 3422 3416 3443 3436 3423 3422 3410 3437 3434 3423 3452 3415 3429 3436 3428 3411 3432 3450 3445 3445 3424 3426 3419 3451 3434 3438 3427 3434 3441 3437 3445 3423 3432 3432 3422 3422 3422 3467 3434 3427 3428 3426 3414 3443 3415 3416 3430 3445 3442 3433 3439 3425 3462 3436 3418 3443 3425 3450 3470 3418 3456 3429 3441 3438 3432 3428 3431 3447 3434 3416 3454 3420 3442 3440 3444 3439 3451 3438 3454 3416 3443 3434 3446 3431 3435 3436 2681 3435 3454 3416 3422 3437 3429 2971 3435 3323 3407 3425 2892 2979 3443 3405 2990 3446 3463 3470 2702 3388 3425 3429 3431 3436 3463 3437 3409 2975 3432 3401 3446 3445 3427 2773 3450 3434

Tree=0
num_leaves=31
num_cat=0
split_feature=3 2 3 2 4 3 2 2 3 3 3 3 1 5 3 3 1 8 2 3 0 5 5 2 3 3 3 4 4 2
split_gain=11652.7 1545.31 509.866 289.309 281.613 167.852 131.865 88.8927 77.1026 71.2214 68.4047 71.6313 61.4386 51.9521 42.5761 33.3091 33.6258 31.7219 30.2237 24.1625 21.8083 20.3619 13.8921 13.8035 13.6996 13.2671 8.68897 8.06756 5.92338 5.83106
threshold=3.5000000000000004 69.51666666666668 6.5000000000000009 57.52272727272728 715.50000000000011 4.5000000000000009 78.228758169934665 42.690476190476197 4.5000000000000009 5.5000000000000009 4.5000000000000009 5.5000000000000009 72.500000000000014 2.7274423337856177 8.5000000000000018 10.500000000000002 52.500000000000007 1.5000000000000002 65.345238095238116 7.5000000000000009 1.0000000180025095e-35 2.9765383575401736 2.7376297515928134 87.20714285714287 13.500000000000002 10.500000000000002 2.5000000000000004 462.50000000000006 725.50000000000011 40.100000000000009
decision_type=2 2 2 2 2 2 2 2 2 2 2 2 2 2 2 2 2 2 2 2 2 2 2 2 2 2 2 2 2 2
left_child=26 3 4 7 8 21 15 29 22 12 28 -12 -6 -11 19 16 -4 -10 20 -8 -7 -5 -3 -16 -17 -20 -1 -28 -9 -2
right_child=1 2 6 5 9 18 14 10 17 13 11 -13 -14 -15 23 24 -18 -19 25 -21 -22 -23 -24 -25 -26 -27 27 -29 -30 -31
leaf_value=-0.20642256389126401 -0.19761940164424957 -0.20226336922962054 -0.0341171767440962 -0.19514526475933663 -0.045516060113377804 -0.088640600144296922 -0.03364094018700188 -0.20023659401275967 -0.091417448802315796 -0.037556502153385296 -0.08617412676617564 -0.13741898706537931 -0.087205603930037678 -0.13807488167487025 -0.024992236834952067 -0.0369285703631861 -0.072830900473406401 -0.14554604900826715 -0.081327765706113692 -0.067389596840489202 -0.12034026491185547 -0.14171372203874447 -0.15470852390729523 -0.014392972670228571 -0.058626243399480686 -0.060674924894813 -0.20592445163001952 -0.18916777382766709 -0.16276944283531655 -0.16915623529853593
leaf_weight=1922.2207477837801 55.326462596654892 34.142907097935677 74.765489995479584 30.404632598161697 344.41969057917595 347.41031017899513 197.3808935880661 31.152287498116493 72.024088695645332 17.445280998945236 94.204517394304276 246.97533528506756 118.87712909281254 48.846786797046661 791.018884152174 344.66890887916088 224.54568828642368 43.363984197378159 197.87933018803596 72.522525295615196 64.298321396112442 43.114765897393227 27.912449598312378 502.17487446963787 92.21077099442482 128.09820619225502 136.57162839174271 151.52472639083862 15.949971199035643 26.666358098387718
leaf_count=7713 222 137 300 122 1382 1394 792 125 289 70 378 991 477 196 3174 1383 901 174 794 291 258 173 112 2015 370 514 548 608 64 107
internal_value=-0.111952 -0.0638795 -0.0442821 -0.109855 -0.0814149 -0.0917659 -0.0328637 -0.141057 -0.13593 -0.0631491 -0.131067 -0.12327 -0.0562132 -0.111623 -0.0246462 -0.0503113 -0.0631605 -0.11176 -0.0845858 -0.0427091 -0.0935913 -0.163811 -0.180873 -0.0208763 -0.0415082 -0.0732119 -0.205209 -0.197111 -0.187549 -0.188362
internal_weight=6498.12 4287.8 3006.32 1281.48 707.032 811.206 2299.29 470.275 177.443 529.589 388.282 341.18 463.297 66.2921 1563.1 736.191 299.311 115.388 737.686 269.903 411.709 73.5194 62.0554 1293.19 436.88 325.978 2210.32 288.096 47.1023 81.9928
internal_count=26074 17205 12063 5142 2837 3255 9226 1887 712 2125 1558 1369 1859 266 6272 2954 1201 463 2960 1083 1652 295 249 5189 1753 1308 8869 1156 189 329
is_linear=0
shrinkage=1


Tree=1
num_leaves=31
num_cat=0
split_feature=3 2 3 4 2 2 3 3 0 3 2 3 2 3 3 1 8 3 3 1 1 2 0 4 5 8 3 4 1 1
split_gain=10564 1390.48 509.056 272.168 211.746 156.105 137.023 87.513 74.4204 59.8091 48.1291 44.7805 38.5951 44.8246 36.8127 32.8079 32.4555 30.1182 36.8639 24.1229 21.8725 13.262 13.1369 13.1184 13.0391 9.71962 8.04621 7.45826 5.13559 4.94305
threshold=3.5000000000000004 67.279220779220793 6.5000000000000009 715.50000000000011 52.519230769230781 78.02500000000002 4.5000000000000009 4.5000000000000009 1.0000000180025095e-35 5.5000000000000009 41.550000000000004 10.500000000000002 59.763888888888893 5.5000000000000009 8.5000000000000018 52.500000000000007 1.5000000000000002 4.5000000000000009 5.5000000000000009 77.500000000000014 82.500000000000014 85.563492063492077 1.0000000180025095e-35 462.50000000000006 3.2504019292604505 1.0000000180025095e-35 2.5000000000000004 462.50000000000006 35.000000000000007 52.500000000000007
decision_type=2 2 2 2 2 2 2 2 2 2 2 2 2 2 2 2 2 2 2 2 2 2 2 2 2 2 2 2 2 2
left_child=26 4 3 7 10 11 23 24 9 -5 -2 15 13 -8 20 -4 -9 -12 -19 -14 -7 -16 -13 -6 -3 -10 -1 -28 -29 -25
right_child=1 2 5 8 6 14 12 16 25 -11 17 22 19 -15 21 -17 -18 18 -20 -21 -22 -23 -24 29 -26 -27 27 28 -30 -31
leaf_value=-0.090438598805629045 -0.077787477688690487 -0.079406063433232879 0.06953859944375658 0.055993809389678961 -0.085250104704520782 0.073855296088325834 0.034848744374348505 0.02065790419317217 0.010882743501069542 0.0037964151408782006 -0.077353927104534939 0.069034512422000996 0.03387818601903677 -0.010948383176685852 0.08117120600414085 0.034108063313390773 -0.030282646096359667 0.013744275091525905 -0.035753420950259705 0.0097787128815436802 0.040781725008320634 0.091233505140998039 0.045780670343248675 0.0032494231716026093 -0.029661384448994313 -0.036488459996841818 -0.089957033292176802 -0.042951685155944046 -0.076555181980833734 -0.046225568075121022
leaf_weight=1907.8541657477617 66.876206338405609 54.256592601537704 85.957289934158325 461.29606617987156 24.526366174221039 206.39311099052429 73.107152909040451 82.082740485668182 18.214524045586586 62.28995580971241 28.252162992954254 430.5302192568779 289.44339495897293 198.50091871619225 675.88680765032768 272.37147805094719 50.508463636040688 52.132057845592499 135.09001667797565 161.93015801906586 65.966544851660728 635.20337195694447 70.710664317011833 5.7164439111948004 17.397375196218491 26.70275217294693 135.55783981084824 12.388837337493895 138.25942468643188 43.207391366362572
leaf_count=7713 270 219 344 1847 99 826 293 329 73 250 114 1723 1160 797 2704 1091 203 209 543 649 264 2541 283 23 70 107 548 50 558 174
internal_value=-8.5872e-06 0.0455924 0.0620709 0.0266993 -0.00352882 0.0732593 0.00966075 -0.0228069 0.0444854 0.049784 -0.0407329 0.0561049 0.0162711 0.00137856 0.0825715 0.0426073 0.00125293 -0.0292324 -0.0219708 0.0252325 0.0658448 0.0860462 0.0657541 -0.0554061 -0.0673282 -0.0172788 -0.0892658 -0.0814482 -0.0737917 -0.0404447
internal_weight=6488.61 4294.55 3215.77 772.748 1078.78 2443.02 796.432 204.245 568.503 523.586 282.35 859.57 722.982 271.608 1583.45 358.329 132.591 215.474 187.222 451.374 272.36 1311.09 501.241 73.4502 71.654 44.9173 2194.06 286.206 150.648 48.9238
internal_count=26074 17205 12874 3098 4331 9776 3195 821 2277 2097 1136 3441 2899 1090 6335 1435 532 866 752 1809 1090 5245 2006 296 289 180 8869 1156 608 197
is_linear=0
shrinkage=0.05


Tree=2
num_leaves=31
num_cat=0
split_feature=3 2 3 2 4 3 2 0 3 2 3 2 3 3 0 3 1 3 3 8 3 5 8 3 1 9 3 4 2 2
split_gain=9609.49 1257.13 412.545 238.614 229.454 171.957 106.955 64.4442 57.0421 53.8386 52.5958 44.4229 40.4188 34.8866 28.9145 26.7535 27.449 26.1935 28.5383 25.2724 21.7921 16.0934 12.9098 12.5046 12.2632 7.59664 7.58087 7.00587 6.3066 5.06877
threshold=3.5000000000000004 69.51666666666668 6.5000000000000009 52.519230769230781 648.50000000000011 4.5000000000000009 78.228758169934665 1.0000000180025095e-35 4.5000000000000009 59.763888888888893 5.5000000000000009 42.690476190476197 5.5000000000000009 8.5000000000000018 1.0000000180025095e-35 10.500000000000002 52.500000000000007 4.5000000000000009 5.5000000000000009 1.5000000000000002 7.5000000000000009 2.9765383575401736 1.0000000180025095e-35 12.500000000000002 132.50000000000003 8.5000000000000018 2.5000000000000004 462.50000000000006 56.392307692307703 38.928571428571438
decision_type=2 2 2 2 2 2 2 2 2 2 2 2 2 2 2 2 2 2 2 2 2 2 2 2 2 2 2 2 2 2
left_child=26 3 4 11 8 21 15 10 25 12 -6 29 -7 20 -11 16 -4 -13 -19 -10 -8 -5 -9 -17 -15 -3 -1 -28 -23 -2
right_child=1 2 6 5 7 9 13 22 19 14 -12 17 -14 24 -16 23 -18 18 -20 -21 -22 28 -24 -25 -26 -27 27 -29 -30 -31
leaf_value=-0.086918807255748243 -0.080608952807530443 -0.073515114617537902 0.070238449440016837 -0.076490388725903302 0.053458627253098662 0.033064385001225514 0.070893211242253215 0.018598302468889723 0.015274354572452235 0.032492765747020307 0.0027972301949439654 -0.073011298848182568 -0.010408326863438129 0.083076213661842577 0.0029981565690746555 0.068890549273799367 0.035309666394202729 0.013482135167729913 -0.031757339407847592 -0.036024273854894352 0.038890954028832178 -0.069913361413156905 -0.037806418885878129 0.050388788936690687 0.05944345844168443 -0.0083920777806554391 -0.086447761923368824 -0.070703021766190907 -0.026248626900481326 -0.055174979317943629
leaf_weight=1886.3837111592293 47.591832786798477 48.941579043865204 74.976081341505051 37.827351495623589 450.60788908600807 73.197277337312698 197.93905444443226 16.474855527281761 63.919956207275391 535.5915565341711 57.803335443139076 26.038664519786835 198.36400067806244 1238.4021649509668 98.352965712547302 308.42869982123375 225.16725781559944 48.186775684356689 126.05259537696838 38.452039733529091 72.746451690793037 10.110933005809782 26.400907501578331 129.73798988759518 57.438744455575943 4.9290893971920005 134.04476749897003 149.39933785796165 45.403018996119499 33.292480304837227
leaf_count=7713 194 199 300 154 1803 293 792 66 256 2144 232 106 797 4959 394 1234 901 193 508 155 291 41 106 519 230 20 548 608 183 135
internal_value=-1.68967e-05 0.0433336 0.0609722 0.00182299 0.0275758 0.0132765 0.071224 0.0427343 -0.0259096 0.0199373 0.0476987 -0.0388665 0.00130941 0.0786184 0.0279168 0.0555349 0.0440349 -0.0262363 -0.0192461 -0.00399397 0.0622926 -0.0513394 -0.0161331 0.0634123 0.0820287 -0.0675564 -0.0857732 -0.0781489 -0.0342014 -0.0701402
internal_weight=6462.2 4292.38 3012.37 1280.01 707.53 998.847 2304.84 551.287 156.243 905.506 508.411 281.162 271.561 1566.53 633.945 738.31 300.143 200.278 174.239 102.372 270.686 93.3413 42.8758 438.167 1295.84 53.8707 2169.83 283.444 55.514 80.8843
internal_count=26074 17205 12063 5142 2837 4006 9226 2207 630 3628 2035 1136 1090 6272 2538 2954 1201 807 701 411 1083 378 172 1753 5189 219 8869 1156 224 329
is_linear=0
shrinkage=0.05


Tree=3
num_leaves=31
num_cat=0
split_feature=3 2 3 4 2 2 3 3 1 3 2 3 3 2 3 6 1 6 8 3 3 1 2 4 5 0 3 4 1 1
split_gain=8767.05 1140.32 418.559 223.987 173.146 129.513 112.151 73.5443 66.4031 55.1458 41.0023 35.4577 32.4625 42.2863 31.9147 31.771 30.0149 29.0006 26.9611 25.5471 30.6251 22.9217 17.3552 11.7536 11.5953 9.35612 7.25173 6.67371 4.81536 4.44833
threshold=3.5000000000000004 67.279220779220793 6.5000000000000009 715.50000000000011 52.519230769230781 76.348484848484858 4.5000000000000009 4.5000000000000009 72.500000000000014 5.5000000000000009 41.550000000000004 8.5000000000000018 5.5000000000000009 59.763888888888893 10.500000000000002 1.0000000180025095e-35 142.50000000000003 1.0000000180025095e-35 1.5000000000000002 4.5000000000000009 5.5000000000000009 52.500000000000007 85.563492063492077 462.50000000000006 3.3357639718175309 1.0000000180025095e-35 2.5000000000000004 462.50000000000006 35.000000000000007 52.500000000000007
decision_type=2 2 2 2 2 2 2 2 2 2 2 2 2 2 2 2 2 2 2 2 2 2 2 2 2 2 2 2 2 2
left_child=26 4 3 7 10 14 23 24 9 -5 -2 16 15 -14 21 -8 -7 -10 -9 -12 -21 -4 -13 -6 -3 -16 -1 -28 -29 -25
right_child=1 2 5 8 6 11 12 18 17 -11 19 22 13 -15 25 -17 -18 -19 -20 20 -22 -23 -24 29 -26 -27 27 28 -30 -31
leaf_value=-0.083821990969583898 -0.07173140068441472 -0.073210914529345195 0.060988265251408894 0.057368457792762007 -0.079272560962098171 0.061198232565651739 0.049386639584620001 0.018632888308644974 0.040408825766621075 0.0010458440631598369 -0.071329233490820432 0.072034326616123731 -0.0098951303797946387 0.019009951639067043 0.060477549447148504 0.0051839848474159872 -0.022041299134378956 -0.0044082062570990413 -0.027850058033032012 0.012635754100996505 -0.032507410708870588 0.027789492217547476 0.083085759225028463 0.0049939339109310787 -0.024854959450597784 0.038674986685935046 -0.083356591667392121 -0.037827659841100307 -0.070600848862654983 -0.042033628066253645
leaf_weight=1858.9557223320007 65.537547439336777 54.492717206478119 67.596084147691727 364.60176765918732 24.02920751273632 295.42287959158421 111.46828481554985 82.194448620080948 57.446929827332497 49.341087386012077 27.71115717291832 812.31666462123394 198.2229535728693 349.83622734248638 334.38484321534634 63.986487209796906 11.241850584745405 97.121094405651093 50.277031406760216 52.164088159799576 134.27958117425442 225.24186880886555 631.3580697029829 5.6982716917991629 16.04809632897377 57.696641936898232 132.11297559738159 12.21775636076927 135.62604582309723 42.776219382882118
leaf_count=7713 270 224 271 1460 99 1184 446 329 230 198 114 3263 797 1400 1340 256 45 389 203 209 543 901 2541 23 65 231 548 50 558 174
internal_value=-2.493e-05 0.0412636 0.056207 0.0241139 -0.00328381 0.0663746 0.00860689 -0.0209693 0.0402129 0.0506549 -0.0371253 0.0735875 0.014548 0.00855551 0.0479416 0.0332664 0.0581468 0.0122485 0.00099117 -0.0265348 -0.019877 0.0354528 0.0768674 -0.0506793 -0.0622099 0.0572692 -0.0826922 -0.0751901 -0.0678925 -0.0365054
internal_weight=6421.4 4282.49 3206.78 771.523 1075.71 2435.26 796.018 203.012 568.511 413.943 279.692 1750.34 723.514 548.059 684.919 175.455 306.665 154.568 132.471 214.155 186.444 292.838 1443.67 72.5037 70.5408 392.081 2138.91 279.957 147.844 48.4745
internal_count=26074 17205 12874 3098 4331 9776 3195 821 2277 1658 1136 7033 2899 2197 2743 702 1229 619 532 866 752 1172 5804 296 289 1571 8869 1156 608 197
is_linear=0
shrinkage=0.05


Tree=4
num_leaves=31
num_cat=0
split_feature=3 2 3 2 4 3 2 0 3 1 2 2 3 3 0 3 1 3 3 8 3 5 2 8 3 5 3 4 2 2
split_gain=8019.28 1037.57 342.02 195.621 189.139 142.524 92.0983 57.0914 47.6443 44.059 43.7583 38.3928 32.7485 28.8413 25.7798 23.3792 24.1106 22.269 23.3064 20.7974 19.7477 14.0424 11.7186 11.61 11.1121 7.27811 7.02156 6.42822 5.62849 4.66974
threshold=3.5000000000000004 69.51666666666668 6.5000000000000009 52.519230769230781 648.50000000000011 4.5000000000000009 78.02500000000002 1.0000000180025095e-35 4.5000000000000009 62.500000000000007 59.763888888888893 42.690476190476197 5.5000000000000009 8.5000000000000018 1.0000000180025095e-35 10.500000000000002 82.500000000000014 4.5000000000000009 5.5000000000000009 1.5000000000000002 7.5000000000000009 2.9765383575401736 87.20714285714287 1.0000000180025095e-35 12.500000000000002 2.7376297515928134 2.5000000000000004 462.50000000000006 56.392307692307703 37.083333333333336
decision_type=2 2 2 2 2 2 2 2 2 2 2 2 2 2 2 2 2 2 2 2 2 2 2 2 2 2 2 2 2 2
left_child=26 3 4 11 8 21 15 9 25 -6 12 29 -7 20 -12 16 -4 -13 -19 -10 -8 -5 -15 -9 -17 -3 -1 -28 -23 -2
right_child=1 2 6 5 7 10 13 23 19 -11 14 17 -14 22 -16 24 -18 18 -20 -21 -22 28 -24 -25 -26 -27 27 -29 -30 -31
leaf_value=-0.081078779401492648 -0.078384942392364793 -0.077887610392312095 0.047827932285023259 -0.071203046720918164 0.052284467619415458 0.029723238066027825 0.065022812395129623 0.016246435879428808 0.013565760919395743 0.018889105873010122 0.029469978234737012 -0.067480015679000346 -0.0094073822567192125 0.071008508599097561 0.001628531231107502 0.062730709558922806 0.01539899150871445 0.012166265770258027 -0.028742408931644793 -0.033058387920053049 0.034607941775630917 -0.065404547806949556 0.080791515996622598 -0.037251832983475862 0.045056129243058574 -0.040135199924065675 -0.080615002082721501 -0.065323371011428558 -0.023851282380778546 -0.053967914678695765
leaf_weight=1826.571722432971 35.59675806760788 31.077796846628189 214.43856734037399 36.942625761032104 372.88018572330475 73.237898096442223 197.93112832307816 16.483083680272102 63.978275299072266 134.35017006099224 535.75192302465439 25.419124215841293 198.07905876636505 798.40288639068604 98.418931648135185 300.82339236140251 78.225501462817192 48.22413681447506 125.226731300354 38.198667839169502 73.070740535855293 9.9455305337905866 496.44096477329731 26.358491525053978 126.24916519224644 21.666972860693932 129.83286994695663 146.02236530184746 45.122455626726151 43.523655071854591
leaf_count=7713 149 130 860 154 1497 293 797 66 256 538 2144 106 797 3230 394 1211 313 193 508 155 293 41 2015 106 507 89 548 608 183 180
internal_value=-3.27169e-05 0.0393555 0.0554592 0.00159796 0.0250136 0.0119351 0.0648502 0.0387576 -0.0237866 0.043439 0.0179598 -0.0354941 0.00115534 0.0716549 0.0251492 0.050046 0.0391601 -0.0237738 -0.0173687 -0.00386459 0.056822 -0.0473547 0.0747593 -0.0166686 0.0575058 -0.0623793 -0.0799559 -0.0725205 -0.031356 -0.0649533
internal_weight=6368.49 4266.06 2990.58 1275.49 704.994 997.498 2285.58 550.072 154.922 507.23 905.488 277.99 271.317 1565.85 634.171 719.737 292.664 198.87 173.451 102.177 271.002 92.0106 1294.84 42.8416 427.073 52.7448 2102.43 275.855 55.068 79.1204
internal_count=26074 17205 12063 5142 2837 4006 9226 2207 630 2035 3628 1136 1090 6335 2538 2891 1173 807 701 411 1090 378 5245 172 1718 219 8869 1156 224 329
is_linear=0
shrinkage=0.05


Tree=5
num_leaves=31
num_cat=0
split_feature=3 2 3 4 2 2 3 3 1 3 3 2 6 3 3 6 2 1 3 5 6 1 1 4 0 5 3 5 1 2
split_gain=7352.04 946.252 351.035 185.035 144.893 112.17 106.108 62.3116 55.4802 49.8672 32.8455 41.5573 34.1913 32.5226 27.1964 26.057 25.7616 24.5115 23.6553 20.2891 21.4914 19.4896 11.8436 11.7405 10.6042 10.2064 6.8772 6.35311 5.75716 4.20173
threshold=3.5000000000000004 67.279220779220793 6.5000000000000009 715.50000000000011 50.031250000000007 78.02500000000002 4.5000000000000009 4.5000000000000009 72.500000000000014 5.5000000000000009 5.5000000000000009 59.763888888888893 1.0000000180025095e-35 10.500000000000002 8.5000000000000018 1.0000000180025095e-35 40.100000000000009 52.500000000000007 5.5000000000000009 3.0183625336927231 1.0000000180025095e-35 82.500000000000014 132.50000000000003 462.50000000000006 1.0000000180025095e-35 3.2504019292604505 2.5000000000000004 3.1380262907220424 52.500000000000007 48.845238095238102
decision_type=2 2 2 2 2 2 2 2 2 2 2 2 2 2 2 2 2 2 2 2 2 2 2 2 2 2 2 2 2 2
left_child=26 4 3 7 16 13 23 25 9 -5 12 -12 -8 17 21 -10 -2 -4 -9 29 -21 -7 -16 -6 -15 -3 -1 -28 -25 -18
right_child=1 2 5 8 6 14 10 18 15 -11 11 -13 -14 24 22 -17 19 -19 -20 20 -22 -23 -24 28 -26 -27 27 -29 -30 -31
leaf_value=-0.078634191922385466 -0.070916127190071385 -0.06891871152865145 0.058062361491709735 0.052495869113673779 -0.075369271492601808 0.061879243563946799 0.045727415211218599 0.014441123691411484 0.037643036795307498 -0.0010487500661362781 -0.01007731495929939 0.016818623765192782 0.0015474715982326304 0.057384543296037607 0.072772672040072733 -0.0048544768200063241 -0.051461485302226363 0.027323382457805908 -0.031943032578587667 0.022894015136200756 -0.034059592249063596 0.030531683474045737 0.049487269943946546 0.011409227743866405 0.036427274549888561 -0.024434469408831705 -0.077229653082555097 -0.061889026719096608 -0.040973283024107472 -0.023595159927054882
leaf_weight=1790.1077281683683 52.232433319091797 51.823667615652084 85.113505229353905 362.47954815626144 27.574875324964523 204.12971231341362 120.66196957230568 93.248494014143944 57.3933285176754 49.410752668976784 243.61941015720367 349.88636383414268 68.742596507072449 426.29447966814041 1225.1256366670132 97.079481333494186 71.2741759121418 272.44516299664974 38.976342648267746 28.887165859341621 38.827700823545456 65.491070970892906 57.155387848615646 5.9164939373731604 70.316152766346931 17.165269732475281 145.03394939005375 126.23018454015255 46.242017075419426 16.695998266339302
leaf_count=7713 222 219 344 1460 117 826 483 375 230 198 983 1400 275 1723 5012 389 292 1091 157 117 159 264 233 24 283 70 621 535 191 68
internal_value=-4.0291e-05 0.037586 0.051298 0.0218566 -0.0030629 0.0606903 0.00596774 -0.01933 0.036489 0.0460726 0.0115639 0.00577851 0.0296927 0.0461386 0.0686996 0.0109352 -0.0405308 0.0346405 0.000768316 -0.0303365 -0.00976318 0.0542649 0.0717348 -0.0489818 0.0544172 -0.0578505 -0.07751 -0.070091 -0.0350314 -0.0461727
internal_weight=6305.58 4244.21 3173.65 767.577 1070.56 2406.07 862.644 201.214 566.363 411.89 782.91 593.506 189.405 854.169 1551.9 154.473 207.917 357.559 132.225 155.685 67.7149 269.621 1282.28 79.7334 496.611 68.9889 2061.37 271.264 52.1585 87.9702
internal_count=26074 17205 12874 3098 4331 9776 3473 821 2277 1658 3141 2383 758 3441 6335 619 858 1435 532 636 276 1090 5245 332 2006 289 8869 1156 215 360
is_linear=0
shrinkage=0.05


Tree=6
num_leaves=31
num_cat=0
split_feature=3 2 3 2 4 3 2 2 3 3 3 5 3 5 3 0 1 5 3 1 3 5 9 3 3 0 1 3 4 5
split_gain=6754.06 869.765 279.041 187.196 142.662 98.4985 60.9159 54.2724 53.0772 41.7132 40.2733 37.4782 34.449 34.5614 27.1669 25.9539 24.399 22.394 21.3303 21.7555 20.5223 20.5517 19.6821 16.0911 13.2978 12.2399 7.47358 6.80585 6.32971 5.62014
threshold=3.5000000000000004 71.023809523809533 6.5000000000000009 57.52272727272728 1164.5000000000002 4.5000000000000009 79.964285714285737 42.690476190476197 4.5000000000000009 4.5000000000000009 5.5000000000000009 2.7376297515928134 5.5000000000000009 3.1523581429624175 5.5000000000000009 1.0000000180025095e-35 72.500000000000014 2.9765383575401736 10.500000000000002 52.500000000000007 8.5000000000000018 4.0549231681534588 2.5000000000000004 9.5000000000000018 12.500000000000002 1.0000000180025095e-35 52.500000000000007 2.5000000000000004 462.50000000000006 4.6221219256933548
decision_type=2 2 2 2 2 2 2 2 2 2 2 2 2 2 2 2 2 2 2 2 2 2 2 2 2 2 2 2 2 2
left_child=27 3 4 7 8 17 18 -2 11 29 -11 -3 16 -14 -10 22 -6 -5 19 -4 21 -8 -7 -17 -20 -22 -19 -1 -29 -9
right_child=1 2 6 5 12 15 20 9 14 10 -12 -13 13 -15 -16 23 -18 26 24 -21 25 -23 -24 -25 -26 -27 -28 28 -30 -31
leaf_value=-0.076444094512204505 -0.060524808115156238 -0.077395510316351279 0.0619987668094256 -0.067704095456121674 0.056054546405016892 0.012995237661584214 0.059059900277394578 -0.067085927874928369 0.024413960369449109 0.019214652259661194 -0.019247217930486261 -0.011891360445866004 0.064417709156679062 -0.028243400257386808 -0.020768016330406106 -0.016438570476139443 0.024738458428358381 0.025093074180749804 0.061817300227022337 0.032412313342285691 0.071811482929734979 0.011553535467704615 0.030652898708244572 0.018170020613434989 0.043510536956431388 0.053192675073948231 -0.023879452380974931 -0.076083440359848972 -0.060634084044774467 -0.014827088632965866
leaf_weight=1750.3291910290718 76.904250025749207 32.884708032011986 83.774335369467735 32.60364793241024 256.60383903980255 227.91447427868843 204.1730091124773 38.41395215690136 124.39425261318684 94.390936523675919 243.99049010872841 64.995106473565102 14.983548194169996 30.644841551780701 45.416602462530136 65.366580247879028 82.097773030400276 9.6238373667001706 348.43208986520767 240.5226142257452 1009.5730567276478 25.622955217957497 513.09418386220932 69.079705283045769 138.67778600752354 96.727251634001732 40.894136920571327 124.61628779768944 141.66948460042477 5.9403813928365699
leaf_count=7713 329 141 342 140 1039 915 831 164 501 378 991 265 60 123 183 262 329 39 1425 969 4182 104 2060 277 564 400 167 548 608 25
internal_value=-4.75157e-05 0.035938 0.0520987 0.00403722 0.0234505 0.0166161 0.0607969 -0.022196 -0.00457343 -0.0144945 -0.00851834 -0.0338988 0.0429695 0.00218485 0.0123299 0.0215548 0.0484639 -0.0353992 0.0499908 0.0400553 0.0673594 0.0537628 0.0252219 0.00134363 0.0566055 0.0701836 -0.01455 -0.0753111 -0.0678641 -0.0600869
internal_weight=6234.36 4217.74 2799.52 1418.22 652.021 958.577 2147.5 459.64 267.691 382.736 338.381 97.8798 384.33 45.6284 169.811 875.455 338.702 83.1216 811.407 324.297 1336.1 229.796 741.009 134.446 487.11 1106.3 50.518 2016.61 266.286 44.3543
internal_count=26074 17205 11458 5747 2641 3860 8817 1887 1090 1558 1369 406 1551 183 684 3514 1368 346 3300 1311 5517 935 2975 539 1989 4582 206 8869 1156 189
is_linear=0
shrinkage=0.05


Tree=7
num_leaves=31
num_cat=0
split_feature=3 2 3 2 4 3 2 1 2 3 3 0 3 5 2 3 3 1 2 3 3 0 1 8 3 1 3 4 4 2
split_gain=6215.72 798.921 245.639 199.271 135.612 103.292 50.3182 43.9172 39.4682 38.5223 36.415 32.1956 30.8517 27.2299 25.2857 22.3867 22.0693 21.8432 19.6968 16.4943 15.2626 14.3959 14.3363 13.4548 8.73932 8.61781 6.7812 6.29063 5.30042 4.44779
threshold=3.5000000000000004 72.866071428571445 6.5000000000000009 57.52272727272728 564.50000000000011 4.5000000000000009 42.690476190476197 72.500000000000014 82.035714285714292 4.5000000000000009 5.5000000000000009 1.0000000180025095e-35 4.5000000000000009 2.9625719714828631 66.279220779220793 5.5000000000000009 10.500000000000002 52.500000000000007 91.023809523809533 12.500000000000002 9.5000000000000018 1.0000000180025095e-35 132.50000000000003 1.5000000000000002 10.500000000000002 52.500000000000007 2.5000000000000004 683.50000000000011 725.50000000000011 37.083333333333336
decision_type=2 2 2 2 2 2 2 2 2 2 2 2 2 2 2 2 2 2 2 2 2 2 2 2 2 2 2 2 2 2
left_child=26 3 4 6 12 13 29 15 16 28 -11 14 -3 -5 -7 -6 17 -4 -9 -18 -13 22 -10 -14 -23 -15 -1 -28 -8 -2
right_child=1 2 8 5 7 11 9 18 21 10 -12 20 23 25 -16 -17 19 -19 -20 -21 -22 24 -24 -25 -26 -27 27 -29 -30 -31
leaf_value=-0.074472622188665738 -0.071978556230747268 -0.065911179201949541 0.063026246501538583 -0.06578188848155675 0.048050415557833473 0.016776704212165185 -0.07064578059102386 0.0034535383174082723 0.069225690146815635 0.018258908133318257 -0.018329968424346907 -0.015154221100568854 0.0081390273498245028 0.029846714247532796 0.033645555511115602 0.0085118828742476137 0.064001045544126417 0.034968820123343139 0.062533937738452242 0.044213689455253169 0.016182350205380874 0.026746735643772619 0.034622040906079392 -0.0390761498458463 0.058856674318823722 -0.019707621430846645 -0.071698456655523754 -0.055569529271864239 -0.033982783955024874 -0.047590000844113446
leaf_weight=1707.9051340073347 33.706917181611061 36.303383231163025 94.937304183840752 36.275507837533951 316.85456341505051 405.52310593426228 28.621105387806892 121.41671216487885 973.92738088965416 94.365734577178955 243.40517634153366 73.547370851039886 42.730480626225471 10.623144462704657 491.27311673760414 40.360699355602264 389.24728228151798 257.56088984012604 15.962121486663817 144.38174258172512 82.380018249154091 32.60974033176899 30.880803301930428 23.325223654508591 60.512421622872353 50.389656126499176 165.83664038777351 95.133439183235168 15.037624716758726 41.973789498209953
leaf_count=7713 149 158 392 158 1290 1625 125 488 4081 378 991 295 171 43 1987 162 1614 1048 64 594 331 135 128 95 253 206 741 415 64 180
internal_value=-5.4593e-05 0.0343907 0.0516229 0.00671604 0.0235019 0.0178161 -0.0212099 0.0343434 0.0600838 -0.0138206 -0.00810784 0.0223715 -0.0288834 -0.0314762 0.0260176 0.0435831 0.0522341 0.0425254 0.0103181 0.0586473 0.00140161 0.0664193 0.0681622 -0.00853333 0.0476123 -0.0110795 -0.0733256 -0.0658189 -0.0580177 -0.0584523
internal_weight=6157.01 4188.13 2581.01 1607.12 596.953 1150.01 457.11 494.594 1984.06 381.43 337.771 1052.72 102.359 97.2883 896.796 357.215 886.127 352.498 137.379 533.629 155.927 1097.93 1004.81 66.0557 93.1222 61.0128 1968.88 260.97 43.6587 75.6807
internal_count=26074 17205 10673 6532 2428 4645 1887 2004 8245 1558 1369 4238 424 407 3612 1452 3648 1440 552 2208 626 4597 4209 266 388 249 8869 1156 189 329
is_linear=0
shrinkage=0.05


Tree=8
num_leaves=31
num_cat=0
split_feature=3 2 3 2 4 3 2 3 3 2 1 3 0 5 2 3 1 4 2 3 3 1 3 8 0 3 4 8 5 1
split_gain=5729.61 734.389 228.323 181.828 123.404 88.405 55.3081 43.6674 38.7806 37.8269 37.5924 32.6062 30.8325 26.8028 20.9238 20.7821 20.3962 19.6537 17.2439 15.5157 14.7991 19.6807 14.2522 13.6411 11.1604 6.80651 6.28899 5.67861 5.28943 4.89601
threshold=3.5000000000000004 72.866071428571445 6.5000000000000009 59.763888888888893 599.50000000000011 4.5000000000000009 42.690476190476197 4.5000000000000009 5.5000000000000009 82.035714285714292 72.500000000000014 4.5000000000000009 1.0000000180025095e-35 3.3215721945614711 87.550505050505066 10.500000000000002 52.500000000000007 146.50000000000003 91.023809523809533 12.500000000000002 8.5000000000000018 147.50000000000003 9.5000000000000018 1.5000000000000002 1.0000000180025095e-35 2.5000000000000004 462.50000000000006 1.5000000000000002 4.7275819418676575 35.000000000000007
decision_type=2 2 2 2 2 2 2 2 2 2 2 2 2 2 2 2 2 2 2 2 2 2 2 2 2 2 2 2 2 2
left_child=25 3 4 6 11 13 -2 28 -9 15 14 -3 17 -5 -6 16 -4 -7 -12 -17 21 -11 -14 -13 -22 -1 -27 -15 -8 -28
right_child=1 2 9 5 10 12 7 8 -10 20 18 23 22 27 -16 19 -18 -19 -20 -21 24 -23 -24 -25 -26 26 29 -29 -30 -31
leaf_value=-0.072690343121311118 -0.056532353695976548 -0.062496706117010171 0.060615277194691577 -0.05877899829937791 0.033881565043549097 -0.020201918603933319 -0.06015967265204817 0.018869818984735661 -0.014323019905384203 0.054365769880887087 0.0041231746685570538 0.010832698271191021 -0.015965753587341064 0.0097806118238116784 0.060457344182827832 0.061612511396453462 0.033368202150450797 0.028353430290297278 0.059589703513780193 0.042333815092498978 0.068439333538268796 -0.031546436314007852 0.016356008209785361 -0.034174059945418445 0.048706827716307133 -0.072349325747950027 -0.025345175323449695 -0.025842805115647238 -0.011528807177315512 -0.059479028426898055
leaf_weight=1663.4189552664757 74.3738182336092 38.207013919949532 93.806433290243149 40.641859084367752 243.43958050012589 21.407415062189102 44.646760240197182 121.22405344247818 321.03961025178432 175.89049401879311 117.24698607623577 46.478998050093651 63.349302172660828 29.911586090922356 106.45066793262959 384.24722784757614 256.44838190078735 787.17580719292164 15.914363622665403 143.28166416287422 820.23871806263924 6.9286837577819815 73.883769124746323 26.397662401199341 78.515931069850922 118.61955454945564 11.466531544923781 17.870511323213577 6.3919662684202185 125.32925337553024
leaf_count=7713 329 169 392 177 994 86 197 486 1305 730 471 186 254 122 436 1614 1048 3179 64 594 3507 28 297 108 332 548 50 73 27 558
internal_value=-6.15288e-05 0.0329373 0.0495859 0.00639896 0.0224346 0.0188791 -0.0163384 -0.0102785 -0.00522489 0.057819 0.0333621 -0.0250841 0.0233488 -0.0289306 0.041967 0.0501074 0.0406656 0.0270679 0.0107521 0.0563762 0.0640776 0.0511098 0.00143569 -0.00546982 0.0667155 -0.0715234 -0.0639238 -0.00354255 -0.0540693 -0.0566179
internal_weight=6074.24 4155.41 2553.49 1601.92 594.135 1034.24 567.676 493.302 442.264 1959.36 483.052 111.084 945.816 88.424 349.89 877.784 350.255 808.583 133.161 527.529 1081.57 182.819 137.233 72.8767 898.755 1918.83 255.415 47.7821 51.0387 136.796
internal_count=26074 17205 10673 6532 2428 4188 2344 2015 1791 8245 1965 463 3816 372 1430 3648 1440 3265 535 2208 4597 758 551 294 3839 8869 1156 195 224 608
is_linear=0
shrinkage=0.05


Tree=9
num_leaves=31
num_cat=0
split_feature=3 2 3 2 4 3 1 2 3 3 3 2 2 5 0 5 4 1 0 0 3 5 4 1 3 3 5 4 1 2
split_gain=5289.41 676.332 213.396 165.024 99.8079 84.8007 67.8934 43.2268 42.3382 32.9176 29.9154 27.1764 25.2197 24.0605 21.689 21.4981 20.222 18.8043 12.7079 10.6777 9.87408 14.5856 10.6273 7.74266 7.13646 6.85921 6.30313 5.0761 4.72898 4.46252
threshold=3.5000000000000004 72.866071428571445 8.5000000000000018 57.52272727272728 462.50000000000006 4.5000000000000009 82.500000000000014 42.690476190476197 4.5000000000000009 4.5000000000000009 5.5000000000000009 65.345238095238116 82.035714285714292 2.9625719714828631 1.0000000180025095e-35 2.1116288141470183 1178.5000000000002 52.500000000000007 1.0000000180025095e-35 1.0000000180025095e-35 13.500000000000002 3.8395617603694245 2762.5000000000005 52.500000000000007 9.5000000000000018 2.5000000000000004 3.1380262907220424 725.50000000000011 82.500000000000014 37.083333333333336
decision_type=2 2 2 2 2 2 2 2 2 2 2 2 2 2 2 2 2 2 2 2 2 2 2 2 2 2 2 2 2 2
left_child=25 3 4 7 8 13 14 29 -3 27 -11 18 20 -5 -6 -8 -13 -10 -7 28 22 -22 -4 -15 -21 -1 -27 -9 -14 -2
right_child=1 2 12 5 6 11 15 9 17 10 -12 16 19 23 -16 -17 -18 -19 -20 24 21 -23 -24 -25 -26 26 -28 -29 -30 -31
leaf_value=-0.071072823044494748 -0.068594353403230085 -0.067096865318974033 0.049494556592953556 -0.061888424785499878 0.047103969310182854 0.014076952567260506 0.061010199963357263 -0.067025936406070366 0.036185880048077823 0.016420350348112525 -0.016776065837334014 0.016889561258125796 0.06877006732669283 0.028955001057559011 0.010124311339013923 0.0072593798752330907 0.034801433629561923 -0.010370476070289214 -0.010119499721988848 0.00054731972657657765 0.051134183317396345 0.010972349131430331 0.063641743827307751 -0.018042106334904603 0.051804954553390271 -0.069652259527460111 -0.053734261934104792 -0.030634334437171326 0.060412206678565464 -0.043709308377140557
leaf_weight=1617.3792318105698 32.277945026755333 27.0355214625597 393.92627011239529 34.96633668243885 545.5356453359127 347.32628530263901 20.460238516330719 27.470951601862907 30.432237938046455 94.267922893166542 242.31472235918045 285.39465157687664 563.31589616835117 10.617841139435766 42.75882363319397 204.87687215209007 351.82295614480972 75.49133825302124 64.311662212014198 7.5192448049783698 65.552962347865105 34.506728187203407 200.2156021296978 50.185928910970688 70.071380212903023 132.27414917945862 117.37449739873409 14.715103477239607 241.93312272429466 40.770932361483574
leaf_count=7713 149 123 1663 158 2258 1394 84 125 127 378 991 1155 2455 43 174 830 1431 307 258 32 274 144 850 206 300 621 535 64 1052 180
internal_value=-6.81438e-05 0.0315683 0.0476808 0.00609806 0.028914 0.016198 0.0354772 -0.0194888 -0.011249 -0.012697 -0.00747863 0.0203104 0.0589452 -0.0288402 0.0444162 0.0121399 0.0267791 0.00300534 0.0102967 0.0645521 0.0518148 0.0372839 0.0542619 -0.00983525 0.0468376 -0.0698822 -0.0621683 -0.054332 0.066259 -0.0547052
internal_weight=5987.1 4120.08 2523.63 1596.44 946.591 1144.63 813.632 451.818 132.959 378.769 336.583 1048.86 1577.04 95.7701 588.294 225.337 637.218 105.924 411.638 882.84 694.202 100.06 594.142 60.8038 77.5906 1867.03 249.649 42.1861 805.249 73.0489
internal_count=26074 17205 10673 6532 3903 4645 3346 1887 557 1558 1369 4238 6770 407 2432 914 2586 434 1652 3839 2931 418 2513 249 332 8869 1156 189 3507 329
is_linear=0
shrinkage=0.05


Tree=10
num_leaves=31
num_cat=0
split_feature=3 2 3 2 4 3 2 3 2 3 0 5 3 0 5 4 5 3 2 1 1 2 3 3 5 3 0 9 3 4
split_gain=4889.2 623.39 202.918 150.142 107.734 72.635 49.2044 39.7542 35.6463 32.6642 27.0783 25.8113 24.6431 23.933 23.6067 20.2752 19.3498 18.9917 18.9905 18.9318 17.6992 15.914 14.2761 13.0923 18.7953 12.6729 10.2687 7.58559 6.9592 6.41595
threshold=3.5000000000000004 72.866071428571445 6.5000000000000009 59.763888888888893 1164.5000000000002 4.5000000000000009 48.845238095238102 4.5000000000000009 82.035714285714292 4.5000000000000009 1.0000000180025095e-35 2.7376297515928134 7.5000000000000009 1.0000000180025095e-35 3.3215721945614711 361.50000000000006 2.9765383575401736 10.500000000000002 88.035714285714292 52.500000000000007 72.500000000000014 38.928571428571438 12.500000000000002 8.5000000000000018 4.0549231681534588 9.5000000000000018 1.0000000180025095e-35 5.5000000000000009 2.5000000000000004 462.50000000000006
decision_type=2 2 2 2 2 2 2 2 2 2 2 2 2 2 2 2 2 2 2 2 2 2 2 2 2 2 2 2 2 2
left_child=28 3 4 6 7 14 16 11 17 -8 20 -3 -11 18 -5 -9 -2 19 -6 -4 -7 -18 -19 24 -10 -12 -25 -15 -1 -30
right_child=1 2 8 5 13 10 9 15 23 12 25 -13 -14 27 -16 -17 21 22 -20 -21 -22 -23 -24 26 -26 -27 -28 -29 29 -31
leaf_value=-0.069599663750773921 -0.052081797002634225 -0.071947848521323396 0.056680138631721548 -0.055179774085257795 0.033033015288478677 0.029830793764488224 -0.050393110493211463 -0.022514410392112716 0.053621767976761804 0.01207270057202609 -0.015744859839916032 -0.013875911699538241 -0.014356709315987138 -0.035127142919658128 -0.0028710564242026572 0.020330832604230395 -0.062695307150127305 0.0574617159994113 0.058823977093005957 0.030148623848260073 0.013978830177487257 -0.0064571116582136587 0.038777743261809883 0.064245136384237164 0.0034182633770552954 0.014753714338294841 0.045073348625352311 0.020343065582840943 -0.06929817283809786 -0.053024471833089143
leaf_weight=1570.2278797030449 96.484214246273041 28.287976071238518 91.493120029568672 39.377038314938545 221.56415963172913 544.40695787966251 36.176430553197861 36.604921460151672 158.33605252206326 185.2416223436594 63.32829974591732 59.133203014731407 168.3581956923008 13.391081482172014 47.692779049277306 112.39550453424454 15.936766371130942 373.37442387640476 105.2928462177515 253.6155760884285 260.27053867280483 59.709009870886803 140.78901155292988 789.37153360247612 21.131293118000031 73.700983971357346 76.623711690306664 11.418709605932234 112.27701246738434 131.50296369194984
leaf_count=7713 422 130 392 177 912 2211 164 148 670 749 254 245 684 54 195 456 75 1614 437 1048 1054 250 594 3507 88 297 332 46 548 608
internal_value=-7.46087e-05 0.0302683 0.0458739 0.0058122 0.0202006 0.0171649 -0.0149732 -0.00589976 0.0538005 -0.00514076 0.0212047 -0.032667 -0.000511038 0.0377476 -0.0265275 0.00980505 -0.037238 0.0462557 0.0413412 0.0371825 0.0247035 -0.0183052 0.0523456 0.0600016 0.0477106 0.00065875 0.0625488 -0.00959697 -0.0683794 -0.0605196
internal_weight=5897.51 4083.51 2492.82 1590.68 588.088 1028.78 561.906 236.422 1904.73 389.776 941.707 87.4212 353.6 351.667 87.0698 149 172.13 859.272 326.857 345.109 804.677 75.6458 514.163 1045.46 179.467 137.029 865.995 24.8098 1814.01 243.78
internal_count=26074 17205 10673 6532 2428 4188 2344 979 8245 1597 3816 375 1433 1449 372 604 747 3648 1349 1440 3265 325 2208 4597 758 551 3839 100 8869 1156
is_linear=0
shrinkage=0.05


Tree=11
num_leaves=31
num_cat=0
split_feature=3 2 3 2 4 3 1 2 3 2 2 5 3 3 3 5 4 1 3 3 3 5 3 2 3 4 5 1 3 5
split_gain=4524.91 575.667 190.625 136.716 85.4902 85.2741 62.1117 38.9421 36.138 24.6144 24.3961 22.2323 20.9535 19.8097 19.4678 19.0476 17.0172 16.0455 15.1328 11.9799 16.8635 16.363 8.42235 8.02092 7.08063 6.42782 5.38955 4.86898 4.00739 9.81292
threshold=3.5000000000000004 72.866071428571445 8.5000000000000018 52.519230769230781 462.50000000000006 4.5000000000000009 82.500000000000014 65.345238095238116 4.5000000000000009 40.100000000000009 85.563492063492077 3.3215721945614711 7.5000000000000009 5.5000000000000009 10.500000000000002 2.3670691968564315 725.50000000000011 52.500000000000007 5.5000000000000009 12.500000000000002 11.500000000000002 4.0897456315981078 4.5000000000000009 69.720779220779235 2.5000000000000004 462.50000000000006 2.5424447270374588 35.000000000000007 12.500000000000002 4.5517240540634454
decision_type=2 2 2 2 2 2 2 2 2 2 2 2 2 2 2 2 2 2 2 2 2 2 2 2 2 2 2 2 2 2
left_child=24 3 4 9 8 11 15 13 -3 -2 19 26 -8 -7 -9 -6 22 -10 -18 20 -4 -21 -11 -13 -1 -26 -5 -27 -12 -30
right_child=1 2 10 5 6 7 12 14 17 16 28 23 -14 -15 -16 -17 18 -19 -20 21 -22 -23 -24 -25 25 27 -28 -29 29 -31
leaf_value=-0.068253639807671893 -0.060399766308323714 -0.064050452170395442 0.046910572340228628 -0.070422597442122745 0.063127888406061372 0.022671165318417563 0.014761749301793121 0.017186884156153166 0.032915873998704513 -0.068939200911718776 0.065492249177552905 -0.020449238844832893 -0.040620686134792423 0.0012167138059723957 0.03499515436513484 0.037412838746456373 0.017646491967468047 -0.010354596529564317 -0.019921488164956608 0.047643032068434781 0.06191684490558752 0.014126180728968159 -0.029519628497861064 0.019952594814264313 -0.067919085321844846 -0.019585306353412282 -0.038256868722969226 -0.054386607840712788 0.060712347792604406 0.016936600461419701
leaf_weight=1522.3485441505909 46.357053056359291 25.82157538831234 459.20737904310226 24.663321748375893 84.264796018600464 143.24360623955727 205.62306001782417 372.48984126746655 29.947446972131729 16.507237508893013 448.32762543857098 42.6532022356987 18.625608623027802 432.30321460962296 260.99871349334717 495.24102418124676 38.846254423260689 75.279858782887459 86.480005994439125 141.99997007846832 316.07924507558346 48.97333824634552 75.645893678069115 17.253977671265602 108.91424632072449 10.987030550837515 27.59215135872364 117.90557640790939 95.883362278342247 14.774390503764151
leaf_count=7713 222 123 2006 117 356 577 838 1510 127 78 2038 179 76 1743 1076 2076 161 307 361 614 1398 211 314 70 548 50 124 558 436 67
internal_value=-8.07079e-05 0.0290383 0.0441788 0.00553957 0.0264002 0.0121017 0.0325057 0.0159707 -0.0110465 -0.0273211 0.055075 -0.0296035 0.0101618 0.00655635 0.0245239 0.041152 -0.0202702 0.00196008 -0.00827688 0.0502654 0.0530285 0.0390479 -0.0365808 -0.00881303 -0.0670003 -0.0589765 -0.0534383 -0.0514201 0.063389 0.0548677
internal_weight=5805.24 4045.08 2460.05 1585.03 934.803 1321.2 803.754 1209.04 131.049 263.836 1525.25 112.163 224.249 575.547 633.489 579.506 217.479 105.227 125.326 966.26 775.287 190.973 92.1531 59.9072 1760.16 237.807 52.2555 128.893 558.985 110.658
internal_count=26074 17205 10673 6532 3903 5396 3346 4906 557 1136 6770 490 914 2320 2586 2432 914 434 522 4229 3404 825 392 249 8869 1156 241 608 2541 503
is_linear=0
shrinkage=0.05


Tree=12
num_leaves=31
num_cat=0
split_feature=3 2 3 2 4 3 2 3 2 3 3 5 3 0 1 5 1 3 1 1 3 1 0 3 3 5 3 4 5 8
split_gain=4192.17 531.896 181.632 127.381 91.7433 61.8364 41.8013 38.5737 33.1097 32.8031 30.7001 32.3708 28.7135 26.0429 20.9991 20.6179 18.1259 16.4401 17.3471 14.9328 14.2015 12.5721 12.4756 12.351 11.7115 10.9496 7.22003 6.45324 4.88379 4.68141
threshold=3.5000000000000004 73.023809523809533 6.5000000000000009 59.763888888888893 949.50000000000011 4.5000000000000009 42.690476190476197 4.5000000000000009 82.035714285714292 4.5000000000000009 5.5000000000000009 2.8735942814218487 5.5000000000000009 1.0000000180025095e-35 72.500000000000014 3.3215721945614711 72.500000000000014 10.500000000000002 52.500000000000007 47.500000000000007 12.500000000000002 132.50000000000003 1.0000000180025095e-35 9.5000000000000018 8.5000000000000018 2.7376297515928134 2.5000000000000004 462.50000000000006 4.6221219256933548 1.5000000000000002
decision_type=2 2 2 2 2 2 2 2 2 2 2 2 2 2 2 2 2 2 2 2 2 2 2 2 2 2 2 2 2 2
left_child=26 3 4 6 7 15 -2 25 17 28 14 -12 -11 16 -6 -5 -7 18 -4 -9 -19 22 -10 -15 -23 -3 -1 -28 -8 -17
right_child=1 2 8 5 10 13 9 19 21 12 11 -13 -14 23 -16 29 -18 20 -20 -21 -22 24 -24 -25 -26 -27 27 -29 -30 -31
leaf_value=-0.067020146103350872 -0.050205931913103852 -0.068055498512971241 0.053501500928997928 -0.051881693386683574 0.044228301804294191 0.028039837068999873 -0.054798963935749158 -0.047553674848516164 0.059306847775130782 0.01638651296402659 0.061073955695935878 -0.031199231440526311 -0.012237559894154112 -0.016506842951367447 0.016318121598755987 0.0088048689519096036 0.012083536968475111 0.054043697318817786 0.027621152554877532 0.011668934293722101 0.035013787774155619 -0.028431845193088924 0.037932476058458627 0.013360641887042264 0.04168959659534624 -0.025684349106768922 -0.066652705065165213 -0.04989928055829887 -0.010486579776535263 -0.023391715774850826
leaf_weight=1474.0730357319117 69.08658441901207 25.527850866317749 87.844802975654602 38.418931722640991 255.62718331813812 553.58864723145962 40.448344737291336 11.841969564557074 890.17673610150814 120.81370624899864 13.097158640623091 34.652784988284111 318.80097930133343 64.547295838594437 91.521428287029266 31.032524034380913 262.31753276288509 355.94391378760338 246.25830236077309 105.22245714068413 135.30750501155853 7.1536226123571387 73.937829524278641 74.638662025332451 35.525445982813835 37.862233743071556 105.52049422264099 126.25016665458679 7.3474303781986228 17.746494859457016
leaf_count=7713 329 123 387 179 1083 2264 192 48 4081 486 53 139 1305 259 369 127 1067 1592 1031 427 582 29 328 302 159 159 548 608 32 73
internal_value=-8.67627e-05 0.0278637 0.0427102 0.00550738 0.0182029 0.0158199 -0.0138074 -0.0113329 0.0504063 -0.00864817 0.0316997 -0.00588995 -0.00437117 0.0194997 0.0368701 -0.0244859 0.0229098 0.0429826 0.0344258 0.00567811 0.0488022 0.0564921 0.0576676 -0.000490363 0.0299362 -0.0427477 -0.0657303 -0.0575268 -0.047987 -0.0029087
internal_weight=5712.13 4006.29 2407.5 1598.79 575.353 1042.29 556.497 180.455 1832.15 487.41 394.899 47.7499 439.615 955.092 347.149 87.198 815.906 825.355 334.103 117.064 491.251 1006.79 964.115 139.186 42.6791 63.3901 1705.84 231.771 47.7958 48.779
internal_count=26074 17205 10590 6615 2401 4271 2344 757 8189 2015 1644 192 1791 3892 1452 379 3331 3592 1418 475 2174 4597 4409 561 188 282 8869 1156 224 200
is_linear=0
shrinkage=0.05


Tree=13
num_leaves=31
num_cat=0
split_feature=3 2 3 2 3 4 1 2 3 2 2 5 4 0 0 3 4 3 1 3 3 5 0 3 3 5 4 1 3 5
split_gain=3888.26 492.24 170.559 116.449 72.3253 71.2939 53.8937 34.3215 30.5311 23.5183 22.1915 19.8621 18.9521 18.855 18.6679 16.8304 15.6303 14.7453 13.6769 11.9993 16.1591 14.3762 9.186 8.9942 7.39065 6.56896 3.97604 5.01855 3.9667 9.50019
threshold=3.5000000000000004 73.023809523809533 8.5000000000000018 52.519230769230781 4.5000000000000009 462.50000000000006 82.500000000000014 65.345238095238116 4.5000000000000009 85.563492063492077 40.100000000000009 2.5424447270374588 1178.5000000000002 1.0000000180025095e-35 1.0000000180025095e-35 5.5000000000000009 1221.5000000000002 7.5000000000000009 52.500000000000007 12.500000000000002 11.500000000000002 4.0897456315981078 1.0000000180025095e-35 4.5000000000000009 2.5000000000000004 3.1380262907220424 462.50000000000006 35.000000000000007 12.500000000000002 4.5517240540634454
decision_type=2 2 2 2 2 2 2 2 2 2 2 2 2 2 2 2 2 2 2 2 2 2 2 2 2 2 2 2 2 2
left_child=24 3 5 10 11 8 14 15 -3 19 -2 -5 -9 -8 -7 -6 23 -18 -10 20 -4 -21 -13 -12 -1 -26 -27 -28 -11 -30
right_child=1 2 9 4 7 6 13 12 18 28 16 22 -14 -15 -16 -17 17 -19 -20 21 -22 -23 -24 -25 25 26 27 -29 29 -31
leaf_value=-0.065886690034098916 -0.057660769363891952 -0.061107537065813983 0.043673144638646577 -0.067799412961909764 0.020722822953891384 0.040660366348378357 0.014666845987539801 0.013133429252372758 0.030232411269679162 0.06228070380867793 -0.058677459041740904 -0.01064834604900961 0.030338337649527244 -0.02844768250687911 0.0058930012873860465 0.00091604731961998295 0.024904481565573032 -0.020268707959502912 -0.010105261273241743 0.043809916363271049 0.058686594589278829 0.011920284953221137 -0.062485112587584046 -0.023197458940367389 -0.064294393820584536 -0.06687946126712345 -0.0076654000756585837 -0.046663598176217791 0.057407977110984082 0.013717292226905889
leaf_weight=1425.6869620978832 44.214704960584641 24.126641184091568 439.47735558450222 23.851093888282776 142.7077971547842 521.31801527738571 192.83652925491333 290.03464019298553 29.363202527165413 428.25300912559032 20.947903916239738 77.960596144199371 357.18778020143509 29.197738260030746 41.697347894310951 431.68955236673355 32.816156774759293 40.187354430556297 73.902394637465477 136.03822034597397 302.648123010993 47.745338961482048 9.598831504583357 121.26198065280914 118.0748293697834 20.755622088909149 9.2297148853540403 77.680656343698502 91.75768406689167 14.393899813294409
leaf_count=7713 222 121 1978 119 577 2235 790 1185 127 2038 102 335 1477 119 172 1743 136 169 302 604 1392 209 43 507 621 110 43 382 436 67
internal_value=-9.23884e-05 0.0267552 0.0411874 0.00525131 0.0112161 0.0242284 0.0298585 0.0147332 -0.0104669 0.0517839 -0.0253977 -0.0273495 0.0226284 0.00899724 0.0380855 0.005837 -0.0187694 3.73081e-05 0.00136461 0.0469633 0.0497958 0.0355253 -0.016331 -0.0284238 -0.0645557 -0.0561497 -0.0472176 -0.0425221 0.060136 0.0514836
internal_weight=5616.64 3965.21 2372.76 1592.46 1333.03 912.442 785.05 1221.62 127.392 1460.31 259.428 111.411 647.222 222.034 563.015 574.397 215.213 73.0035 103.266 925.909 742.125 183.784 87.5594 142.21 1651.43 225.741 107.666 86.9104 534.405 106.152
internal_count=26074 17205 10590 6615 5479 3866 3316 4982 550 6724 1136 497 2662 909 2407 2320 914 305 429 4183 3370 813 378 609 8869 1156 535 425 2541 503
is_linear=0
shrinkage=0.05


Tree=14
num_leaves=31
num_cat=0
split_feature=3 2 3 2 4 3 2 2 3 3 3 3 6 3 5 5 5 3 2 2 3 1 3 1 0 3 3 4 0 1
split_gain=3609.41 455.65 163.621 106.884 81.1119 53.3035 32.1796 31.2606 30.6919 25.6133 24.3864 22.6799 38.6933 22.4751 25.9007 20.4033 18.7066 18.2615 16.4537 16.3843 14.9652 16.211 13.0926 12.1853 12.0605 10.0741 7.57054 6.57296 6.01415 4.52934
threshold=3.5000000000000004 73.023809523809533 6.5000000000000009 57.52272727272728 1164.5000000000002 4.5000000000000009 82.035714285714292 41.550000000000004 4.5000000000000009 4.5000000000000009 5.5000000000000009 10.500000000000002 1.0000000180025095e-35 5.5000000000000009 3.1523581429624175 2.7376297515928134 2.9625719714828631 5.5000000000000009 64.035714285714292 88.174242424242451 10.500000000000002 52.500000000000007 12.500000000000002 132.50000000000003 1.0000000180025095e-35 8.5000000000000018 2.5000000000000004 462.50000000000006 1.0000000180025095e-35 35.000000000000007
decision_type=2 2 2 2 2 2 2 2 2 2 2 2 2 2 2 2 2 2 2 2 2 2 2 2 2 2 2 2 2 2
left_child=26 3 4 7 8 16 20 -2 15 -9 -11 12 -7 19 -15 -3 -5 -10 -13 -6 21 -4 -22 24 -8 -25 -1 -28 -18 -29
right_child=1 2 6 5 13 11 23 9 17 10 -12 18 -14 14 -16 -17 28 -19 -20 -21 22 -23 -24 25 -26 -27 27 29 -30 -31
leaf_value=-0.06484252066649808 -0.051881355394790642 -0.068009558500353728 0.050373115579110145 -0.054329902903738583 0.028376278498245745 0.021408353081466824 0.05620448286469041 -0.048676616385820722 0.018213186402188841 0.014561412698372187 -0.014959906286934553 0.0094931564455299558 -0.0032061386476059718 0.053058212147259566 -0.031216775417648352 -0.014360612019786527 -0.0025599554307732639 -0.021304891388839745 0.031748647084780833 0.053253117744285962 0.050646329224662869 0.025027055946281303 0.032148142603790585 -0.027041988531634462 0.034883715731600332 0.038113152902485119 -0.064419290276673341 -0.015893224717120399 -0.061279078220424381 -0.0500401133635806
leaf_weight=1377.4361642003059 53.293371200561523 25.640216737985611 85.204253375530243 31.828844338655472 199.7650545835495 356.83125744760036 853.27122665941715 40.429237470030785 104.71885366737843 97.53839185833931 247.36386695504189 115.88215954601765 288.9426167756319 13.727401226758955 27.146156027913094 57.388529390096664 56.586799040436745 40.555394917726517 293.10270869731903 98.983506292104721 342.94482755661011 243.01359088718891 132.65565966069698 7.1724195927381507 71.919019103050232 34.322439253330231 98.754558742046356 10.648710146546362 4.7247911989688864 110.30273503065109
leaf_count=7713 270 128 387 160 847 1452 4081 197 429 394 1026 466 1172 56 109 241 234 164 1224 427 1592 1031 582 29 328 159 548 50 20 558
internal_value=-9.79903e-05 0.0256884 0.0397207 0.00500572 0.0163684 0.013028 0.0472115 -0.0159889 -0.00667831 -0.0110248 -0.00661127 0.0162298 0.0103949 0.031861 -0.00291299 -0.030928 -0.02323 0.00718115 0.0254428 0.0366187 0.0398193 0.0316068 0.0454868 0.0533583 0.0545471 0.026851 -0.0634677 -0.0548483 -0.00708497 -0.0470338
internal_weight=5522.09 3924.95 2338.43 1586.52 567.925 1147.9 1770.5 438.625 228.303 385.331 344.902 1054.76 645.774 339.622 40.8736 83.0287 93.1404 145.274 408.985 298.749 803.818 328.218 475.6 966.685 925.19 41.4949 1597.14 219.706 61.3116 120.951
internal_count=26074 17205 10590 6615 2401 4728 8189 1887 962 1617 1420 4314 2624 1439 165 369 414 593 1690 1274 3592 1418 2174 4597 4409 188 8869 1156 254 608
is_linear=0
shrinkage=0.05


Tree=15
num_leaves=31
num_cat=0
split_feature=3 2 3 2 3 4 1 2 3 2 3 5 5 1 4 5 6 3 1 1 2 3 0 3 4 0 5 8 2 4
split_gain=3353.71 422.166 155.192 98.7941 66.8228 62.374 49.0224 33.21 25.8835 23.5671 19.4383 19.3523 18.7836 18.155 16.8303 15.4711 16.3497 12.9893 11.8247 10.9595 8.79978 8.23873 8.15985 7.77093 7.52757 6.97533 6.65912 5.23894 4.719 3.95918
threshold=3.5000000000000004 73.023809523809533 8.5000000000000018 50.031250000000007 4.5000000000000009 462.50000000000006 72.500000000000014 65.345238095238116 4.5000000000000009 78.348484848484858 7.5000000000000009 2.5424447270374588 2.3767902188354144 72.500000000000014 1178.5000000000002 3.0183625336927231 1.0000000180025095e-35 5.5000000000000009 52.500000000000007 132.50000000000003 86.65151515151517 21.500000000000004 1.0000000180025095e-35 2.5000000000000004 747.50000000000011 1.5000000000000002 3.1380262907220424 1.5000000000000002 48.845238095238102 462.50000000000006
decision_type=2 2 2 2 2 2 2 2 2 2 2 2 2 2 2 2 2 2 2 2 2 2 2 2 2 2 2 2 2 2
left_child=23 3 5 15 11 8 12 13 -3 21 -8 -5 -7 -6 -9 28 17 -17 -10 20 -11 25 -13 -1 -18 -4 -25 -21 -2 -28
right_child=1 2 9 4 7 6 10 14 18 19 -12 22 -14 -15 -16 16 24 -19 -20 27 -22 -23 -24 26 -26 -27 29 -29 -30 -31
leaf_value=-0.063878348215222938 -0.04574174047794094 -0.058709755543085655 0.039488336235163644 -0.065657196045048855 0.010902435780954069 0.057806978587239988 0.012140388785696621 0.011747112792042347 0.027301196149349529 0.049573040415169939 -0.041084034949155752 -0.010958675778525467 0.031623461698263529 -0.006762941621456302 0.028013843324815619 0.033173479041986198 -0.067053620951308804 -0.036395309560935084 -0.010491165854694657 0.04056607995745079 0.059046739835912812 -0.028690982017624302 -0.059245886637123636 -0.062110906712542914 -0.020284741557938468 -0.0071173960047112711 -0.064802546114226811 0.005404747050790035 -0.016407029154974221 -0.039721391434924369
leaf_weight=1329.5300493389368 92.683025285601616 22.869543164968491 338.502750903368 25.230728700757027 404.98740704357624 80.214369565248489 205.22988799214363 288.88152240216732 28.776268854737282 580.73114310204983 18.719081953167915 81.144222423434258 468.85072585940361 226.94328454136848 353.71010635793209 24.442250967025757 11.334915742278097 9.2483770847320539 73.726519554853439 32.891837194561958 424.13780508935452 4.6394345462322226 9.8063134104013425 110.81984373927116 35.70503306388855 8.2233852595090848 19.387191385030746 15.62696400284767 16.089610874652863 83.510395765304565
leaf_count=7713 432 121 1530 133 1643 355 846 1185 127 2787 77 354 2038 919 1477 105 54 41 302 154 2124 20 46 621 158 36 110 73 68 425
internal_value=-0.000103207 0.0246758 0.0383312 0.00477312 0.00938809 0.0221014 0.0274072 0.0126972 -0.0106125 0.0487107 0.00769155 -0.0269131 0.0354487 0.00455832 0.020701 -0.0290947 -0.0125117 0.0140762 0.000118528 0.0524511 0.0535717 0.0374973 -0.016165 -0.0624558 -0.0315543 0.038383 -0.0536063 0.0292413 -0.0414026 -0.044447
internal_weight=5426.59 3883.35 2303.14 1580.21 1390.7 898.386 773.014 1274.52 125.372 1404.75 223.949 116.181 549.065 631.931 642.592 189.503 80.7306 33.6906 102.503 1053.39 1004.87 351.366 90.9505 1543.25 47.0399 346.726 213.717 48.5188 108.773 102.898
internal_count=26074 17205 10590 6615 5757 3866 3316 5224 550 6724 923 533 2393 2562 2662 858 358 146 429 5138 4911 1586 400 8869 212 1566 1156 227 500 535
is_linear=0
shrinkage=0.05


Tree=16
num_leaves=31
num_cat=0
split_feature=3 2 3 3 2 4 3 6 5 0 2 3 3 5 1 2 3 1 3 4 5 2 2 3 3 8 4 5 5 1
split_gain=3118.19 392.335 121.031 111.878 95.8664 68.6916 29.9759 31.3654 29.2252 28.8114 26.5252 28.6992 26.2412 22.3664 20.8784 17.6366 17.3098 15.7963 14.4815 13.0166 12.8813 11.281 10.0061 9.76759 7.99598 7.19596 6.73439 6.52527 6.0189 4.41712
threshold=3.5000000000000004 75.677083333333357 6.5000000000000009 4.5000000000000009 59.763888888888893 949.50000000000011 10.500000000000002 1.0000000180025095e-35 3.3215721945614711 1.0000000180025095e-35 38.928571428571438 5.5000000000000009 5.5000000000000009 2.8735942814218487 82.500000000000014 67.279220779220793 4.5000000000000009 82.500000000000014 8.5000000000000018 747.50000000000011 3.4089758342922907 86.511904761904773 56.392307692307703 7.5000000000000009 2.5000000000000004 1.5000000000000002 462.50000000000006 2.7376297515928134 2.4720248447204973 35.000000000000007
decision_type=2 2 2 2 2 2 2 2 2 2 2 2 2 2 2 2 2 2 2 2 2 2 2 2 2 2 2 2 2 2
left_child=24 3 5 8 10 16 7 -6 -2 14 -5 -12 17 -14 21 -8 27 -7 -16 23 -18 -4 -10 -11 -1 -24 -26 -3 -21 -28
right_child=1 2 9 4 6 12 15 -9 22 19 11 -13 13 -15 18 -17 20 -19 -20 28 -22 -23 25 -25 26 -27 29 -29 -30 -31
leaf_value=-0.06298609184203173 -0.053624459289775585 -0.06131923704345487 0.048279002545955192 -0.055253436171505355 0.021679650062150099 0.041068402582317795 0.014959860049668398 0.00058468647013582248 -0.043257005028882446 -0.055261851718911785 0.015338647007806608 -0.012543409117874891 0.055814753965731073 -0.029991655483477819 0.017202177614500713 0.035150423894729783 -0.0096930638029977655 0.014984429833771358 0.04296195126989908 0.058762215144794343 0.035393340438951613 0.059601426494501203 0.010200443576491455 0.011594557710673373 -0.062504158982469166 -0.022977518881547962 -0.013302286801822216 -0.022924318236983217 0.028438148750522464 -0.047454523357765024
leaf_weight=1282.1468780636787 80.098772048950195 17.170690327882767 606.14978410303593 27.626710698008537 388.60120716691017 224.55345287919044 164.05653437972069 322.40641002357006 19.753226488828659 6.5871150791645041 127.69986790418625 332.843057051301 10.127309784293173 30.365272402763367 64.756996229290962 317.43081815540791 70.16817319393158 78.275700986385345 346.45705968141556 19.959873393177986 20.461502075195312 345.32227173447609 41.510405525565147 32.016511052846909 92.080177187919617 26.955438822507858 10.40267166495323 31.12539929151535 90.824657678604126 105.32922467589378
leaf_count=7713 408 92 2893 150 1602 991 665 1320 96 28 520 1383 42 122 275 1397 285 318 1703 90 84 1753 172 148 548 113 50 132 423 558
internal_value=-0.00010838 0.0236962 0.0390782 0.00710497 0.0109972 0.0172674 0.0186377 0.0121141 -0.0317593 0.0460344 -0.00766683 -0.00481224 0.0292714 -0.00853123 0.0483196 0.0282709 -0.0123977 0.0343262 0.0389054 0.0251892 0.000486114 0.0523883 -0.0119068 0.00018654 -0.0615115 -0.00286193 -0.0524133 -0.0365748 0.0339016 -0.0443847
internal_weight=5333.26 3843.3 1994.32 1848.98 1680.66 482.248 1192.49 711.008 168.318 1512.07 488.17 460.543 343.322 40.4926 1362.69 481.487 138.926 302.829 411.214 149.388 90.6297 951.472 88.2191 38.6036 1489.96 68.4658 207.812 48.2961 110.785 115.732
internal_count=26074 17205 9379 7826 7037 2066 4984 2922 789 7313 2053 1903 1473 164 6624 2062 593 1309 1978 689 369 4646 381 176 8869 285 1156 224 513 608
is_linear=0
shrinkage=0.05


Tree=17
num_leaves=31
num_cat=0
split_feature=3 2 3 3 2 0 4 2 3 1 3 5 5 3 2 3 0 4 5 3 1 2 5 3 1 4 3 5 1 6
split_gain=2901.75 364.661 116.314 102.005 87.7475 52.4018 36.7779 32.125 29.1726 32.1952 28.7827 27.5596 26.6779 18.0541 17.0531 14.6852 12.9811 11.3472 17.0005 9.79273 9.58834 9.27444 8.88211 8.2297 7.82952 6.8127 4.99441 7.56713 4.72714 4.36974
threshold=3.5000000000000004 75.677083333333357 8.5000000000000018 4.5000000000000009 62.720779220779228 1.0000000180025095e-35 627.50000000000011 48.845238095238102 10.500000000000002 72.500000000000014 4.5000000000000009 3.3215721945614711 2.4944609020315873 5.5000000000000009 87.20714285714287 5.5000000000000009 1.0000000180025095e-35 803.50000000000011 3.5584670965381631 16.500000000000004 82.500000000000014 64.343137254901976 2.176568627450981 2.5000000000000004 52.500000000000007 462.50000000000006 12.500000000000002 4.5756519166561018 62.500000000000007 1.0000000180025095e-35
decision_type=2 2 2 2 2 2 2 2 2 2 2 2 2 2 2 2 2 2 2 2 2 2 2 2 2 2 2 2 2 2
left_child=23 3 5 11 7 6 10 13 9 -6 -3 -2 -8 -5 16 -9 20 28 -19 -10 -4 -13 -18 -1 -23 -25 -16 -28 -7 -27
right_child=1 2 14 4 8 17 12 15 19 -11 -12 21 -14 -15 26 -17 22 18 -20 -21 -22 24 -24 25 -26 29 27 -29 -30 -31
leaf_value=-0.062158683619297689 -0.052167214240135922 -0.049828925621800517 0.04956977382985038 -0.00010658982948317487 0.020171804622233565 -0.025655373479243428 0.057434615479094335 0.016315714514112803 0.032006972368671054 -0.0044095262784671933 0.013388488648773062 -0.031530777910580426 0.027649829969139218 -0.03875588147815956 0.05905299509946095 -0.0033983494371428685 -0.016159784830929429 0.022602230024949103 -0.038738072899016755 0.0069287779764324684 0.037266601623515472 0.040133393819224851 0.031421573261934246 -0.061640451227381869 -0.0078438657454191069 -0.058651085772842872 0.050861543154027293 0.0042500396884298068 -0.069225990609977861 -0.036917133888938726
leaf_weight=1235.4368673563004 78.266363143920898 21.249599099159241 493.01043592393398 45.447880402207375 423.83810177445412 13.76722699403763 89.805420219898224 127.13611929118633 382.4573358297348 194.25605963170528 117.92629843950272 34.575090765953064 461.63952785730362 90.153538107872009 305.52679960429668 367.58868063986301 11.191305860877035 26.440202996134758 19.720474153757095 43.338031247258186 233.30058845877647 10.622218579053877 79.352479159832001 88.785426616668701 42.635639399290085 32.403164505958557 67.057522386312485 10.006681427359579 11.363363876938818 80.785612672567368
leaf_count=7713 408 109 2447 203 1762 60 408 516 1668 789 507 161 2019 417 1613 1498 52 111 81 184 1146 44 374 548 176 175 352 50 50 433
internal_value=-0.000113066 0.022768 0.0377681 0.00678125 0.010489 0.0224908 0.0267038 -0.00424178 0.0193838 0.0124463 0.00373635 -0.0305916 0.0325004 -0.0258023 0.0474725 0.00166784 0.0433924 -0.0183216 -0.00360319 0.0294545 0.0456178 -0.0113659 0.0255405 -0.060629 0.00172514 -0.051272 0.0561839 0.0448091 -0.0453568 -0.043139
internal_weight=5239.08 3801.67 1961.36 1840.32 1674.22 761.912 690.621 630.326 1043.89 618.094 139.176 166.099 551.445 135.601 1199.45 494.725 816.855 71.2913 46.1607 425.795 726.311 87.8329 90.5438 1437.41 53.2579 201.974 382.591 77.0642 25.1306 113.189
internal_count=26074 17205 9379 7826 7037 3345 3043 2634 4403 2551 616 789 2427 620 6034 2014 4019 302 192 1852 3593 381 426 8869 220 1156 2015 402 110 608
is_linear=0
shrinkage=0.05


Tree=18
num_leaves=31
num_cat=0
split_feature=3 2 3 3 2 4 1 2 3 1 5 3 2 3 5 5 3 5 0 3 1 2 3 5 0 3 5 5 4 1
split_gain=2701.97 338.77 111.169 93.0157 79.6326 48.1974 35.0077 29.2925 26.8375 29.1976 25.9915 17.0806 16.9194 16.6719 16.2745 14.7658 13.5944 13.0052 12.5002 11.9808 9.82666 8.82015 8.48942 6.93535 6.78335 4.90344 7.1879 4.21881 4.00076 4.52494
threshold=3.5000000000000004 75.677083333333357 8.5000000000000018 4.5000000000000009 62.720779220779228 470.50000000000006 82.500000000000014 48.845238095238102 10.500000000000002 72.500000000000014 3.3215721945614711 4.5000000000000009 87.20714285714287 5.5000000000000009 2.2707825203252034 2.4944609020315873 7.5000000000000009 2.8043879351837 1.5000000000000002 13.500000000000002 172.50000000000003 56.392307692307703 2.5000000000000004 3.1380262907220424 1.0000000180025095e-35 12.500000000000002 4.5756519166561018 2.5424447270374588 462.50000000000006 35.000000000000007
decision_type=2 2 2 2 2 2 2 2 2 2 2 2 2 2 2 2 2 2 2 2 2 2 2 2 2 2 2 2 2 2
left_child=22 3 5 10 7 11 15 13 9 -6 27 -3 18 -5 -8 -7 -9 -13 19 -4 -10 -12 -1 -24 -23 -14 -27 -2 -25 -30
right_child=1 2 12 4 8 6 14 16 20 -11 21 17 25 -15 -16 -17 -18 -19 -20 -21 -22 24 23 28 -26 26 -28 -29 29 -31
leaf_value=-0.061389919136532439 -0.063005159372569633 -0.056213485341514137 0.04546741483785615 -0.00010126305008658608 0.01923109980674359 0.053719804519666084 0.047734177790542606 0.009682859368088154 0.029815379852259006 -0.0041872260142214275 -0.04085405669485765 -0.014587553093458891 0.057833833803441398 -0.037325355653707468 0.0025380828269310099 0.02985423420591073 -0.006904026455817884 0.027152086471863734 -0.0013093855679887313 0.027865085801541289 -0.0080281487789640813 0.0022543636849470671 -0.059356918006279971 -0.062253994196685883 -0.05530135577744523 0.049586740121291079 0.0040454068008169896 -0.039493875746042781 -0.0019660635906709289 -0.040012690771035232
leaf_weight=1189.5257535427809 36.660716518759727 16.91777116060257 672.25709174573421 45.447069704532623 422.37987066805363 77.689731553196907 22.713576659560204 253.04695512354374 404.52080669999123 194.33850237727165 19.135150194168091 58.373923689126968 296.59648290276527 88.959139049053192 161.83148087561131 390.98971712589264 241.34681139886379 27.432142168283463 16.294306889176369 112.90435153245926 17.913522705435753 62.704927176237106 100.32639865577221 17.390251904726028 5.5743502825498572 65.38518662750721 9.9877224266529065 39.786972507834435 8.8009861409664136 69.744504734873772
leaf_count=7713 208 97 3392 203 1762 364 99 1030 1775 789 96 244 1613 417 669 1752 984 120 77 550 77 261 621 110 24 352 50 200 43 382
internal_value=-0.000117599 0.0218721 0.0364937 0.0064719 0.0100034 0.0215404 0.026547 -0.00404116 0.0185018 0.0118516 -0.0294749 -0.0102965 0.0461269 -0.0247387 0.00810076 0.0338103 0.00158569 -0.00124342 0.0420367 0.0429362 0.0282106 -0.0108524 -0.0598003 -0.0501658 -0.00244451 0.0549399 0.043552 -0.0507688 -0.040554 -0.0357496
internal_weight=5146.98 3761.19 1929.37 1831.81 1667.95 755.948 653.225 628.8 1039.15 616.718 163.862 102.724 1173.43 134.406 184.545 468.679 494.394 85.8061 801.456 785.161 422.434 87.4144 1385.79 196.262 68.2793 371.969 75.3729 76.4477 95.9357 78.5455
internal_count=26074 17205 9379 7826 7037 3345 2884 2634 4403 2551 789 461 6034 620 768 2116 2014 364 4019 3942 1852 381 8869 1156 285 2015 402 408 535 425
is_linear=0
shrinkage=0.05


Tree=19
num_leaves=31
num_cat=0
split_feature=3 2 3 2 0 3 4 3 1 6 2 6 3 5 2 5 6 5 4 1 3 3 8 5 0 4 1 3 2 4
split_gain=2517.59 315.308 128.077 70.4291 47.4642 43.9893 40.1237 32.1218 26.1858 24.8221 23.0542 20.8205 20.4571 17.2082 13.8978 12.8665 14.0135 9.37047 16.4415 9.06467 8.74682 8.19409 7.80241 8.40226 7.15302 7.00786 5.08925 4.92328 4.39694 3.83282
threshold=3.5000000000000004 73.023809523809533 8.5000000000000018 50.031250000000007 1.0000000180025095e-35 4.5000000000000009 627.50000000000011 4.5000000000000009 72.500000000000014 1.0000000180025095e-35 83.759615384615401 1.0000000180025095e-35 10.500000000000002 2.5424447270374588 40.100000000000009 2.9765383575401736 1.0000000180025095e-35 4.2425810144417051 803.50000000000011 125.00000000000001 2.5000000000000004 10.500000000000002 1.5000000000000002 2.4415914035203379 1.0000000180025095e-35 462.50000000000006 82.500000000000014 12.500000000000002 81.21825396825399 195.50000000000003
decision_type=2 2 2 2 2 2 2 2 2 2 2 2 2 2 2 2 2 2 2 2 2 2 2 2 2 2 2 2 2 2
left_child=20 3 4 14 6 13 7 -3 11 -8 19 -7 -10 -5 -2 -16 -17 18 -6 21 -1 -4 29 -24 -15 -22 -19 -21 -27 -12
right_child=1 2 10 5 17 8 9 -9 12 -11 22 -13 -14 24 15 16 -18 26 -20 27 25 -23 23 -25 -26 28 -28 -29 -30 -31
leaf_value=-0.060674319860220982 -0.051880550220576596 -0.049289429509438681 0.029389551394217606 -0.06176310449681513 -0.036988593948815693 0.024094527923401401 0.041292954121444479 0.010327699893970156 -0.0087641347074100661 0.020548058997258044 0.006865047653925537 0.0080839141128735675 0.01278714215582339 -0.0077798651572533878 -0.03191023566692934 0.024570223658092888 -0.02210917647849401 -0.026891106260212811 0.011187943931732697 0.021164558508170221 -0.06009161138572016 0.041910744241892138 0.015694928886053935 0.04648217184426854 -0.054512412837880532 -0.04659546786092833 -0.08633150566369252 -0.028656443129208294 -0.023391730568762842 0.055201629263767461
leaf_weight=1144.5175506770611 38.896195277571678 26.818251818418503 177.98145781457424 22.3083735704422 30.602259576320648 387.26190078258514 231.4701923429966 143.45013074576855 252.21629256010056 382.44526609778404 4.1448973268270484 426.88809978961945 195.43758042156696 79.164369150996208 77.909276500344276 28.420577630400658 37.022805660963058 8.205145448446272 42.036186873912811 32.126222252845764 82.414598643779755 491.45498161017895 25.497920021414757 169.35085915029049 9.132885277271269 80.906590893864632 6.4176068753004065 5.8638022541999808 27.306908488273621 388.61289785802364
leaf_count=7713 222 143 855 133 135 1609 1036 617 1023 1699 22 1773 819 354 353 119 164 34 176 156 548 2468 137 927 46 456 26 27 152 2132
internal_value=-0.000122016 0.0210116 0.0333409 0.00383015 0.0185209 0.00770825 0.0224134 0.000937658 0.0103585 0.0283697 0.0433135 0.0156996 0.000644763 -0.0225267 -0.0253736 -0.0181814 -0.00183737 -0.01646 -0.00910862 0.0372335 -0.0590227 0.0385818 0.0506334 0.0424534 -0.0126136 -0.0491064 -0.0529782 0.0134746 -0.0407402 0.0546915
internal_weight=5056.28 3721.14 2166.48 1554.66 871.445 1372.41 784.184 170.268 1261.8 613.915 1295.03 814.15 447.654 110.606 182.249 143.353 65.4434 87.2612 72.6384 707.426 1335.15 669.436 587.607 194.849 88.2973 190.628 14.6228 37.99 108.213 392.758
internal_count=26074 17205 10590 6615 3866 5757 3495 760 5224 2735 6724 3382 1842 533 858 636 283 371 311 3506 8869 3323 3218 1064 400 1156 60 183 608 2154
is_linear=0
shrinkage=0.05


Tree=20
num_leaves=31
num_cat=0
split_feature=3 2 3 2 3 0 4 2 8 5 3 3 5 3 3 2 3 3 4 0 3 4 5 4 0 4 6 2 1 3
split_gain=2346.89 294.4 101.215 79.433 49.9359 43.3886 28.8587 26.582 24.6284 24.253 23.1052 22.4759 21.3376 20.6278 20.7208 16.8362 13.3048 14.7752 13.5341 11.0199 9.03451 8.86274 14.214 7.10468 6.90483 4.51466 4.42596 4.85271 4.30656 4.16525
threshold=3.5000000000000004 75.677083333333357 8.5000000000000018 59.763888888888893 4.5000000000000009 1.0000000180025095e-35 627.50000000000011 40.100000000000009 1.5000000000000002 2.4944609020315873 4.5000000000000009 10.500000000000002 2.9625719714828631 4.5000000000000009 5.5000000000000009 85.563492063492077 12.500000000000002 11.500000000000002 758.50000000000011 1.0000000180025095e-35 2.5000000000000004 803.50000000000011 3.5584670965381631 462.50000000000006 1.0000000180025095e-35 462.50000000000006 1.0000000180025095e-35 78.91987179487181 62.500000000000007 12.500000000000002
decision_type=2 2 2 2 2 2 2 2 2 2 2 2 2 2 2 2 2 2 2 2 2 2 2 2 2 2 2 2 2 2
left_child=20 3 5 7 12 6 10 -2 19 -8 -3 -10 -5 25 -15 16 17 -4 -18 -6 -1 28 -23 -22 -14 -9 -25 -28 -7 -17
right_child=1 2 15 4 8 21 9 13 11 -11 -12 -13 24 14 -16 29 18 -19 -20 -21 23 22 -24 26 -26 -27 27 -29 -30 -31
leaf_value=-0.060007041519033522 -0.050762133724544078 -0.046456172378817183 0.035367757630035516 -0.053984580247783236 0.024086372743867008 -0.022759573054017049 0.053353290925195911 -0.060654153821982838 -0.0018297784282267156 0.024328134109791465 0.011730441466255679 0.020146040376202757 -0.00083681706287995873 0.013104879956108395 -0.010738967962887924 0.053562677835885392 -0.060068115463029183 0.052216628205450713 0.027518175858270266 0.0051678073557475208 -0.059384718812049667 0.01979443038045425 -0.036419494859547083 -0.055856610393942074 -0.056332557089730645 -0.027538325422849588 -0.041666844671099268 -0.014357640588379163 -0.064634876853832957 0.041531166356817764
leaf_weight=1100.4973089247942 37.793670147657394 19.973073303699493 324.9115181863308 32.400534823536873 600.29898938536644 13.716847747564318 85.628575831651688 16.522666126489639 291.19507540762424 451.22200840711594 117.01416265964508 193.77485197782516 68.42419208586216 126.27452380955219 327.24721854925156 356.22084990143776 4.5656156241893759 217.02860286831856 129.90498255193233 88.295041218400002 79.304661810398102 26.10909503698349 19.752837553620338 29.979250431060791 6.1050696521997443 27.291572198271751 52.249732211232185 23.620827212929726 11.114972040057181 90.137427479028702
leaf_count=7713 222 109 1668 184 2561 60 408 99 1208 2019 507 849 287 516 1369 2038 22 1158 645 366 548 111 81 175 27 138 300 133 50 503
internal_value=-0.000126388 0.0201769 0.0341164 0.00584057 0.0126014 0.0198212 0.0237308 -0.0103371 0.0155818 0.0289577 0.00324669 0.00695089 -0.0201095 -0.00726514 -0.0041001 0.0435958 0.0386221 0.0421152 0.0245444 0.0216605 -0.0582878 -0.0174439 -0.00441703 -0.0480693 -0.00538275 -0.0400265 -0.0395916 -0.0331647 -0.0415034 0.051133
internal_weight=4968.58 3682.92 1867.3 1815.62 1280.49 744.532 673.838 535.13 1173.56 536.851 136.987 484.97 106.93 497.336 453.522 1122.77 676.411 541.94 134.471 688.594 1285.65 70.6938 45.8619 185.154 74.5293 43.8142 105.85 75.8706 24.8318 446.358
internal_count=26074 17205 9379 7826 5482 3345 3043 2344 4984 2427 616 2057 498 2122 1885 6034 3493 2826 667 2927 8869 302 192 1156 314 237 608 433 110 2541
is_linear=0
shrinkage=0.05


Tree=21
num_leaves=31
num_cat=0
split_feature=3 2 3 3 2 0 4 2 1 5 3 8 2 5 3 0 1 1 3 3 2 5 4 5 5 1 3 5 4 1
split_gain=2189.19 273.594 96.6919 72.0776 63.0609 39.5218 26.9174 26.737 24.8433 22.9262 19.6302 17.8672 16.83 14.5701 13.441 12.7545 12.6707 9.85942 9.32973 9.3065 9.09057 8.14016 8.07125 13.0639 7.20232 6.7385 4.9862 7.23682 4.04019 4.47031
threshold=3.5000000000000004 75.677083333333357 8.5000000000000018 4.5000000000000009 65.345238095238116 1.0000000180025095e-35 478.50000000000006 48.845238095238102 82.500000000000014 2.9625719714828631 10.500000000000002 1.5000000000000002 87.20714285714287 2.9765383575401736 4.5000000000000009 1.0000000180025095e-35 77.500000000000014 82.500000000000014 2.5000000000000004 16.500000000000004 56.392307692307703 2.176568627450981 803.50000000000011 4.2425810144417051 3.1380262907220424 52.500000000000007 12.500000000000002 4.5756519166561018 462.50000000000006 35.000000000000007
decision_type=2 2 2 2 2 2 2 2 2 2 2 2 2 2 2 2 2 2 2 2 2 2 2 2 2 2 2 2 2 2
left_child=18 3 5 9 7 6 14 13 -8 -2 11 -6 15 -5 -3 17 -9 -4 -1 -12 -11 -17 -7 -24 -20 -22 -14 -28 -26 -30
right_child=1 2 12 4 10 22 8 16 -10 20 19 -13 26 -15 -16 21 -18 -19 24 -21 25 -23 23 -25 28 -27 27 -29 29 -31
leaf_value=-0.05938378825885518 -0.052674817693518165 -0.05117596581369678 0.044728892664332547 -0.03724559565747592 0.019436464918648328 -0.039665504269851826 0.033032932158502018 0.0077261649396119488 0.0098729329858056464 -0.040764179497318379 0.029623046205351406 0.00038715973726275593 0.054662646900012206 -0.0036605651032267442 0.0049062963151305546 -0.020386594083903004 -0.0067963705430831405 0.031762756327139055 -0.05701974709115494 0.0027844576500298214 0.025421293486062015 0.025925324993766916 0.01124045756192385 -0.050381165190254373 -0.060217702002918927 -0.01178289162376725 0.046081924872039048 -0.00076165617373947386 0.0019752768068379634 -0.036570608509751766
leaf_weight=1057.5330684185028 55.282642066478729 12.442565843462942 454.01231746375561 72.407309904694557 300.91579823195934 24.688969746232033 420.28020836412907 418.12194928526878 159.82288745045662 22.53036268055439 321.69876624643803 208.30449979007244 271.56420524418354 58.290451422333717 75.577262386679649 10.869125723838804 234.39173597097397 216.53796520829201 90.365184351801872 35.905445992946625 14.982647150754927 74.685682043433189 34.326655969023705 11.476513534784315 15.497708469629286 64.851381778717041 60.608535498380661 9.5431572496891004 8.4985836297273618 65.443755313754082
leaf_count=7713 330 77 2447 353 1260 110 1967 1709 675 120 1466 871 1613 267 324 52 954 1146 621 157 63 374 145 47 110 276 352 50 43 382
internal_value=-0.000130412 0.0193808 0.0329734 0.00557211 0.00865817 0.0189861 0.0227429 -0.00162506 0.0266522 -0.0267287 0.0179495 0.011644 0.042384 -0.0222669 -0.00302155 0.0382222 0.00250947 0.0405418 -0.0575935 0.0269283 -0.0127162 0.0200417 -0.016621 -0.00419955 -0.0470641 -0.00480069 0.0515929 0.0397095 -0.0370054 -0.0321403
internal_weight=4881.46 3644.12 1836.44 1807.68 1650.04 738.615 668.123 783.211 580.103 157.647 866.825 509.22 1097.82 130.698 88.0198 756.105 652.514 670.55 1237.34 357.604 102.364 85.5548 70.4921 45.8032 179.805 79.834 341.716 70.1517 89.44 73.9423
internal_count=26074 17205 9379 7826 7037 3345 3043 3283 2642 789 3754 2131 6034 620 401 4019 2663 3593 8869 1623 459 426 302 192 1156 339 2015 402 535 425
is_linear=0
shrinkage=0.05


Tree=22
num_leaves=31
num_cat=0
split_feature=3 2 3 3 2 0 2 5 4 5 3 4 5 3 2 1 5 3 5 3 1 4 3 5 4 4 7 3 5 6
split_gain=2043.19 254.984 90.1658 72.4222 64.0883 36.3226 25.7653 23.305 23.131 22.2284 16.6608 16.0085 18.8721 14.3265 14.0707 13.6206 11.121 10.7809 23.5277 13.8488 10.4836 11.2526 9.62272 7.83004 11.4771 7.30577 6.34723 4.92336 6.86121 4.39053
threshold=3.5000000000000004 76.511904761904773 8.5000000000000018 4.5000000000000009 66.279220779220793 1.0000000180025095e-35 48.845238095238102 2.9625719714828631 627.50000000000011 2.4944609020315873 4.5000000000000009 1178.5000000000002 2.9390390390390393 5.5000000000000009 87.20714285714287 77.500000000000014 1.7611415827076933 13.500000000000002 4.2090441129053682 11.500000000000002 52.500000000000007 747.50000000000011 2.5000000000000004 4.2425810144417051 924.50000000000011 462.50000000000006 8.5000000000000018 12.500000000000002 4.5756519166561018 1.0000000180025095e-35
decision_type=2 2 2 2 2 2 2 2 2 2 2 2 2 2 2 2 2 2 2 2 2 2 2 2 2 2 2 2 2 2
left_child=22 3 5 7 6 8 13 -2 10 -10 -3 16 -13 -5 17 -8 -6 19 -19 -4 21 -9 -1 24 -7 -24 -22 -16 -29 -27
right_child=1 2 14 4 11 23 15 20 9 -11 -12 12 -14 -15 27 -17 -18 18 -20 -21 26 -23 25 -25 -26 29 -28 28 -30 -31
leaf_value=-0.058800692600850746 -0.052063756668099849 -0.043615014788334065 0.033824660760710105 0.0016267404390704942 0.055080879472990285 -0.03495919905831061 0.0080510178044281341 -0.023837724898846901 0.05131647740970903 0.02254898442869973 0.010219796750995058 0.043941720297089593 0.019516351814611373 -0.033368038801232437 0.053645158892724781 -0.0063016483750742052 0.0093621269843745906 0.035481128457213823 -0.023492727828990437 0.049321974718892436 -0.011250877486523337 0.051414255199908138 -0.058106479883185694 -0.055159904363495174 0.012044578930001149 -0.05408687552638583 -0.040782261517163146 0.044962926395236684 -0.00072329919860095833 -0.030890283258376929
leaf_weight=1015.6787325739861 55.469616249203682 16.567317768931389 330.2480254471302 44.572501286864281 13.780803605914114 23.680077508091927 459.34235164523125 8.5242458432912844 79.83536197245121 422.59563694894314 108.44450460374355 99.257165744900703 389.07078684866428 85.056696504354477 263.09498375654221 258.22367991507053 382.26199728250504 79.111659899353981 21.510740369558334 255.83189605176449 63.650565877556801 11.906480282545088 73.362102538347244 11.24494808912277 28.75965328514576 28.328980520367622 25.478470161557198 59.050958260893822 9.546683728694914 72.872948735952377
leaf_count=7713 340 95 1789 203 57 106 1881 39 394 1924 473 432 1765 417 1613 1052 1646 415 108 1431 285 52 548 46 122 175 118 352 50 433
internal_value=-0.000134018 0.0186145 0.0326186 0.00599163 0.00900797 0.0186796 -0.000820034 -0.0256572 0.0223314 0.0271201 0.00308528 0.0184228 0.024481 -0.0213352 0.0420782 0.00288606 0.010953 0.0379936 0.0228739 0.0405895 -0.0122876 0.0200171 -0.0569369 -0.0172994 -0.0091808 -0.0460926 -0.0196927 0.0505347 0.0386048 -0.0373836
internal_weight=4796.36 3606.12 1709.52 1896.6 1731.57 691.128 847.195 165.029 627.443 502.431 125.012 884.371 488.328 129.629 1018.39 717.566 396.043 686.702 100.622 586.08 109.56 20.4307 1190.24 63.6847 52.4397 174.564 89.129 331.693 68.5976 101.202
internal_count=26074 17205 8918 8287 7453 3160 3553 834 2886 2318 568 3900 2197 620 5758 2933 1703 3743 523 3220 494 91 8869 274 228 1156 403 2015 402 608
is_linear=0
shrinkage=0.05


Tree=23
num_leaves=31
num_cat=0
split_feature=3 2 3 3 2 0 2 1 4 5 3 0 9 4 2 3 5 3 3 1 4 5 4 5 4 2 3 5 2 1
split_gain=1907.74 237.179 86.2453 65.991 58.2493 33.0813 24.1635 22.9994 22.639 22.2351 20.6323 15.9701 14.9163 14.6124 13.9861 10.2974 21.6066 13.4477 9.94377 9.50331 10.2027 8.72805 7.4 7.05301 10.3905 6.14619 4.86633 6.50527 4.40023 4.86239
threshold=3.5000000000000004 76.511904761904773 8.5000000000000018 4.5000000000000009 66.279220779220793 1.0000000180025095e-35 38.928571428571438 82.500000000000014 391.50000000000006 2.9625719714828631 5.5000000000000009 1.0000000180025095e-35 1.5000000000000002 376.50000000000006 87.20714285714287 13.500000000000002 4.2090441129053682 11.500000000000002 2.5000000000000004 52.500000000000007 747.50000000000011 2.9625719714828631 462.50000000000006 4.2425810144417051 924.50000000000011 56.392307692307703 12.500000000000002 4.5756519166561018 54.612500000000004 35.000000000000007
decision_type=2 2 2 2 2 2 2 2 2 2 2 2 2 2 2 2 2 2 2 2 2 2 2 2 2 2 2 2 2 2
left_child=18 3 5 9 6 7 -5 8 -3 -2 -8 13 -9 -6 15 17 -17 -4 -1 20 -11 -13 -20 24 -7 -21 -16 -28 -24 -30
right_child=1 2 14 4 11 23 10 12 -10 19 -12 21 -14 -15 26 16 -18 -19 22 25 -22 -23 28 -25 -26 -27 27 -29 29 -31
leaf_value=-0.058254329973749699 -0.050990144953688837 -0.0052686088330590993 0.032708857901507717 -0.050163465114483025 0.0025306389374793177 -0.033314896443980183 0.014130029969040695 -0.030855691224691541 0.031149162184739527 -0.022785123024959632 -0.0039964842612990855 0.014841236649359869 0.011725562414610043 0.023094514067220268 0.052665964858322402 0.034308762016451062 -0.022083962353325645 0.048153374219435406 -0.057516227461250728 -0.044528358579373428 0.049059729544131625 -0.011306759835720263 -0.059576436107696744 -0.052388129722712097 0.011467342327489907 -0.012062078320913773 0.043873569529782878 -0.00068688667430583518 0.0048013583080789585 -0.035614115179706411
leaf_weight=974.97487261891365 53.847094118595123 47.712865561246872 324.5843955129385 24.067115545272827 99.571477621793747 23.608235284686089 211.33031901717186 23.930458307266235 404.14628109335899 8.4734589159488696 610.46444341540337 61.43071486055851 146.31322388350964 652.45334860682487 254.79863105714321 77.759147569537163 21.732873946428299 249.11043027043343 70.482174068689346 18.384768813848495 11.85530164837837 66.419675752520561 16.872347518801689 11.247761398553846 28.698570236563683 70.390783995389938 57.530268609523773 9.5500312149524671 8.2758119404315931 73.871777147054672
leaf_count=7713 340 222 1789 150 428 106 868 102 1934 39 2535 259 628 2927 1613 415 108 1431 548 101 52 286 106 46 122 302 352 50 43 459
internal_value=-0.000137206 0.0178741 0.0315369 0.00571564 0.00858757 0.0178923 -0.000781331 0.0214027 0.0273037 -0.0246995 0.000664877 0.0175943 0.00574009 0.0203718 0.0409389 0.0368399 0.0219904 0.0394152 -0.0563111 -0.0117241 0.0191133 0.00125707 -0.0451334 -0.0164687 -0.00874474 -0.0187856 0.0495115 0.0375296 -0.0363193 -0.0315425
internal_weight=4713.89 3569.41 1680.72 1888.69 1725.74 685.657 845.862 622.103 451.859 162.951 821.795 879.875 170.244 752.025 995.066 673.187 99.492 573.695 1144.48 109.104 20.3288 127.85 169.502 63.5546 52.3068 88.7756 321.879 67.0803 99.0199 82.1476
internal_count=26074 17205 8918 8287 7453 3160 3553 2886 2156 834 3403 3900 730 3355 5758 3743 523 3220 8869 494 91 545 1156 274 228 403 2015 402 608 502
is_linear=0
shrinkage=0.05


Tree=24
num_leaves=31
num_cat=0
split_feature=3 2 3 2 4 3 1 1 2 8 4 5 2 2 3 3 3 8 5 6 3 4 3 8 8 11 5 1 4 6
split_gain=1782.13 220.484 83.5662 61.2017 44.2181 39.4611 25.4739 23.2251 22.1368 19.1091 18.7686 18.206 17.867 16.9049 16.135 15.0484 16.4926 14.7937 12.1144 11.0598 10.2593 7.48183 7.13044 7.11461 6.58164 6.41917 5.03357 4.86242 4.54122 4.37443
threshold=3.5000000000000004 76.511904761904773 6.5000000000000009 59.763888888888893 1149.5000000000002 4.5000000000000009 72.500000000000014 132.50000000000003 40.100000000000009 1.5000000000000002 146.50000000000003 2.9625719714828631 88.035714285714292 86.65151515151517 10.500000000000002 4.5000000000000009 5.5000000000000009 1.5000000000000002 3.2361633918040607 1.0000000180025095e-35 2.5000000000000004 462.50000000000006 8.5000000000000018 1.5000000000000002 1.5000000000000002 1.0000000180025095e-35 3.0183625336927231 82.500000000000014 462.50000000000006 1.0000000180025095e-35
decision_type=2 2 2 2 2 2 2 2 2 2 2 2 2 2 2 2 2 2 2 2 2 2 2 2 2 2 2 2 2 2
left_child=20 3 4 8 17 11 10 13 -2 -8 -7 -5 19 14 -4 28 -17 25 -19 -6 -1 -22 -9 -13 -24 -3 -14 -15 -10 -23
right_child=1 2 7 5 12 6 9 22 15 -11 -12 23 26 27 -16 16 -18 18 -20 -21 21 29 24 -25 -26 -27 -28 -29 -30 -31
leaf_value=-0.057741599076241983 -0.047675487778267717 0.0053348128226651985 0.025880516361425843 -0.050163293374131418 0.032770929550298873 -0.025171155713635141 0.012179406638467408 -0.030051841860469754 -0.057830649358636049 -0.0092650263756214307 0.020257192505171537 0.0062314458860714943 -0.0060264972455607363 0.050431631526520082 0.040596092768610897 0.011686039300695896 -0.0096356866867266001 -0.050127556693298714 -0.0034583595365507494 0.0055205185054130121 -0.056958186163826474 -0.052478297904271082 0.027511274425481649 -0.024405379295593485 -0.012371134881708511 -0.044853350922558072 0.043412665991006488 0.038342646629489018 -0.022916535284351888 -0.028723206925786983
leaf_weight=935.45119864493608 34.610848978161812 93.297224014997482 325.96815355122089 30.657075241208076 54.120269224047661 23.419133365154266 270.99635797739029 10.917223915457724 14.613889947533606 168.46349707245827 779.71624661982059 51.80049204826355 5.4496579319238654 287.79253455996513 434.66558061540127 125.78975969552994 325.07874163985252 32.322871178388596 24.403744950890541 119.33598275482655 67.684927597641945 26.786615893244743 32.343848615884781 29.880832463502884 15.208775296807287 6.8380847871303549 93.138121470808983 116.9925075173378 25.678143545985222 70.086078315973282
leaf_count=7713 222 409 1681 194 247 97 1167 45 99 718 3418 220 25 1796 2488 516 1369 151 105 537 548 175 178 129 82 30 438 706 138 433
internal_value=-0.000140126 0.0171612 0.0304844 0.00545262 0.0114926 0.0110713 0.0136369 0.03714 -0.00902683 0.00395885 0.0189325 -0.0173077 0.0236833 0.0386827 0.0342898 -0.00630335 -0.00368705 -0.00964958 -0.0300505 0.0140229 -0.0557163 -0.0442035 0.00638941 -0.00497618 0.0147557 0.00190754 0.0406798 0.0469376 -0.0355799 -0.0352918
internal_weight=4633.51 3533.5 1652.79 1880.71 428.906 1354.93 1242.6 1223.89 525.771 439.46 803.135 112.338 272.044 1165.42 760.634 491.161 450.869 156.862 56.7266 173.456 1100.01 164.558 58.4698 81.6813 47.5526 100.135 98.5878 404.785 40.292 96.8727
internal_count=26074 17205 8918 8287 1942 5943 5400 6976 2344 1885 3515 543 1247 6671 4169 2122 1885 695 256 784 8869 1156 305 349 260 439 463 2502 237 608
is_linear=0
shrinkage=0.05


Tree=25
num_leaves=31
num_cat=0
split_feature=3 2 3 2 3 0 0 4 1 4 2 5 3 5 4 4 3 4 9 3 3 1 3 3 8 5 5 4 4 4
split_gain=1665.46 204.889 79.2394 55.5066 36.0027 29.6307 22.183 21.3786 20.9021 20.1878 18.646 16.7785 14.0588 15.8942 18.3494 17.5802 15.3792 16.3357 13.4753 12.6529 13.3094 12.5723 10.5992 10.1833 7.77056 7.62125 6.55717 9.06919 4.60857 4.10117
threshold=3.5000000000000004 76.511904761904773 8.5000000000000018 57.52272727272728 4.5000000000000009 1.0000000180025095e-35 1.0000000180025095e-35 133.50000000000003 82.500000000000014 230.50000000000003 40.100000000000009 2.5424447270374588 12.500000000000002 4.0897456315981078 6776.0000000000009 769.50000000000011 11.500000000000002 938.50000000000011 1.5000000000000002 4.5000000000000009 5.5000000000000009 52.500000000000007 2.5000000000000004 9.5000000000000018 1.5000000000000002 3.1380262907220424 4.2425810144417051 803.50000000000011 725.50000000000011 462.50000000000006
decision_type=2 2 2 2 2 2 2 2 2 2 2 2 2 2 2 2 2 2 2 2 2 2 2 2 2 2 2 2 2 2
left_child=22 3 5 10 11 8 7 -6 9 -3 -2 -5 16 15 -15 -14 21 -18 -10 28 -21 -4 -1 -8 -13 -24 27 -7 -12 -27
right_child=1 2 12 4 6 26 23 -9 18 -11 19 24 13 14 -16 -17 17 -19 -20 20 -22 -23 25 -25 -26 29 -28 -29 -30 -31
leaf_value=-0.057259706045101569 -0.04668140650703221 -0.024384918286919487 0.051348479781188498 -0.059125248369150146 -0.031301605803417183 -0.035179933133555906 -0.015176977302064409 0.015818115876394267 -0.029984463100679194 0.0277287377392407 -0.052163782591541155 0.0030183096718995996 -0.059139793272808008 -0.01747247346951427 0.044259724978747202 0.038945148352121324 -0.076295142914722974 0.052038614300076128 0.010505407507424423 0.010455484874558371 -0.011216235743049889 0.031819435123477992 -0.054418034230074665 0.0073605515080773223 -0.02578224675384095 -0.058095617226934931 -0.050888794679277864 0.0077818024335821849 -0.014081337146936424 -0.027642952965611728
leaf_weight=897.12747906893492 33.606168985366821 19.437108904123306 106.60995061695576 19.489603012800217 24.602547973394394 19.973337814211845 94.325908690690994 1116.4760196208954 23.935455769300461 423.11650890111923 20.273858845233917 59.424965292215347 4.7289473414421073 35.317905336618423 18.261753112077713 134.52306117117405 2.5013907253742209 285.65532782673836 145.22775901854038 99.421746388077736 246.48569323122501 363.08855138719082 78.331062257289886 106.9483003616333 38.654456406831741 13.192463815212248 11.234940916299818 31.909140288829803 13.063106283545492 68.268511459231377
leaf_count=7713 222 91 671 136 101 92 382 4879 102 2065 133 264 25 189 101 794 15 1794 628 408 1055 2169 621 460 178 110 46 136 69 425
internal_value=-0.000143054 0.0164748 0.029463 0.00520142 0.00977895 0.0163602 0.0121027 0.0148022 0.0197256 0.0254399 -0.0109856 -0.0167524 0.0387639 0.0267099 0.00356794 0.0356142 0.0418309 0.0509246 0.00477636 -0.00782252 -0.00498729 0.036252 -0.0551465 -0.00320152 -0.00833239 -0.0432824 -0.0162567 -0.00875729 -0.0372412 -0.0325747
internal_weight=4555.21 3498.29 1625.52 1872.77 1459.92 674.834 1342.35 1141.08 611.717 442.554 412.851 117.569 950.687 192.832 53.5797 139.252 757.855 288.157 169.163 379.244 345.907 469.699 1056.92 201.274 98.0794 159.792 63.1174 51.8825 33.337 81.461
internal_count=26074 17205 8918 8287 6400 3160 5822 4980 2886 2156 1887 578 5758 1109 290 819 4649 1809 730 1665 1463 2840 8869 842 442 1156 274 228 202 535
is_linear=0
shrinkage=0.05


Tree=26
num_leaves=31
num_cat=0
split_feature=3 2 3 4 2 2 0 8 4 6 3 5 2 3 0 1 5 6 3 3 5 0 5 6 4 4 5 3 1 4
split_gain=1557.04 191.23 94.2671 45.9592 41.3024 27.081 23.505 22.0845 19.981 21.3347 19.271 20.3864 14.3228 13.8508 13.7483 12.5507 11.3786 11.3501 10.946 10.5729 10.3022 9.62881 9.14612 8.83775 7.67709 7.57582 7.44848 6.91101 6.53849 6.41616
threshold=3.5000000000000004 73.023809523809533 6.5000000000000009 1164.5000000000002 50.031250000000007 82.679487179487197 1.0000000180025095e-35 1.5000000000000002 133.50000000000003 1.0000000180025095e-35 5.5000000000000009 2.8998714652956301 88.174242424242451 6.5000000000000009 1.5000000000000002 172.50000000000003 3.0183625336927231 1.0000000180025095e-35 2.5000000000000004 10.500000000000002 3.2361633918040607 1.0000000180025095e-35 2.3000815660685157 1.0000000180025095e-35 462.50000000000006 747.50000000000011 2.4141321044546857 8.5000000000000018 82.500000000000014 81.500000000000014
decision_type=2 2 2 2 2 2 2 2 2 2 2 2 2 2 2 2 2 2 2 2 2 2 2 2 2 2 2 2 2 2
left_child=18 4 3 7 16 14 8 22 29 -10 12 -12 -5 23 19 28 -2 21 -1 -4 -9 -18 -3 -8 -20 -19 -15 -17 -7 -6
right_child=1 2 5 10 6 15 13 20 9 -11 11 -13 -14 26 -16 27 17 25 24 -21 -22 -23 -24 -25 -26 -27 -28 -29 -30 -31
leaf_value=-0.056806137035437243 -0.032091965827501089 -0.022924312738532501 0.020182960934122262 0.017194954145383589 0.0034306023973210246 0.044248357266937773 -0.01227937851460058 -0.046743645828303898 0.017172011505286838 0.0031899848123020007 0.05117177763905148 -0.032605244831705418 0.04175492126515213 0.015525687399356884 -0.015097281657797704 -0.050955939567562239 0.027240850331891771 -0.061607482153548478 -0.055938265795847486 0.032540101287793721 -0.0094730307084567415 -0.052569968486666244 0.0087465233911787933 -0.051418961151146518 -0.033256876162859966 -0.011496127265708193 -0.0091770861825555897 0.01756250579626524 0.033537388434378416 -0.049074787526358979
leaf_weight=860.01514969021082 95.856596559286118 28.739232853055 303.1663793027401 183.92953814566135 8.2646505460143107 474.02060794830322 30.372058860957623 44.66840186715126 484.03932985663414 625.23881311714649 9.5907187610864622 29.900721475481987 87.651886284351349 42.971710354089737 19.711554422974586 4.8908367604017284 27.756590366363525 9.7772848904132825 62.40234999358654 403.47041915357113 31.698827251791954 4.3747327774763098 110.23203104734421 27.465197116136551 92.771827638149261 32.992818772792816 105.26943083107471 14.866897955536841 203.7149550318718 19.658005304634571
leaf_count=7713 500 131 1487 847 37 3000 137 213 2075 2683 43 122 427 176 93 20 125 54 548 2266 136 21 482 127 608 158 435 86 1237 87
internal_value=-0.000145469 0.0158123 0.0261629 0.00808395 0.00247963 0.0328469 0.00542403 -0.00967281 0.00823959 0.00929112 0.020376 -0.0122595 0.0251216 -0.0101131 0.0260896 0.0398837 -0.0206827 -0.00608146 -0.0546008 0.0272386 -0.0312732 0.0163745 0.002197 -0.0308656 -0.0423781 -0.0229516 -0.00201632 0.000601425 0.0410288 -0.033534
internal_weight=4479.48 3464.29 1950.25 526.411 1514.04 1423.84 1343.28 215.338 1137.2 1109.28 311.073 39.4914 271.581 206.078 726.348 697.493 170.758 74.9014 1015.19 706.637 76.3672 32.1313 138.971 57.8373 155.174 42.7701 148.241 19.7577 677.736 27.9227
internal_count=26074 17205 10590 2401 6615 8189 5757 962 4882 4758 1439 165 1274 875 3846 4343 858 358 8869 3753 349 146 613 264 1156 212 611 106 4237 124
is_linear=0
shrinkage=0.05


Tree=27
num_leaves=31
num_cat=0
split_feature=3 2 3 3 2 0 2 5 1 4 3 2 1 4 3 9 3 3 5 3 1 4 5 2 7 5 3 0 4 1
split_gain=1456.1 177.561 72.9258 48.7732 44.7249 26.381 19.2086 19.115 18.8579 18.4291 16.7551 14.5501 14.0797 13.9557 13.6167 12.1264 11.3104 10.2712 20.3637 13.124 8.68775 9.02717 7.78287 6.18243 5.81013 5.73821 5.12925 6.52059 4.10393 4.29938
threshold=3.5000000000000004 76.511904761904773 8.5000000000000018 4.5000000000000009 66.279220779220793 1.0000000180025095e-35 37.083333333333336 2.9625719714828631 82.500000000000014 391.50000000000006 5.5000000000000009 87.20714285714287 72.500000000000014 589.50000000000011 9.5000000000000018 1.5000000000000002 2.5000000000000004 13.500000000000002 3.9120856032296314 11.500000000000002 52.500000000000007 747.50000000000011 3.1380262907220424 83.630681818181827 8.5000000000000018 4.0425400045075515 12.500000000000002 1.0000000180025095e-35 462.50000000000006 35.000000000000007
decision_type=2 2 2 2 2 2 2 2 2 2 2 2 2 2 2 2 2 2 2 2 2 2 2 2 2 2 2 2 2 2
left_child=16 3 5 7 6 8 -5 -2 9 -3 -8 17 13 -6 -14 -10 -1 19 -19 -4 21 -9 -18 25 -22 -7 -13 -28 -24 -30
right_child=1 2 11 4 12 23 10 20 15 -11 -12 26 14 -15 -16 -17 22 18 -20 -21 24 -23 28 -25 -26 -27 27 -29 29 -31
leaf_value=-0.056378594880647087 -0.047908744381005369 -0.0059539264346099487 0.028303741686923584 -0.054417336464374549 0.0061964685444767043 -0.020295754259867554 0.012113184529436017 -0.0205862192495215 -0.029032788330191534 0.027252097757189883 -0.0042021116117636785 0.049471501076632396 -0.0049113048256411371 0.02441405585610178 0.016307537465513004 0.0094019825864575246 -0.053238956227871864 0.03387816092686765 -0.015417346575726515 0.04423668188280435 -0.0089105058616603533 0.047660444327571501 -0.057223131020733842 0.0001786820439378553 -0.037533373097074302 -0.071985505349873011 0.038208128899543614 -0.019619779651773719 0.008831123794746305 -0.030322786201485281
leaf_weight=824.11829061806202 48.979194313287735 46.850481867790222 302.00068943202496 16.538576871156693 140.27906945347786 25.328216835856438 212.07639773190022 8.2458920180797595 23.929989516735077 386.39462737739086 609.92721597850323 227.09177812933922 140.79300245642662 419.50283581018448 163.30667604506016 144.10528147220612 72.78635048866272 61.68170553445816 31.725171849131584 225.93990360200405 62.570578783750534 11.749610200524328 12.132354676723478 30.48001492023468 24.739721223711967 6.8135366588830939 55.81707589328289 5.3412129133939734 7.9786293655633918 57.827111110091209
leaf_count=7713 340 222 1789 116 619 113 882 39 102 1934 2555 1613 580 1932 769 628 621 357 166 1431 285 52 110 133 118 28 371 31 43 382
internal_value=-0.000147725 0.0151692 0.0275295 0.00470553 0.00715956 0.0149301 -0.00106619 -0.0220264 0.0181467 0.0236612 7.22418e-06 0.0367257 0.015144 0.0198488 0.00648357 0.00392847 -0.0540754 0.0324185 0.0171352 0.0351225 -0.0102125 0.0195164 -0.0414819 -0.0159543 -0.0170209 -0.0312532 0.0460102 0.0331578 -0.030502 -0.0255756
internal_weight=4407.05 3432.21 1573.5 1858.71 1702.42 663.902 838.542 156.285 601.28 433.245 822.004 909.598 863.882 559.782 304.1 168.035 974.843 621.347 93.4069 527.941 107.306 19.9955 150.724 62.6218 87.3103 32.1418 288.25 61.1583 77.9381 65.8057
internal_count=26074 17205 8918 8287 7453 3160 3553 834 2886 2156 3437 5758 3900 2551 1349 730 8869 3743 523 3220 494 91 1156 274 403 141 2015 402 535 425
is_linear=0
shrinkage=0.05


Tree=28
num_leaves=31
num_cat=0
split_feature=3 2 3 2 4 3 1 1 6 2 8 2 5 2 3 8 3 3 3 4 5 4 11 8 3 8 1 5 2 1
split_gain=1362.39 164.764 69.872 44.9937 35.6463 28.6247 22.1414 21.6115 17.73 17.7092 16.9905 16.6662 15.6123 15.4741 14.6862 11.9812 11.7313 12.977 11.6538 10.669 9.83271 7.84656 5.72931 5.39281 5.00668 6.37613 4.8797 4.87786 4.65851 4.53371
threshold=3.5000000000000004 76.511904761904773 6.5000000000000009 59.763888888888893 1149.5000000000002 4.5000000000000009 132.50000000000003 72.500000000000014 1.0000000180025095e-35 40.100000000000009 1.5000000000000002 86.65151515151517 2.7376297515928134 88.035714285714292 10.500000000000002 1.5000000000000002 4.5000000000000009 7.5000000000000009 2.5000000000000004 4098.5000000000009 3.2361633918040607 462.50000000000006 1.0000000180025095e-35 1.5000000000000002 8.5000000000000018 1.5000000000000002 82.500000000000014 3.0183625336927231 54.612500000000004 35.000000000000007
decision_type=2 2 2 2 2 2 2 2 2 2 2 2 2 2 2 2 2 2 2 2 2 2 2 2 2 2 2 2 2 2
left_child=18 3 4 9 15 12 11 8 -7 -2 -9 14 -5 19 -4 22 -11 -18 -1 -6 -17 -20 -3 -14 -8 -26 -13 -15 -23 -30
right_child=1 2 6 5 13 7 24 10 -10 16 -12 26 23 27 -16 20 17 -19 21 -21 -22 28 -24 -25 25 -27 -28 -29 29 -31
leaf_value=-0.055975003849328853 -0.044470981866996009 0.003806624020821841 0.021997272879947193 -0.054234208929166916 0.0069295333509944955 0.024278201605640225 -0.028048799754648048 0.010398033082659287 0.0092764315862829926 -0.032443328938586855 -0.0099010268031090049 0.047032960890290687 0.0035210705777163954 -0.0099596549656966963 0.036507179366965382 -0.046739549640916693 0.0043230913212883746 -0.012768368927774408 -0.055014974268809115 0.047287387494044979 -0.0044214120471444537 -0.056906803508581065 -0.043739547079608185 -0.021967664177245428 0.022814988075931752 -0.017529912737664907 0.034350311082734793 0.039413229264912426 0.0095769930400874288 -0.030467732786691206
leaf_weight=789.4346606656909 31.320995524525642 92.495481967926025 309.59999816119671 20.73150622099638 150.8450748026371 378.12207466363907 10.932427451014517 267.95864720642567 411.06753973662853 37.766478955745697 167.53744205832481 258.4430565237999 55.365775719285011 5.3020609617233267 399.30814529955387 31.657916568219662 244.95691095292568 203.17680440843105 57.461036443710327 18.370265245437622 24.23415744304657 14.81218585371971 6.8018695116043082 33.193271487951279 30.13552026450634 14.50760670006275 107.34353816509247 88.559424385428429 7.9131191223859778 66.189930960536003
leaf_count=7713 222 409 1681 150 699 1686 45 1167 1829 237 718 1796 242 25 2488 151 1026 859 548 85 105 106 30 151 178 82 706 438 43 459
internal_value=-0.000149528 0.0145556 0.0265906 0.00448835 0.00913134 0.00934216 0.0330515 0.0115302 0.0164642 -0.00803024 0.00258889 0.0346429 -0.015176 0.0203422 0.0301703 -0.00987336 -0.00568128 -0.00342591 -0.0535724 0.0113108 -0.0283909 -0.0406145 0.000549711 -0.00603249 0.00227767 0.00970417 0.0433111 0.0366242 -0.0313083 -0.0261915
internal_weight=4335.54 3399.73 1548.54 1851.2 418.266 1333.98 1130.27 1224.69 789.19 517.221 435.496 1074.69 109.291 263.077 708.908 155.189 485.9 448.134 935.811 169.215 55.8921 146.376 99.2974 88.559 55.5756 44.6431 365.787 93.8615 88.9152 74.1031
internal_count=26074 17205 8918 8287 1942 5943 6976 5400 3515 2344 1885 6671 543 1247 4169 695 2122 1885 8869 784 256 1156 439 393 305 260 2502 463 608 502
is_linear=0
shrinkage=0.05


Tree=29
num_leaves=31
num_cat=0
split_feature=3 2 3 2 1 4 0 2 4 6 4 2 5 3 3 3 5 3 5 6 3 6 4 4 5 4 3 8 3 6
split_gain=1275.09 153.475 80.8823 33.6062 27.2659 25.6928 20.5661 20.2639 17.8634 18.0861 15.2787 14.4548 13.1024 12.4275 12.2756 16.0809 13.9409 12.0049 10.3567 10.0108 8.80746 7.97699 7.90103 7.18719 6.84067 5.83221 5.64031 4.93595 6.42463 4.62123
threshold=3.5000000000000004 73.023809523809533 8.5000000000000018 50.031250000000007 72.500000000000014 391.50000000000006 1.0000000180025095e-35 85.563492063492077 133.50000000000003 1.0000000180025095e-35 3267.5000000000005 87.550505050505066 2.0994619768013658 6.5000000000000009 12.500000000000002 11.500000000000002 3.8395617603694245 2.5000000000000004 3.0183625336927231 1.0000000180025095e-35 5.5000000000000009 1.0000000180025095e-35 462.50000000000006 747.50000000000011 2.4141321044546857 81.500000000000014 4.5000000000000009 1.5000000000000002 13.500000000000002 1.0000000180025095e-35
decision_type=2 2 2 2 2 2 2 2 2 2 2 2 2 2 2 2 2 2 2 2 2 2 2 2 2 2 2 2 2 2
left_child=17 3 4 18 5 26 8 14 25 -10 12 -7 -6 21 15 -4 -16 -1 -2 20 -20 -8 -19 -21 -15 -5 -3 -9 -29 -24
right_child=1 2 7 6 10 11 13 27 9 -11 -12 -13 -14 24 16 -17 -18 22 19 23 -22 -23 29 -25 -26 -27 -28 28 -30 -31
leaf_value=-0.055593464882736587 -0.030195241366982851 -0.045911457447605726 0.024407240432197413 0.0030772563485664995 0.026161068575833443 0.016626733732209187 -0.012010726981939786 0.046595408761008802 0.0156400078883243 0.0027149429686951347 0.036189541865559186 0.036192536641459661 -0.010829208257850109 0.014595193984483624 0.027243658695859454 0.041771448892234185 -0.0042729617982414274 -0.054578303005632933 0.031771580661606728 -0.059952553413784318 -0.027832963912749226 -0.049489010403769573 -0.049264218776228774 -0.010104069557842018 -0.009103912785847372 -0.047204635838899937 -0.0053135356297859416 0.039133275528962258 0.0066901954281574404 -0.023358383587840845
leaf_weight=755.95667427778244 93.078145831823349 10.078191973268984 343.17869909107685 8.1905750483274478 27.285632163286209 371.56272599846125 30.049376361072063 236.70820678770542 479.35087461769581 621.67690904438496 23.38898853957653 126.54600743949413 195.21796891838312 42.882537335157394 89.893107816576958 218.0526264756918 57.551121234893799 55.084888339042664 23.436982661485676 9.300212159752844 8.4258735924959165 26.91420079022646 23.620590716600418 32.499181181192398 105.01803357899189 19.489827565848827 56.617334306240082 93.849834382534027 18.222531378269196 63.477792158722878
leaf_count=7713 500 72 1978 37 127 1807 137 1732 2075 2683 101 668 844 176 508 1392 305 548 105 54 41 127 175 158 435 87 247 687 122 433
internal_value=-0.000151473 0.0139627 0.0235271 0.00205334 0.011645 0.0176953 0.0046994 0.0326364 0.00734474 0.00834209 -0.00225219 0.0215975 -0.00629309 -0.00987517 0.0277807 0.0311537 0.0149419 -0.0530865 -0.0191096 -0.0051021 0.0160096 -0.0297185 -0.0397573 -0.0211952 -0.00223255 -0.0323263 -0.0114482 0.0425026 0.0338582 -0.0303839
internal_weight=4266.61 3368.47 1868.15 1500.31 810.697 564.804 1333.57 1057.46 1128.71 1101.03 245.893 498.109 222.504 204.864 708.676 561.231 147.444 898.14 166.74 73.6622 31.8629 56.9636 142.183 41.7994 147.901 27.6804 66.6955 348.781 112.072 87.0984
internal_count=26074 17205 10590 6615 3866 2794 5757 6724 4882 4758 1072 2475 971 875 4183 3370 813 8869 858 358 146 264 1156 212 611 124 319 2541 809 608
is_linear=0
shrinkage=0.05


Tree=30
num_leaves=31
num_cat=0
split_feature=3 2 3 2 3 1 3 4 4 6 2 1 3 3 5 3 0 4 4 1 8 5 8 4 2 4 8 9 4 2
split_gain=1193.63 144.362 60.1155 50.5587 49.7051 18.8383 25.6848 23.7361 17.7467 21.1469 16.4499 16.3326 14.1366 12.3797 12.133 12.0989 11.2506 10.2143 9.53614 9.43732 9.03746 7.98154 7.82861 7.2617 6.72419 5.82295 4.58824 4.45849 4.08273 4.08967
threshold=3.5000000000000004 79.550505050505066 4.5000000000000009 66.279220779220793 8.5000000000000018 52.500000000000007 7.5000000000000009 737.50000000000011 1164.5000000000002 1.0000000180025095e-35 37.083333333333336 52.500000000000007 5.5000000000000009 2.5000000000000004 4.7275819418676575 8.5000000000000018 1.0000000180025095e-35 769.50000000000011 443.50000000000006 132.50000000000003 1.5000000000000002 3.1380262907220424 1.5000000000000002 451.50000000000006 86.031250000000014 2369.5000000000005 1.0000000180025095e-35 1.0000000180025095e-35 462.50000000000006 54.612500000000004
decision_type=2 2 2 2 2 2 2 2 2 2 2 2 2 2 2 2 2 2 2 2 2 2 2 2 2 2 2 2 2 2
left_child=13 2 11 10 5 -3 7 -7 15 -10 -4 17 -12 -1 22 -5 19 -2 -8 24 -21 -15 -13 26 -6 -16 -18 -25 -23 -30
right_child=1 4 3 8 16 6 18 -9 9 -11 12 14 -14 21 25 -17 23 -19 -20 20 -22 28 -24 27 -26 -27 -28 -29 29 -31
leaf_value=-0.055232244360237728 -0.023655808854934943 0.036523395490364118 -0.052679290458117423 0.00082945637762418464 0.034494598396884991 -0.010051841460348314 0.027176071028063915 0.020667419540772419 0.034012877748500266 0.014415917686139893 0.010962688339583453 -0.023190499870879858 -0.004061032190953104 -0.051620242609782312 0.02939734578481646 0.016442068226919074 0.0080216169140488857 0.03909115580733126 -0.048241405975607637 0.029657826408024359 -0.036083606401050863 -0.056113337435835721 -0.04751533013176748 -0.023636219803219248 0.045208981201613298 -0.031752050438123368 -0.061194201651168394 0.027676531909880276 -0.054383004776832167 -0.017483902565369962
leaf_weight=723.67209112644196 10.806495383381845 88.672193735837936 15.203840777277945 270.07857672870159 304.60698984563351 78.696935057640076 5.1085417717695263 312.91352128982544 200.90741889178753 437.28732527792454 210.92495137453079 80.132199347019196 607.69538573920727 65.159787468612194 12.468929767608644 229.56585764884949 5.3081542849540693 16.221456408500671 23.349261358380318 15.262542590498926 7.9510176479816428 10.678463131189345 56.327858924865723 4.5980651825666419 282.00527077168226 5.6604846268892279 4.3616205006837845 53.360546767711639 8.7326461821794492 53.601474106311798
leaf_count=7713 56 451 116 1159 2001 375 22 1549 987 2172 882 443 2555 621 56 1137 31 74 110 97 46 110 319 28 2160 25 25 329 63 362
internal_value=-0.000152753 0.0133863 0.0056704 0.00820596 0.0273928 0.0155818 0.0111613 0.0144942 0.01506 0.0205852 -0.00114712 -0.0218561 -0.000190034 -0.0526138 -0.0281256 0.0080028 0.0362623 0.0140032 -0.034703 0.038408 0.00714033 -0.0388995 -0.0332313 0.0169134 0.0396454 0.0103049 -0.0231987 0.0236057 -0.027547 -0.0226533
internal_weight=4201.32 3339.48 2153.28 1971.66 1186.19 508.74 420.068 391.61 1137.84 638.195 833.824 181.617 818.62 861.844 154.589 499.644 677.454 27.028 28.4578 609.826 23.2136 138.172 136.46 67.6284 586.612 18.1294 9.66977 57.9586 73.0126 62.3341
internal_count=26074 17205 9981 9008 7224 2507 2056 1924 5455 3159 3553 973 3437 8869 843 2296 4717 130 132 4304 143 1156 762 413 4161 81 56 357 535 425
is_linear=0
shrinkage=0.05


Tree=31
num_leaves=31
num_cat=0
split_feature=3 2 3 3 2 4 6 1 1 2 3 3 4 0 2 1 5 4 8 3 4 1 4 3 8 5 3 11 2 7
split_gain=1117.78 134.198 57.3193 48.0632 47.782 17.8126 21.4655 17.1787 16.1629 15.4427 12.7735 12.7508 12.6076 11.3177 10.9287 10.396 10.0108 10.0084 9.30224 8.9641 8.69376 9.56756 8.03246 7.35687 7.03763 6.54446 6.40891 5.7378 4.64214 3.79569
threshold=3.5000000000000004 79.964285714285737 4.5000000000000009 8.5000000000000018 66.279220779220793 1164.5000000000002 1.0000000180025095e-35 82.500000000000014 52.500000000000007 37.083333333333336 5.5000000000000009 2.5000000000000004 1149.5000000000002 1.0000000180025095e-35 87.550505050505066 132.50000000000003 2.5424447270374588 769.50000000000011 1.5000000000000002 9.5000000000000018 616.50000000000011 147.50000000000003 462.50000000000006 6.5000000000000009 1.5000000000000002 4.7275819418676575 13.500000000000002 1.0000000180025095e-35 81.21825396825399 9.5000000000000018
decision_type=2 2 2 2 2 2 2 2 2 2 2 2 2 2 2 2 2 2 2 2 2 2 2 2 2 2 2 2 2 2
left_child=11 2 8 7 9 12 -7 14 17 -4 -11 -1 -6 15 23 26 -10 -2 -17 -15 -9 -22 -13 -3 -16 -18 -5 -21 -24 -30
right_child=1 3 4 13 5 6 -8 20 16 10 -12 22 -14 19 24 18 25 -19 -20 27 21 -23 28 -25 -26 -27 -28 -29 29 -31
leaf_value=-0.054889750700485573 -0.023144751899840124 0.0062795225464668293 -0.051960145476351277 0.041737260338310794 0.0084949281940311563 0.03337517818026766 0.013896687048619266 -0.026131862337662123 -0.053799380722500192 0.010430518602876701 -0.0038587882709281342 -0.053769862000477779 -0.061328849019346557 -0.041484494714384791 0.040720197593912578 0.027837056516677557 -0.025980116469722758 0.038518685559805865 -0.040389439715052974 0.027107168107168286 0.011686687169383437 -0.030561045490470586 -0.03558338471293284 0.025210836714739445 0.016513362938866724 0.0061112574179180102 0.026864624267546988 -0.026397465318849168 0.0016624384623065381 -0.049847736715057246
leaf_weight=692.5648206397891 10.866120494902136 125.27651107311249 14.65744189172983 467.15736877918243 505.21496692299843 206.82635152339935 447.38569507002831 25.281537778675556 29.089795790612698 210.61033669114113 607.57144436240196 50.649802103638649 6.5487657189369193 6.1343308240175238 86.650261268019676 14.639139622449877 108.65891835838556 16.683886930346489 7.5843418985605231 52.980740740895271 102.70902356505394 15.411763712763785 61.614978864789009 86.926959201693535 45.946717746555805 18.607365295290947 85.727442130446434 5.5341561734676352 17.538308903574947 4.4924867153167716
leaf_count=7713 57 603 116 3459 2337 1038 2247 115 230 882 2555 548 31 36 469 95 546 77 43 331 453 64 456 473 247 83 585 33 121 31
internal_value=-0.000153708 0.012834 0.00559748 0.0268375 0.0080552 0.0145888 0.0200547 0.0150225 -0.0211147 -0.00109183 -0.00018054 -0.0521556 0.00760143 0.0358537 0.0210711 0.0380834 -0.0273368 0.0141977 0.00455299 0.0160186 0.000478897 0.00617443 -0.0380555 0.0140345 0.0323322 -0.0212881 0.0394312 0.0220469 -0.02854 -0.00884144
internal_weight=4137.54 3310.68 2182.72 1127.96 1998.82 1165.98 654.212 488.203 183.906 832.839 818.182 826.86 511.764 639.758 344.8 575.108 156.356 27.55 22.2235 64.6492 143.402 118.121 134.296 212.203 132.597 127.266 552.885 58.5149 83.6458 22.0308
internal_count=26074 17205 10199 7006 9206 5653 3285 2424 993 3553 3437 8869 2368 4582 1792 4182 859 134 138 400 632 517 1156 1076 716 629 4044 364 608 152
is_linear=0
shrinkage=0.05


Tree=32
num_leaves=31
num_cat=0
split_feature=3 2 3 3 2 4 6 1 3 4 1 2 3 1 4 0 1 5 4 8 4 3 2 4 11 2 3 6 2 4
split_gain=1047.02 124.688 52.1414 46.0262 43.4733 16.3949 19.9493 15.9219 25.4389 19.7562 14.7562 14.4998 13.1337 12.2483 11.2034 10.8922 9.91217 9.8461 9.11289 8.36865 8.26453 8.12591 9.45094 8.07262 6.89736 6.33697 6.26535 4.64921 4.98583 3.90228
threshold=3.5000000000000004 79.964285714285737 4.5000000000000009 8.5000000000000018 66.279220779220793 1164.5000000000002 1.0000000180025095e-35 52.500000000000007 7.5000000000000009 747.50000000000011 52.500000000000007 37.083333333333336 2.5000000000000004 82.500000000000014 1149.5000000000002 1.0000000180025095e-35 132.50000000000003 2.5424447270374588 769.50000000000011 1.5000000000000002 443.50000000000006 10.500000000000002 87.031250000000014 462.50000000000006 1.0000000180025095e-35 77.211111111111123 13.500000000000002 1.0000000180025095e-35 78.91987179487181 1531.5000000000002
decision_type=2 2 2 2 2 2 2 2 2 2 2 2 2 2 2 2 2 2 2 2 2 2 2 2 2 2 2 2 2 2
left_child=12 2 10 7 11 14 -7 -3 9 -9 18 -4 -1 -13 -6 16 26 -12 -2 -18 -10 22 -17 -14 -23 -19 -5 -25 -29 -30
right_child=1 3 4 15 5 6 -8 8 20 -11 17 13 23 -15 -16 21 19 25 -20 -21 -22 24 -24 27 -26 -27 -28 28 29 -31
leaf_value=-0.054564513891092049 -0.022164101988550525 0.034162351241350995 -0.051260737852805598 0.040818893857749686 0.0080908500424042157 0.032162771407007205 0.0132783046518315 -0.0088596212101672202 0.023674426712201522 0.019563375332252515 -0.053059654795445568 0.0044539707721750321 -0.053382508067899327 -0.0082668752596473296 -0.057091632375317808 -0.042624019509480575 0.02691667202579506 -0.015118262843348438 0.036914231270090254 -0.037535053166524918 -0.048165611912664219 0.032180993596956871 0.041089993863531571 -0.04741132880740527 -0.027562534670848782 -0.044363351775570457 0.025974291111997616 -0.03045217149372835 -0.012878980203031696 0.038245446343167351
leaf_weight=662.61549666523933 10.781744278967382 84.078735023736954 14.128015398979185 454.11832064390182 503.95734536647797 203.96572789549828 444.87541228532791 77.085379742085934 4.8404403477907207 295.50004574656487 28.047090247273445 520.40406104922295 48.520359873771667 297.34629026055336 6.6795155555009833 10.623241975903509 14.38918858766556 104.15728249400854 16.542251765727997 7.7486212104558936 23.149749636650085 43.020786836743355 4.9389110505580893 21.850389219820499 5.4421806484460822 22.529866889119148 84.270370945334435 40.687079899013042 14.494188956916334 5.0270789116621009
leaf_count=7713 57 439 116 3459 2337 1038 2247 368 21 1488 230 2191 548 1246 31 59 95 527 77 43 108 276 33 175 32 102 585 300 99 34
internal_value=-0.000154595 0.0123026 0.00534102 0.0259433 0.00768266 0.0139402 0.0192147 0.0143812 0.0102293 0.0136829 -0.0202719 -0.00103918 -0.0517084 -0.00017152 0.00723821 0.0349155 0.0371471 -0.0262537 0.0136026 0.00435744 -0.0357421 0.0153781 -0.016056 -0.0372151 0.0254721 -0.0203192 0.0384954 -0.0276555 -0.0204858 0.000286483
internal_weight=4075.82 3282.62 2173.41 1109.21 1991.36 1159.48 648.841 484.654 400.576 372.585 182.058 831.878 793.195 817.75 510.637 624.552 560.527 154.734 27.324 22.1378 27.9902 64.0251 15.5622 130.579 48.463 126.687 538.389 82.0587 60.2083 19.5213
internal_count=26074 17205 10199 7006 9206 5653 3285 2424 1985 1856 993 3553 8869 3437 2368 4582 4182 859 134 138 129 400 92 1156 308 629 4044 608 433 133
is_linear=0
shrinkage=0.05


Tree=33
num_leaves=31
num_cat=0
split_feature=3 2 3 3 2 3 5 0 3 5 5 1 4 2 3 3 1 3 8 6 1 4 5 5 4 11 4 1 7 4
split_gain=980.981 115.785 45.8336 45.1085 37.9975 21.5916 30.7896 16.2055 14.8053 14.1781 13.878 13.8774 13.7812 13.6162 13.5077 12.3959 31.3512 12.5323 11.714 11.4457 8.88987 8.44401 8.11272 7.2716 7.07292 7.04354 4.02538 3.98733 5.34504 4.69472
threshold=3.5000000000000004 79.550505050505066 6.5000000000000009 4.5000000000000009 66.279220779220793 5.5000000000000009 2.7483332592559675 1.0000000180025095e-35 4.5000000000000009 2.5424447270374588 2.5123457174140253 167.50000000000003 376.50000000000006 37.083333333333336 2.5000000000000004 10.500000000000002 52.500000000000007 12.500000000000002 1.5000000000000002 1.0000000180025095e-35 52.500000000000007 3319.0000000000005 3.1380262907220424 4.7275819418676575 769.50000000000011 1.0000000180025095e-35 462.50000000000006 35.000000000000007 6.5000000000000009 901.50000000000011
decision_type=2 2 2 2 2 2 2 2 2 2 2 2 2 2 2 2 2 2 2 2 2 2 2 2 2 2 2 2 2 2
left_child=14 3 5 9 13 6 8 12 -3 -2 -7 15 -6 -5 -1 16 -4 -17 -8 -15 24 -12 -16 -22 -11 -9 -24 29 -29 -28
right_child=1 2 11 4 7 10 18 25 -10 20 21 -13 -14 19 22 17 -18 -19 -20 -21 23 -23 26 -25 -26 -27 27 28 -30 -31
leaf_value=-0.054255189880770896 -0.052381435684368788 -0.07191893635706148 0.047027723219306372 -0.050578563860617848 0.00022086546232686347 0.02960789507279242 0.028538765562958424 0.0026472927691863868 -0.0059390176374181812 -0.019227667426233219 -0.046904645818302122 -0.0055048369788119594 0.01789070375751976 0.0062535295641963353 -0.050107868678322592 0.04339517980993271 0.015083713567925171 0.024751347876267385 0.0044690388693141058 -0.0056176546749104224 -0.023858614129496268 0.024039332094908744 -0.055192454186670362 0.010399766784319503 0.034252347363584526 -0.027154016814916495 0.052855443521966777 -0.011140239731471364 -0.043676451523076538 -0.025720814462273513
leaf_weight=633.80205213278532 27.33702813833952 12.524251006543635 112.71160183846951 13.615662321448324 127.15567740797997 9.8311085253953916 158.74465073645115 133.63513447344303 26.47540095448494 10.143025115132334 31.288631170988083 25.185880765318871 834.79172486066818 375.65457585453987 58.293322615325451 304.5399222150445 241.1386439204216 128.03048799932003 74.162799671292305 441.89871542155743 105.18674156069756 4.8435673415660849 9.3751041591167432 18.164265379309654 15.832770645618437 23.281358435750008 3.831472471356391 29.834652312099934 21.880187183618546 3.7727089524269104
leaf_count=7713 233 80 802 116 585 43 782 607 114 52 130 141 4160 1583 621 2367 1491 889 365 1854 533 20 110 81 74 103 22 220 162 21
internal_value=-0.000155126 0.0117883 0.024726 0.00491719 0.00710899 0.00863175 0.0139895 0.0131246 -0.0271276 -0.019276 -0.0230633 0.0310294 0.015555 -0.000988882 -0.051273 0.0321995 0.0252588 0.0378771 0.0208744 -0.000163008 -0.0132155 -0.0373945 -0.0363888 -0.0188138 0.0133695 -0.00177426 -0.024747 -0.0199352 -0.0249061 0.0138709
internal_weight=4016.96 3256.17 1129.48 2126.7 1950.03 317.87 271.907 1118.86 38.9997 176.664 45.9633 811.607 961.947 831.169 760.789 786.421 353.85 432.57 232.907 817.553 149.327 36.1322 126.987 123.351 25.9758 156.916 68.6941 59.319 51.7148 7.60418
internal_count=26074 17205 7224 9981 9008 1534 1341 5455 194 973 193 5690 4745 3553 8869 5549 2293 3256 1147 3437 740 150 1156 614 126 710 535 425 382 43
is_linear=0
shrinkage=0.05


Tree=34
num_leaves=31
num_cat=0
split_feature=3 2 3 3 2 3 5 1 4 3 3 3 5 5 2 1 0 4 5 9 4 1 3 4 4 4 2 9 2 0
split_gain=919.412 107.736 43.2223 42.5568 35.9592 20.2825 27.9785 16.5015 17.5768 14.0553 13.8692 13.7199 13.6505 13.4477 13.2096 12.584 13.6933 11.3122 11.1824 10.5708 10.3342 9.18735 8.15614 8.13909 8.04553 6.82236 6.25627 5.49044 4.71509 4.83099
threshold=3.5000000000000004 79.964285714285737 4.5000000000000009 6.5000000000000009 66.279220779220793 5.5000000000000009 2.7483332592559675 72.500000000000014 1164.5000000000002 9.5000000000000018 2.5000000000000004 4.5000000000000009 2.5424447270374588 2.5123457174140253 48.845238095238102 147.50000000000003 1.0000000180025095e-35 376.50000000000006 2.9765383575401736 7.5000000000000009 3157.5000000000005 52.500000000000007 10.500000000000002 462.50000000000006 3319.0000000000005 769.50000000000011 55.035714285714292 8.5000000000000018 54.612500000000004 1.0000000180025095e-35
decision_type=2 2 2 2 2 2 2 2 2 2 2 2 2 2 2 2 2 2 2 2 2 2 2 2 2 2 2 2 2 2
left_child=10 2 12 5 14 6 11 8 -6 -9 -1 -3 -2 -7 18 16 22 -18 -4 -16 -8 25 -5 -12 -15 -14 -23 -17 -25 -30
right_child=1 3 4 15 7 13 20 9 -10 -11 23 -13 21 24 19 27 17 -19 -20 -21 -22 26 -24 28 -26 -27 -28 -29 29 -31
leaf_value=-0.053960527460132662 -0.051741663330282787 -0.070374694683496178 -0.030338047207727193 0.028183654467177872 0.0089757971278586236 0.030642835657447298 0.015574788834970427 -0.0057326961546623366 0.024404934421126762 0.012985419822764752 -0.052659576225831964 -0.0055012963029094026 -0.018385627957523264 -0.046595979848278762 -0.0012231285028772396 -0.0046560270377781132 -0.05702433817401819 0.016695012860570409 0.00036612488109216039 0.014606458395680998 0.044018050961791094 -0.045433729396313245 0.039321732790916705 -0.054119433513254704 0.022877388244636584 0.03396901668001736 -0.01391461085792038 0.050165186088214735 -0.015130043000375579 -0.053647250079363329
leaf_weight=606.10017878562212 26.592527315020561 11.964166924357412 64.955745950341225 304.8610502704978 348.05545485019684 9.3002793788909894 186.09364399313927 181.43144601583481 393.01313282549381 224.24602419137955 44.569593369960785 25.56468191742897 10.078858926892282 30.166277140378952 582.18406599760056 33.555410951375961 5.690871834754943 60.805233895778656 54.562780074775219 128.79785160720348 38.549748003482819 18.44821310043335 356.64457672834396 12.489896319806574 4.835305079817771 16.262873664498329 107.39237328618765 5.2867719531059256 56.95343866944313 9.4984815269708616
leaf_count=7713 235 78 353 2063 1660 41 915 766 2042 1185 548 110 52 125 2402 194 29 375 267 531 200 126 2825 106 20 77 503 31 426 76
internal_value=-0.000155828 0.0112973 0.00485366 0.0242409 0.00698239 0.00849213 0.0137796 0.0127207 0.0171584 0.0046141 -0.0508486 -0.0261829 -0.01869 -0.0227986 -0.00094095 0.030535 0.0320145 0.010386 -0.0163209 0.00164448 0.0204558 -0.0129146 0.0341886 -0.0355776 -0.0369986 0.0139371 -0.0185353 0.00280564 -0.0259333 -0.0206356
internal_weight=3958.95 3229.34 2156.02 1073.32 1977.25 306.474 262.172 1146.75 741.069 405.677 729.612 37.5288 178.775 44.3019 830.5 766.844 728.002 66.4961 119.519 710.982 224.643 152.182 661.506 123.511 35.0016 26.3417 125.841 38.8422 78.9418 66.4519
internal_count=26074 17205 10199 7006 9206 1489 1303 5653 3702 1951 8869 188 993 186 3553 5517 5292 404 620 2933 1115 758 4888 1156 145 129 629 225 608 502
is_linear=0
shrinkage=0.05


Tree=35
num_leaves=31
num_cat=0
split_feature=3 2 3 3 2 1 3 4 1 3 5 2 0 8 2 0 1 1 3 4 4 5 8 1 3 6 2 9 0 4
split_gain=861.885 99.9842 40.1984 39.3391 32.8104 16.5356 17.0784 15.5461 14.9752 14.2516 13.1329 12.2645 10.7628 10.6927 10.1027 8.96992 10.1775 8.83922 14.0255 8.14845 7.40853 9.08551 6.52279 6.09896 5.83385 4.63512 4.71833 4.58512 4.47092 3.56336
threshold=3.5000000000000004 79.964285714285737 8.5000000000000018 4.5000000000000009 65.345238095238116 72.500000000000014 9.5000000000000018 1164.5000000000002 82.500000000000014 2.5000000000000004 2.5424447270374588 37.083333333333336 1.0000000180025095e-35 1.5000000000000002 87.550505050505066 1.0000000180025095e-35 52.500000000000007 52.500000000000007 10.500000000000002 462.50000000000006 2621.5000000000005 2.0994619768013658 1.5000000000000002 72.500000000000014 6.5000000000000009 1.0000000180025095e-35 78.91987179487181 6.5000000000000009 1.0000000180025095e-35 1531.5000000000002
decision_type=2 2 2 2 2 2 2 2 2 2 2 2 2 2 2 2 2 2 2 2 2 2 2 2 2 2 2 2 2 2
left_child=9 3 8 10 11 7 -7 -6 14 -1 -2 -5 -13 23 24 16 -12 -15 -19 -11 21 -10 -16 28 -3 -21 -27 -25 -4 -28
right_child=1 2 13 4 5 6 -8 -9 20 19 15 12 -14 17 22 -17 -18 18 -20 25 -22 -23 -24 27 -26 26 29 -29 -30 -31
leaf_value=-0.053679379001411842 -0.051055450194005786 0.0046253810823246866 0.043917727807249014 -0.049687475622616356 0.0086701528126435987 -0.0070864925475267711 0.012970365315554514 0.022845065058273863 0.031846190219150021 -0.052308354340001195 0.021318519284406031 0.0020560648420774714 -0.014038743522243824 0.044359457771588881 0.037851478919044466 -0.04984615738256698 -0.014653097814374589 -0.0092428273689610166 0.025759403804542693 -0.045683592493541668 0.021815230004198945 -0.011985353534803725 0.014065786552604232 0.022285789470337932 0.021803003366363777 -0.027926562233593633 -0.010416754139743157 0.040736248635436623 0.015953098454687422 0.038764824785385642
leaf_weight=579.48372944444418 25.626999109983444 122.55359514057636 220.6730659455061 12.947747386991976 366.32145254313946 193.41976957023144 235.19303184747696 409.83129711449146 13.417409077286718 42.673398926854134 23.805294543504715 627.65232330560684 124.47009278833866 38.807048723101616 82.201871752738953 14.427168935537336 113.01546279340982 37.032769285142422 125.98118513822556 20.222215764224529 28.347161293029785 99.470774188637733 44.387022458016872 91.554764628410339 82.836859866976738 38.352513074874878 13.950005307793619 53.261403061449528 15.282702445983885 5.0040727183222762
leaf_count=7713 235 603 1829 116 1741 814 1236 2132 67 548 117 2643 524 318 469 85 556 265 975 175 126 439 247 684 473 300 99 409 102 34
internal_value=-0.000156462 0.0108272 0.0234247 0.00463138 0.00665959 0.0118019 0.00391932 0.0161549 0.0125995 -0.0504294 -0.0179566 -0.0014381 -0.000607494 0.0322175 0.018401 -0.0123484 -0.00839444 0.0229132 0.0178078 -0.0347613 -0.00103727 -0.00677572 0.0295113 0.037149 0.0115534 -0.025103 -0.0178406 0.0290716 0.0421065 0.00256769
internal_weight=3902.2 3202.52 1055.81 2146.71 1969.84 1204.77 428.613 776.153 473.215 699.686 176.875 765.07 752.122 582.593 331.979 151.248 136.821 201.821 163.014 120.202 141.235 112.888 126.589 380.772 205.39 77.5288 57.3066 144.816 235.956 18.9541
internal_count=26074 17205 7006 10199 9206 5923 2050 3873 2424 8869 993 3283 3167 4582 1792 758 673 1558 1240 1156 632 506 716 3024 1076 608 433 1093 1931 133
is_linear=0
shrinkage=0.05


Tree=36
num_leaves=31
num_cat=0
split_feature=3 2 3 4 4 2 8 6 3 3 5 1 0 3 3 4 3 2 2 11 4 3 8 2 5 4 4 3 3 5
split_gain=808.09 92.8923 50.5152 25.9907 25.2672 24.2248 20.3721 19.6519 30.2022 29.4466 25.146 19.2932 18.556 14.7241 14.6244 13.2254 13.6918 12.3357 11.3931 10.4073 12.4374 10.2238 10.0331 9.75227 9.48258 8.14373 8.12311 7.75436 7.50134 6.56385
threshold=3.5000000000000004 75.968750000000014 6.5000000000000009 1149.5000000000002 1178.5000000000002 52.033333333333339 1.5000000000000002 1.0000000180025095e-35 11.500000000000002 5.5000000000000009 3.1015125521816214 82.500000000000014 1.0000000180025095e-35 8.5000000000000018 2.5000000000000004 3961.0000000000005 5.5000000000000009 60.408333333333339 86.511904761904773 1.0000000180025095e-35 153.50000000000003 4.5000000000000009 1.5000000000000002 57.031250000000007 3.2361633918040607 462.50000000000006 376.50000000000006 10.500000000000002 12.500000000000002 2.2801098901098906
decision_type=2 2 2 2 2 2 2 2 2 2 2 2 2 2 2 2 2 2 2 2 2 2 2 2 2 2 2 2 2 2
left_child=14 4 3 22 5 28 27 9 10 21 -9 12 18 -8 -1 16 -5 -11 -4 20 -13 -6 -3 -10 -24 -16 -14 -7 -2 -21
right_child=1 2 11 15 7 6 13 8 23 17 -12 19 26 -15 25 -17 -18 -19 -20 29 -22 -23 24 -25 -26 -27 -28 -29 -30 -31
leaf_value=-0.053410659224765566 -0.025446343906751507 -0.001224154874163975 0.028389899391520004 0.015542398341077927 -0.007709124358794262 0.0043913780610972224 -0.017964400149946706 0.01633865228290585 -0.0095140814733933876 -0.012195273177930829 -0.01807106150685182 -0.08596879913476202 -0.05337091109858623 0.0044838714172138281 -0.051966819861464932 0.045936582300406349 -0.021403949749842277 0.016146765917126309 0.042823417320584416 0.040814005509211763 0.020064288632413833 0.04752523922062217 -0.04470637544271322 0.01759493932992821 -0.0039127837623137637 -0.024295644938973782 0.0091625907520143726 0.023239566290797861 0.030850381402078953 -0.018663892182510803
leaf_weight=553.92523520439863 128.71037704497576 104.30107622593641 416.4254962131381 198.9595178514719 9.2831230461597425 370.02317535877228 195.51599855720997 72.693471044301987 37.915296398103237 53.916443780064583 196.92593533545732 2.7904936373233786 5.8394308388233176 116.61693893373013 40.85224936902523 30.520556405186653 28.692233711481094 133.33726495504379 203.55281869322062 5.4876224622130385 309.77669623494148 85.916046880185604 33.100153289735317 265.38639250397682 25.009069591760635 76.158418655395508 46.927950873970985 64.008746072649956 6.2022854238748542 29.981579653918743
leaf_count=7713 695 471 2830 1013 44 1644 878 325 165 232 869 15 29 520 548 157 123 634 1753 31 2084 385 163 1247 110 608 275 299 30 184
internal_value=-0.000156558 0.0103707 0.0197537 0.00517108 0.00258227 -0.00336049 0.000164863 0.0087036 0.00338228 0.0194973 -0.00879368 0.025762 0.0307062 -0.00957743 -0.0500179 0.0150295 0.0108858 0.00798617 0.0331287 0.0162051 0.0191177 0.0421392 -0.0105001 0.0142061 -0.0271496 -0.0339566 0.00224241 0.00717101 -0.0228582 -0.00946176
internal_weight=3848.75 3177.82 1441.36 420.583 1736.45 881.078 746.165 855.374 572.921 282.453 269.619 1020.78 672.746 312.133 670.936 258.172 227.652 187.254 619.978 348.036 312.567 95.1992 162.41 303.302 58.1092 117.011 52.7674 434.032 134.913 35.4692
internal_count=26074 17205 9238 2037 7967 4066 3341 3901 2606 1295 1194 7201 4887 1398 8869 1293 1136 866 4583 2314 2099 429 744 1412 273 1156 304 1943 725 215
is_linear=0
shrinkage=0.05


Tree=37
num_leaves=31
num_cat=0
split_feature=3 2 3 3 2 3 0 4 1 3 8 5 2 3 8 3 5 5 0 1 5 4 5 2 4 1 4 2 1 2
split_gain=757.763 86.7499 37.0588 34.0289 27.6338 15.0223 14.2695 14.3375 13.3528 24.4308 16.5325 12.6214 11.4766 10.7375 10.5633 8.90862 11.7458 10.1724 8.33278 9.14865 8.23411 7.68984 7.18654 5.82947 4.30103 4.20791 3.91272 4.00402 3.9851 3.80127
threshold=3.5000000000000004 79.964285714285737 8.5000000000000018 4.5000000000000009 66.279220779220793 2.5000000000000004 1.0000000180025095e-35 4274.5000000000009 52.500000000000007 7.5000000000000009 1.5000000000000002 2.5424447270374588 37.083333333333336 5.5000000000000009 1.5000000000000002 12.500000000000002 2.5123457174140253 4.0549231681534588 1.0000000180025095e-35 52.500000000000007 3.1380262907220424 443.50000000000006 3.12496634356489 83.759615384615401 1402.0000000000002 82.500000000000014 462.50000000000006 54.612500000000004 35.000000000000007 92.755952380952394
decision_type=2 2 2 2 2 2 2 2 2 2 2 2 2 2 2 2 2 2 2 2 2 2 2 2 2 2 2 2 2 2
left_child=5 3 8 11 12 -1 7 -6 29 10 -10 -2 -5 -14 23 16 -16 -17 19 -13 24 -11 -8 -4 -7 -25 -22 -28 -29 -3
right_child=1 2 14 4 6 20 22 -9 9 21 -12 18 13 -15 15 17 -18 -19 -20 -21 26 -23 -24 25 -26 -27 27 28 -30 -31
leaf_value=-0.05315338019989066 -0.050235681515413591 0.026269645508864788 0.026455111807514704 -0.048802123544055949 0.011405712099973984 -0.051006166896275351 0.0076318496418236147 0.031668672572097087 0.018293273017993088 0.020371558925473852 -0.0049282305950664159 0.02047447366928155 0.00961105118014117 -0.0035245435491680585 -0.0021860591232383073 0.01666513827504025 0.032733189375888698 -0.040858302639500847 -0.048197492096134421 -0.013706382256733471 -0.05419997909249985 -0.049663197017405486 -0.013691537396932069 0.045042438101551008 0.02898765917590675 0.031531275117190845 -0.051039927734831715 0.024296040142678655 -0.017096046696573382 0.060675476510055941
leaf_weight=529.39602036774158 24.50842896848917 69.822861462831497 117.72716345638037 12.303478106856344 872.37581925839186 48.63860084861517 81.046312764286995 97.006155610084534 248.7327109798789 4.7296380698680904 110.78686530888081 23.707323551177979 209.39701794087887 605.28537520766258 29.583036385476589 24.461671203374863 129.50814999639988 11.206397615373133 14.048558898270128 112.34645894914865 7.8634227067232123 22.882178440690041 77.106656089425087 153.9169816672802 1.7404776588082302 92.113673195242882 7.3017561212182036 6.7577089816331855 41.68035152554512 9.0708763748407346
leaf_count=7713 235 386 870 116 4382 605 364 545 1285 21 571 117 882 2555 219 188 1076 75 85 556 110 108 362 1403 16 751 63 39 323 53
internal_value=-0.000155695 0.00993308 0.0218876 0.00418054 0.00606987 -0.0496082 0.0111615 0.0134334 0.0114773 0.00765657 0.0111375 -0.0169679 -0.000872161 -0.000148314 0.0305739 0.0211765 0.0262399 -0.0014079 -0.011536 -0.00775038 -0.0331427 -0.0376669 -0.00276426 0.0356054 -0.0482426 0.0399839 -0.0211823 -0.0165244 -0.0113213 0.0302255
internal_weight=3797.05 3153.67 1024.54 2129.13 1954.52 643.378 1127.53 969.382 466.025 387.131 359.52 174.611 826.986 814.682 558.517 194.759 159.091 35.6681 150.102 136.054 113.982 27.6118 158.153 363.758 50.3791 246.031 63.6032 55.7398 48.4381 78.8937
internal_count=26074 17205 7006 10199 9206 8869 5653 4927 2424 1985 1856 993 3553 3437 4582 1558 1295 263 758 673 1156 129 726 3024 621 2154 535 425 362 439
is_linear=0
shrinkage=0.05


Tree=38
num_leaves=31
num_cat=0
split_feature=3 2 3 4 3 1 5 6 3 5 3 3 5 5 3 3 3 2 1 8 5 2 1 0 5 2 6 1 7 5
split_gain=710.722 80.2055 35.2772 31.1434 29.567 25.3112 31.8097 23.3265 34.7684 33.6039 22.2819 21.2051 26.6231 18.2298 16.037 15.3672 14.2972 13.9249 12.9062 10.1654 9.22317 10.2082 8.53229 8.72532 8.11606 7.04099 7.63148 5.7523 5.11426 4.73144
threshold=3.5000000000000004 79.964285714285737 8.5000000000000018 1164.5000000000002 6.5000000000000009 52.500000000000007 2.5225137074452149 1.0000000180025095e-35 11.500000000000002 3.1523581429624175 5.5000000000000009 5.5000000000000009 2.4720248447204973 1.9908582401068629 4.5000000000000009 2.5000000000000004 13.500000000000002 68.612500000000011 82.500000000000014 1.5000000000000002 5.9740629161764138 87.550505050505066 132.50000000000003 1.0000000180025095e-35 3.1380262907220424 91.023809523809533 1.0000000180025095e-35 72.500000000000014 10.500000000000002 3.0850060216780415
decision_type=2 2 2 2 2 2 2 2 2 2 2 2 2 2 2 2 2 2 2 2 2 2 2 2 2 2 2 2 2 2
left_child=15 3 18 4 11 28 -7 10 9 -9 14 12 -2 -13 -5 -1 -10 -12 20 27 21 -3 23 -21 -17 26 -20 -4 -6 -24
right_child=1 2 19 7 5 6 -8 8 16 -11 17 13 -14 -15 -16 24 -18 -19 25 22 -22 -23 29 -25 -26 -27 -28 -29 -30 -31
leaf_value=-0.052906605825434549 -0.030226640844166559 0.010592610146452795 0.039796108203427223 -0.011447964352014728 0.032622959787098775 0.010773724336375157 -0.014828358147368851 0.018019175695961367 0.021949477445721087 -0.016546468682394188 -0.0010846103005617328 0.012323969335297828 0.001457529931302221 -0.045829961397599407 0.045533114036733248 -0.047732105639316624 0.0015439138697501153 0.023172701999472661 0.0080901379038308702 0.026764626611354959 -0.047703398388124763 0.02907586697626123 -0.060079149346013473 -0.0091743430137021173 -0.020469950113231824 0.023568543563076385 -0.017695504547015704 0.026724036294446269 0.0033159454058866106 0.0065086534813726324
leaf_weight=505.86671964079142 89.225719578564167 198.01584982126951 217.11476798355579 14.071012482047079 85.087418161332607 296.54064546525478 205.33354377746582 98.303009152412415 257.05102576315403 246.95284698903561 111.94107533991337 16.751691922545433 258.03567533195019 68.918106861412525 100.85036659240723 48.426007889211178 128.87878968566656 125.48077570647001 50.126719936728477 162.1328573897481 5.5063534677028647 119.95627599954605 4.7462143748998624 18.85219269245863 62.579075865447521 23.03242464363575 67.110065966844559 137.42622650414705 18.042615160346031 6.0918122082948685
leaf_count=7713 501 1059 1931 67 421 1366 953 452 1367 1128 483 71 1219 302 470 621 606 705 227 1373 30 703 26 123 535 107 298 1093 88 36
internal_value=-0.000155402 0.00950756 0.021104 0.00398605 -0.00220365 0.00493504 0.000299055 0.0099153 0.00482265 -0.00670476 0.0204836 -0.0121797 -0.00668344 -0.0344587 0.0385563 -0.0492098 0.0151352 0.0117357 0.0109618 0.0297126 0.0164545 0.0175655 0.0204406 0.0230211 -0.0323631 -0.0017051 -0.00667038 0.0347291 0.0274957 -0.0226516
internal_weight=3748.45 3131.58 1010.11 2121.46 1037.94 605.004 501.874 1083.53 731.186 345.256 352.343 432.931 347.261 85.6698 114.921 616.872 385.93 237.422 463.748 546.364 323.478 317.972 191.823 180.985 111.005 140.269 117.237 354.541 103.13 10.838
internal_count=26074 17205 7006 10199 4921 2828 2319 5278 3553 1580 1725 2093 1720 373 537 8869 1973 1188 2424 4582 1792 1762 1558 1496 1156 632 525 3024 509 62
is_linear=0
shrinkage=0.05


Tree=39
num_leaves=31
num_cat=0
split_feature=3 2 3 8 0 2 4 4 6 3 5 3 3 5 2 3 5 0 3 4 3 3 3 4 4 1 8 6 5 4
split_gain=666.585 74.2896 49.9415 25.2493 19.8028 19.5097 17.5187 16.3679 22.8296 21.5953 17.0735 15.769 15.2021 24.1454 14.2353 12.6945 12.6282 12.4248 11.3676 10.2127 9.86395 8.76948 15.0843 8.2299 8.02867 7.42798 7.2156 6.81263 10.1617 6.29324
threshold=3.5000000000000004 73.023809523809533 6.5000000000000009 1.5000000000000002 1.0000000180025095e-35 85.563492063492077 3893.5000000000005 859.50000000000011 1.0000000180025095e-35 5.5000000000000009 2.3856841470765526 2.5000000000000004 5.5000000000000009 2.4618037135278521 43.732142857142868 6.5000000000000009 3.166427889207259 1.5000000000000002 6.5000000000000009 495.50000000000006 12.500000000000002 7.5000000000000009 9.5000000000000018 462.50000000000006 223.50000000000003 82.500000000000014 1.5000000000000002 1.0000000180025095e-35 2.7695807084581232 3319.0000000000005
decision_type=2 2 2 2 2 2 2 2 2 2 2 2 2 2 2 2 2 2 2 2 2 2 2 2 2 2 2 2 2 2
left_child=11 4 3 12 7 17 19 14 9 -9 -10 -1 13 -3 -2 -16 -14 20 27 -5 -4 26 -23 -13 -7 -26 -20 28 -6 -19
right_child=1 2 5 6 18 24 -8 8 10 -11 -12 23 16 -15 15 -17 -18 29 21 -21 -22 22 -24 -25 25 -27 -28 -29 -30 -31
leaf_value=-0.05266946038416466 -0.040192488395633511 -0.028035131959058626 0.021237010161986595 -0.045512284039965253 -0.043731839484792694 -0.026529357263997549 0.049746915688076931 0.037449567638259094 0.032013878597818006 0.0083403503597295533 -0.0014138875191017451 -0.051045894075734725 0.0084962267114362701 0.020894547745012832 -0.011298118121376865 0.0055382069379532588 -0.041743069162863813 -0.031271680770583024 0.041590927515736814 -0.011198661596339452 0.0060147775989599223 -0.04097198994667979 -0.0016147187515154122 -0.021802757770858647 0.038151684405655854 0.022713038935776655 -0.010237335275533929 -0.047266980459687281 0.010726964716954893 0.040170442975108439
leaf_weight=483.30722066760063 25.46011683344841 28.107651323080063 660.3792911246419 25.934547550976276 16.198896571993828 5.7899385988712302 10.541570574045179 104.59396590292454 41.840951390564442 163.02039784193039 438.80165739357471 36.099125862121582 27.953263953328133 244.85609418898821 197.93990617245436 257.74801939725876 22.638041287660599 18.347459346055988 16.177478268742561 132.31952238827944 126.86788890510798 31.765533529222012 104.22092790156603 72.139118038117886 226.47204787284136 118.76776272058487 11.481772594153883 30.968375682830811 18.178556986153126 3.7049826383590689
leaf_count=7713 181 141 4266 142 90 41 53 477 184 733 1953 548 120 1226 940 1111 93 93 68 626 792 137 451 608 2050 926 49 161 80 21
internal_value=-0.000153778 0.00909707 0.0163552 0.00301196 0.000872088 0.0220169 -0.0126646 0.00338662 0.00801292 0.0197173 0.00149607 -0.0488062 0.0111903 0.0158562 -0.00380796 -0.00177509 -0.0139843 0.017747 -0.0126279 -0.0168219 0.0187839 -0.00558824 -0.0108083 -0.0315558 0.0318613 0.0328406 0.0200762 -0.0302573 -0.0149344 -0.0192688
internal_weight=3702.62 3111.08 1652.68 492.351 1458.4 1160.33 168.796 1229.41 748.257 267.614 480.643 591.545 323.555 272.964 481.148 455.688 50.5913 809.3 228.992 158.254 787.247 163.646 135.986 108.238 351.03 345.24 27.6593 65.3458 34.3775 22.0524
internal_count=26074 17205 10590 2401 6615 8189 821 5579 3347 1210 2137 8869 1580 1367 2232 2051 213 5172 1036 768 5058 705 588 1156 3017 2976 117 331 170 114
is_linear=0
shrinkage=0.05


Tree=40
num_leaves=31
num_cat=0
split_feature=3 2 3 1 3 1 8 4 6 11 3 3 5 4 4 3 3 5 4 8 1 4 0 9 1 3 4 2 3 2
split_gain=625.292 69.491 33.346 38.3186 28.244 23.7288 21.4905 19.5995 20.9521 16.2784 16.1562 15.5823 16.7876 19.9044 17.8395 14.5621 11.8881 11.5508 11.0486 10.7374 8.97494 8.20993 7.54021 8.38849 6.01647 5.3782 19.6826 5.3222 5.18366 4.50471
threshold=3.5000000000000004 79.964285714285737 10.500000000000002 52.500000000000007 4.5000000000000009 82.500000000000014 1.5000000000000002 589.50000000000011 1.0000000180025095e-35 1.0000000180025095e-35 2.5000000000000004 12.500000000000002 4.3803160738311471 7108.0000000000009 1193.5000000000002 10.500000000000002 6.5000000000000009 2.5424447270374588 638.50000000000011 1.0000000180025095e-35 147.50000000000003 414.50000000000006 1.0000000180025095e-35 2.5000000000000004 147.50000000000003 6.5000000000000009 572.50000000000011 81.21825396825399 11.500000000000002 83.630681818181827
decision_type=2 2 2 2 2 2 2 2 2 2 2 2 2 2 2 2 2 2 2 2 2 2 2 2 2 2 2 2 2 2
left_child=10 4 3 25 17 7 20 16 -9 15 -1 24 14 -14 -13 -7 -6 -2 -8 -11 -5 -12 23 -19 28 26 -3 -23 -4 -26
right_child=1 2 11 6 5 9 18 8 -10 19 21 12 13 -15 -16 -17 -18 22 -20 -21 -22 27 -24 -25 29 -27 -28 -29 -30 -31
leaf_value=-0.052441129134759595 -0.048981394517528483 -0.065264402628838245 0.031730981272111276 0.015150294445255862 -0.014134780466549627 -0.0063452861761659589 -0.034652912702648843 0.022333525673799051 0.0069194771525632852 -0.0037929845331327382 -0.052046891676807587 -0.049816404004586812 -0.056261390304485751 0.046031309295618592 0.032318512343172817 0.0091388908579124184 0.0058181368021512879 -0.026212327297125138 -0.0023579517546186224 -0.041374445217285588 -0.022524455970653584 -0.029808749520242601 -0.046342190075420606 0.00093627748501323271 -0.027794398458998677 0.042580106798178183 0.034717946429231518 0.0003860191323015119 0.046487468070515715 0.027816056084400888
leaf_weight=461.68732489272952 22.808155439794064 5.7056514322757712 103.69883441925049 307.09665689617395 112.96597300469875 339.35380114614964 33.947855234146118 372.97123371809721 539.15735757350922 35.539265669882298 31.69608972966671 7.2064025625586501 14.84233394265175 6.9976118430495253 80.015028648078442 274.79400277882814 220.10421973466873 40.661468021571636 120.45024176687002 40.854380540549755 16.665646754205227 53.857102192938328 13.544507399201391 94.765896320343018 5.5541657358408001 94.339766919612885 35.85728719830513 20.018152303993702 139.66914682090282 10.575495630502699
leaf_count=7713 235 25 920 1800 482 1462 201 1846 2623 163 503 52 101 51 663 1394 1049 209 679 187 84 497 85 464 36 791 195 156 1334 74
internal_value=-0.000153134 0.00870468 0.0196856 0.0125497 0.00358489 0.00530918 0.00589094 0.00943166 0.0132223 -0.00212458 -0.0484061 0.0315747 0.0157162 -0.0234864 0.0255324 0.000582947 -0.000949208 -0.0158456 -0.00945872 -0.0238911 0.013211 -0.0307599 -0.0107724 -0.00721497 0.0382397 0.035978 0.0209926 -0.0216268 0.0401997 0.00866688
internal_weight=3657.4 3090.14 982.622 614.063 2107.52 1935.74 478.16 1245.2 912.129 690.541 567.259 368.559 109.061 21.8399 87.2214 614.148 333.07 171.78 154.398 76.3936 323.762 105.571 148.972 135.427 259.498 135.903 41.5629 73.8753 243.368 16.1297
internal_count=26074 17205 7006 3775 10199 9206 2764 6000 4469 3206 8869 3231 867 152 715 2856 1531 993 880 350 1884 1156 758 673 2364 1011 220 653 2254 110
is_linear=0
shrinkage=0.05


Tree=41
num_leaves=31
num_cat=0
split_feature=3 2 3 3 1 3 5 8 2 2 3 8 4 1 3 5 3 3 5 4 9 4 3 4 9 2 4 6 7 1
split_gain=586.646 64.7313 45.6247 18.7679 39.8372 26.4616 32.4435 22.6613 17.7082 16.7831 16.525 15.8861 12.9771 12.1491 10.1374 18.1975 17.8242 10.037 9.32135 8.1685 7.69707 7.12853 6.32196 7.68815 5.28331 4.99362 4.66193 4.43128 4.26326 5.29407
threshold=3.5000000000000004 72.866071428571445 8.5000000000000018 7.5000000000000009 52.500000000000007 6.5000000000000009 3.1113176373399427 1.5000000000000002 48.845238095238102 87.20714285714287 2.5000000000000004 1.5000000000000002 146.50000000000003 77.500000000000014 12.500000000000002 3.8395617603694245 11.500000000000002 16.500000000000004 2.9765383575401736 414.50000000000006 5.5000000000000009 813.50000000000011 12.500000000000002 1387.5000000000002 6.5000000000000009 81.21825396825399 2181.5000000000005 1.0000000180025095e-35 9.5000000000000018 117.50000000000001
decision_type=2 2 2 2 2 2 2 2 2 2 2 2 2 2 2 2 2 2 2 2 2 2 2 2 2 2 2 2 2 2
left_child=10 8 3 5 27 7 -7 -3 18 14 -1 17 -13 -14 16 -16 -4 20 -2 -12 -10 -20 -11 -24 -23 -21 -6 -5 29 -27
right_child=1 2 9 4 26 6 -8 -9 11 22 19 12 13 -15 15 -17 -18 -19 21 25 -22 24 23 -25 -26 28 -28 -29 -30 -31
leaf_value=-0.052220840474709096 -0.02958196584226688 0.010522023933966243 0.015234984689734984 0.039640501062699389 -0.036106591166947137 0.035843567650359835 -0.013275221173244962 -0.012005383816468956 0.0040509953843412992 0.040440833288481436 -0.051790179902378913 -0.042232198039943721 0.0027036094007486184 -0.013613204532619728 0.021757801905913476 -0.014582683692216028 0.034226997207640282 -0.021372281682069796 -0.028730657869218263 -0.0289666848900361 0.014544792733068503 0.017971744715708182 -0.057935156603302007 0.024706270425410348 -0.02309957520956225 0.026551233304048322 -0.074059151103169948 -0.010935202257637716 -0.04624205584789607 -0.043951628120947939
leaf_weight=440.97648896276951 69.030186884105206 323.67723599821329 328.72219634801149 23.226523533463482 39.937244549393654 147.64726290851831 43.529269844293594 170.40940225124359 450.35019215941429 155.17356001585722 30.295940611511469 21.574781633913517 347.45045397430658 169.84881027787924 87.244900956749916 56.925137959420681 197.92289396375418 30.020088732242584 18.633556708693504 52.681898947805166 285.5353991612792 33.081745393574238 3.0153307840228072 42.20689631998539 10.258136957883833 12.714786060154443 10.147272273898123 5.3236545175313941 3.9406699463725081 3.3679668903350821
leaf_count=7713 422 1595 2250 142 179 826 246 833 1999 1613 503 100 1543 738 580 346 1579 133 110 497 1272 165 26 376 50 97 50 32 32 27
internal_value=-0.00015122 0.00832632 0.0151288 0.00620928 -0.0169264 0.00886412 0.0246596 0.00275237 0.000579496 0.0229496 -0.0480091 0.00233898 -0.00423841 -0.00265381 0.0191566 0.00740886 0.0223725 0.00696668 -0.0169448 -0.0299774 0.00812276 -0.00286859 0.0356466 0.0191959 0.00825055 -0.0208881 -0.0437959 0.0302098 0.000366618 0.0117869
internal_weight=3614.87 3070.89 1635.11 763.898 78.6347 685.263 191.177 494.087 1435.78 871.211 543.978 1304.78 538.874 517.299 670.815 144.17 526.645 765.906 131.004 103.001 735.886 61.9734 200.396 45.2222 43.3399 72.7053 50.0845 28.5502 20.0234 16.0828
internal_count=26074 17205 10673 3903 403 3500 1072 2428 6532 6770 8869 5785 2381 2281 4755 926 3829 3404 747 1156 3271 325 2015 402 215 653 229 174 156 124
is_linear=0
shrinkage=0.05


Tree=42
num_leaves=31
num_cat=0
split_feature=3 2 3 1 3 2 8 9 3 3 3 5 4 4 5 6 3 3 4 3 0 5 0 1 1 4 3 3 4 8
split_gain=550.462 60.5868 30.4958 35.5997 25.25 21.6185 18.4148 17.2474 18.0248 16.8756 14.5101 15.1017 17.4502 16.1109 10.9589 10.8622 27.6086 14.9398 10.2073 8.52152 8.22309 8.13177 6.96649 8.21813 5.99503 5.32914 5.11397 5.0186 17.9055 4.30528
threshold=3.5000000000000004 79.964285714285737 10.500000000000002 52.500000000000007 4.5000000000000009 62.720779220779228 1.5000000000000002 5.5000000000000009 10.500000000000002 2.5000000000000004 12.500000000000002 4.3803160738311471 7108.0000000000009 1193.5000000000002 2.5424447270374588 1.0000000180025095e-35 5.5000000000000009 12.500000000000002 794.50000000000011 21.500000000000004 1.0000000180025095e-35 3.1380262907220424 1.0000000180025095e-35 52.500000000000007 147.50000000000003 1493.5000000000002 11.500000000000002 6.5000000000000009 572.50000000000011 1.0000000180025095e-35
decision_type=2 2 2 2 2 2 2 2 2 2 2 2 2 2 2 2 2 2 2 2 2 2 2 2 2 2 2 2 2 2
left_child=9 4 3 27 14 15 20 8 -7 -1 24 13 -13 -12 -2 16 -6 -17 -8 -9 -5 25 23 -16 26 -11 -4 28 -3 -26
right_child=1 2 10 6 5 7 18 19 -10 21 11 12 -14 -15 22 17 -18 -19 -20 -21 -22 -23 -24 -25 29 -27 -28 -29 -30 -31
leaf_value=-0.052007862605280945 -0.048279699564458996 -0.062328923158479335 0.030224463469553917 0.014826726829013363 0.024636735310247238 -0.0022030822651557046 -0.029439004945688033 0.016276106781451232 0.012961116416339942 -0.04929565328113536 -0.046064543848054737 -0.051547414840144461 0.04496744047360382 0.031029876056886497 0.019829825070909635 -0.014239316947544732 -0.0079697172642185059 0.013678375373917332 -0.00090615586721154787 -0.050316952581739287 -0.011014257301835481 -0.017146740088195739 -0.045011318487212737 -0.012658186738068955 0.037154085303435447 0.049387940306058191 0.045261596866208328 0.041247812427405252 0.033396966847625102 -0.015767608881781563
leaf_weight=421.14431319013238 21.887714236974716 5.6713812202215186 99.45472589880228 284.77291603386402 103.85322944819927 486.82255847752094 43.783231869339943 503.08264548331499 327.98810110241175 40.645770557224751 7.4276580885052672 15.367523968219759 6.7361653819680205 77.313181720674038 23.576918214559555 266.59232932329178 173.17147950083017 58.422594510018826 110.3308994397521 4.8502755314111701 34.517934024333954 58.469515405595303 13.228335328400133 111.62693890929222 6.7102839127182952 1.4157175347208966 131.03986816108227 89.959820598363876 35.232149913907051 8.993915840983389
leaf_count=7713 235 25 920 1712 455 2229 256 2516 1803 607 52 101 51 663 117 1176 756 247 624 24 172 535 85 556 51 14 1334 791 195 59
internal_value=-0.000149231 0.0079628 0.0183839 0.0115627 0.0032011 0.00483393 0.00518192 0.00840885 0.00390101 -0.0476141 0.0300591 0.014672 -0.0221342 0.0242724 -0.0152515 -0.00302055 0.00425405 -0.00922101 -0.00901223 0.0156402 0.0120331 -0.0292079 -0.0103811 -0.00699291 0.0367367 -0.0459741 0.0387733 0.0346453 0.0201243 0.00684542
internal_weight=3574.09 3052.41 957.312 604.268 2095.1 1924.78 473.405 1322.74 814.811 521.675 353.043 106.845 22.1037 84.7408 170.32 602.04 277.025 325.015 154.114 507.933 319.291 100.531 148.432 135.204 246.199 42.0615 230.495 130.863 40.9035 15.7042
internal_count=26074 17205 7006 3775 10199 9206 2764 6572 4032 8869 3231 867 152 715 993 2634 1211 1423 880 2540 1884 1156 758 673 2364 621 2254 1011 220 110
is_linear=0
shrinkage=0.05


Tree=43
num_leaves=31
num_cat=0
split_feature=3 2 3 0 0 3 2 8 3 3 3 4 5 4 4 1 4 9 4 5 2 9 2 4 5 3 5 5 2 4
split_gain=516.555 56.0352 33.6092 19.0838 17.594 17.2423 15.9057 16.523 17.2532 13.8494 16.9707 18.0989 14.1677 16.863 15.9546 13.1032 12.7142 11.5019 10.3063 12.9154 10.2581 9.89418 8.99824 8.16747 6.75865 6.93556 6.40589 5.82144 5.54398 5.21091
threshold=3.5000000000000004 76.511904761904773 8.5000000000000018 1.0000000180025095e-35 1.0000000180025095e-35 2.5000000000000004 59.763888888888893 1.5000000000000002 10.500000000000002 12.500000000000002 11.500000000000002 963.50000000000011 4.0897456315981078 7108.0000000000009 769.50000000000011 52.500000000000007 3961.0000000000005 3.5000000000000004 2155.5000000000005 3.1791748803154047 65.591666666666683 4.5000000000000009 38.928571428571438 414.50000000000006 2.9894381908528551 11.500000000000002 4.2425810144417051 4.1570939102452806 81.755952380952394 368.50000000000006
decision_type=2 2 2 2 2 2 2 2 2 2 2 2 2 2 2 2 2 2 2 2 2 2 2 2 2 2 2 2 2 2
left_child=5 3 4 6 16 -1 22 21 -9 10 15 -12 14 -14 -11 -4 17 -3 19 20 -5 -8 -2 -7 -20 -26 28 -18 -6 -24
right_child=1 2 9 18 26 23 7 8 -10 12 11 -13 13 -15 -16 -17 27 -19 24 -21 -22 -23 29 -25 25 -27 -28 -29 -30 -31
leaf_value=-0.051801518949899032 -0.041401812503303541 -0.0022224111038858527 0.039803034266540777 -0.020269929646131446 -0.031541234809081824 -0.051336122719997469 0.0060555162133118581 -0.0075120391543328563 0.013500701526571022 -0.07433664044761229 -0.10701549055711357 0.040839279861047316 -0.032124571537043851 0.03846176527325449 0.024158593141922216 0.01535808070596327 0.056991712115418175 0.013506991542777378 0.048348487964764389 -0.035019107488369026 0.0061861265796823613 0.018435730593198817 -0.016343362716526453 -0.019353325462582716 -0.027781735477888744 0.011428280070834794 -0.053001466965719862 0.017614894487849593 0.0027795647138835781 -0.00037650323900254533
leaf_weight=402.16045535355806 15.704736366868017 182.23002759367228 69.078588798642159 77.030530102550983 19.527056276798248 27.873426415026188 317.91947567462921 284.02534370869398 148.90301260352135 4.292705573141574 2.0931136310100547 185.52016989141703 32.788690678775311 11.404100827872751 97.37591914087534 265.58745509386063 19.416639849543571 320.85025851428509 8.5900253131985647 61.232012458145618 69.877696663141251 327.77110009640455 60.289939612150192 70.324573967605829 15.486781209707258 41.497256547212601 11.045208021998404 18.169515445828438 29.606681570410728 335.20600879192352
leaf_count=7713 149 946 671 373 91 503 1505 1286 743 25 16 1793 205 85 794 2169 110 1728 39 273 324 1562 289 653 69 186 46 102 137 1489
internal_value=-0.00014713 0.00761896 0.0156314 0.00185349 0.00705064 -0.0472151 0.00408291 0.00727277 -0.000284838 0.0233478 0.0271521 0.0391897 0.00972608 -0.0139095 0.0199999 0.0204038 0.00990513 0.00780935 -0.0102812 -0.015727 -0.00768596 0.0123401 -0.00428441 -0.0284316 0.00700441 0.000772016 -0.018595 0.0379566 -0.0108604 -0.00281051
internal_weight=3532.88 3032.52 1268.99 1763.53 600.845 500.358 1489.82 1078.62 432.928 668.141 522.279 187.613 145.861 44.1928 101.669 334.666 540.666 503.08 273.714 208.14 146.908 645.691 411.201 98.198 65.5741 56.984 60.1789 37.5862 49.1337 395.496
internal_count=26074 17205 8918 8287 3160 8869 7023 5096 2029 5758 4649 1809 1109 290 819 2840 2886 2674 1264 970 697 3067 1927 1156 294 255 274 212 228 1778
is_linear=0
shrinkage=0.05


Tree=44
num_leaves=31
num_cat=0
split_feature=3 2 3 6 5 5 3 3 3 2 4 3 5 3 1 3 5 5 5 1 4 8 3 5 3 4 7 2 2 0
split_gain=484.72 53.0046 37.7417 39.5551 47.662 39.1355 30.8319 30.6159 25.8415 25.7178 19.753 19.5843 19.6421 17.602 12.6811 11.0936 10.9112 8.77581 8.67498 10.0419 8.0997 6.24048 6.04289 7.04369 16.1969 8.94688 5.74974 5.42431 5.09704 5.2911
threshold=3.5000000000000004 87.20714285714287 10.500000000000002 1.0000000180025095e-35 2.7483332592559675 3.12496634356489 6.5000000000000009 5.5000000000000009 4.5000000000000009 64.035714285714292 1087.5000000000002 12.500000000000002 4.1570939102452806 2.5000000000000004 147.50000000000003 8.5000000000000018 2.250342465753425 2.2896643783371475 2.0481256332320164 117.50000000000001 414.50000000000006 1.5000000000000002 12.500000000000002 4.5756519166561018 16.500000000000004 1369.5000000000002 8.5000000000000018 91.866071428571445 54.612500000000004 1.0000000180025095e-35
decision_type=2 2 2 2 2 2 2 2 2 2 2 2 2 2 2 2 2 2 2 2 2 2 2 2 2 2 2 2 2 2
left_child=13 2 3 4 10 6 -5 -7 -6 16 -2 14 -13 -1 -11 18 26 -18 -3 21 -15 -20 -17 25 -25 -24 -4 -21 -22 -30
right_child=1 15 9 5 8 7 -8 -9 -10 11 -12 12 -14 20 -16 22 17 -19 19 27 28 -23 23 24 -26 -27 -28 -29 29 -31
leaf_value=-0.051601150935648522 -0.010829924704440273 0.070872356792189173 0.013648239164254953 -0.012429801850260692 -0.019365532868648991 -0.0056911376728935054 0.015407748068484627 -0.032084387891036813 0.021509520655883053 0.025518565505562824 0.018826245106976256 0.013895918867649577 -0.020062412179283819 -0.051096133140024716 -0.004714062910776055 0.038603441988340544 -0.076855971338112561 -0.0053541162773604236 0.027656725219731945 -0.026135122362694153 -0.050987284153245764 0.0057962712271560496 -0.055468109380298038 -0.113712796248641 0.036976745694647609 0.033925421047275896 0.067206500118188003 0.019205011364122566 -0.0070216237939917372 -0.050676623325121808
leaf_weight=383.99491802975535 309.73485094308853 6.9773369804024687 19.477892115712169 168.89472462236881 42.22927313297987 246.87912587076426 241.97031188011169 197.99447420239449 458.39531749486923 447.99253892153502 68.581696264445782 169.70656564086676 56.847033679485321 26.635424938052893 37.595980487763882 143.45173216611147 4.4010161310434333 172.19625081121922 89.121696762740612 21.055861450731758 10.367728546261786 51.518900938332081 3.0579162016510955 3.1185356080532065 4.164616733789444 33.054393947124481 6.7469268739223471 9.6060707867145521 50.924631230533123 8.0362554900348169
leaf_count=7713 1562 44 84 859 217 1158 1181 950 2325 3167 356 1018 308 503 220 1613 19 725 538 94 116 292 25 20 30 327 28 45 457 80
internal_value=-0.000144833 0.00728508 0.00482399 0.000490083 0.00794001 -0.00716184 0.00396454 -0.0174377 0.0180616 0.0130406 -0.00545382 0.0175143 0.00537506 -0.0468144 0.0231778 0.0251447 -0.002667 -0.00713603 0.0162224 0.0139964 -0.0276605 0.0196489 0.0336578 0.0173093 -0.0275462 0.0263558 0.0274273 -0.0119305 -0.0186567 -0.0129717
internal_weight=3494.73 3014.77 2649.64 1734.68 878.941 855.739 410.865 444.874 500.625 914.964 378.317 712.142 226.554 479.959 485.589 365.127 202.822 176.597 178.28 171.303 95.964 140.641 186.847 43.3955 7.28315 36.1123 26.2248 30.6619 69.3286 58.9609
internal_count=26074 17205 14177 8608 4460 4148 2040 2108 2542 5569 1918 4713 1326 8869 3387 3028 856 744 1013 969 1156 830 2015 402 50 352 112 139 653 537
is_linear=0
shrinkage=0.05


Tree=45
num_leaves=31
num_cat=0
split_feature=3 2 3 1 4 3 3 1 11 8 2 6 3 3 3 5 4 4 4 3 4 5 4 1 5 1 3 8 3 2
split_gain=454.915 49.4233 26.9824 32.4322 21.6409 19.4902 17.9283 17.5158 18.1368 16.3971 14.6919 14.24 18.0948 13.3665 12.927 12.1486 13.8586 13.6591 12.0374 11.9457 9.28838 8.879 8.01444 7.86065 7.45532 5.79647 5.60278 5.03261 5.0052 4.92571
threshold=3.5000000000000004 79.964285714285737 10.500000000000002 52.500000000000007 1164.5000000000002 4.5000000000000009 2.5000000000000004 72.500000000000014 1.0000000180025095e-35 1.5000000000000002 52.033333333333339 1.0000000180025095e-35 11.500000000000002 12.500000000000002 12.500000000000002 4.3803160738311471 1193.5000000000002 7108.0000000000009 1149.5000000000002 22.500000000000004 638.50000000000011 4.6979207067442372 414.50000000000006 147.50000000000003 5.151043593538045 147.50000000000003 12.500000000000002 1.5000000000000002 11.500000000000002 54.612500000000004
decision_type=2 2 2 2 2 2 2 2 2 2 2 2 2 2 2 2 2 2 2 2 2 2 2 2 2 2 2 2 2 2
left_child=6 4 3 -3 5 21 -1 11 19 23 26 13 -13 -6 25 16 -16 -17 -12 -9 -11 27 -8 -5 -23 28 -7 -2 -4 -24
right_child=1 2 14 9 7 10 22 8 -10 20 18 12 -14 -15 15 17 -18 -19 -20 -21 -22 24 29 -25 -26 -27 -28 -29 -30 -31
leaf_value=-0.051406143731862565 -0.018861467155845576 0.03287194362247646 0.028105112542574362 0.012541395609704199 0.028101921593628534 -0.019802021134528211 -0.050860649018548656 0.0043703699598471616 -0.030112471355830839 -0.032434932867902173 0.0028465958457806438 -0.0021366226489617167 0.01821143026284756 -0.008473550539881745 -0.041422759529772035 -0.043102349256712462 0.029090115108344701 0.043315829049888212 -0.051883429464250522 -0.074876102715435919 -0.0027330901113843892 0.070242756103537196 -0.050501058242028246 -0.022946579353496786 -0.017140748067622627 0.0048124851763891993 0.028905259016602094 -0.042926833547937311 0.043526538846841829 -0.012449648353130352
leaf_weight=366.61801986023784 56.222050152719021 124.27480411529541 93.922826513648033 297.00283142179251 187.6462625041604 106.65196556597948 25.45075785368681 349.93533386290073 45.885999418795109 33.778326906263828 794.67106675356627 229.34470619261265 208.65982672572136 28.814882427453995 7.6989421993494025 16.373985014855865 73.420967645943165 6.3441038206219664 10.175304919481276 4.8209470063447943 119.23589367419481 4.3956467062234861 9.9546491056680662 16.469278410077095 5.4887871742248535 15.225425466895102 6.2501332089304915 35.405085861682892 119.63394267857075 58.396573022007942
leaf_count=7713 371 1011 920 1800 971 548 503 1724 218 201 3618 1077 1119 148 52 101 663 51 46 21 679 20 116 84 25 110 30 263 1334 537
internal_value=-0.000141931 0.00696515 0.0165877 0.0101743 0.00268178 -0.00251424 -0.0464154 0.00770126 -0.000532564 0.00412753 -0.000214749 0.0127417 0.00755693 0.0232331 0.0279784 0.0133473 0.0223979 -0.0189698 0.00215467 0.00329345 -0.00928986 -0.0233035 -0.0269097 0.0106769 0.021719 0.0346191 -0.0171056 -0.0281604 0.0367442 -0.0179914
internal_weight=3458.17 2997.75 923.381 590.761 2074.37 1019.26 460.42 1055.11 400.642 466.486 917.748 654.466 438.005 216.461 332.62 103.838 81.1199 22.7181 804.846 354.756 153.014 101.512 93.802 313.472 9.88443 228.782 112.902 91.6271 213.557 68.3512
internal_count=26074 17205 7006 3775 10199 4921 8869 5278 1963 2764 4242 3315 2196 1119 3231 867 715 152 3664 1745 880 679 1156 1884 45 2364 578 634 2254 653
is_linear=0
shrinkage=0.05


Tree=46
num_leaves=31
num_cat=0
split_feature=3 2 0 9 2 3 3 5 1 3 6 3 11 10 5 1 5 6 7 3 5 3 4 4 4 2 2 6 5 10
split_gain=426.924 47.2465 33.5581 25.5357 19.5346 18.9019 18.2508 15.4562 14.496 16.9415 13.5056 10.4005 10.3562 10.2407 8.34866 8.92215 7.99193 6.12948 5.92107 5.81072 6.12006 17.0989 7.98799 5.63509 5.22114 5.11824 4.85525 4.04623 5.77157 3.91389
threshold=3.5000000000000004 87.20714285714287 1.0000000180025095e-35 2.5000000000000004 57.52272727272728 10.500000000000002 2.5000000000000004 4.2934671685487249 147.50000000000003 10.500000000000002 1.0000000180025095e-35 8.5000000000000018 1.0000000180025095e-35 1.0000000180025095e-35 2.0481256332320164 117.50000000000001 3.1380262907220424 1.0000000180025095e-35 9.5000000000000018 12.500000000000002 4.5756519166561018 15.500000000000002 1301.5000000000002 414.50000000000006 1493.5000000000002 80.033333333333346 91.866071428571445 1.0000000180025095e-35 3.5710947712418304 1.0000000180025095e-35
decision_type=2 2 2 2 2 2 2 2 2 2 2 2 2 2 2 2 2 2 2 2 2 2 2 2 2 2 2 2 2 2
left_child=6 2 3 8 13 7 -1 17 9 -2 -6 14 18 -5 -3 23 24 -4 -7 -13 22 -22 -21 -16 -8 -10 -17 -18 -29 -9
right_child=1 11 5 4 10 12 16 29 25 -11 -12 19 -14 -15 15 26 27 -19 -20 20 21 -23 -24 -25 -26 -27 -28 28 -30 -31
leaf_value=-0.05121590351463419 -0.0054746765657024089 0.069810570819892781 -0.0058521831369176486 -0.010714660552051484 0.018084546455855968 0.0041850394605409246 -0.048012114456581906 -0.073534520765916309 -0.02547300362999317 0.01196121851953965 0.0080412450258305884 0.037344661085166361 -0.028092222932891955 0.014087481248084184 -0.021042348067011232 -0.024764695066922762 -0.037846144107964226 -0.023434833808771368 0.030973383994606425 -0.062275058218756507 -0.11626529563903901 0.038140593580906684 0.031492744634346481 0.020992918632851507 0.050295454045563563 -0.079903203771521492 0.01822920549371464 0.023546493698744553 -0.01799029577956536 -0.033728956135432676
leaf_weight=350.00065414980054 432.65300932526588 6.7244193926453582 106.16446044296026 154.41359843313694 581.16883254796267 103.22656038403511 35.264963913708925 13.842525742948055 27.555794335901737 205.48428958654404 789.40838253498077 136.05586771667004 21.302884101867676 56.975900888442993 8.494683124125002 21.129825510084633 13.54825275018811 92.977907627820969 25.778970889747143 2.4430702999234191 3.0382656157016745 4.3746338859200478 32.30000327527523 129.78617461025715 1.4044019728898991 5.1217348128557196 9.5274131298065168 11.608463060110806 29.914419647306204 11.149117335677147
leaf_count=7713 2163 44 508 750 3334 541 607 62 132 1269 4385 1613 105 267 49 94 156 445 140 18 18 32 334 781 14 26 45 108 271 50
internal_value=-0.000139743 0.00665774 0.00434757 0.00665142 0.0101179 -0.00951319 -0.0460127 -0.0187128 -0.00152347 0.000139793 0.0122999 0.0238088 0.00420485 -0.00402973 0.015175 0.0130003 -0.0261617 -0.0140614 0.00953811 0.0323191 0.0160993 -0.0251445 0.0248992 0.0184107 -0.044247 -0.0340042 -0.0114034 -0.0141196 -0.00637794 -0.0557767
internal_weight=3422.84 2981.1 2627.22 2252.78 1581.97 374.442 441.741 224.134 670.815 638.137 1370.58 353.874 150.308 211.389 175.663 168.938 91.7405 199.142 129.006 178.212 42.156 7.4129 34.7431 138.281 36.6694 32.6775 30.6572 55.0711 41.5229 24.9916
internal_count=26074 17205 14177 12326 8736 1851 8869 1065 3590 3432 7719 3028 786 1017 1013 969 1156 953 681 2015 402 50 352 830 621 158 139 535 379 112
is_linear=0
shrinkage=0.05


Tree=47
num_leaves=31
num_cat=0
split_feature=3 2 3 0 6 4 5 2 3 3 5 5 1 5 3 2 4 5 1 9 4 3 8 4 4 8 2 0 2 5
split_gain=400.629 43.855 30.5059 33.531 25.7535 36.4544 28.4395 23.0562 18.5546 17.5167 14.6901 14.0283 11.3253 10.467 10.046 9.55264 7.92271 7.90234 8.14276 6.97065 5.72019 5.60059 5.75306 7.44272 7.42621 5.49181 4.77649 5.18114 4.37423 3.878
threshold=3.5000000000000004 87.20714285714287 10.500000000000002 1.0000000180025095e-35 1.0000000180025095e-35 781.50000000000011 2.250342465753425 67.279220779220793 2.5000000000000004 14.500000000000002 4.1570939102452806 4.2934671685487249 147.50000000000003 2.250342465753425 8.5000000000000018 57.52272727272728 414.50000000000006 2.0481256332320164 117.50000000000001 1.5000000000000002 146.50000000000003 12.500000000000002 1.5000000000000002 1353.5000000000002 2841.5000000000005 1.5000000000000002 54.612500000000004 1.0000000180025095e-35 92.031250000000014 2.8500263991552273
decision_type=2 2 2 2 2 2 2 2 2 2 2 2 2 2 2 2 2 2 2 2 2 2 2 2 2 2 2 2 2 2
left_child=8 2 3 4 5 -2 -6 13 -1 12 -11 20 -9 19 17 -15 -10 -3 25 -4 -5 29 23 -23 -24 -19 -18 -28 -20 -16
right_child=1 14 7 11 6 -7 -8 9 16 10 -12 -13 -14 15 21 -17 26 18 28 -21 -22 22 24 -25 -26 -27 27 -29 -30 -31
leaf_value=-0.051029874440762901 -0.0014138873360658366 0.068633521309373932 -0.012898942231795019 -0.047274555578957669 0.017796132553582183 0.020569868777782399 -0.0081062397318822556 0.022816328400988382 -0.050439071006191133 0.010025828327235205 -0.03211206428696585 -0.053175300806676908 -0.0061613418444232239 -0.018594262322531311 0.022714643764548507 0.0027288181400526045 -0.049771245622535765 0.02536712030561333 -0.022802956547166311 0.039743079340451674 -0.011251142308749172 -0.050293156905774052 -0.064359173368252073 0.037020886695086762 0.014457205798035638 0.0046311583895864003 -0.0052974795432994461 -0.049782971130785447 0.018915920532891733 0.041887695944148956
leaf_weight=334.1141164675355 381.36550810188055 6.5033771917223921 8.4637941867113096 11.709074329584835 127.97383729368448 373.02918405085802 616.31804501265287 478.50439618527889 23.404529586434364 72.932932883501053 28.870878279209137 24.90652073174715 36.274001531302929 75.665615595877171 36.424749575555325 171.74369716644287 9.3297902494668943 86.106306746602058 21.873594015836719 24.467971563339233 187.25028428435326 2.7023736238479641 4.4180718362331381 25.199144616723061 9.2372969239950162 50.750156261026859 49.494905088096857 7.5427514426410189 8.8153024613857252 95.573170706629753
leaf_count=7713 1973 44 36 65 639 1939 2992 3536 503 466 154 112 217 333 417 722 116 538 97 105 888 20 38 257 87 292 457 80 42 1196
internal_value=-0.000137986 0.00635792 0.00414355 0.00025 0.00294616 0.00945653 -0.00365258 0.0116212 -0.0456074 0.0170266 -0.0019242 -0.0177996 0.0207744 -0.00026764 0.023045 -0.00379246 -0.0254262 0.0145569 0.0124579 0.0262136 -0.0133712 0.0315572 0.0155494 0.0285642 -0.0110431 0.0176777 -0.0166053 -0.0111803 -0.0108193 0.0365969
internal_weight=3390.97 2967.08 2619.48 1722.55 1498.69 754.395 744.292 896.923 423.886 616.582 101.804 223.866 514.778 280.341 347.604 247.409 89.772 174.049 167.545 32.9318 198.959 173.555 41.5569 27.9015 13.6554 136.856 66.3674 57.0377 30.6889 131.998
internal_count=26074 17205 14177 8608 7543 3912 3631 5569 8869 4373 620 1065 3753 1196 3028 1055 1156 1013 969 141 953 2015 402 277 125 830 653 537 139 1613
is_linear=0
shrinkage=0.05


Tree=48
num_leaves=31
num_cat=0
split_feature=3 2 3 3 3 1 3 5 4 2 8 2 4 10 3 0 3 3 4 4 9 3 5 1 0 2 6 3 4 7
split_gain=375.995 41.0872 30.814 18.8402 17.5333 32.6644 22.6434 30.2608 19.4487 13.5739 13.6429 12.8009 10.987 11.1655 10.6656 9.46888 8.85297 7.95259 7.80859 7.00758 6.34481 5.41392 5.66031 5.3036 5.02527 4.65884 4.61237 6.19044 4.55486 4.25886
threshold=3.5000000000000004 72.866071428571445 8.5000000000000018 2.5000000000000004 7.5000000000000009 52.500000000000007 6.5000000000000009 3.1113176373399427 1164.5000000000002 44.535714285714292 1.5000000000000002 87.20714285714287 462.50000000000006 1.0000000180025095e-35 6.5000000000000009 1.5000000000000002 12.500000000000002 21.500000000000004 414.50000000000006 3319.0000000000005 5.5000000000000009 12.500000000000002 4.5756519166561018 77.500000000000014 1.0000000180025095e-35 81.21825396825399 1.0000000180025095e-35 5.5000000000000009 1193.5000000000002 9.5000000000000018
decision_type=2 2 2 2 2 2 2 2 2 2 2 2 2 2 2 2 2 2 2 2 2 2 2 2 2 2 2 2 2 2
left_child=3 9 4 -1 6 -6 8 -8 -3 23 17 15 14 -14 -12 16 -4 20 -5 -17 -11 -13 -23 26 -7 -20 27 -2 -28 -27
right_child=1 2 11 18 5 24 7 -9 -10 10 12 21 13 -15 -16 19 -18 -19 25 -21 -22 22 -24 -25 -26 29 28 -29 -30 -31
leaf_value=-0.05084751198182217 0.029488028950459523 -0.010241353254660187 0.019506709910536265 -0.050212701749463552 0.026609040595677175 -0.050404630451186809 0.033183135985574853 -0.01497867737740715 0.010021679657940739 0.002140504076158044 -0.03678572297723956 0.035853947676196228 -0.0063657696844487384 0.011122953820382482 -0.0063716135955636001 -0.040061271917727508 0.0049676144055045644 -0.04802328551502786 -0.024443299092815673 0.038451024063075455 0.011407701204464007 0.023704257250261179 -0.024565957527986813 -0.041840346636058026 -0.012601524620928515 0.016618097391787545 -0.044271537430320237 -0.030315055547606374 0.0057214359368776896 -0.043956673011719072
leaf_weight=318.93039197847247 11.313630253076555 206.73694555461407 473.39101351052523 22.360924515873194 26.624936185777187 38.962425574660301 140.58999864012003 42.466447412967682 277.19747173786163 480.10883827507496 47.469828467816114 128.10194849222898 315.99700074642897 128.32803333550692 73.390418037772179 12.603327229619028 134.43549210578203 6.9483732879161826 46.741480477154255 3.6695370674133292 300.174924261868 33.625705748796463 7.4119542837142935 23.205725640058517 11.352619186043738 15.187481842935087 13.868969418108465 7.007548861205577 6.7851568162441245 3.5870031826198092
leaf_count=7713 66 979 3755 503 174 181 826 246 1449 2167 240 1613 1405 578 317 72 905 30 497 23 1369 352 50 162 48 124 110 46 42 32
internal_value=-0.000135305 0.00607534 0.0117343 -0.0451993 0.00442428 -0.0181763 0.00703135 0.0220103 0.00136531 -7.39719e-05 0.000976246 0.0185899 -0.0049506 -0.00131475 -0.0183172 0.0152833 0.016291 0.00523136 -0.0247005 -0.0223567 0.00570559 0.0307908 0.014986 -0.0229159 -0.0418751 -0.0159931 -0.0116483 0.00661434 -0.0278482 0.00504484
internal_weight=3358.58 2951.77 1537.17 406.807 743.931 76.94 666.991 183.056 483.934 1414.6 1352.42 793.239 565.185 444.325 120.86 624.099 607.827 787.232 87.8769 16.2729 780.284 169.14 41.0377 62.181 50.315 65.516 38.9753 18.3212 20.6541 18.7745
internal_count=26074 17205 10673 8869 3903 403 3500 1072 2428 6532 6106 6770 2540 1983 557 4755 4660 3566 1156 95 3536 2015 402 426 229 653 264 112 152 156
is_linear=0
shrinkage=0.05


Tree=49
num_leaves=31
num_cat=0
split_feature=3 2 0 1 4 3 3 4 8 5 3 5 11 11 3 5 5 1 6 7 3 8 4 2 8 4 2 5 4 5
split_gain=352.856 38.4202 27.2524 23.4876 22.3062 19.1126 14.9773 14.6316 14.2724 14.5562 14.0253 12.6888 11.9282 9.22824 8.96522 7.70651 7.44823 7.4145 5.68043 5.47155 5.23097 5.35829 8.38649 6.91799 5.12526 5.0506 3.9484 3.94333 13.9969 3.93657
threshold=3.5000000000000004 87.20714285714287 1.0000000180025095e-35 82.500000000000014 589.50000000000011 2.5000000000000004 10.500000000000002 3893.5000000000005 1.5000000000000002 2.0994619768013658 8.5000000000000018 4.2934671685487249 1.0000000180025095e-35 1.0000000180025095e-35 8.5000000000000018 3.1380262907220424 2.0481256332320164 117.50000000000001 1.0000000180025095e-35 9.5000000000000018 12.500000000000002 1.5000000000000002 1301.5000000000002 92.755952380952394 1.5000000000000002 1493.5000000000002 91.866071428571445 2.8500263991552273 2116.5000000000005 3.166427889207259
decision_type=2 2 2 2 2 2 2 2 2 2 2 2 2 2 2 2 2 2 2 2 2 2 2 2 2 2 2 2 2 2
left_child=5 2 3 4 10 -1 11 -6 9 -5 -2 18 -10 19 16 25 -3 24 -4 -8 27 22 -22 -23 -18 -7 -19 28 -16 -17
right_child=1 14 6 8 7 15 13 -9 12 -11 -12 -13 -14 -15 20 29 17 26 -20 -21 21 23 -24 -25 -26 -27 -28 -29 -30 -31
leaf_value=-0.050668304892245192 -0.0083536409981261814 0.067573691062555272 -0.0048537606055984095 0.029811289022618953 0.010721047229067084 -0.047031638386895856 0.0034401115290628296 0.027377303446251312 -0.0070729334827447365 0.00067258574485357635 0.01126077544898681 -0.050695106804512863 -0.040364397419125952 -0.026948070818133246 0.029195177253676138 0.064158884395131233 0.024253327198112507 -0.022444385610184067 -0.021815524868231212 0.02941273712627961 -0.060845811851812107 -0.03423971642038081 0.036168192870119707 0.043953759863721902 0.0041096084678644736 0.049605106674431909 0.016507316195266027 0.040651404595175258 -0.099278063378878303 -0.014589342128348268
leaf_weight=304.42204051092267 240.59431563317776 6.1852354109287253 105.90893702954054 47.678631588816643 960.63738092780113 31.68859588727355 102.32274206727743 152.82425808161497 224.8695128262043 424.0269288122654 146.71516142040491 24.797903768718243 30.562990210950375 21.322790987789631 32.482904374599457 1.6376336738467205 84.557164020836353 21.250803515315059 92.446528762578964 25.289383389055729 2.4506414085626629 9.5841929912567121 24.484357729554176 4.0130474790930739 50.398383557796478 1.4123267978429783 9.3765213191509229 89.627648256719112 2.2680892720818511 51.327210791409016
leaf_count=7713 1195 44 508 245 5348 607 541 1037 1165 2276 905 112 155 105 389 17 538 94 445 140 17 84 260 41 292 14 45 1196 28 518
internal_value=-0.000133049 0.0058045 0.00374651 0.0058385 0.00941199 -0.0447866 -0.00877946 0.0130071 -0.00153697 0.00361784 -0.000923582 -0.0169747 -0.0110563 0.00349967 0.0216973 -0.0239825 0.0137027 0.0116904 -0.012759 0.00858721 0.0300243 0.0144249 0.0273415 -0.0111619 0.0167308 -0.0429084 -0.0105194 0.0351078 0.0208101 -0.0121545
internal_weight=3327.16 2936.68 2600 2227.91 1500.77 390.488 372.088 1113.46 727.138 471.706 387.309 223.153 255.433 148.935 336.679 86.0658 171.768 165.583 198.355 127.612 164.911 40.5322 26.935 13.5972 134.956 33.1009 30.6273 124.379 34.751 52.9648
internal_count=26074 17205 14177 12326 8485 8869 1851 6385 3841 2521 2100 1065 1320 786 3028 1156 1013 969 953 681 2015 402 277 125 830 621 139 1613 417 535
is_linear=0
shrinkage=0.05


Tree=50
num_leaves=31
num_cat=0
split_feature=3 2 3 1 3 9 4 4 8 6 3 3 3 5 4 4 1 5 3 4 4 6 9 3 4 5 2 0 3 4
split_gain=331.076 36.1651 22.9542 29.2535 19.3835 18.5808 16.0069 15.4532 14.1339 13.0224 20.0348 15.6533 11.4999 10.572 12.6855 11.2465 9.36609 9.4243 8.72676 7.99783 7.68392 6.59356 5.66716 5.62682 7.94879 5.45505 4.63919 5.03897 4.62101 16.4081
threshold=3.5000000000000004 79.964285714285737 10.500000000000002 52.500000000000007 2.5000000000000004 2.5000000000000004 6476.0000000000009 133.50000000000003 1.5000000000000002 1.0000000180025095e-35 11.500000000000002 5.5000000000000009 12.500000000000002 4.1244208970691494 1193.5000000000002 8514.5000000000018 72.500000000000014 2.217566619915849 4.5000000000000009 794.50000000000011 414.50000000000006 1.0000000180025095e-35 6.5000000000000009 11.500000000000002 1551.5000000000002 3.0580534208059986 54.612500000000004 1.0000000180025095e-35 6.5000000000000009 572.50000000000011
decision_type=2 2 2 2 2 2 2 2 2 2 2 2 2 2 2 2 2 2 2 2 2 2 2 2 2 2 2 2 2 2
left_child=4 5 3 28 -1 6 16 22 21 11 -11 -9 23 14 -14 -15 18 -18 -2 -10 -6 -5 -7 24 -4 -25 -22 -28 29 -3
right_child=1 2 12 8 20 7 -8 9 19 10 -12 -13 13 15 -16 -17 17 -19 -20 -21 26 -23 -24 25 -26 -27 27 -29 -30 -31
leaf_value=-0.050491741338799606 -0.026417593909683131 -0.062518880410945929 0.031864986949775263 0.016804166731231262 -0.049813849893685466 -0.045754037426961075 0.049572417517531803 0.024289128386712603 -0.02836105231001659 -0.0040196764815839435 0.012401743728520188 0.0061883920392308452 -0.037516558030119516 -0.028165768308657104 0.029688576793452572 0.049460298019043711 0.0081197384063250357 -0.018157198969155752 0.00085560687425464315 -0.0028583839240122508 -0.048857641227238374 0.0019726784704605111 0.0032819724242087291 -0.018446407953966123 -0.00073787583975876115 0.041086714300862609 -0.0035816804466179287 -0.048849499576870327 0.03746299163740538 0.029775431954565879
leaf_weight=290.56239768862724 31.946026124060154 5.6375950872898093 64.7734215259552 135.075918443501 20.601090736687183 20.060304708778862 13.128886014223097 172.71229642629623 43.112551607191563 519.497030839324 289.10497730970383 387.24227518588305 7.9387371242046347 24.662295266985897 60.786141231656075 5.7547572180628768 40.878715023398399 206.45532390475273 358.25819642841816 107.14639773219824 8.594931695610283 168.30821364372969 8.3425703197717649 3.984271988272666 26.280304707586765 112.40597815811634 48.115974619984627 7.0480481646955004 77.889011763036251 33.026008293032646
leaf_count=7713 191 25 674 867 503 110 72 851 256 2452 1555 1974 52 164 600 51 201 995 1753 624 116 1017 45 43 283 1364 457 80 791 195
internal_value=-0.000130585 0.00554059 0.0140378 0.00810553 -0.0443659 0.00190214 -0.0050768 0.00515274 0.00236502 0.00591034 0.00185159 0.0117714 0.0250707 0.0110631 0.0219254 -0.0134793 -0.00620219 -0.0138142 -0.00137725 -0.0101757 -0.0232667 0.00857611 -0.031351 0.0317652 0.022455 0.0390488 -0.014689 -0.00936534 0.0304486 0.0163179
internal_weight=3299.33 2924.41 876.782 570.196 374.922 2047.63 650.667 1396.96 453.643 1368.56 808.602 559.955 306.586 99.1419 68.7249 30.4171 637.538 247.334 390.204 150.259 84.36 303.384 28.4029 207.444 91.0537 116.39 63.759 55.164 116.553 38.6636
internal_count=26074 17205 7006 3775 8869 10199 3212 6987 2764 6832 4007 2825 3231 867 652 215 3140 1196 1944 880 1156 1884 155 2364 957 1407 653 537 1011 220
is_linear=0
shrinkage=0.05


Tree=51
num_leaves=31
num_cat=0
split_feature=3 2 3 1 3 3 3 3 3 5 3 4 4 2 8 4 1 4 1 4 4 5 4 3 5 9 1 2 0 3
split_gain=310.661 34.295 30.7962 31.9846 20.3287 19.6197 19.3826 27.4295 20.1783 15.6213 13.936 28.4091 12.9342 11.759 12.6307 11.4006 10.1274 10.0424 13.5015 8.35244 7.54408 7.38795 7.2778 7.26228 7.03463 6.53337 4.84424 4.45928 4.78598 4.24919
threshold=3.5000000000000004 71.577380952380963 10.500000000000002 52.500000000000007 12.500000000000002 2.5000000000000004 7.5000000000000009 8.5000000000000018 4.5000000000000009 3.7573390015511006 6.5000000000000009 704.50000000000011 3211.5000000000005 44.535714285714292 1.5000000000000002 528.50000000000011 147.50000000000003 2155.5000000000005 52.500000000000007 2658.5000000000005 414.50000000000006 5.4974507795607161 2369.5000000000005 21.500000000000004 4.7793898552961567 5.5000000000000009 77.500000000000014 54.612500000000004 1.0000000180025095e-35 5.5000000000000009
decision_type=2 2 2 2 2 2 2 2 2 2 2 2 2 2 2 2 2 2 2 2 2 2 2 2 2 2 2 2 2 2
left_child=5 13 3 10 16 -1 8 -8 -5 15 11 -3 -11 26 23 -6 19 18 -16 -4 -7 -12 -19 25 -18 -15 29 -22 -29 -2
right_child=1 2 4 6 9 20 7 -9 -10 12 21 -13 -14 14 17 -17 24 22 -20 -21 27 -23 -24 -25 -26 -27 -28 28 -30 -31
leaf_value=-0.050317352217588762 0.0058454749113996951 -0.054262374860081147 0.021274971546519097 -0.0088886071575526981 -0.084387509260755375 -0.049591638873752078 -0.042650403728858706 -0.0018736237150483951 0.01104589575451472 -0.043267155495917552 0.034475532748695643 0.023841856430825648 0.0014683533803294536 0.0012897425484028411 0.015275472277811201 0.021081992692586336 -0.014846490242037536 0.038334200914640543 -0.013115705531966724 0.036511933880767088 -0.048395039268818579 -0.049027097705369081 0.0020262639484081961 -0.046329595938681953 0.045217393053922431 0.011161222606717071 -0.040559719928472397 -0.0034118561049436913 -0.048290284789170745 -0.027366209007986197
leaf_weight=277.32537379860878 18.540813066065311 15.678789243102072 200.52683835104108 178.05409484356642 2.6263769119977942 19.681969564408064 54.627548202872276 168.30037257820368 442.24629466980696 21.968502581119537 126.90687164664268 45.225445181131363 61.083571635186672 434.56601652503014 47.70719987154007 104.87975311279297 23.390664361417297 15.724475979804991 342.54398130625486 163.09051110967994 8.2519379705190641 2.7053561806678763 112.87980052828789 6.9321597665548316 6.1581754758954039 272.85787060111761 22.59262078255415 47.988733995705843 6.7799934074282637 20.04093225300312
leaf_count=7713 128 72 1786 953 14 503 245 1193 2267 130 1093 261 433 1953 212 825 160 70 1542 1727 116 24 503 30 44 1242 162 457 80 136
internal_value=-0.000127456 0.00529003 0.0101442 0.0049598 0.0193255 -0.0439433 0.000779309 -0.0118658 0.0053238 0.0059227 0.0234627 0.00373521 -0.0103649 -0.00077575 0.000285673 0.0185054 0.0258215 -0.00565176 -0.00964496 0.0281091 -0.0225694 0.0327326 0.00646564 0.00459819 -0.00232878 0.00509723 -0.0221729 -0.0141301 -0.0089675 -0.011406
internal_weight=3271.88 2911.86 1617.47 1033.74 583.724 360.028 843.228 222.928 620.3 190.558 190.516 60.9042 83.0521 1294.39 1233.21 107.506 393.166 518.855 390.251 363.617 82.7026 129.612 128.604 714.356 29.5488 707.424 61.1744 63.0207 54.7687 38.5817
internal_count=26074 17205 11227 6108 5119 8869 4658 1438 3220 1402 1450 333 563 5978 5552 839 3717 2327 1754 3513 1156 1117 573 3225 204 3195 426 653 537 264
is_linear=0
shrinkage=0.05


Tree=52
num_leaves=31
num_cat=0
split_feature=3 2 9 3 4 6 3 3 3 2 1 1 4 8 1 5 4 4 1 3 1 5 2 0 3 4 6 5 10 9
split_gain=291.499 33.6114 23.652 19.8374 17.9444 18.4554 32.5113 17.3288 14.9834 13.9429 12.862 10.2498 7.96661 7.55488 8.5437 7.70058 7.39796 7.15632 6.65743 5.91792 5.51622 4.76375 4.2834 4.54402 4.10161 3.67355 3.50929 3.43401 3.11777 2.97318
threshold=3.5000000000000004 87.20714285714287 2.5000000000000004 2.5000000000000004 133.50000000000003 1.0000000180025095e-35 11.500000000000002 4.5000000000000009 9.5000000000000018 57.52272727272728 72.500000000000014 197.50000000000003 3319.0000000000005 1.5000000000000002 52.500000000000007 4.3083561175666452 414.50000000000006 64.500000000000014 82.500000000000014 7.5000000000000009 172.50000000000003 1.7049805722359592 54.612500000000004 1.0000000180025095e-35 6.5000000000000009 383.50000000000006 1.0000000180025095e-35 1.8071696582496706 1.5000000000000002 6.5000000000000009
decision_type=2 2 2 2 2 2 2 2 2 2 2 2 2 2 2 2 2 2 2 2 2 2 2 2 2 2 2 2 2 2
left_child=3 2 8 28 21 7 -7 -6 10 25 17 -11 13 20 -15 -16 -5 -2 -14 -12 24 -4 -18 26 -3 -10 -24 -23 -1 -20
right_child=1 12 4 16 5 6 -8 -9 9 11 19 -13 18 14 15 -17 22 -19 29 -21 -22 27 23 -25 -26 -27 -28 -29 -30 -31
leaf_value=-0.050516273050339539 0.056452277958544544 0.014277692290815958 -0.078183417963392093 -0.049369906609405587 -0.021610770815818765 -0.0039705752384865704 0.014641733968444665 0.014813718138021188 -0.077442866667349355 0.0097158112230051035 -0.016192557551863471 -0.065710306808935498 0.044292042323674577 0.032951655485468113 0.0021024154024207181 -0.04474926654193042 -0.04793492653279998 -0.0047860157155685942 0.0034598079295854777 -0.039709978580500717 -0.022685771937353414 0.024093181043980345 -0.028415330116641904 -0.047736079386390289 0.030907341817024904 -0.019842211982208622 0.0040332957079532421 -0.028472210062540439 0.029100253302824338 0.033591121722185424
leaf_weight=263.45033509656787 4.843179263174533 64.86911815404892 4.3712639585137358 18.804047580808401 34.261779218912125 655.61491490527987 365.38441626727581 695.30950212478638 3.0216383114457122 266.52204954624176 123.64170543849468 4.581548646092414 52.801163800060749 18.305172614753246 51.008236899971962 10.591323897242544 7.9229372143745413 318.84445203468204 19.873957835137844 34.135765142738819 6.6676212623715392 3.5186609402298954 10.743723224848507 6.5223195254802695 86.551703374832869 32.979904316365719 37.123991824686527 26.557089276611805 1.2354060262441624 13.922201626002787
leaf_count=7677 24 369 25 503 209 3266 2359 3923 14 1652 587 23 632 197 388 66 116 1623 191 155 44 20 117 80 994 151 340 146 36 147
internal_value=-0.000124216 0.00505306 0.00314079 -0.043515 0.0063267 0.00702993 0.0026902 0.0131032 -0.00407087 0.00455878 -0.00957534 0.00844114 0.0202149 0.0154898 0.00295943 -0.00595318 -0.0218825 -0.00386974 0.0332007 -0.0212806 0.0218233 -0.0294111 -0.0135877 -0.00858437 0.0237832 -0.0246767 -0.00324967 -0.0223224 -0.0501447 0.0158723
internal_weight=3243.98 2898.18 2573.59 345.803 1785.02 1750.57 1021 729.571 788.57 307.105 481.465 271.104 324.59 237.993 79.9047 61.5996 81.117 323.688 86.5973 157.777 158.088 34.447 62.313 54.39 151.421 36.0015 47.8677 30.0758 264.686 33.7962
internal_count=26074 17205 14177 8869 9948 9757 5625 4132 4229 1840 2389 1675 3028 2058 651 454 1156 1647 970 742 1407 191 653 537 1363 165 457 166 7713 338
is_linear=0
shrinkage=0.05


Tree=53
num_leaves=31
num_cat=0
split_feature=3 2 0 3 1 4 4 11 1 3 3 5 11 1 8 4 8 3 7 4 5 4 7 3 1 4 2 7 1 1
split_gain=273.479 31.0194 23.4603 20.0269 19.524 19.3609 12.5394 12.0827 16.1013 11.7613 11.5459 11.486 8.2834 7.77045 7.65192 7.2438 6.01959 5.85424 7.28807 5.37687 5.32991 5.06348 5.02474 13.1441 4.33504 6.39437 4.18186 4.07889 5.04725 3.81699
threshold=3.5000000000000004 87.20714285714287 1.0000000180025095e-35 2.5000000000000004 82.500000000000014 589.50000000000011 3893.5000000000005 1.0000000180025095e-35 92.500000000000014 10.500000000000002 8.5000000000000018 4.2934671685487249 1.0000000180025095e-35 117.50000000000001 1.5000000000000002 414.50000000000006 1.5000000000000002 10.500000000000002 1.0000000180025095e-35 1754.5000000000002 2.0744292429075042 656.50000000000011 4.5000000000000009 14.500000000000002 52.500000000000007 3319.0000000000005 81.21825396825399 9.5000000000000018 117.50000000000001 35.000000000000007
decision_type=2 2 2 2 2 2 2 2 2 2 2 2 2 2 2 2 2 2 2 2 2 2 2 2 2 2 2 2 2 2
left_child=3 2 4 -1 5 10 -7 8 -6 11 -2 21 19 14 -3 -5 -9 18 -15 -11 -20 -4 -19 -24 -16 -26 29 28 -28 -17
right_child=1 13 9 15 7 6 -8 16 -10 12 -12 -13 -14 17 24 26 -18 22 20 -21 -22 -23 23 -25 25 -27 27 -29 -30 -31
leaf_value=-0.049973328289683705 -0.00816259678036684 0.030243648342207781 -0.021096122560125323 -0.049148105468743028 -0.011280586194924301 0.009520633751418716 0.025211241846870111 -0.008793289257254748 0.0056772517372982237 -0.0041622832361925214 0.0097714469866399048 -0.048140406555818048 -0.026574355376947092 -0.073143603940646576 0.032372843881918474 0.019368733519933661 -0.03818350659027319 0.047613461932612296 0.075468305805815594 0.016608284057517138 -0.0053802206435181769 -0.0049332281010479179 0.027902241592731143 -0.073126781128325144 -0.0034911010840461042 0.030235594989459727 0.032687675122583235 -0.042584007921390235 -0.040436562606803068 -0.026906239579986627
leaf_weight=252.62200876325369 239.19026843830943 159.28359213843942 85.344118904322386 17.965662978589535 204.11231148988008 946.8807226344943 147.11529060453176 40.784758649766445 445.49315129965544 57.054240711033344 143.63851713389158 24.615295402705669 21.246648646891117 3.825079768896102 20.172303281724453 5.0428710430860511 30.414274327456951 11.49665252864361 2.1654188558459273 68.647919051349163 34.7869733273983 112.10928754508495 14.597379662096502 4.1303794756531707 49.744828768074512 19.587438117712736 11.952281571924688 3.3809089809656134 2.9402963221073142 38.307440329343081
leaf_count=7713 1195 1634 432 503 1116 5348 1037 218 2352 301 905 112 105 21 221 41 155 131 15 380 202 521 183 35 367 219 97 32 27 456
internal_value=-0.00012217 0.00482232 0.00299273 -0.0430827 0.00495157 0.00824404 0.0116306 -0.00179423 0.000348935 -0.00867289 -0.00143369 -0.0159342 0.00230034 0.0195067 0.0236704 -0.0212112 -0.021348 0.00491723 -0.00744336 0.00718085 -0.000642478 -0.0119192 0.0215936 0.00562044 0.0119727 0.00603721 -0.0130666 0.00699506 0.0182505 -0.0215231
internal_weight=3218.65 2886.44 2566.65 332.211 2197.63 1476.82 1094 720.804 649.605 369.018 382.829 222.069 146.949 319.79 248.788 79.5895 71.199 71.0019 40.7775 125.702 36.9524 197.453 30.2244 18.7278 89.5046 69.3323 61.6238 18.2735 14.8926 43.3503
internal_count=26074 17205 14177 8869 12326 8485 6385 3841 3468 1851 2100 1065 786 3028 2441 1156 373 587 238 681 217 953 349 218 807 586 653 156 124 497
is_linear=0
shrinkage=0.05


Tree=54
num_leaves=31
num_cat=0
split_feature=3 8 2 1 4 3 3 4 4 5 4 2 4 3 9 1 3 1 5 2 1 1 0 9 4 2 5 6 3 5
split_gain=257.485 31.626 25.8678 24.2897 32.5373 16.6559 16.5395 20.9435 14.3072 21.59 14.0783 14.0758 12.8826 12.5241 11.2591 9.57631 8.99565 8.49477 8.45628 7.03382 6.57901 6.21333 5.48558 5.31202 4.99669 4.55008 4.43615 4.33482 4.18585 4.00336
threshold=2.5000000000000004 1.5000000000000002 79.674242424242451 52.500000000000007 3015.5000000000005 10.500000000000002 6.5000000000000009 704.50000000000011 462.50000000000006 2.2392835272504601 1833.5000000000002 52.033333333333339 1178.5000000000002 21.500000000000004 5.5000000000000009 52.500000000000007 11.500000000000002 77.500000000000014 3.5034288587229767 86.20714285714287 142.50000000000003 72.500000000000014 1.0000000180025095e-35 8.5000000000000018 230.50000000000003 41.550000000000004 5.8327505827505837 1.0000000180025095e-35 4.5000000000000009 4.3972049084534488
decision_type=2 2 2 2 2 2 2 2 2 2 2 2 2 2 2 2 2 2 2 2 2 2 2 2 2 2 2 2 2 2
left_child=-1 2 11 6 8 15 7 27 16 -10 24 12 28 14 -13 26 -5 22 -19 -9 -17 -7 -6 -12 -8 -14 -4 -3 -2 -23
right_child=1 3 5 4 17 21 10 19 9 -11 23 13 25 -15 -16 20 -18 18 -20 -21 -22 29 -24 -25 -26 -27 -28 -29 -30 -31
leaf_value=-0.049802699410090856 -0.051494829937060983 -0.076298392915544855 0.031790971357228706 -0.020620346932180605 0.025448503726741047 0.03624498491767749 -0.0023228407767956149 0.0035829921073455336 0.019308012667280033 -0.0096536819614643637 -0.0014565988427799174 0.0020615367629134534 -0.030322378551875386 -0.049517579458494415 0.012418650386243622 0.0089229354332676352 -0.084935495604555766 0.034943487349890133 -0.0071701945145107833 0.069254876880808017 -0.022598589467005357 0.025221982075262408 -0.013846493331610097 -0.06659651359204373 0.035187621281168938 0.021188962934160449 -0.037032477443293896 -0.024343325574485583 -0.019060150401127691 0.0013942444142334433
leaf_weight=241.10413239151239 11.662900328636168 9.8640679270029086 57.426094081252813 162.14353597909212 102.17384568229318 112.79539534077048 9.8034579306840879 18.694334544241432 72.560612592846155 568.63264635950327 12.09724408015609 657.77497525140643 5.0610830187797538 10.181909203529356 436.55288266390562 299.70762667432427 5.6254622638225547 14.626024693250654 64.424612924456596 5.2146191522479048 17.521064806729555 61.87998989969492 9.7270580828189832 4.2220053412020198 94.051364127546549 28.028964526951313 2.440911963582038 6.7702450081706038 67.622705228626728 24.649906735867262
leaf_count=7713 171 75 528 1059 773 1379 48 95 388 3157 84 3387 44 49 2287 1972 27 81 418 33 99 648 53 29 685 128 19 48 346 251
internal_value=-0.000119857 0.00393532 0.00809741 -0.00249558 -0.00539549 0.0168227 0.0155464 -0.0120687 -0.00977753 -0.00637623 0.0248629 0.00396439 -0.0128946 0.00567966 0.00619323 0.0106433 -0.0227769 0.013169 0.000621719 0.0179062 0.00718195 0.028513 0.0220328 -0.0183092 0.0316468 0.0133104 0.0289849 -0.0551524 -0.0238313 0.0184341
internal_weight=3195.04 2953.94 1793.31 1160.63 999.914 576.421 160.717 40.5433 808.962 641.193 120.174 1216.89 112.376 1104.51 1094.33 377.096 167.769 190.952 79.0506 23.909 317.229 199.325 111.901 16.3192 103.855 33.09 59.867 16.6343 79.2856 86.5299
internal_count=26074 18361 11308 7053 5956 4896 1097 251 4631 3545 846 6412 689 5723 5674 2618 1086 1325 499 128 2071 2278 826 113 733 172 547 123 517 899
is_linear=0
shrinkage=0.05


Tree=55
num_leaves=31
num_cat=0
split_feature=3 3 3 5 6 3 2 5 3 3 5 4 1 3 1 9 2 0 5 2 3 4 8 11 2 2 4 4 10 4
split_gain=243.328 28.9768 58.5903 53.1669 33.1804 68.0811 30.6056 20.3106 16.9087 35.7092 22.2601 15.7984 14.1452 13.8869 13.1268 12.4215 11.5692 10.7162 9.94953 9.93714 9.8985 9.51203 9.27719 8.63393 7.71475 7.22838 6.92526 6.3097 3.3098 2.47657
threshold=2.5000000000000004 6.5000000000000009 5.5000000000000009 2.5424447270374588 1.0000000180025095e-35 4.5000000000000009 73.21825396825399 2.2392835272504601 7.5000000000000009 8.5000000000000018 3.166427889207259 3961.0000000000005 52.500000000000007 4.5000000000000009 82.500000000000014 7.5000000000000009 57.52272727272728 1.0000000180025095e-35 2.1647820973371008 86.511904761904773 21.500000000000004 4433.5000000000009 1.0000000180025095e-35 1.0000000180025095e-35 53.035714285714292 52.033333333333339 244.50000000000003 673.50000000000011 1.5000000000000002 1030.5000000000002
decision_type=2 2 2 2 2 2 2 2 2 2 2 2 2 2 2 2 2 2 2 2 2 2 2 2 2 2 2 2 2 2
left_child=28 2 3 13 5 -5 8 24 10 12 15 -6 -10 29 17 -3 -11 19 -19 -8 23 22 -9 -16 -4 -12 -15 -26 -1 -2
right_child=1 6 7 4 11 -7 14 21 9 16 25 -13 -14 26 20 -17 -18 18 -20 -21 -22 -23 -24 -25 27 -27 -28 -29 -30 -31
leaf_value=-0.050058681042064436 -0.046247728226390047 0.013748560641987848 -0.052693109940296814 -0.022714276281295132 -0.0035931623900911699 0.033190620626352411 0.016432240300665851 -0.025355657784439475 0.0097596190638128792 -0.012466201040136403 0.03738388452359042 0.037632888329008608 -0.045385241255998757 0.0014262571570288678 0.0094805160226999405 0.045431625354546402 0.0044992611842933905 -0.049393686394136826 0.0067069145196023963 0.03203795249645737 -0.079307195045334455 0.022161688025779679 -0.051759482305050113 -0.016079430430842912 -0.0056295487011126539 -0.02686929548304387 -0.025849713393617649 0.039231433684140032 0.034732651077142067 -0.087690730217044946
leaf_weight=228.9556008707732 36.810388684272766 133.86944523453712 5.2053179517388335 70.689472317695618 400.35350394621491 237.18130777776241 426.71897365152836 58.538573078811169 14.303904473781584 125.57030379027128 4.9574406445026389 24.670563049614429 62.181901589035988 37.131009824573994 308.25487676262856 40.233094148337841 503.06414470076561 9.4172770753502828 49.159670569002628 134.0538667216897 3.3748202323913565 6.3689958900213233 77.062736921012402 37.005432657897472 18.982121288776398 37.394262418150902 62.343384228646755 13.351021468639372 1.1567171216011036 3.9962133131921282
leaf_count=7677 619 591 29 584 2293 1146 3379 253 64 576 26 140 269 160 2378 176 2327 50 310 1753 19 29 342 240 78 160 279 60 36 31
internal_value=-0.000116565 0.00375606 -0.00289188 0.00245655 0.00785437 0.0203544 0.00745967 -0.0289079 0.000937993 -0.00281442 0.0131618 -0.00120019 -0.0350724 -0.0257442 0.0136687 0.0210702 0.00111039 0.0180372 -0.00231225 0.0201628 0.00590801 -0.0375562 -0.0403611 0.00674097 0.00379969 -0.0193482 -0.0156684 0.0128945 -0.0496325 -0.0503063
internal_weight=3172.36 2942.24 1052.68 873.176 732.895 307.871 1889.56 179.509 921.574 705.12 216.454 425.024 76.4858 140.281 967.985 174.103 628.634 619.35 58.5769 560.773 348.635 141.97 135.601 345.26 37.5385 42.3517 99.4744 32.3331 230.112 40.8066
internal_count=26074 18361 6043 5252 4163 1730 12318 791 4189 3236 953 2433 333 1089 8129 767 2903 5492 360 5132 2637 624 595 2618 167 186 439 138 7713 650
is_linear=0
shrinkage=0.05


Tree=56
num_leaves=31
num_cat=0
split_feature=3 8 2 1 4 3 3 4 4 2 4 5 9 1 1 3 1 5 3 1 1 2 5 4 5 3 9 2 10 3
split_gain=229.996 28.5135 22.9329 21.7518 28.5474 15.271 14.3413 19.5635 13.0801 12.7365 12.6117 19.0923 10.6447 9.04613 8.80443 7.94717 7.65503 7.75916 6.27671 5.84576 5.82339 5.64493 5.19839 4.77077 4.0505 4.02086 3.78013 3.2968 3.18237 0.834152
threshold=2.5000000000000004 1.5000000000000002 79.674242424242451 52.500000000000007 3015.5000000000005 10.500000000000002 6.5000000000000009 414.50000000000006 1798.5000000000002 40.100000000000009 462.50000000000006 2.2392835272504601 5.5000000000000009 222.50000000000003 52.500000000000007 11.500000000000002 77.500000000000014 3.5034288587229767 3.5000000000000004 142.50000000000003 72.500000000000014 86.20714285714287 5.0070841288917558 195.50000000000003 5.4974507795607161 12.500000000000002 8.5000000000000018 96.041666666666671 1.5000000000000002 4.5000000000000009
decision_type=2 2 2 2 2 2 2 2 2 2 2 2 2 2 2 2 2 2 2 2 2 2 2 2 2 2 2 2 2 2
left_child=28 2 9 6 10 14 7 29 23 -2 15 -12 18 -14 24 -5 22 -18 -11 -16 27 -9 -6 -8 -4 -22 -10 -7 -1 -3
right_child=1 3 5 4 16 20 8 21 26 12 11 -13 13 -15 19 -17 17 -19 -20 -21 25 -23 -24 -25 -26 -27 -28 -29 -30 -31
leaf_value=-0.049907532653438169 -0.045077491848462346 -0.056017810360977041 0.03106290304403457 -0.019555209008214301 0.026303903161666406 0.036130699836687548 -0.0087736372319591298 -0.0028876712433030002 -0.0028232412475470768 -0.03034725494435438 0.018096553671507309 -0.0092497519778720807 0.010732148256046015 -0.064293522327111455 0.0083223146509579012 -0.079615995194044192 0.033484791050672015 -0.0070596388462437001 0.0011296565083463695 -0.021382096841781613 0.025336636818890895 0.051050189763897282 -0.00072098578263276171 0.033420447051864303 -0.026096161987160183 0.0023661598210130193 -0.05614912229900372 -0.034757061346709535 0.031917038643734859 -0.088021254329807425
leaf_weight=218.43237889744341 13.24673794955015 3.1635297946631891 54.910451967269182 161.19231375306845 87.266472145915031 106.01642232015729 7.2175124585628501 25.081330005079511 12.50850845873356 16.198724705725908 71.921755116432905 567.06231397017837 465.84026944637299 4.0527073517441741 296.77484656125307 5.7025525718927375 14.446466844528912 64.421773687005043 710.33024564012885 17.542013507336378 55.981178361922503 6.0138743445277205 22.352064229547977 93.294962868094444 3.2848162427544585 28.878875903785229 4.5257134623825541 1.6659494265913952 1.1947902739047993 5.7129523307085037
leaf_count=7677 165 58 522 1059 651 1356 35 132 88 255 388 3157 2462 19 1972 27 81 418 3511 99 651 37 175 693 25 248 30 23 36 24
internal_value=-0.000113951 0.0035894 0.00756546 -0.00253656 -0.00527124 0.0158816 0.0147266 -0.0111452 0.0235243 0.00368086 -0.00936842 -0.00617175 0.00422071 0.0100851 0.00997209 -0.0216074 0.0122464 0.000366972 0.000427846 0.00666451 0.0273148 0.00754402 0.0207933 0.0303906 0.0278366 0.0175195 -0.0169911 0.035034 -0.0494624 -0.0766154
internal_weight=3146.23 2926.61 1774.72 1151.88 994.366 565.055 157.518 39.9717 117.547 1209.67 805.879 638.984 1196.42 469.893 372.512 166.895 188.487 78.8682 726.529 314.317 192.542 31.0952 109.619 100.512 58.1953 84.8601 17.0342 107.682 219.627 8.87648
internal_count=26074 18361 11308 7053 5956 4896 1097 251 846 6412 4631 3545 6247 2481 2618 1086 1325 499 3766 2071 2278 169 826 728 547 899 118 1379 7713 82
is_linear=0
shrinkage=0.05


Tree=57
num_leaves=31
num_cat=0
split_feature=3 8 2 1 4 3 3 5 3 4 3 3 4 2 9 1 5 2 1 4 0 4 9 2 6 3 2 10 9 2
split_gain=217.394 25.8624 21.4287 19.7918 25.8094 14.3683 14.451 15.5861 13.1327 18.0834 12.3318 14.6942 12.0456 9.69017 8.14199 7.0335 7.05975 6.35948 6.07219 6.33458 4.98975 4.43242 4.1317 4.10552 4.04665 3.7384 4.26984 3.0675 2.90572 0.636861
threshold=2.5000000000000004 1.5000000000000002 87.031250000000014 52.500000000000007 3015.5000000000005 23.500000000000004 4.5000000000000009 2.5424447270374588 6.5000000000000009 704.50000000000011 9.5000000000000018 7.5000000000000009 1833.5000000000002 60.408333333333339 1.0000000180025095e-35 77.500000000000014 3.5034288587229767 86.20714285714287 117.50000000000001 6037.0000000000009 1.0000000180025095e-35 230.50000000000003 8.5000000000000018 87.683333333333351 1.0000000180025095e-35 6.5000000000000009 87.550505050505066 1.5000000000000002 6.5000000000000009 79.964285714285737
decision_type=2 2 2 2 2 2 2 2 2 2 2 2 2 2 2 2 2 2 2 2 2 2 2 2 2 2 2 2 2 2
left_child=27 2 5 8 10 6 7 -2 9 24 11 -5 21 -8 -12 20 -17 -11 25 23 -6 -10 -14 -20 -3 26 -4 29 -27 -1
right_child=1 3 18 4 15 -7 13 -9 12 17 14 -13 22 -15 -16 16 -18 -19 19 -21 -22 -23 -24 -25 -26 28 -28 -29 -30 -31
leaf_value=-0.050642638303440991 -0.047779819916239696 -0.072579071846638518 -0.027317484899400852 -0.0095755948591458064 0.02332727773234158 -0.091671272863601883 -0.0011392489397347705 -0.0024660356147614693 -0.0028185438459840846 0.003917620793938926 -0.024885366486720184 -0.031759648375920713 -0.0018255185300604521 0.0092997484390546763 0.0028485375607409874 0.032132464114604874 -0.0066867227749778839 0.06794692821899144 0.041792938201966529 0.058721479798986079 -0.014284277422382944 0.032672487443147734 -0.058413045258715914 -0.0030619853854004665 -0.021625476830329698 0.026398268334186362 0.021619325723670757 0.029410976116210436 0.044556823396070561 -0.041131718774397828
leaf_weight=188.98410069942474 21.572464033961296 9.4464345499873179 4.8157075569033614 446.0987272374332 98.787114579230547 3.8190006613731375 279.08080377429724 157.69703619554639 9.752059154212473 18.682631731033329 29.726853489875793 89.646023914217949 12.016082379966976 1092.793391443789 241.07064285129309 14.305400248616932 64.608886063098907 4.8937724456191054 5.7769801616668692 5.506531633436679 9.6824166849255544 89.845328271389008 4.4094381257891646 43.621391963213682 6.6324441004544488 55.008548248559237 59.905597649514675 1.2307941019535054 36.748691659420729 19.40873771905899
leaf_count=6962 339 75 28 2537 773 18 1252 1023 48 95 172 449 84 6498 1473 81 418 33 48 60 53 685 29 367 48 767 400 36 508 715
internal_value=-0.000110804 0.00342476 0.0072236 -0.00241208 -0.0050085 0.00519309 0.00543157 -0.00791889 0.0141648 -0.0106754 -0.0088921 -0.0132876 0.0226548 0.00717614 -0.000195958 0.0117074 0.00035033 0.0172082 0.0221603 0.00785395 0.0199699 0.0291974 -0.0170165 0.00218365 -0.051561 0.0271801 0.0179781 -0.049292 0.0336708 -0.0497568
internal_weight=3125.57 2915.95 1766.35 1149.6 993.926 1554.96 1551.14 179.27 155.678 39.6553 806.542 535.745 116.023 1371.87 270.797 187.384 78.9143 23.5764 211.383 54.9049 108.47 99.5974 16.4255 49.3984 16.0789 156.479 64.7213 209.624 91.7572 208.393
internal_count=26074 18361 11308 7053 5956 9130 9112 1362 1097 251 4631 2986 846 7750 1645 1325 499 128 2178 475 826 733 113 415 123 1703 428 7713 1275 7677
is_linear=0
shrinkage=0.05


Tree=58
num_leaves=31
num_cat=0
split_feature=3 4 3 2 6 3 5 3 3 3 3 1 3 3 5 9 4 2 5 1 5 5 10 10 8 5 2 5 2 4
split_gain=205.503 24.6057 27.2192 23.5883 19.0285 29.9257 32.8828 19.8258 40.2261 15.6068 11.7941 13.5807 11.1076 12.7298 13.2637 11.5053 10.2037 9.77511 9.72884 9.48166 7.05159 4.60866 4.15115 2.96334 1.81815 1.99321 3.16324 0.733153 0.658811 0.966094
threshold=2.5000000000000004 462.50000000000006 4.5000000000000009 81.755952380952394 1.0000000180025095e-35 11.500000000000002 2.217566619915849 4.5000000000000009 5.5000000000000009 11.500000000000002 6.5000000000000009 52.500000000000007 6.5000000000000009 5.5000000000000009 2.4618037135278521 6.5000000000000009 133.50000000000003 69.021739130434796 5.8327505827505837 82.500000000000014 2.5123457174140253 2.783232931726908 1.0000000180025095e-35 1.5000000000000002 1.5000000000000002 2.4231223858883437 59.763888888888893 1.6677927927927929 79.964285714285737 29.500000000000004
decision_type=2 2 2 2 2 2 2 2 2 2 2 2 2 2 2 2 2 2 2 2 2 2 2 2 2 2 2 2 2 2
left_child=23 2 24 4 7 6 -6 22 -9 10 11 -4 13 14 -5 19 -12 -11 -7 -14 -15 -17 -3 28 25 27 -27 -2 -1 -30
right_child=1 3 9 12 5 18 -8 8 -10 17 16 -13 15 20 -16 21 -18 -19 -20 -21 -22 -23 -24 -25 -26 26 -28 -29 29 -31
leaf_value=-0.050532778621010514 -0.014124612598442818 -0.012408593722007071 -0.064634487138899022 -0.064828245681533267 0.023687102517105853 0.010799311806832268 -0.011718575498797935 0.031517159538665393 0.0035208290250620458 -0.020688027587959665 -0.026122862099172209 -0.00830522722476007 0.019842911935979524 0.028492731575744713 0.01192793075959845 0.043299621738549003 0.0075897938095158659 -0.11850588377379377 -0.025530513397138584 -0.00050448192056303616 -0.036277734327537635 0.024075209119419322 -0.044831603395927171 0.027168362156711215 -0.052261353590494608 -0.055712506098040196 -0.010314848416726504 -0.054108264169038148 0.014655292582320232 -0.043003926540396649
leaf_weight=180.1482488065958 1.2910924162715698 28.415424659848213 11.564382240176199 5.8027978986501685 73.364832166582346 390.85124404728413 617.91391156986356 176.67446496337652 468.6576000675559 5.8420112729072553 24.583063803613186 143.20420648902655 153.33504446595907 5.0523776113986996 187.19509965926409 44.869291041046381 258.00503224879503 4.5379319563508034 19.339666917920113 91.371525332331657 24.971262589097023 102.14622363075614 15.127401899546383 1.2648527920246113 21.473716357722878 5.3636564370244768 13.482142390683292 10.23645702190697 0.75718840584159153 17.911422289907932
leaf_count=6962 30 214 50 29 358 2270 3122 861 2561 26 120 621 1801 25 1101 428 1490 26 105 831 107 1205 114 36 420 84 166 196 29 686
internal_value=-0.000107942 0.0032682 -0.006829 0.00536559 0.00246403 -0.00161248 -0.007961 0.00898212 0.0111855 -0.0028575 -0.00141938 -0.0125142 0.0138159 0.00490859 0.00962013 0.0188872 0.00465704 -0.0634523 0.00908643 0.0122454 -0.0253782 0.0299425 -0.0236728 -0.0491209 -0.0411257 -0.0332529 -0.0232354 -0.0496301 -0.0496062 -0.0406653
internal_weight=3104.75 2904.67 499.584 2405.09 1790.34 1101.47 691.279 688.875 645.332 447.737 437.357 154.769 614.744 223.022 192.998 391.722 282.588 10.3799 410.191 244.707 30.0236 147.016 43.5428 200.082 51.8471 30.3733 18.8458 11.5275 198.817 18.6686
internal_count=26074 18361 3229 15132 9605 5855 3480 3750 3422 2333 2281 671 5527 1262 1130 4265 1610 52 2375 2632 132 1633 328 7713 896 476 250 226 7677 715
is_linear=0
shrinkage=0.05


Tree=59
num_leaves=31
num_cat=0
split_feature=3 0 2 3 1 3 3 1 2 9 4 3 2 11 6 3 3 2 5 5 8 9 5 2 10 9 2 5 5 10
split_gain=194.282 23.8113 22.0003 15.6084 15.2706 14.9791 19.0285 11.0823 9.5148 9.44229 8.34504 7.42174 6.87792 6.63111 6.52613 5.40354 13.8987 9.25223 5.39592 5.14768 5.14401 3.66926 5.51476 3.6858 3.63895 6.86007 3.76404 3.11305 8.03272 2.86833
threshold=2.5000000000000004 1.0000000180025095e-35 75.677083333333357 6.5000000000000009 82.500000000000014 6.5000000000000009 5.5000000000000009 172.50000000000003 40.100000000000009 1.5000000000000002 326.50000000000006 4.5000000000000009 91.236111111111128 1.0000000180025095e-35 1.0000000180025095e-35 7.5000000000000009 9.5000000000000018 56.788888888888899 4.3972049084534488 3.7713218212971138 1.0000000180025095e-35 6.5000000000000009 2.6316832317024379 73.958333333333357 1.0000000180025095e-35 3.5000000000000004 72.026315789473699 4.4732258206820061 3.7155352699629063 1.5000000000000002
decision_type=2 2 2 2 2 2 2 2 2 2 2 2 2 2 2 2 2 2 2 2 2 2 2 2 2 2 2 2 2 2
left_child=29 2 7 20 5 6 -4 8 -2 -7 -10 12 -6 15 -13 17 -17 -5 19 -15 21 23 -23 -3 26 -26 -9 28 -22 -1
right_child=1 3 4 13 11 9 -8 24 10 -11 -12 14 -14 18 -16 16 -18 -19 -20 -21 27 22 -24 -25 25 -27 -28 -29 -30 -31
leaf_value=-0.049455402063149106 -0.0332377899136918 -0.031698989891714636 0.010322731851036718 0.067907205180160565 -0.023745486919366801 0.0031773975572688372 -0.028892386609555305 -0.025982864506196014 -0.0084634216269984137 0.023060082380241372 0.0035600344178311049 0.013105555717415399 0.029494859085742089 -0.020864686192842104 -0.0016762693739563166 -0.026187389571824184 0.0049010288959730752 0.0066562216444577861 -0.058583927463087986 0.031412429221603505 -0.037989267703326987 -0.041886317571937913 0.033473080758746589 0.00066812704074587035 -0.038383658849677774 0.047845549400291371 -0.075197290026033925 -0.063889157962570664 0.0074647959812565228 0.025151828936675304
leaf_weight=189.68469961360097 19.323913186788559 22.551867965608835 231.54369246400893 7.4732242524623862 42.454120168462396 70.632517527788877 35.70421014726162 26.518168617039922 164.30190339498222 386.24231699109077 1186.2983019929379 131.83679904788733 7.0774659961462012 27.329218484461308 172.1964757964015 46.556743741035461 157.82551918178797 35.230236187577248 7.6005147621035567 5.6892927065491667 48.297347608953714 3.3566223978996268 8.7721339948475343 14.419333336874841 4.8610079661011678 4.3891860991716385 4.552084542810916 7.0775747522711745 12.168754968792198 1.2970814108848561
leaf_count=7677 245 135 1481 35 260 696 158 128 948 3950 5868 963 40 129 1310 218 911 154 36 29 344 25 45 79 24 22 23 39 66 36
internal_value=-0.000105408 0.00311979 0.00494873 -0.00813359 0.0103273 0.0144862 0.00508361 0.000838521 0.00159894 0.0199862 0.00209737 0.00180957 -0.0161381 -0.00187858 0.00473352 0.00119915 -0.00218068 0.0173753 -0.0206004 -0.011857 -0.0235617 -0.0112465 0.0126174 -0.0190753 -0.0249973 0.00253181 -0.0331932 -0.0325141 -0.0288417 -0.0489487
internal_weight=3083.26 2892.28 2487.93 404.348 1077.69 724.123 267.248 1410.24 1369.92 456.875 1350.6 353.565 49.5316 287.705 304.033 247.086 204.382 42.7035 40.619 33.0185 116.644 49.1 12.1288 36.9712 40.3204 9.25019 31.0703 67.5437 60.4661 190.982
internal_count=26074 18361 16116 2245 8858 6285 1639 7258 7061 4646 6816 2573 300 1512 2273 1318 1129 189 194 158 733 284 70 214 197 46 151 449 410 7713
is_linear=0
shrinkage=0.05


Tree=60
num_leaves=31
num_cat=0
split_feature=3 8 2 1 4 3 2 4 3 4 4 3 3 5 9 5 2 3 2 5 5 1 5 9 4 7 5 10 1 2
split_gain=183.671 22.9343 18.442 18.0346 22.4641 13.0209 12.9845 11.9587 10.7596 16.2685 11.22 10.1737 13.1946 9.2841 7.08514 6.54765 7.4483 5.60839 4.88474 4.85279 9.08359 4.60418 4.46018 4.39555 3.99938 3.70414 3.24395 2.78123 2.66839 0.714416
threshold=2.5000000000000004 1.5000000000000002 87.031250000000014 52.500000000000007 3015.5000000000005 23.500000000000004 52.519230769230781 1178.5000000000002 6.5000000000000009 414.50000000000006 1798.5000000000002 9.5000000000000018 7.5000000000000009 5.8327505827505837 1.0000000180025095e-35 3.9835988151897808 68.612500000000011 8.5000000000000018 86.20714285714287 2.8500263991552273 2.8176871721506918 117.50000000000001 2.4944609020315873 2.5000000000000004 230.50000000000003 10.500000000000002 4.0083850858897154 1.5000000000000002 82.500000000000014 79.964285714285737
decision_type=2 2 2 2 2 2 2 2 2 2 2 2 2 2 2 2 2 2 2 2 2 2 2 2 2 2 2 2 2 2
left_child=27 2 5 8 11 6 7 -2 9 -3 24 12 -5 -8 -13 23 -17 21 -11 20 -19 22 -4 -6 -10 -12 -23 29 -21 -1
right_child=1 3 17 4 15 -7 13 -9 10 18 25 14 -14 -15 -16 16 -18 19 -20 28 -22 26 -24 -25 -26 -27 -28 -29 -30 -31
leaf_value=-0.05031994425976654 -0.021568232342558204 -0.071206644345209416 0.047547387500578991 -0.0091022431591467334 0.0044727091728600111 -0.087375272338220233 0.0069029361226738807 0.012630633982812679 -0.0024637453632461353 -0.0018543557782460412 -0.0050787619280488151 -0.023662790368262476 -0.030137665771509614 -0.019533832192616736 0.0021554947139092121 -0.016372296125085357 0.011475526228165965 0.019200166558603571 0.049668028342395892 0.045595296649360656 -0.10480751151576312 -0.014368076827053676 0.014337857215270458 0.032838622426079322 0.031331183842789823 -0.065365870770775422 0.026586367699037512 0.023330804846693705 0.024987226213952839 -0.039591239251183102
leaf_weight=163.83455222100019 82.061967633664608 8.3185758981853706 11.714951802045105 442.78436748497188 20.039641667157412 3.8297257721424094 1382.5981763750315 37.127455152571201 9.7416752204298955 24.891368910670284 13.932997167110445 29.89497409760952 89.639792747795582 34.026860620826483 239.09918138757348 32.92607070505619 88.683342181146145 25.216866061091427 5.6433203592896453 38.656788390129805 1.568586193025111 20.689358470961455 73.815348479896784 42.880407065153122 86.388069476932287 3.1180642619729033 6.30979024991393 1.3275864422321308 26.459176070988178 17.139893334358931
leaf_count=6962 542 82 97 2537 127 18 8182 191 48 132 98 172 449 197 1473 147 734 359 37 694 22 107 522 317 680 20 30 36 347 715
internal_value=-0.000103244 0.00297544 0.00657829 -0.00254631 -0.00501802 0.00470479 0.0049344 -0.0109153 0.0134829 -0.00921937 0.0212762 -0.00863954 -0.0126438 0.00626793 -0.00071385 0.0107104 0.00393565 0.0206883 0.00766784 0.0298524 0.0119381 0.0132042 0.0188865 0.0238043 0.0279064 -0.0161032 -0.00479689 -0.0487749 0.0372214 -0.0493038
internal_weight=3064.36 2882.06 1744.08 1137.98 985.948 1539.64 1535.81 119.189 152.034 38.8533 113.181 801.418 532.424 1416.63 268.994 184.529 121.609 204.431 30.5347 91.9014 26.7855 112.529 85.5303 62.92 96.1297 17.0511 26.9991 182.302 65.116 180.974
internal_count=26074 18361 11308 7053 5956 9130 9112 733 1097 251 846 4631 2986 8379 1645 1325 881 2178 169 1422 381 756 619 444 728 118 137 7713 1041 7677
is_linear=0
shrinkage=0.05


Tree=61
num_leaves=31
num_cat=0
split_feature=3 4 3 5 3 3 3 3 2 3 3 3 1 9 1 3 8 3 4 5 9 1 4 7 3 5 4 3 2 4
split_gain=173.653 21.046 30.1077 18.563 23.2708 37.2681 57.1705 30.4561 19.4373 13.9122 19.024 16.6402 13.0573 12.8599 11.6881 45.0515 12.0982 10.3942 10.2266 10.218 9.17427 8.91039 8.42848 7.43478 7.36935 5.91148 5.6486 5.42922 5.23578 3.40898
threshold=2.5000000000000004 1164.5000000000002 4.5000000000000009 2.7695807084581232 13.500000000000002 11.500000000000002 5.5000000000000009 15.500000000000002 62.720779220779228 7.5000000000000009 6.5000000000000009 13.500000000000002 52.500000000000007 1.0000000180025095e-35 52.500000000000007 6.5000000000000009 1.5000000000000002 10.500000000000002 462.50000000000006 5.4342959087974965 4.5000000000000009 117.50000000000001 1133.5000000000002 7.5000000000000009 4.5000000000000009 2.3461733697774312 2304.5000000000005 16.500000000000004 70.26136363636364 361.50000000000006
decision_type=2 2 2 2 2 2 2 2 2 2 2 2 2 2 2 2 2 2 2 2 2 2 2 2 2 2 2 2 2 2
left_child=-1 2 12 9 5 6 -5 20 -7 10 24 26 18 -9 15 29 17 -16 -2 25 -6 -12 -18 -20 -3 -14 -11 -13 -17 -4
right_child=1 3 14 4 7 8 -8 13 -10 11 21 27 19 -15 16 28 22 -19 23 -21 -22 -23 -24 -25 -26 -27 -28 -29 -30 -31
leaf_value=-0.048599232499072137 -0.044414682886655781 -0.050318421731189091 -0.07615946523795486 0.014324519917835121 -0.023478214334219025 -0.0070934029917133481 -0.013523253505393823 -0.048852721023699579 0.024475828578937861 -0.0024834434997195107 0.054155978898650342 0.033633843958590634 -0.05182313943918529 0.0056627504608970456 0.00029651506977977052 0.010531649241004606 -0.0066237603530330154 0.016662101039722023 0.0074780223284554113 0.061499753445203767 -0.069615899969686909 0.016915552721612707 -0.05413203424040948 0.071386447977670506 0.011169735797678222 -0.02388109318099137 -0.03946025286247018 -0.0032243495455388429 0.030824295417285624 -0.035956726390842651
leaf_weight=174.02629634365439 6.1993366014212397 5.7802913635969153 7.3723639398813274 369.00905115157366 19.430235661566257 57.453160256147385 368.20136568695307 12.079505503177641 322.17695821449161 52.940290451049805 62.614192582666874 50.228982962667942 22.115105388686061 103.56518106162548 491.12694664299488 47.154027588665485 371.71517311036587 120.90604616329074 13.571555048227312 3.2636262476444236 24.18673001229763 21.604420311748981 9.5762977600097638 6.8466878831386557 31.040957354009151 131.37197259441018 12.831410054117439 12.471771441400049 97.535022120922804 18.516568314284086
leaf_count=7713 104 48 32 2031 110 242 2290 70 2919 344 386 337 408 690 2417 212 1875 912 73 23 143 106 49 37 152 1197 84 74 911 85
internal_value=-0.00010019 0.00283766 -0.00171631 0.00685927 0.00442048 0.0069702 0.000415888 -0.0134597 0.0196981 0.0193322 0.0314958 0.00787231 -0.0205475 -3.15876e-05 0.00125047 0.0133416 -0.000825875 0.00352951 0.0118308 -0.0260456 -0.0490627 0.0446028 -0.00781695 0.0289079 0.00151717 -0.0279071 -0.00969725 0.0263024 0.0242109 -0.0474052
internal_weight=3046.91 2872.89 1347.27 1525.61 1276.1 1116.84 737.21 159.262 379.63 249.512 121.04 128.472 183.368 115.645 1163.9 170.578 993.324 612.033 26.6176 156.751 43.617 84.2186 381.291 20.4182 36.8212 153.487 65.7717 62.7008 144.689 25.8889
internal_count=26074 18361 8335 10026 8495 7482 4321 1013 3161 1531 692 839 1842 760 6493 1240 5253 3329 214 1628 253 492 1924 110 200 1605 428 411 1123 117
is_linear=0
shrinkage=0.05


Tree=62
num_leaves=31
num_cat=0
split_feature=3 0 1 4 5 3 3 4 3 11 1 1 6 7 7 11 5 4 4 5 5 8 9 3 9 5 2 4 5 5
split_gain=164.195 20.2583 18.4305 21.7477 15.1269 14.3108 21.5523 14.0943 13.8223 12.3123 11.2932 15.9756 8.39123 6.46805 6.40632 5.96431 5.10058 9.62484 9.14426 4.78524 4.62905 4.51839 3.94798 3.3892 3.30998 4.96089 3.31373 3.01713 3.00692 7.21632
threshold=2.5000000000000004 1.0000000180025095e-35 82.500000000000014 3893.5000000000005 6.138655058293625 13.500000000000002 15.500000000000002 616.50000000000011 6.5000000000000009 1.0000000180025095e-35 172.50000000000003 92.500000000000014 1.0000000180025095e-35 1.0000000180025095e-35 2.5000000000000004 1.0000000180025095e-35 2.7274423337856177 1267.5000000000002 2181.5000000000005 4.3972049084534488 3.7713218212971138 1.0000000180025095e-35 2.5000000000000004 11.500000000000002 6.5000000000000009 2.6316832317024379 81.348484848484858 999.50000000000011 4.4732258206820061 3.7155352699629063
decision_type=2 2 2 2 2 2 2 2 2 2 2 2 2 2 2 2 2 2 2 2 2 2 2 2 2 2 2 2 2 2
left_child=-1 2 3 4 7 23 -7 -2 21 10 11 -4 -6 27 -15 16 17 -10 -18 20 -17 24 -12 -5 26 -26 -3 -11 29 -23
right_child=1 8 9 5 12 6 -8 -9 15 13 22 -13 -14 14 -16 19 18 -19 -20 -21 -22 28 -24 -25 25 -27 -28 -29 -30 -31
leaf_value=-0.048420214914561138 -0.0015532598242152501 -0.025269995240760176 -0.0083609136654313621 0.022966956240408877 0.0050046469516799585 -0.084946312271457408 0.014903271719248622 0.0092421254521310777 0.0013483748602022335 0.055413428678188076 -0.040592296090454227 0.0077403744273821674 -0.066900138891240246 -0.075765274957038817 -0.021312421939549506 -0.019841229659705799 -0.0184468709643105 0.037565673209756678 0.007202313293527109 -0.055392755123574389 0.029974171792642602 -0.036012052501324901 -0.012264333145285923 0.038931428610145632 -0.040308925745199377 0.031717636528243005 0.013880468048578141 -0.0018460139748409596 -0.061983035485950411 0.0072075014596635154
leaf_weight=166.13567467592657 428.52218553237617 30.079432286322117 236.72228278964758 59.884071487933397 6.3856725171208391 6.6610058024525634 28.645405046641827 1026.855325717479 83.320626281201839 3.2993394061923009 17.583369504660368 441.14419046416879 11.1282351128757 5.9036573264747849 63.4909364618361 27.361203514039516 67.299071580171585 23.523332372307777 71.845226336270571 7.5860143825411788 5.6215604320168486 47.315160177648067 40.92875587195158 74.734698601067066 3.292030341923236 8.7310031019151193 6.5887458473443976 7.5999298058450222 6.9340347908437243 12.135282699018715
leaf_count=7713 2856 183 1479 430 43 44 241 6670 418 16 94 2687 61 40 369 129 350 124 426 36 29 344 220 824 25 45 31 42 39 66
internal_value=-9.6243e-05 0.00270977 0.00440995 0.00746167 0.00550767 0.0243988 -0.00393463 0.00606353 -0.00770167 -0.0017289 0.000298343 0.00211754 -0.0406832 -0.0203209 -0.0259449 -0.00182364 0.00110579 0.00932217 -0.00520327 -0.0195862 -0.0113507 -0.0223389 -0.0207771 0.0318298 -0.0107704 0.011996 -0.0182352 0.0154871 -0.0308241 -0.0271899
internal_weight=3027.26 2861.12 2459.49 1642.82 1472.89 169.925 35.3064 1455.38 401.633 816.672 736.379 677.866 17.5139 80.2939 69.3946 286.557 245.988 106.844 139.144 40.5688 32.9828 115.076 58.5121 134.619 48.6912 12.023 36.6682 10.8993 66.3845 59.4504
internal_count=26074 18361 16116 11169 9630 1539 285 9526 2245 4947 4480 4166 104 467 409 1512 1318 542 776 194 158 733 314 1254 284 70 214 58 449 410
is_linear=0
shrinkage=0.05


Tree=63
num_leaves=31
num_cat=0
split_feature=3 9 4 6 3 5 3 3 4 3 1 5 3 2 8 5 2 4 5 7 5 10 7 5 7 5 2 4 4 4
split_gain=155.235 19.8069 16.9181 14.4631 25.1891 24.7197 24.647 23.9759 11.9058 11.2782 9.93393 9.3406 7.94698 7.61054 6.5597 9.99148 8.23941 5.97778 3.97836 3.21865 3.1877 2.96631 2.83155 1.81497 1.25459 0.935824 0.810943 1.1137 0.74033 4.24908
threshold=2.5000000000000004 2.5000000000000004 133.50000000000003 1.0000000180025095e-35 11.500000000000002 3.12496634356489 4.5000000000000009 5.5000000000000009 6225.5000000000009 13.500000000000002 72.500000000000014 2.217566619915849 10.500000000000002 56.392307692307703 1.5000000000000002 6.3712274973526304 87.292857142857159 2435.0000000000005 1.7049805722359592 2.5000000000000004 1.8071696582496706 1.5000000000000002 1.0000000180025095e-35 6.3712274973526304 1.5000000000000002 5.0541785665714682 79.964285714285737 29.500000000000004 376.50000000000006 421.50000000000006
decision_type=2 2 2 2 2 2 2 2 2 2 2 2 2 2 2 2 2 2 2 2 2 2 2 2 2 2 2 2 2 2
left_child=21 8 18 6 5 -5 17 -8 10 -6 14 13 -13 -12 16 -16 -2 -4 24 -10 -20 26 -22 25 -3 -21 -1 -28 -29 -30
right_child=1 2 3 4 9 -7 7 -9 19 -11 11 12 -14 -15 15 -17 -18 -19 20 23 22 -23 -24 -25 -26 -27 27 28 29 -31
leaf_value=-0.05001233471052649 0.00213284349750913 -0.046366532815930284 -0.028621737328621034 0.0074688025067546418 0.019084778219492671 -0.010552815035879806 0.029491409987335099 0.0084270138660405888 -0.0076564962410192675 0.0011930377881601397 -0.032090352976912311 -0.022465236280572634 -0.004821240529962724 0.017677570434606507 -0.005529749058373782 -0.09214161521045755 0.034503141231689322 0.026035101270561075 0.022733730325248731 0.0348375135336342 0.011173301606201821 0.028791460217274169 -0.033604035298832852 -0.0002820862107041004 -0.09824366159562814 0.058578750062376839 0.026558185326189601 -0.051096265807994326 0.084993582086816746 -0.042560164237531249
leaf_weight=142.32823716849089 258.56695918925107 2.4378998689353457 45.203662686049938 333.6022003851831 251.05773446336389 442.90917197242379 176.92045449465513 571.32403212040663 5.0305828899145153 135.68160547688603 9.5065759904682618 162.04632324725389 105.28195651248097 40.016852959990501 226.77933344244957 3.3793958798050872 21.275696001946926 5.6250475645065299 3.5734003130346528 13.712918821722274 4.1092394981533316 1.2400227785110463 25.072621572762728 2.9103737734258166 2.2328534424304962 5.9525248706340781 0.64333906210958858 7.8099662214517576 0.73480864986777295 5.8574746660888195
leaf_count=6962 1515 13 441 1976 2106 2496 886 3984 39 877 59 881 661 228 1440 19 247 33 26 107 28 36 189 27 30 53 29 372 35 279
internal_value=-9.35205e-05 0.00258198 0.00530465 0.00593977 0.00238205 -0.00281043 0.0111189 0.0134076 -0.00379005 0.0128077 -0.00486848 -0.0118215 -0.0155165 0.00812406 -0.000548733 -0.00680146 0.00459387 -0.022573 -0.0279963 0.0285107 -0.0218405 -0.0482384 -0.0272987 0.0365699 -0.0711664 0.0420237 -0.0488454 -0.0378061 -0.0406812 -0.0283424
internal_weight=3012.82 2854.21 1999.75 1962.32 1163.25 776.511 799.073 748.244 854.459 386.739 826.853 316.852 267.328 49.5234 510.001 230.159 279.843 50.8287 37.426 27.6064 32.7553 158.614 29.1819 22.5758 4.67075 19.6654 157.374 15.0456 14.4022 6.59228
internal_count=26074 18361 13085 12799 7455 4472 5344 4870 5276 2983 5050 1829 1542 287 3221 1459 1762 474 286 226 243 7713 217 187 43 160 7677 715 686 314
is_linear=0
shrinkage=0.05


Tree=64
num_leaves=31
num_cat=0
split_feature=3 2 3 5 6 3 5 3 5 3 3 1 4 7 1 4 2 4 7 9 3 1 11 9 9 3 5 5 10 2
split_gain=146.783 19.4558 22.4773 20.7895 14.6399 33.4174 50.4211 28.5944 39.6636 19.5673 10.77 10.1787 6.62377 6.42978 5.80438 5.5358 4.8184 4.59943 4.09607 5.67827 4.35643 3.39188 3.17765 3.30547 3.06727 4.9875 3.13759 2.99296 2.86427 2.66944
threshold=2.5000000000000004 88.035714285714292 4.5000000000000009 2.8624070317782291 1.0000000180025095e-35 11.500000000000002 3.12496634356489 5.5000000000000009 2.783232931726908 6.5000000000000009 13.500000000000002 52.500000000000007 3319.0000000000005 7.5000000000000009 117.50000000000001 462.50000000000006 88.690476190476204 2621.5000000000005 7.5000000000000009 2.5000000000000004 10.500000000000002 82.500000000000014 1.0000000180025095e-35 3.5000000000000004 9.5000000000000018 12.500000000000002 5.8327505827505837 2.5424447270374588 1.5000000000000002 80.97058823529413
decision_type=2 2 2 2 2 2 2 2 2 2 2 2 2 2 2 2 2 2 2 2 2 2 2 2 2 2 2 2 2 2
left_child=28 2 3 27 7 6 -6 8 -4 -9 -7 15 14 -13 16 -5 -3 -18 20 -20 -16 24 23 -23 26 -26 -14 -2 -1 -29
right_child=1 12 4 11 5 10 -8 9 -10 -11 -12 13 21 -15 18 -17 17 -19 19 -21 -22 22 -24 -25 25 -27 -28 29 -30 -31
leaf_value=-0.048688117617766591 -0.048944246835218023 0.041183127260024523 -0.0096299957648597247 -0.038872786313430663 0.0047139637121963573 0.014925756572162245 -0.021418538079300106 -0.022648831818344945 0.033200548863925081 0.0048243609517262288 -0.00084017437713889873 -0.0037450250672431493 0.048959782709819932 -0.022523785315207278 -0.030128139953872514 0.021818025849240225 0.016750176779943744 -0.0082390839319482888 -0.05019586494821833 0.028484714730127744 0.015353241747854914 -0.0069778063177104548 -0.035526648933699161 0.034018801830453547 0.054990189522289373 -0.069146870195993096 -0.0010847049250951157 -0.016791163393511926 0.026612212424965621 -0.062243892146483265
leaf_weight=150.17843759991229 33.19092452339828 16.485963033512235 74.996749080717564 4.1429295931011429 393.64027239009738 310.59540872648358 347.55499528720975 71.071103572845459 193.56547612696886 735.88852386176586 166.33023883402348 131.50247510522604 30.506596934050322 69.766077013686299 18.931599382311109 40.364457745105028 108.07278849370778 22.195170238614082 2.7800536584109059 13.091071065515278 7.2934388481080523 7.0027036890387597 2.6936631314456454 16.505829934030771 1.6172478646039956 1.6192853748798368 3.4903589561581603 17.74864900670946 1.2735847234725941 3.9490033611655226
leaf_count=7677 624 184 335 55 1973 2320 1723 319 968 4605 943 836 455 494 120 225 1093 214 22 111 88 84 22 191 25 23 49 224 36 36
internal_value=-9.11306e-05 0.00246077 0.00117172 -0.0116827 0.00285676 -0.000896782 -0.00753987 0.00710797 0.02124 0.00240472 0.00942731 -0.00546942 0.0157163 -0.0102543 0.0110207 0.0161687 0.0157155 0.0124925 -0.00534604 0.0147027 -0.0174793 0.029695 0.0159127 0.0218068 0.039394 -0.00711741 0.0438219 -0.0395042 -0.0480549 -0.0250636
internal_weight=2998.05 2846.59 2594.31 300.665 2293.64 1218.12 741.195 1075.52 268.562 806.96 476.926 245.776 252.286 201.269 188.85 44.5074 146.754 130.268 42.0962 15.8711 26.225 63.4357 26.2022 23.5085 37.2335 3.23653 33.997 54.8886 151.452 21.6977
internal_count=26074 18361 15680 2494 13186 6959 3696 6227 1303 4924 3263 1610 2681 1330 1832 280 1491 1307 341 133 208 849 297 275 552 48 504 884 7713 260
is_linear=0
shrinkage=0.05


Tree=65
num_leaves=31
num_cat=0
split_feature=3 8 2 1 4 3 3 4 2 3 9 3 4 4 1 5 4 1 5 4 1 2 5 4 9 9 5 2 10 6
split_gain=138.791 19.0737 15.9022 15.5685 17.5113 12.3399 10.1905 11.44 10.1422 9.12412 9.08261 8.84468 14.0733 9.9796 7.82231 7.54225 10.1894 7.42232 6.50825 5.0935 5.08749 4.50091 4.20259 4.09607 4.00892 3.64794 3.60926 3.4411 2.77085 0.882755
threshold=2.5000000000000004 1.5000000000000002 79.674242424242451 52.500000000000007 1919.5000000000002 10.500000000000002 4.5000000000000009 1353.5000000000002 40.100000000000009 5.5000000000000009 5.5000000000000009 6.5000000000000009 414.50000000000006 1833.5000000000002 222.50000000000003 2.9625719714828631 4274.5000000000009 52.500000000000007 2.0628955696202538 673.50000000000011 72.500000000000014 86.20714285714287 4.3972049084534488 3828.0000000000005 3.5000000000000004 8.5000000000000018 5.4974507795607161 96.041666666666671 1.5000000000000002 1.0000000180025095e-35
decision_type=2 2 2 2 2 2 2 2 2 2 2 2 2 2 2 2 2 2 2 2 2 2 2 2 2 2 2 2 2 2
left_child=28 2 8 11 6 17 7 -5 29 -8 18 12 -3 24 -12 23 -17 26 -10 -19 27 -14 -22 -6 -13 -15 -4 -7 -1 -2
right_child=1 3 5 4 15 20 9 -9 10 -11 14 13 21 25 -16 16 -18 19 -20 -21 22 -23 -24 -25 -26 -27 -28 -29 -30 -31
leaf_value=-0.048528072370668265 -0.028299928313174391 -0.068205118307513732 0.027910203482947038 -0.035499637945740875 0.029390185816412374 0.03283653866993988 0.0041105471880596737 0.0049339218542756918 0.014281594255014549 -0.010977060248842626 0.0090058911441282478 0.015258342456184352 -0.0019493205136737347 -0.0019660356850430961 -0.061048160865449889 -0.0049768472761984126 0.015169282011138105 -0.0073893246402900363 -0.0021571374637134435 0.0080312644976022109 0.021742300320812834 0.048326484662917606 -0.0036868533886345897 -0.014069723875561203 0.035951408668693043 -0.054936697066839138 -0.026782137967529759 -0.042767986475346159 0.024650344601189436 -0.055653099869534865
leaf_weight=143.31351186335087 5.3347074650228006 7.8141379673033944 50.581723650917411 69.026219129562378 38.517342813313007 93.006150744855404 132.54690814763308 23.43235495314002 66.396213877946138 410.6733415722847 455.07400442659855 45.678366601467133 24.833835847675804 11.842384468764068 4.0200216434895983 202.91781750693917 90.86967084184289 69.492944976314902 646.21155354753137 233.40523287653923 56.630599971860647 5.4239551573991767 22.784893848001957 6.309774011373519 48.001304812729359 4.479769740253686 3.2078179940581313 1.5297741815447796 1.3053454309701908 6.5973438005894423
leaf_count=7677 76 82 522 778 230 1356 602 137 341 2197 2462 338 132 84 19 1238 735 486 3425 1585 648 37 251 39 395 29 25 23 36 89
internal_value=-8.8169e-05 0.00234774 0.00566525 -0.00271934 -0.00501507 0.0128575 -0.00990742 -0.0252523 0.00244085 -0.00729565 0.00290791 0.0123861 -0.00838551 0.0195752 0.00839247 0.00416932 0.00125443 0.00753283 -0.000625482 0.00449337 0.0237759 0.00706303 0.0144465 0.0232729 0.0258614 -0.0165043 0.0246485 0.0316131 -0.0478676 -0.0434238
internal_weight=2981.26 2836.64 1714.27 1122.37 974.293 530.639 635.679 92.4586 1183.63 543.22 1171.7 148.074 38.0719 110.002 459.094 338.615 293.787 356.688 712.608 302.898 173.951 30.2578 79.4155 44.8271 93.6797 16.3222 53.7895 94.5359 144.619 11.9321
internal_count=26074 18361 11308 7053 5956 4896 3714 915 6412 2799 6247 1097 251 846 2481 2242 1973 2618 3766 2071 2278 169 899 269 733 113 547 1379 7713 165
is_linear=0
shrinkage=0.05


Tree=66
num_leaves=31
num_cat=0
split_feature=3 0 2 3 3 1 3 3 5 3 5 2 3 3 5 11 3 3 2 5 5 8 5 9 5 5 5 10 4 1
split_gain=131.229 17.6726 16.2459 15.3392 24.2925 30.8911 14.0117 11.9672 14.2783 11.8752 10.2861 7.40854 6.66976 21.2275 17.7975 5.31384 4.88825 10.8602 8.24197 4.33014 4.13526 4.03402 2.95546 4.69941 3.07517 2.91364 6.43373 2.6849 1.62144 2.18574
threshold=2.5000000000000004 1.0000000180025095e-35 70.679487179487197 8.5000000000000018 7.5000000000000009 52.500000000000007 6.5000000000000009 12.500000000000002 4.0897456315981078 6.5000000000000009 3.4244203679681369 38.928571428571438 5.5000000000000009 6.5000000000000009 3.192635542168675 1.0000000180025095e-35 7.5000000000000009 9.5000000000000018 56.788888888888899 4.3972049084534488 3.7713218212971138 1.0000000180025095e-35 2.5684023558006923 6.5000000000000009 1.9767741548789262 4.4732258206820061 3.7155352699629063 1.5000000000000002 874.50000000000011 77.500000000000014
decision_type=2 2 2 2 2 2 2 2 2 2 2 2 2 2 2 2 2 2 2 2 2 2 2 2 2 2 2 2 2 2
left_child=27 2 11 4 6 -6 -4 10 -9 21 -5 28 14 -14 -13 16 18 -18 -11 20 -17 22 24 -24 -3 26 -23 -1 -2 -30
right_child=1 9 3 7 5 -7 -8 8 -10 15 -12 12 13 -15 -16 19 17 -19 -20 -21 -22 25 23 -25 -26 -27 -28 -29 29 -31
leaf_value=-0.04836529838886864 -0.048862632984179324 0.013360637488710719 0.0010099917684661258 0.009191639638416127 0.020633882472814748 -0.050932751549583578 0.017767949078750393 0.010091694731958194 -0.023614318232750588 0.063288384242359649 0.023253056232447916 -0.0084617798121275536 -0.029083645514043611 -0.00022964192195496684 0.015398057596347778 -0.019015525499670279 -0.023781330695267305 0.0037758555304114429 0.0058272100617469159 -0.053045172581223349 0.028341994630040359 -0.034277239642862369 -0.013161948219271996 0.029642680311260373 -0.041077398495896575 -0.060520164990101301 0.00681027993741329 0.022876783844002851 0.0066287929774366122 -0.056048641106472979
leaf_weight=136.77137897536159 9.1527643352746946 3.3483864460140458 499.11478861421347 254.14823411032557 22.941747844219208 43.991283565759659 166.29487256705761 111.04783443361521 43.817121647298336 7.5983016118407241 266.36668541654944 133.56986234895885 71.128845527768135 613.80355116724968 188.39039123430848 27.390385199338198 46.419980816543102 155.57924213632941 34.923172250390053 7.5424538180232039 5.5423662289977065 46.074687156826258 24.587313974276185 8.6742884665727598 11.517683189362286 6.735732562839984 12.011372044682501 1.3354099094867695 3.9296951517462722 2.1530660316348076
leaf_count=7677 155 24 2905 2318 181 201 1073 986 309 35 2949 904 308 2746 1016 129 218 911 154 36 29 344 132 45 83 39 66 36 40 25
internal_value=-8.55974e-05 0.00223869 0.00383832 0.00732206 0.00230985 -0.0264028 0.00519803 0.012757 0.000554996 -0.00752861 0.0163874 -0.000959654 -0.000436028 -0.00322607 0.00549946 -0.00209107 0.000686669 -0.00255686 0.0160951 -0.0188721 -0.0110456 -0.0212487 -0.0102824 -0.00199894 -0.0288159 -0.0293907 -0.0257809 -0.0476764 -0.0355653 -0.0155566
internal_weight=2965.9 2827.8 2429.85 1407.72 732.343 66.933 665.41 675.38 154.865 397.945 520.515 1022.13 1006.89 684.932 321.96 284.996 244.521 201.999 42.5215 40.4752 32.9328 112.949 48.1277 33.2616 14.8661 64.8218 58.0861 138.107 15.2355 6.08276
internal_count=26074 18361 16116 10922 4360 382 3978 6562 1295 2245 5267 5194 4974 3054 1920 1512 1318 1129 189 194 158 733 284 177 107 449 410 7713 220 65
is_linear=0
shrinkage=0.05


Tree=67
num_leaves=31
num_cat=0
split_feature=3 8 2 1 4 3 2 4 4 5 3 4 4 5 3 5 4 5 1 5 2 2 4 9 9 10 9 3 0 2
split_gain=124.078 17.1015 14.6012 13.7123 15.5097 11.4861 10.2661 10.585 8.35233 16.2324 7.85378 13.065 9.18112 7.80637 6.93234 6.54911 6.46036 4.94764 6.033 4.39672 4.18475 3.98822 3.97533 3.85457 3.85379 2.60541 2.44083 1.5463 1.47987 0.963372
threshold=2.5000000000000004 1.5000000000000002 87.031250000000014 52.500000000000007 3015.5000000000005 23.500000000000004 52.033333333333339 1178.5000000000002 462.50000000000006 2.2392835272504601 6.5000000000000009 414.50000000000006 1592.5000000000002 5.9740629161764138 4.5000000000000009 3.9835988151897808 5026.0000000000009 3.9261982570806104 147.50000000000003 2.250342465753425 86.20714285714287 91.023809523809533 230.50000000000003 1.5000000000000002 2.5000000000000004 1.5000000000000002 5.5000000000000009 7.5000000000000009 1.0000000180025095e-35 79.964285714285737
decision_type=2 2 2 2 2 2 2 2 2 2 2 2 2 2 2 2 2 2 2 2 2 2 2 2 2 2 2 2 2 2
left_child=25 2 5 10 8 6 7 -2 14 -10 11 -3 22 -8 -5 24 -17 18 19 -4 -13 -20 -12 -14 -6 29 28 -28 -19 -1
right_child=1 3 17 4 15 -7 13 -9 9 -11 12 20 23 -15 -16 16 -18 26 21 -21 -22 -23 -24 -25 -26 -27 27 -29 -30 -31
leaf_value=-0.049604728822944623 -0.021334762790647596 -0.066707154591781448 0.041909313457768362 -0.050241367631117965 0.0036919973387284722 -0.082930345474510961 0.0055333702289466951 0.013017157331607713 0.017380306872459766 -0.0080632746671712285 -0.0049062906144343903 -0.0018809214177569586 -0.055896345118518626 -0.020870624014369687 -0.014621531362347135 -0.008365559751103346 0.015431849869759692 0.016705682329915875 -0.0046758421560746935 0.011709336098700777 0.047041134012019759 -0.077862940236734984 0.02923582694332244 -0.0010375817260640688 0.030577871278763331 0.021267457802698644 0.028021318863245999 0.049653283736726374 0.052117391297531582 -0.035070329158865272
leaf_weight=117.91624161601067 75.062513213604689 7.5787151083350173 13.662761596962808 15.050846816971896 19.747270621359348 3.8225372433662406 1370.161415591836 31.978390328586102 70.605925355106592 558.7899435274303 9.5706020630896074 24.807176262140278 3.9778469949960735 28.576869037002325 147.76672231405973 68.046590283513069 49.095946125686169 32.397865630686283 5.751425037160514 102.22097428515553 5.3061768263578406 2.752183124423027 78.092802882194519 16.41740383207798 41.004604406654835 1.36387538909912 16.587846431881189 16.457341346889734 3.2459192648529998 12.621214261278508
leaf_count=6962 517 82 161 356 127 18 8260 170 388 3157 48 132 27 165 730 467 414 378 44 1150 37 18 657 114 317 36 118 281 28 715
internal_value=-8.3061e-05 0.00213507 0.00528799 -0.00267595 -0.00482435 0.00363209 0.00385184 -0.0110722 -0.00782021 -0.005209 0.0116237 -0.00802838 0.0184786 0.00499392 -0.0179142 0.00851704 0.00160824 0.0182349 0.012287 0.0152699 0.00673948 -0.0283628 0.0255084 -0.0117371 0.0218387 -0.0474812 0.0290057 0.0387946 0.0199305 -0.0481994
internal_weight=2950.44 2818.54 1702.68 1115.86 970.108 1509.6 1505.78 107.041 792.213 629.396 145.751 37.6921 108.059 1398.74 162.818 177.894 117.143 193.076 124.387 115.884 30.1134 8.50361 87.6634 20.3953 60.7519 131.901 68.689 33.0452 35.6438 130.537
internal_count=26074 18361 11308 7053 5956 9130 9112 687 4631 3545 1097 251 846 8425 1086 1325 881 2178 1373 1311 169 62 705 141 444 7713 805 399 406 7677
is_linear=0
shrinkage=0.05


Tree=68
num_leaves=31
num_cat=0
split_feature=3 9 4 2 4 6 3 3 1 5 11 2 4 4 8 2 5 7 5 10 7 5 7 2 4 5 4 4 4 5
split_gain=117.31 16.4772 13.9265 12.3527 10.2296 10.173 14.7854 14.3933 8.3216 8.26478 6.84717 6.79078 6.11443 8.16276 5.48771 4.5823 3.77123 3.11338 2.94739 2.53157 2.51152 1.65198 1.23849 0.991427 1.25928 0.92867 0.893526 4.5027 0.353892 2.8358
threshold=2.5000000000000004 2.5000000000000004 133.50000000000003 63.035714285714292 6225.5000000000009 1.0000000180025095e-35 4.5000000000000009 11.500000000000002 72.500000000000014 2.217566619915849 1.0000000180025095e-35 56.392307692307703 64.500000000000014 172.50000000000003 3.5000000000000004 38.928571428571438 1.7049805722359592 2.5000000000000004 1.8071696582496706 1.5000000000000002 1.0000000180025095e-35 6.3712274973526304 1.5000000000000002 79.964285714285737 29.500000000000004 5.0541785665714682 376.50000000000006 421.50000000000006 512.50000000000011 2.6735767991407093
decision_type=2 2 2 2 2 2 2 2 2 2 2 2 2 2 2 2 2 2 2 2 2 2 2 2 2 2 2 2 2 2
left_child=19 4 16 14 8 6 -5 -7 12 11 -11 -10 -2 -14 15 -4 22 -6 -18 23 -20 25 -3 28 -25 -19 -26 -28 -1 -30
right_child=1 2 3 5 17 7 -8 -9 9 10 -12 -13 13 -15 -16 -17 18 21 20 -21 -22 -23 -24 24 26 -27 27 -29 29 -31
leaf_value=-0.050348802683724693 0.053295157550826845 -0.044097211130439073 -0.038198312624993812 -0.016608313679841624 -0.0091267517589104646 -0.00066509444205935329 0.014338759821235423 0.012729827649382928 -0.030670693917208582 -0.011552739133997479 -0.035383714754670399 0.016776615762014307 -0.029311137249483189 8.6182235163286626e-05 0.057044694649024466 -0.0021815758779402919 0.023158315620655623 0.033009374786994235 0.011082798839921309 0.019802209588246848 -0.031320166588527147 -0.00047508497297782881 -0.096575530365697312 0.039085238608036262 -0.050869495804188841 0.057295204550445337 0.098169072542870828 -0.040297498124042791 0.030667024816646956 -0.05083438650785941
leaf_weight=102.96883171051741 5.1666788458824149 2.3897397667169562 9.0247681979089958 41.411358948796988 4.9391651339828995 593.6786187812686 567.54992122203112 302.85651328414679 9.3207035940140468 230.50322766788304 34.676089992746711 39.497374292463064 24.852032007649541 473.85276709683239 3.8458714596927157 411.53952910937369 3.5259970221668473 13.198025878518825 4.0710981208831098 1.3908327966928471 24.553200013935566 2.8696871362626544 2.1230986174196005 0.555057717487215 6.2497930973768216 5.6093923263251773 0.67039707675576199 4.726142942905426 1.2269725948572148 8.2013431340455991
leaf_count=6378 39 13 134 353 39 3499 4122 2672 59 1349 193 228 159 3023 19 2000 26 107 28 36 189 27 30 29 372 53 35 279 76 508
internal_value=-8.06637e-05 0.00203484 0.00454336 0.0051233 -0.0038068 0.00724721 0.0122343 0.00385981 -0.00479954 -0.0111885 -0.014669 0.00771763 -0.000818154 -0.00137878 -0.00241076 -0.00295445 -0.025984 0.0266983 -0.019976 -0.0472815 -0.0252894 0.034861 -0.068786 -0.0480303 -0.0344935 0.0402527 -0.0380002 -0.0230962 -0.0494998 -0.040228
internal_weight=2937.04 2811.05 1966.57 1929.91 844.485 1505.5 608.961 896.535 817.869 313.997 265.179 48.8181 503.871 498.705 424.41 420.564 36.6631 26.6163 32.1503 125.989 28.6243 21.6771 4.51284 124.599 12.2014 18.8074 11.6463 5.39654 112.397 9.42832
internal_count=26074 18361 13085 12799 5276 10646 4475 6171 5050 1829 1542 287 3221 3182 2153 2134 286 226 243 7713 217 187 43 7677 715 160 686 314 6962 584
is_linear=0
shrinkage=0.05


Tree=69
num_leaves=31
num_cat=0
split_feature=3 8 2 1 3 3 4 9 3 4 5 3 4 1 2 3 4 4 4 3 2 4 5 4 5 5 6 10 0 2
split_gain=110.918 15.4687 13.2886 12.3167 13.9753 15.6808 16.1676 10.4981 10.4365 9.72834 11.5435 9.42994 9.25895 7.86294 7.18277 7.05906 12.3303 8.70431 6.61636 6.08481 5.6654 4.6269 4.23152 3.93436 3.29956 6.6938 2.78984 2.46272 1.402 1.01838
threshold=2.5000000000000004 1.5000000000000002 87.683333333333351 52.500000000000007 9.5000000000000018 7.5000000000000009 462.50000000000006 1.0000000180025095e-35 23.500000000000004 924.50000000000011 2.7695807084581232 10.500000000000002 189.50000000000003 117.50000000000001 67.976190476190496 6.5000000000000009 627.50000000000011 3423.0000000000005 6037.0000000000009 12.500000000000002 86.20714285714287 4697.0000000000009 2.7695807084581232 5424.5000000000009 2.5319272493636795 2.8289066739012485 1.0000000180025095e-35 1.5000000000000002 1.0000000180025095e-35 79.964285714285737
decision_type=2 2 2 2 2 2 2 2 2 2 2 2 2 2 2 2 2 2 2 2 2 2 2 2 2 2 2 2 2 2
left_child=27 2 8 15 5 6 -5 19 9 11 -11 -2 -7 24 -9 16 26 22 21 -6 -18 -15 -17 -19 28 -26 -3 29 -4 -1
right_child=1 3 13 4 7 12 -8 14 -10 10 -12 -13 -14 18 -16 17 20 23 -20 -21 -22 -23 -24 -25 25 -27 -28 -29 -30 -31
leaf_value=-0.049394170311364151 -0.0038179111455422009 -0.067649572996632337 0.049788887688501378 -0.025909806371834918 -0.010381264885566906 0.022350051842294053 -0.0015696176670408756 -0.0045662420252888056 -0.079190809690474595 0.018033601117709418 0.0040840070053252088 0.01442990741919479 -0.032142732574302335 -0.0016841968919158743 0.01068335494840621 0.0026849473082010689 0.0020452526542959096 -0.063394520555796974 0.057847596737520691 -0.0546962507803802 0.065754858247492498 -0.075860110291449193 0.027301006394482866 0.0076637766051875422 -0.016987686489912442 0.025546492874007933 -0.02014569258248507 0.018464051684189242 0.0052048750681832102 -0.033922651249534468
leaf_weight=107.14228242821991 514.02908079139888 7.3715018108487111 15.6870299205184 82.723293375223875 37.415274396538734 8.5130326449871045 389.24560899287462 116.03539042919874 3.8092674612998954 185.64535951241851 737.32407278195024 82.107990454882383 92.436645593494177 39.483530906960368 230.81925999373198 22.681970283389091 20.428641103208069 4.5209441259503356 4.5526343733072272 9.7685376107692701 4.2083130776882163 2.2205863408744326 75.804424125701189 3.4227814897894859 10.237345602363346 95.89804720133543 5.322234096005559 1.4163674265146244 1.9866164214909066 11.808429945260285
leaf_count=6962 3008 70 212 665 226 37 2078 507 18 1101 4636 586 476 341 1911 146 104 31 57 56 33 26 646 23 132 1173 44 36 18 715
internal_value=-7.87776e-05 0.00193896 0.00494717 -0.00264621 -0.00467637 -0.00966143 -0.00583579 0.00257172 0.00346685 0.00367412 0.00688982 -0.00130458 -0.0275474 0.0182032 0.00558181 0.011009 -0.00769877 0.0175708 0.000614116 -0.0195559 0.0129277 -0.00563378 0.0216318 -0.032777 0.0247747 0.0214438 -0.0477321 -0.0470779 0.0447774 -0.0478583
internal_weight=2924.07 2803.7 1692.98 1110.72 966.957 572.919 471.969 394.038 1522.92 1519.11 922.969 596.137 100.95 170.066 346.855 143.761 37.3307 106.43 46.2568 47.1838 24.637 41.7041 98.4864 7.94373 123.809 106.135 12.6937 120.367 17.6736 118.951
internal_count=26074 18361 11308 7053 5956 3256 2743 2700 9349 9331 5737 3594 513 1959 2418 1097 251 846 424 282 137 367 792 54 1535 1305 114 7713 230 7677
is_linear=0
shrinkage=0.05


Tree=70
num_leaves=31
num_cat=0
split_feature=3 0 1 4 3 3 5 2 3 11 1 1 6 7 7 4 5 4 4 5 7 6 3 4 7 9 7 4 5 7
split_gain=104.861 15.0556 14.3158 17.4062 13.2002 18.7349 13.0213 10.7359 10.2854 9.96813 9.72128 14.4475 6.87961 5.72121 5.72 5.44234 4.70813 9.07466 6.84851 4.98987 4.19047 3.76267 10.5512 5.7113 3.72346 3.69365 6.23577 3.92513 3.31045 3.06903
threshold=2.5000000000000004 1.0000000180025095e-35 82.500000000000014 3893.5000000000005 13.500000000000002 15.500000000000002 6.138655058293625 86.511904761904773 6.5000000000000009 1.0000000180025095e-35 172.50000000000003 92.500000000000014 1.0000000180025095e-35 1.0000000180025095e-35 2.5000000000000004 209.50000000000003 2.783232931726908 1369.5000000000002 3319.0000000000005 5.9740629161764138 2.5000000000000004 1.0000000180025095e-35 4.5000000000000009 172.50000000000003 2.5000000000000004 8.5000000000000018 5.5000000000000009 704.50000000000011 4.7793898552961567 6.5000000000000009
decision_type=2 2 2 2 2 2 2 2 2 2 2 2 2 2 2 2 2 2 2 2 2 2 2 2 2 2 2 2 2 2
left_child=-1 2 3 6 28 -6 7 -2 21 10 11 -4 -8 -11 -15 -12 17 20 29 -20 -10 22 -3 -24 -19 27 -27 -23 -5 -18
right_child=1 8 9 4 5 -7 12 -9 16 13 15 -13 -14 14 -16 -17 18 24 19 -21 -22 25 23 -25 -26 26 -28 -29 -30 -31
leaf_value=-0.046868169143278827 0.0033304725219962905 -0.056809313973036984 -0.0086010018075497116 0.035176368977816612 -0.079870976102892524 0.012652194197985678 0.003487309760676207 0.017219902011197743 0.018621394439867187 0.015025433386763008 0.044886688923278337 0.0068481718341688513 -0.062105849559078975 -0.071414706892027918 -0.019821774482825155 -0.023529556894554025 -0.021566005426569917 0.0012448725060336084 0.013309471652406191 -0.046392266547779372 -0.0067886263316125489 -0.054880180761079513 -0.049801046517415938 0.0065886934508667047 0.043052222905262727 -0.040104818092447127 0.046830544007176955 -0.024547851228810081 0.018176812258645984 -0.0043991408947992808
leaf_weight=115.00053290650249 1264.7379046510905 10.032725136727093 232.72299756854773 81.637633044272661 6.8328456953167906 27.457636773586273 6.221908751875163 156.32181649841368 20.202793426811695 10.728464916348456 3.0692969691008321 432.6850750874728 11.181291673332453 5.8749778363853684 62.779768889769912 54.885582409799099 66.208824440836906 7.4368506371974972 41.610227130353451 3.8213133402168742 82.413092788308859 15.591664686799048 5.0801078975200644 38.675085119903088 18.761333003640175 4.2593353278934938 3.9996525496244431 33.757472820580006 44.113756954669952 42.907404087483883
leaf_count=7713 7756 162 1479 806 44 241 43 1770 99 58 18 2687 61 40 369 296 339 37 261 23 413 145 24 172 104 22 26 182 448 236
internal_value=-7.58149e-05 0.00184877 0.0033364 0.00607224 0.0217144 -0.00578431 0.00433191 0.00485836 -0.00720028 -0.00211147 -0.00026572 0.0014449 -0.0386553 -0.0189305 -0.0242367 -0.0199062 -0.00213994 0.00491955 -0.00802396 0.00828787 -0.00178596 -0.0200724 -0.0105624 4.16771e-05 0.0311844 -0.0289518 0.00199613 -0.0341312 0.0292129 -0.0148155
internal_weight=2911.01 2796.01 2401.25 1598.5 160.042 34.2905 1438.46 1421.06 394.758 802.746 723.363 665.408 17.4032 79.3832 68.6547 57.9549 283.362 128.814 154.548 45.4315 102.616 111.396 53.7879 43.7552 26.1982 57.6081 8.25899 49.3491 125.751 109.116
internal_count=26074 18361 16116 11169 1539 285 9630 9526 2245 4947 4480 4166 104 467 409 314 1512 653 859 284 512 733 358 196 141 375 48 327 1254 575
is_linear=0
shrinkage=0.05


Tree=71
num_leaves=31
num_cat=0
split_feature=3 9 4 6 3 3 3 5 3 4 1 5 2 3 10 4 4 5 7 4 9 10 5 2 4 4 4 5 8 4
split_gain=99.1149 14.2621 12.1567 11.2555 18.4587 21.9703 16.9926 21.6888 9.34045 9.10745 6.84019 7.30799 6.17571 6.11004 5.80178 5.73868 7.07134 3.50481 2.84537 2.71657 3.04962 2.51233 1.5584 1.09634 1.27119 0.972772 4.24852 0.916686 0.72836 0.402495
threshold=2.5000000000000004 2.5000000000000004 133.50000000000003 1.0000000180025095e-35 4.5000000000000009 5.5000000000000009 11.500000000000002 3.12496634356489 13.500000000000002 6225.5000000000009 72.500000000000014 2.217566619915849 56.392307692307703 10.500000000000002 1.0000000180025095e-35 64.500000000000014 172.50000000000003 1.7049805722359592 2.5000000000000004 43.500000000000007 4.5000000000000009 1.5000000000000002 6.3712274973526304 79.964285714285737 29.500000000000004 376.50000000000006 421.50000000000006 5.0541785665714682 1.0000000180025095e-35 512.50000000000011
decision_type=2 2 2 2 2 2 2 2 2 2 2 2 2 2 2 2 2 2 2 2 2 2 2 2 2 2 2 2 2 2
left_child=21 9 17 4 14 -6 7 -5 -8 10 15 12 -12 -13 -4 -2 -17 28 -11 -19 -21 23 27 29 -25 -26 -27 -20 -3 -1
right_child=1 2 3 6 5 -7 8 -9 -10 18 11 13 -14 -15 -16 16 -18 19 22 20 -22 -23 -24 24 25 26 -28 -29 -30 -31
leaf_value=-0.050160854408847134 0.051280796617236592 -0.046217931908492244 -0.0078373314670048249 0.0069633816615596996 0.026950938555794599 0.0064656251286843887 0.016174812273368321 -0.010026553544135829 -0.00036761325907882776 -0.0087101039678085853 -0.029419072457704955 -0.01981624441821252 0.016113414981143128 -0.004294847254047573 -0.044025716293316357 -0.027587474957967279 -0.00016895814709628682 0.032121408630190057 0.031601896137016153 -0.048370073845009527 -0.012779552710519525 0.020391314748151118 -0.00089397010056962024 0.042812492047729016 -0.050762233709356043 0.095682192570529873 -0.038882550038176478 0.056217993118819781 -0.086867703300035362 -0.03862641672097003
leaf_weight=89.326389273628592 5.1966665871441355 2.2255847286432973 31.678066298365593 328.27390867844224 171.39534704387188 553.76187079027295 238.93105279654264 439.10045958869159 132.73699885606766 4.9361624158918884 9.1937462631612998 160.04611490853131 39.19755495339632 105.00385742634535 17.029419738799334 24.749840907752514 471.4971419852227 2.4220662526786354 12.838084060698753 8.4318934641778487 21.032254470512271 1.3798716813325871 2.8525422662496558 0.53323485888540645 5.501988932490347 0.68168223835527886 4.2036636220291257 5.3614483140408984 2.1827158983796835 8.2628533318638784
leaf_count=6378 39 19 308 1976 886 3984 2106 2496 877 39 59 881 228 661 166 159 3023 23 107 67 153 36 27 29 372 35 279 53 24 584
internal_value=-7.33345e-05 0.00176115 0.00410911 0.00465301 0.00930612 0.0113075 0.00149169 -0.00275846 0.0102669 -0.00368158 -0.00461085 -0.010405 0.00746281 -0.0136672 -0.0204897 -0.000989064 -0.00153643 -0.0245575 0.0254566 -0.0187803 -0.0229647 -0.0466505 0.0334678 -0.047503 -0.0324789 -0.036344 -0.0201059 0.0388536 -0.0663452 -0.0491842
internal_weight=2899.96 2790.07 1949.2 1912.91 773.865 725.157 1139.04 767.374 371.668 840.873 814.885 313.441 48.3913 265.05 48.7075 501.444 496.247 36.2945 25.9882 31.8862 29.4641 109.89 21.0521 108.51 10.9206 10.3873 4.88535 18.1995 4.4083 97.5892
internal_count=26074 18361 13085 12799 5344 4870 7455 4472 2983 5276 5050 1829 287 1542 474 3221 3182 286 226 243 220 7713 187 7677 715 686 314 160 43 6962
is_linear=0
shrinkage=0.05


Tree=72
num_leaves=31
num_cat=0
split_feature=3 8 2 1 4 3 2 3 4 3 3 9 5 4 1 3 4 4 5 1 9 5 10 5 5 5 4 2 10 2
split_gain=93.6934 13.982 12.0966 11.0608 12.6995 10.557 8.34984 8.33527 10.4565 8.59604 8.0282 7.71392 7.11878 7.38337 6.57041 6.30714 11.5626 8.34386 4.96973 4.68586 4.27668 4.20177 4.03462 3.77873 3.67058 3.43566 3.39381 3.32843 2.44053 1.12338
threshold=2.5000000000000004 1.5000000000000002 79.674242424242451 52.500000000000007 1919.5000000000002 10.500000000000002 40.100000000000009 4.5000000000000009 1353.5000000000002 5.5000000000000009 21.500000000000004 5.5000000000000009 2.9625719714828631 4274.5000000000009 52.500000000000007 6.5000000000000009 414.50000000000006 1592.5000000000002 2.0994619768013658 72.500000000000014 4.5000000000000009 4.3972049084534488 1.0000000180025095e-35 3.12496634356489 3.2242677606979648 4.8373038381546616 230.50000000000003 96.041666666666671 1.5000000000000002 79.964285714285737
decision_type=2 2 2 2 2 2 2 2 2 2 2 2 2 2 2 2 2 2 2 2 2 2 2 2 2 2 2 2 2 2
left_child=28 2 6 15 7 14 -2 8 -5 -9 11 -8 22 -14 25 16 -3 26 -16 27 -18 -21 -6 -12 -19 -4 -17 -7 29 -1
right_child=1 3 5 4 12 19 10 9 -10 -11 23 -13 13 -15 18 17 20 24 -20 21 -22 -23 -24 -25 -26 -27 -28 -29 -30 -31
leaf_value=-0.049074364308887335 -0.041848750055824863 -0.06441341983296571 0.027852827207519221 -0.033217823634304942 0.035392379229545905 0.030654146222893669 -0.00072669207814125727 0.0046560046092226368 0.0057691261555502873 -0.010039107579052395 -0.0023574478682267417 0.0076747319273212091 -0.0048380491508932064 0.012580803596935655 0.023108279606829422 -0.0045759909576574397 -0.014084016138830322 -0.052790316844053234 0.0010819334212604104 0.019872840877866602 0.023968628329486718 -0.0060549747531274886 0.0048987183749001385 -0.063983707892242919 -0.0010512114214704191 -0.0089524717355499057 0.027086997844870443 -0.044463268361562613 0.019002525764379007 -0.031886347168620661
leaf_weight=93.032884353771806 10.882863502949474 7.1729438770562401 43.986867643892765 65.535726182162762 24.713991645723581 85.720612272620201 699.76173962466419 131.54607563093305 23.317547038197517 408.70740384235978 3.9605463296174985 448.22498423792422 201.26234460994601 87.190097346901894 28.3098210003227 9.539585452526806 13.769093770533802 4.3694577738642719 268.40009887330234 54.080383025109768 15.922062233090399 21.9751309864223 19.332847576588392 6.6877198368310928 15.909246023744343 7.4084921441972247 74.989099834114313 1.5004938431084145 1.4059843271970738 10.588315763510762
leaf_count=6962 165 82 483 778 145 1356 3735 602 137 2197 20 2460 1238 735 221 48 80 30 1850 648 89 251 124 32 111 64 657 23 36 715
internal_value=-7.13365e-05 0.00167745 0.00454809 -0.00269611 -0.00461771 0.0109626 0.0017433 -0.00879503 -0.0229866 -0.006461 0.00215275 0.0025536 0.00328601 0.000427122 0.00604247 0.0103469 -0.0074416 0.0166037 0.00318352 0.0214522 0.00632194 0.0123814 0.0220082 -0.0410623 -0.0121995 0.0225475 0.0235136 0.0293619 -0.0464302 -0.047318
internal_weight=2889.2 2784.18 1680.9 1103.28 961.606 511.382 1169.52 629.107 88.8533 540.253 1158.63 1147.99 332.499 288.452 348.105 141.671 36.8641 104.807 296.71 163.277 29.6912 76.0555 44.0468 10.6483 20.2787 51.3954 84.5287 87.2211 105.027 103.621
internal_count=26074 18361 11308 7053 5956 4896 6412 3714 915 2799 6247 6195 2242 1973 2618 1097 251 846 2071 2278 169 899 269 52 141 547 705 1379 7713 7677
is_linear=0
shrinkage=0.05


Tree=73
num_leaves=31
num_cat=0
split_feature=3 0 1 4 3 3 5 4 3 2 3 11 6 11 5 3 4 5 5 8 5 5 5 1 3 2 10 2 0 4
split_gain=88.554 13.223 12.2615 15.299 12.2387 16.4267 11.6744 10.5091 9.21966 9.21465 8.98479 8.71525 6.03077 4.65628 4.55737 10.8015 8.13494 3.84593 3.7562 3.30724 3.19565 2.907 5.71401 2.64966 3.52209 3.39944 2.37314 1.15222 1.29949 1.10075
threshold=2.5000000000000004 1.0000000180025095e-35 82.500000000000014 3893.5000000000005 13.500000000000002 15.500000000000002 6.138655058293625 616.50000000000011 6.5000000000000009 44.535714285714292 21.500000000000004 1.0000000180025095e-35 1.0000000180025095e-35 1.0000000180025095e-35 3.12496634356489 11.500000000000002 1267.5000000000002 4.3972049084534488 3.7713218212971138 1.0000000180025095e-35 4.7793898552961567 4.4732258206820061 3.7155352699629063 92.500000000000014 5.5000000000000009 51.379807692307701 1.5000000000000002 79.964285714285737 1.5000000000000002 376.50000000000006
decision_type=2 2 2 2 2 2 2 2 2 2 2 2 2 2 2 2 2 2 2 2 2 2 2 2 2 2 2 2 2 2
left_child=26 2 3 6 20 -6 7 -2 19 -4 11 -11 -8 14 16 -16 -10 18 -15 23 -5 22 -21 25 -25 -3 27 -1 29 -29
right_child=1 8 9 4 5 -7 12 -9 13 10 -12 -13 -14 17 15 -17 -18 -19 -20 21 -22 -23 -24 24 -26 -27 -28 28 -30 -31
leaf_value=-0.048962577649143878 -0.0022488052773474735 -0.05942586435162947 -0.039555043953232644 0.033784293138666613 -0.074154308801035351 0.01163550613838156 0.0029497616870338837 0.0072138680047941182 -0.00067503733604376537 0.00087024994016631602 -0.073604755562881999 -0.016816626448324514 -0.058583854414093431 -0.018054094810156334 -0.026339022703030086 0.0056989462332062406 0.027463468673563585 -0.050236006806227751 0.027353875062849899 -0.031339703512123493 0.016852835641534874 -0.058407663873575093 0.0077649691006852224 -0.040995889018510111 0.01022398343353279 0.0038777922686433416 0.017732082291806391 -0.050724821511668051 0.046012663198929486 -0.016988382983933886
leaf_weight=88.692617038264871 416.07862251903862 2.2881081756204393 16.047532584518194 78.925576817244291 7.0354189574718466 26.968876931816339 6.1673944890499124 995.23087364062667 97.475317735224962 702.05112832412124 4.2708027660846701 77.320218740031123 11.236619483679533 27.353225156664848 43.667737908661366 66.178439863026142 34.875915579497814 7.4737791344523421 5.4641086384654036 44.193745237775147 43.079561326652765 6.4958147704601279 11.845563119277356 11.269796507433059 4.7798367626965037 28.995459435507655 1.4307212680578221 5.3101327642798388 0.51658268272876817 4.4391349358484149
leaf_count=6962 2856 20 155 806 44 241 43 6670 499 4328 21 443 61 129 222 408 189 36 29 344 448 39 66 88 22 154 36 380 35 300
internal_value=-6.89506e-05 0.00159893 0.00299857 0.0055456 0.0204125 -0.00611423 0.00392219 0.00442411 -0.00690686 -0.00204882 -0.00128076 -0.000884438 -0.0367784 -0.00212692 0.000491318 -0.00703728 0.00673975 -0.0178656 -0.0104936 -0.0191968 0.0278059 -0.0267441 -0.0230738 -0.00922568 -0.0257418 -0.000752294 -0.0462027 -0.047127 -0.0312687 -0.0353636
internal_weight=2877.16 2776.77 2384.41 1584.72 156.009 34.0043 1428.71 1411.31 392.357 799.69 783.642 779.371 17.404 282.489 242.197 109.846 132.351 40.2911 32.8173 109.868 122.005 62.5351 56.0393 47.3332 16.0496 31.2836 100.389 98.9585 10.2659 9.74927
internal_count=26074 18361 16116 11169 1539 285 9630 9526 2245 4947 4792 4771 104 1512 1318 630 688 194 158 733 1254 449 410 284 110 174 7713 7677 715 680
is_linear=0
shrinkage=0.05


Tree=74
num_leaves=31
num_cat=0
split_feature=3 2 3 5 6 3 5 5 3 3 4 1 7 4 5 4 3 4 1 9 3 5 3 4 10 4 9 2 4 4
split_gain=83.688 12.8388 14.4525 18.7978 12.5491 27.1667 32.8061 25.061 40.5402 15.0621 12.7822 10.022 7.11243 5.62357 5.45354 6.26979 5.60132 5.26996 3.10066 3.11685 6.78221 3.10153 2.70795 3.72614 2.30971 2.17827 1.32583 1.18034 1.26308 1.003
threshold=2.5000000000000004 88.035714285714292 4.5000000000000009 2.5424447270374588 1.0000000180025095e-35 5.5000000000000009 2.783232931726908 2.7274423337856177 11.500000000000002 6.5000000000000009 1178.5000000000002 52.500000000000007 7.5000000000000009 3319.0000000000005 2.033573334560177 209.50000000000003 14.500000000000002 462.50000000000006 82.500000000000014 9.5000000000000018 13.500000000000002 5.8327505827505837 15.500000000000002 4697.0000000000009 1.5000000000000002 1250.5000000000002 8.5000000000000018 79.964285714285737 29.500000000000004 376.50000000000006
decision_type=2 2 2 2 2 2 2 2 2 2 2 2 2 2 2 2 2 2 2 2 2 2 2 2 2 2 2 2 2 2
left_child=24 2 3 25 5 6 -4 10 -9 -7 -6 17 -13 14 -3 -16 -17 -5 19 21 -21 -15 23 -20 27 26 -2 -1 -29 -30
right_child=1 13 4 11 7 9 -8 8 -10 -11 -12 12 -14 18 15 16 -18 -19 22 20 -22 -23 -24 -25 -26 -27 -28 28 29 -31
leaf_value=-0.048848656270440528 -0.04708217814734756 0.053150701508002551 -0.0083629397746210598 -0.037866377172787687 0.0030034905304133375 -0.020929150867188773 0.030920859271992993 -0.016692368963496872 0.0053031706491583307 0.0033561134667322457 0.023404230039832899 -0.0034977004055899695 -0.022474627911319073 0.047184846790040133 -0.067331868444389778 0.0094262880583358064 -0.044501298908212132 0.021330346074056521 0.030412404398249316 0.054103413401762182 -0.097266851111083186 -0.0044231643393337671 0.040741676834020489 -0.01576380131643482 0.016566840577190208 -0.096737886684703983 -0.0049120486168908149 0.045206724962084145 -0.050670447645391317 -0.01806341648635262
leaf_weight=84.558873180299997 25.499052953906364 6.5362597852945319 74.159832946956158 4.1440962590277186 240.77469187229872 70.081244967877865 187.55305714905262 445.8219728320837 395.17487797886133 717.73426473513246 112.72948282212019 140.41974680870771 76.151567660272121 26.173851389437917 2.8191175665706387 164.79488969407976 4.9600597396492949 40.531631167978048 7.3670372776687207 1.6948975101113313 1.3134572170674799 3.2756018973886958 6.4582214280962935 10.734709423035381 1.4541590809822071 2.1079753637313834 2.0108634550124398 0.52008458971977134 4.8548916149884445 4.5864012446254492
leaf_count=6962 571 72 335 67 1218 319 968 2224 2873 4605 644 977 596 455 28 1671 61 230 86 31 17 49 75 136 36 16 37 29 372 314
internal_value=-6.69566e-05 0.00152286 0.000484118 -0.0100024 0.00184335 0.0058323 0.0197893 -0.00166148 -0.00635691 0.00119578 0.00950911 -0.00572252 -0.0101704 0.012674 0.00832038 0.00662242 0.00785058 0.0158393 0.0263499 0.0364924 -0.0119853 0.0414446 0.0129458 0.00302896 -0.0459688 -0.0477532 -0.0439997 -0.0469309 -0.0306518 -0.0348306
internal_weight=2867 2771.02 2534.89 290.865 2244.03 1049.53 261.713 1194.5 840.997 787.816 353.504 261.247 216.571 236.128 179.11 172.574 169.755 44.6757 57.0178 32.4578 3.00835 29.4495 24.56 18.1017 95.9744 29.6179 27.5099 94.5203 9.96138 9.44129
internal_count=26074 18361 15680 2494 13186 6227 1303 6959 5097 4924 1862 1870 1573 2681 1832 1760 1732 297 849 552 48 504 297 222 7713 624 608 7677 715 686
is_linear=0
shrinkage=0.05


Tree=75
num_leaves=31
num_cat=0
split_feature=3 8 2 1 4 3 2 4 3 4 3 1 5 3 4 3 4 4 9 4 5 11 6 4 5 5 10 0 2 0
split_gain=79.0848 12.4307 10.5806 10.0066 10.8064 8.78652 8.00984 7.14957 7.13404 9.64109 7.48528 6.80225 6.31873 8.4563 6.28138 5.79856 10.5624 7.87735 5.54398 3.95025 3.8889 3.83157 3.57942 3.35753 3.32196 6.31807 2.24977 1.32526 1.20806 1.2205
threshold=2.5000000000000004 1.5000000000000002 87.683333333333351 52.500000000000007 1919.5000000000002 23.500000000000004 40.100000000000009 7875.0000000000009 4.5000000000000009 1044.5000000000002 5.5000000000000009 117.50000000000001 4.0425400045075515 12.500000000000002 6037.0000000000009 6.5000000000000009 704.50000000000011 3423.0000000000005 7.5000000000000009 4697.0000000000009 2.7695807084581232 1.0000000180025095e-35 1.0000000180025095e-35 5424.5000000000009 2.5319272493636795 2.8500263991552273 1.5000000000000002 1.0000000180025095e-35 79.964285714285737 1.5000000000000002
decision_type=2 2 2 2 2 2 2 2 2 2 2 2 2 2 2 2 2 2 2 2 2 2 2 2 2 2 2 2 2 2
left_child=26 2 5 15 8 6 -2 -8 9 -5 -10 24 21 -14 19 16 22 20 -18 -13 -17 -6 -3 -19 27 -26 28 -4 -1 -30
right_child=1 3 11 4 12 -7 7 -9 10 -11 -12 14 13 -15 -16 17 18 23 -20 -21 -22 -23 -24 -25 25 -27 -28 -29 29 -31
leaf_value=-0.048732355061451488 -0.040872660494995723 -0.063321254477031061 0.048606234816445222 -0.037282378357265215 0.013138742805213427 -0.073551888547180116 0.003001721939394515 0.03738237309791672 0.004183393250597388 -0.0038802215326390328 -0.0095629406976274669 -0.0023413583503170514 0.0010608050629830948 -0.02923039110204283 0.057477123152317816 0.0016097539094547045 0.0017535838064810694 -0.059726087155635037 0.06465507610563194 -0.069577532713233484 0.02541661307079638 -0.01289727613088424 -0.012312127260830558 0.0059557072914103414 -0.016722308240733435 0.023576583469229591 0.015495509625849425 0.0044490913269426705 -0.034299725363023538 0.043875999374319075
leaf_weight=80.622062170878053 10.308257526718078 7.9923200570046884 14.544223912060263 46.238537357188761 134.07661904022098 3.7528274059295645 1474.8744418490678 15.278024759143589 130.72310617566109 40.547259543091059 408.49401934072375 38.988965360447764 152.95078414306045 27.126568142324686 4.2871151566505423 22.414023108780384 18.067258857190613 4.5947845838963977 4.3455369547009459 2.3141938187181941 73.094269346445799 15.79557106643915 6.0369895994663239 3.3746902942657471 10.901773061603306 90.18761594966054 1.4763696491718281 1.9239464662969101 9.1429117321968043 0.5281060393899687
leaf_count=6962 165 75 212 666 902 18 9047 119 602 249 2197 341 1102 151 57 146 103 31 25 26 646 87 48 23 142 1163 36 18 680 35
internal_value=-6.43247e-05 0.00145221 0.004171 -0.00268439 -0.0045123 0.00285926 0.00305037 0.00335422 -0.00837177 -0.0216765 -0.0062304 0.0162651 0.00281015 -0.00350221 -0.000129238 0.00980412 -0.00734778 0.0158446 0.0139493 -0.00610857 0.0198296 0.0103947 -0.0413714 -0.031913 0.0226231 0.0192306 -0.0457282 0.0434474 -0.0467293 -0.0300308
internal_weight=2855 2763.23 1667.36 1095.87 955.952 1504.21 1500.46 1490.15 626.003 86.7858 539.217 163.148 329.95 180.077 45.5903 139.92 36.4421 103.478 22.4128 41.3032 95.5083 149.872 14.0293 7.96947 117.558 101.089 91.7694 16.4682 90.2931 9.67102
internal_count=26074 18361 11308 7053 5956 9349 9331 9166 3714 915 2799 1959 2242 1253 424 1097 251 846 128 367 792 989 123 54 1535 1305 7713 230 7677 715
is_linear=0
shrinkage=0.05


Tree=76
num_leaves=31
num_cat=0
split_feature=3 9 3 3 4 2 1 3 4 3 2 5 9 5 6 1 5 3 4 2 4 2 2 5 4 5 9 4 7 10
split_gain=74.7202 11.9748 10.4353 10.7806 13.6339 11.8702 9.74823 17.6476 12.4458 11.7884 9.73436 8.87277 11.1756 7.42216 7.38939 7.31378 6.74739 6.66115 7.37932 6.60781 6.45833 6.02499 5.92861 5.8582 5.0369 3.88331 3.2067 2.96299 2.64486 2.19286
threshold=2.5000000000000004 4.5000000000000009 10.500000000000002 14.500000000000002 140.50000000000003 64.035714285714292 52.500000000000007 7.5000000000000009 673.50000000000011 8.5000000000000018 58.029411764705891 5.8327505827505837 8.5000000000000018 3.4764054214614188 1.0000000180025095e-35 82.500000000000014 4.7793898552961567 5.5000000000000009 1044.5000000000002 86.20714285714287 3015.5000000000005 42.690476190476197 84.89444444444446 3.7029075590853235 1686.5000000000002 3.192635542168675 5.5000000000000009 2005.5000000000002 6.5000000000000009 1.5000000000000002
decision_type=2 2 2 2 2 2 2 2 2 2 2 2 2 2 2 2 2 2 2 2 2 2 2 2 2 2 2 2 2 2
left_child=29 2 6 4 -4 -6 19 8 -8 -9 13 15 26 21 24 20 -17 18 -15 22 -12 -3 -2 -16 -5 -23 -13 -19 -14 -1
right_child=1 10 3 14 5 -7 7 9 -10 -11 11 12 28 17 23 16 -18 27 -20 -21 -22 25 -24 -25 -26 -27 -28 -29 -30 -31
leaf_value=-0.046521295016441672 0.0054609651526778763 -0.035435042454011148 -0.1174509934084713 -0.095564537918115977 -0.0077374699400399611 0.013750886481881565 -0.012443766233477579 -0.037592088618638136 0.002694403362770742 -0.011728414423053831 0.0078662757090385976 -0.070011719975401537 0.052194641354300103 -0.032093806017912806 0.0098616199368125618 -0.00045463258751441408 0.022295615625778632 -0.050340683564173198 0.019201593241771443 0.035630613441483362 0.020094846360110177 0.0011463586731727227 -0.054200848269308016 -0.020129385631252425 -0.027557338245171693 0.029983117905959568 -0.027381919274448292 -0.020291489954464084 -0.0050387253694116991 0.014508354865784702
leaf_weight=86.266968495212495 112.74197921622545 10.243195724673567 2.1494302973151198 3.3507458120584515 83.275716006755829 281.55894578620791 206.47160384338349 61.881430476903915 396.52412213757634 152.95268099009991 617.15651679132134 6.2961829267442289 4.8462944608181697 12.185090042650701 35.141424540430307 360.30444351304322 35.832696944475174 16.675395168364048 16.512787535786629 18.215234996750951 130.86647213250399 95.277369011193514 4.3235817626118651 30.34065955132246 14.525049131363629 13.305117283016441 14.735839093104003 16.147517614066601 3.4595289006829262 1.4974204301834095
leaf_count=7677 729 116 13 17 361 2448 1403 273 2151 903 4284 42 37 85 224 2288 243 79 84 255 1263 477 45 177 94 68 110 70 22 36
internal_value=-6.22535e-05 0.00138339 -0.0018529 0.00441935 0.00810632 0.00884604 -0.00481652 -0.00687311 -0.00248905 -0.0191783 0.00473826 0.00640034 -0.0207508 -0.00607674 -0.0118126 0.00709653 0.00160325 -0.0201737 -0.00257838 0.00761644 0.0100057 0.00122181 0.00325748 -0.0040345 -0.040305 0.00467986 -0.0401437 -0.0355577 0.0283559 -0.04548
internal_weight=2845.06 2757.3 1403.45 450.342 366.984 364.835 953.111 817.83 602.996 214.834 1353.84 1173.5 29.3378 180.346 83.3579 1144.16 396.137 61.5208 28.6979 135.281 748.023 118.826 117.066 65.4821 17.8758 108.582 21.032 32.8229 8.30582 87.7644
internal_count=26074 18361 9093 3334 2822 2809 5759 4730 3554 1176 9268 8289 211 979 512 8078 2531 318 169 1029 5547 661 774 401 111 545 152 149 59 7713
is_linear=0
shrinkage=0.05


Tree=77
num_leaves=31
num_cat=0
split_feature=3 8 2 3 1 3 3 4 9 4 2 3 9 1 1 4 3 4 4 5 1 2 9 5 9 5 4 5 10 4
split_gain=70.5846 11.2896 9.67365 9.3983 8.76272 10.3074 12.7194 13.2196 9.07232 8.54666 6.79747 6.72036 6.47046 6.09234 5.62038 5.6085 5.35011 9.96717 7.4405 4.54852 4.29809 5.43077 3.68248 3.49136 3.4688 3.31255 3.27989 3.11786 2.1386 1.30784
threshold=2.5000000000000004 1.5000000000000002 79.674242424242451 10.500000000000002 52.500000000000007 9.5000000000000018 7.5000000000000009 462.50000000000006 1.0000000180025095e-35 189.50000000000003 40.100000000000009 21.500000000000004 5.5000000000000009 147.50000000000003 52.500000000000007 428.50000000000006 6.5000000000000009 414.50000000000006 1592.5000000000002 2.0994619768013658 172.50000000000003 83.759615384615401 4.5000000000000009 4.4732258206820061 1.5000000000000002 4.4732258206820061 8514.5000000000018 3.12496634356489 1.5000000000000002 376.50000000000006
decision_type=2 2 2 2 2 2 2 2 2 2 2 2 2 2 2 2 2 2 2 2 2 2 2 2 2 2 2 2 2 2
left_child=28 2 10 14 16 6 7 -6 15 -8 -2 12 -12 -10 25 -7 17 -3 23 -16 26 -22 -19 -18 -20 -4 -5 -13 29 -1
right_child=1 4 3 20 5 8 9 -9 13 -11 11 27 -14 -15 19 -17 18 22 24 -21 21 -23 -24 -25 -26 -27 -28 -29 -30 -31
leaf_value=-0.049093306328073211 -0.039958410508748203 -0.062239999349509995 0.02724744464888065 0.019877474596007003 -0.023627152118801367 -0.06004806380276332 0.023257672754749621 -0.0012896210906096254 0.0067722517474097625 -0.029140285015457186 -0.00087636278574293111 -0.0026291733437814064 0.0068486029057361862 -0.017522850615078921 0.02178962193744299 -0.011449517066294809 0.024574888638016296 -0.013788178300298751 -0.05369540136195692 0.00045666497701408922 -0.077756437435040363 0.017588080128159756 0.021728089392351241 -0.015236484123756229 -0.0018496413778597274 -0.0047182273287023867 0.05393138889128625 -0.05877702641054932 0.01359692501648887 -0.032074642815414861
leaf_weight=68.931841923855245 9.8451127801090461 6.7406741594895712 39.369510410353541 143.02581288479269 80.066831686533988 6.9666516259312621 8.4972844421863538 383.41324105486274 313.15806390345097 92.488735921680927 695.6830952912569 3.9367241412401182 444.12037952058017 28.121157884597778 27.581650326028466 40.153328504413366 75.946199998259544 13.661591226235034 4.0326359979808357 265.57916305027902 2.5047568306326857 3.6993085443973541 15.669281557202337 5.9376182034611693 16.133124534040689 10.205604802817104 7.4384869597852221 6.6473126262426376 1.5173747241497029 13.499469844624398
leaf_count=6491 165 82 451 2096 665 35 37 2078 2269 476 3735 20 2460 149 221 247 648 80 27 1850 18 35 89 57 114 96 129 32 36 1186
internal_value=-5.97497e-05 0.00131864 0.00391579 0.0097342 -0.0026322 -0.00433826 -0.00865195 -0.00514846 0.00193088 -0.0247314 0.00141134 0.00176538 0.00213364 0.00477035 0.00509675 -0.0186348 0.0091375 -0.00741428 0.0149881 0.00246375 0.0198793 -0.0209052 0.0051855 0.0216881 -0.0122175 0.0206669 0.021561 -0.0378929 -0.0452235 -0.0463062
internal_weight=2834.57 2750.62 1659.64 499.404 1090.99 952.865 564.466 463.48 388.399 100.986 1160.23 1150.39 1139.8 341.279 342.736 47.12 138.121 36.0715 102.05 293.161 156.668 6.20407 29.3309 81.8838 20.1658 49.5751 150.464 10.584 83.9487 82.4313
internal_count=26074 18361 11308 4896 7053 5956 3256 2743 2700 513 6412 6247 6195 2418 2618 282 1097 251 846 2071 2278 53 169 705 141 547 2225 52 7713 7677
is_linear=0
shrinkage=0.05


Tree=78
num_leaves=31
num_cat=0
split_feature=3 0 1 4 3 3 5 3 4 2 5 6 4 6 11 3 2 3 5 5 6 3 4 9 7 4 5 10 2 2
split_gain=66.6686 10.7699 9.92235 12.9207 11.2964 14.466 10.2107 8.2892 8.28731 8.03532 8.04959 11.3827 5.68968 5.13284 4.16551 4.42284 7.61575 7.56836 3.46369 3.37601 3.35413 9.29003 4.96983 3.28108 5.44582 3.74648 3.01963 2.08675 1.67395 1.34591
threshold=2.5000000000000004 1.0000000180025095e-35 82.500000000000014 3893.5000000000005 13.500000000000002 15.500000000000002 6.138655058293625 6.5000000000000009 616.50000000000011 44.535714285714292 2.217566619915849 1.0000000180025095e-35 462.50000000000006 1.0000000180025095e-35 1.0000000180025095e-35 7.5000000000000009 56.788888888888899 10.500000000000002 4.3972049084534488 3.7713218212971138 1.0000000180025095e-35 4.5000000000000009 146.50000000000003 8.5000000000000018 5.5000000000000009 704.50000000000011 4.7793898552961567 1.5000000000000002 77.71825396825399 79.964285714285737
decision_type=2 2 2 2 2 2 2 2 2 2 2 2 2 2 2 2 2 2 2 2 2 2 2 2 2 2 2 2 2 2
left_child=27 2 3 6 26 -6 8 20 -2 -4 12 -12 -11 -8 15 16 -9 -17 19 -16 21 28 -23 25 -25 -22 -5 29 -3 -1
right_child=1 7 9 4 5 -7 13 14 -10 10 11 -13 -14 -15 18 17 -18 -19 -20 -21 23 22 -24 24 -26 -27 -28 -29 -30 -31
leaf_value=-0.04837624102275076 -0.0021246349329249611 -0.032824108533067768 -0.037932367023316385 0.032066603816536796 -0.069692163566642193 0.010345644550013886 0.002228638016718533 0.060414446495709623 0.0063277879428653809 -0.0011433311558334016 0.0049576017212880482 -0.0084108560474473182 0.022378237824237805 -0.05468231370466009 -0.016980557042613253 -0.015903730691141059 0.0052698925034934917 0.0045836404164861936 -0.047677537733824708 0.026265495410420493 -0.052791552885063486 -0.051140942760862035 0.006120430171631986 -0.037378865687046375 0.044430969075005905 -0.022418915256889181 0.015303449114940318 0.012753844232164588 -0.075948160582958502 -0.027446085640638041
leaf_weight=70.15503404289484 411.46148766577244 4.3254869105294329 15.278403287753461 75.333140905946493 7.1905480287969104 26.272723007947206 6.1035272814333448 7.6470692194998255 982.3474441729486 47.248712318018079 257.45294745266438 417.35282519459724 56.397291630506516 11.291415330022573 27.336280550807714 69.220413092523813 34.544025555253029 129.25023598596454 7.4193498343229285 5.4051731154322615 14.643135210499166 4.1978312917053691 38.935941137373447 4.1616139449179155 3.9792504534125328 33.111838672310114 41.755046719685197 1.536291942000388 4.6905681332573295 8.6252142060548049
leaf_count=6962 2856 104 155 806 44 241 43 35 6670 291 1595 2590 316 61 129 345 154 784 36 29 145 21 175 22 26 182 448 36 58 715
internal_value=-5.73764e-05 0.00125673 0.0025294 0.00484288 0.0187667 -0.00685278 0.00335745 -0.00645221 0.00383258 -0.00202265 -0.00131786 -0.0033105 0.0116555 -0.0347134 -0.00192414 0.00056349 0.0152648 -0.00256172 -0.0168311 -0.00984122 -0.0182212 -0.00910064 0.000547684 -0.0267304 0.00260974 -0.0317321 0.0260887 -0.0449593 -0.0552592 -0.0460847
internal_weight=2824.67 2744.35 2355.49 1561.76 150.551 33.4633 1411.2 388.868 1393.81 793.73 778.452 674.806 103.646 17.3949 280.823 240.662 42.1911 198.471 40.1608 32.7415 108.046 52.1498 43.1338 55.8958 8.14086 47.755 117.088 80.3165 9.01606 78.7802
internal_count=26074 18361 16116 11169 1539 285 9630 2245 9526 4947 4792 4185 607 104 1512 1318 189 1129 194 158 733 358 196 375 48 327 1254 7713 162 7677
is_linear=0
shrinkage=0.05


Tree=79
num_leaves=31
num_cat=0
split_feature=3 9 4 6 5 3 3 3 4 1 5 4 0 10 0 5 7 5 7 10 2 4 5 4 5 4 4 0 10 7
split_gain=62.9569 10.3155 9.62789 9.49594 16.0357 14.9154 19.0361 13.4163 7.46154 6.31521 6.12703 7.03622 6.52592 5.56773 4.17774 3.29998 2.63848 2.62166 2.18389 2.03701 1.69396 1.64451 1.5644 1.39482 4.45275 6.74851 3.50959 1.57822 3.21012 1.33647
threshold=2.5000000000000004 2.5000000000000004 133.50000000000003 1.0000000180025095e-35 1.6677927927927929 4.5000000000000009 5.5000000000000009 11.500000000000002 6225.5000000000009 192.50000000000003 2.217566619915849 504.50000000000006 1.0000000180025095e-35 1.0000000180025095e-35 1.0000000180025095e-35 1.7049805722359592 2.5000000000000004 1.8071696582496706 1.0000000180025095e-35 1.5000000000000002 86.65151515151517 8514.5000000000018 1.6251491646778045 376.50000000000006 2.8289066739012485 803.50000000000011 391.50000000000006 2.5000000000000004 1.0000000180025095e-35 4.5000000000000009
decision_type=2 2 2 2 2 2 2 2 2 2 2 2 2 2 2 2 2 2 2 2 2 2 2 2 2 2 2 2 2 2
left_child=19 8 15 5 22 13 -7 -6 9 10 11 -2 -12 -4 -11 29 -10 -17 -19 23 -18 -22 -5 27 25 26 -25 -1 -29 -3
right_child=1 2 3 4 7 6 -8 -9 16 14 12 -13 -14 -15 -16 17 20 18 -20 -21 21 -23 -24 24 -26 -27 -28 28 -30 -31
leaf_value=-0.049689482770155315 -0.0038377764299604416 -0.039324859077719765 -0.0066390911651033908 0.047538058596136447 -0.0035955716903541485 0.024653911150446812 0.0053123277775729422 0.0081517433252096243 -0.0095083476960407618 -0.068448186881530967 -0.0035256783925603076 0.021287323114757648 -0.017317275083581538 -0.042707552694201796 -0.0065420340810982821 0.024198485514112401 0.038564718052231606 0.011956122236139406 -0.027809307680827677 0.011972656425645968 -0.036065034003206847 0.030344684712853932 0.087922657371944407 0.19180111531076424 -0.045570613613148687 0.23059953204038336 -0.025037263276927985 -0.050497699580621037 0.19136179612603477 -0.095845581651786194
leaf_weight=62.130713006481528 64.774651917628944 2.4087440539151421 30.727047020569444 5.8530376125127059 749.27298276871443 166.1589691862464 542.74850916676223 359.74475311301649 4.8689413778483894 6.3154124934226257 578.2505659321323 48.902726296335459 100.71230647806078 16.41556313354522 4.7940907999873161 3.4453411940485266 16.223463371396068 4.0388598907738951 23.79076559189707 1.5542282760143269 1.6502887420356267 2.142407713457942 4.062455277889967 0.20623940601944912 10.036202909424899 0.35567691270261992 1.9601379036903379 0.40804856084287067 0.20668550953269005 1.8485153447836635
leaf_count=6429 412 17 308 32 4419 886 3984 2979 39 34 3722 285 568 166 29 26 121 28 189 36 27 39 25 18 949 33 186 42 20 26
internal_value=-5.57461e-05 0.00119656 0.00321731 0.00370593 0.000781017 0.00803473 0.00984575 0.000215039 -0.00346252 -0.00429737 -0.00377267 0.00697076 -0.00557142 -0.0191985 -0.0417338 -0.0225665 0.023502 -0.0169447 -0.0220382 -0.0446869 0.0315318 0.0014483 0.0640839 -0.0458564 -0.0306457 0.0287462 -0.00439422 -0.0489007 0.0308202 -0.0638663
internal_weight=2816.01 2739.15 1910.52 1874.98 1118.93 756.05 708.907 1109.02 828.635 803.75 792.64 113.677 678.963 47.1426 11.1095 35.5322 24.8851 31.275 27.8296 76.8579 20.0162 3.7927 9.91549 75.3037 12.5583 2.52205 2.16638 62.7454 0.614734 4.25726
internal_count=26074 18361 13085 12799 7455 5344 4870 7398 5276 5050 4987 697 4290 474 63 286 226 243 217 7713 187 66 57 7677 1186 237 204 6491 62 43
is_linear=0
shrinkage=0.05


Tree=80
num_leaves=31
num_cat=0
split_feature=3 8 2 1 3 3 4 3 2 6 4 3 5 3 2 1 4 3 6 4 2 9 7 5 5 5 4 10 4 5
split_gain=59.4668 10.1399 9.07246 7.95617 8.95171 11.075 11.9417 8.77104 11.6653 8.31711 7.88681 7.49773 6.70008 13.9084 8.47854 6.0921 5.79732 4.82573 9.33255 7.05844 4.73142 4.15942 3.8512 3.5046 3.29411 5.91307 2.99387 1.98931 1.42436 4.23904
threshold=2.5000000000000004 1.5000000000000002 87.683333333333351 52.500000000000007 9.5000000000000018 7.5000000000000009 3961.0000000000005 12.500000000000002 57.52272727272728 1.0000000180025095e-35 189.50000000000003 23.500000000000004 2.0628955696202538 6.5000000000000009 44.535714285714292 117.50000000000001 6037.0000000000009 6.5000000000000009 1.0000000180025095e-35 3423.0000000000005 86.369318181818201 3.5000000000000004 10.500000000000002 2.250342465753425 2.5319272493636795 2.9525541125541133 5424.5000000000009 1.5000000000000002 376.50000000000006 2.3000815660685157
decision_type=2 2 2 2 2 2 2 2 2 2 2 2 2 2 2 2 2 2 2 2 2 2 2 2 2 2 2 2 2 2
left_child=27 2 11 17 5 6 -5 8 -6 -9 -7 12 13 -2 -14 24 23 18 20 22 -3 -20 -19 -17 -4 -26 -21 28 -1 -30
right_child=1 3 15 4 7 10 -8 9 -10 -11 -12 -13 14 -15 -16 16 -18 19 21 26 -22 -23 -24 -25 25 -27 -28 -29 29 -31
leaf_value=-0.048799230171032756 -0.01221723946456179 -0.062633808432690827 0.042456745551869325 -0.0066113525070140115 -0.029036716461903846 0.022859489333723393 0.034650661909971243 -0.035214991219056184 0.0089145086301694425 -0.0024487770803055392 -0.027474559840650323 -0.06906273637370787 -0.025669063821900675 0.023820296112970693 0.002109873346107894 0.039485905931966436 0.057106887853878602 0.022904906702100464 -0.015498214773109399 -0.056662975313634248 0.019870582471316674 0.026202174329335227 -0.0035624129621943399 -0.010819471711086546 -0.012532337684317255 0.022735299338668372 0.0053120729631380842 0.011247666673760488 0.087084498293864457 -0.037468853336897701
leaf_weight=59.812517269514501 37.656019364483654 8.6110299713909608 15.644681736826895 443.0159623650834 21.916084796190262 8.4960827082395536 18.257656931877136 26.486126504838467 266.05136231333017 72.051868036389351 92.656079862266779 3.6613834649324408 28.048102136701345 92.643612027168274 1328.5239047575742 3.8165696375071994 3.9722893275320521 76.210644967854023 9.9112680926919001 4.6657615937292558 2.1770382411777964 15.075621620751916 16.768099781125784 37.285252027213573 13.84258504770696 84.043877819553018 3.3462508544325829 1.5712364315986622 0.72634496353566547 11.478712266311048
leaf_count=6491 264 79 230 2641 105 37 102 153 2000 442 476 18 261 522 8284 42 57 663 61 31 16 95 129 325 181 1124 23 36 66 1120
internal_value=-5.42575e-05 0.00113923 0.00360951 -0.00261305 -0.00423799 -0.00826378 -0.00497816 0.00162015 0.00602619 -0.011256 -0.0232468 0.00239977 0.00257574 0.0134056 0.00153552 0.0149783 -0.000573743 0.00866143 -0.00711882 0.0142514 -0.0459844 0.00966135 0.0181317 -0.00614829 0.0211528 0.0177479 -0.0307788 -0.0444086 -0.0456228 -0.0300565
internal_weight=2808.42 2734.84 1649.14 1085.7 948.931 562.426 461.274 386.505 287.967 98.538 101.152 1490.53 1486.87 130.3 1356.57 158.605 45.0741 136.766 35.775 100.991 10.7881 24.9869 92.9787 41.1018 113.531 97.8865 8.01201 73.5888 72.0176 12.2051
internal_count=26074 18361 11308 7053 5956 3256 2743 2700 2105 595 513 9349 9331 786 8545 1959 424 1097 251 846 95 156 792 367 1535 1305 54 7713 7677 1186
is_linear=0
shrinkage=0.05


Tree=81
num_leaves=31
num_cat=0
split_feature=3 4 5 6 3 3 3 3 3 3 3 3 3 3 2 2 1 3 5 5 1 7 4 5 5 7 8 1 5 8
split_gain=56.1424 9.46208 18.7383 17.3374 23.5615 18.7321 17.3603 16.8298 16.1044 14.592 12.6639 10.4864 10.4161 28.1549 11.1989 9.82003 6.21593 5.06823 9.68509 6.19297 4.03617 2.26638 1.9497 3.50089 9.60707 3.33469 4.59812 8.45159 1.79154 1.64147
threshold=2.5000000000000004 462.50000000000006 2.2392835272504601 1.0000000180025095e-35 11.500000000000002 12.500000000000002 4.5000000000000009 4.5000000000000009 4.5000000000000009 11.500000000000002 13.500000000000002 5.5000000000000009 7.5000000000000009 9.5000000000000018 46.24038461538462 69.021739130434796 152.50000000000003 9.5000000000000018 3.0183625336927231 1.736335125448029 62.500000000000007 5.5000000000000009 376.50000000000006 2.3000815660685157 2.1647820973371008 3.5000000000000004 1.5000000000000002 82.500000000000014 2.1540507364975454 1.0000000180025095e-35
decision_type=2 2 2 2 2 2 2 2 2 2 2 2 2 2 2 2 2 2 2 2 2 2 2 2 2 2 2 2 2 2
left_child=22 8 11 5 7 6 -4 -5 29 17 -6 20 14 -14 -13 -11 -7 19 -19 -10 28 -22 -1 24 -24 26 27 -25 -3 -2
right_child=1 2 3 4 10 16 -8 -9 9 15 -12 12 13 -15 -16 -17 -18 18 -20 -21 21 -23 23 25 -26 -27 -28 -29 -30 -31
leaf_value=-0.047918811091225165 -0.025924404095525183 -0.058953194925474475 -0.017335299660287497 0.0032205087909302995 0.012443065074668067 -0.014405015836422322 0.011666156015889691 -0.012447620718138465 0.021549626647835489 -0.018102120343633562 -0.0047851303822442305 -0.064278983405021736 -0.051432576529936519 0.022302560343239766 0.033235776691520107 -0.11654754498041196 -0.086462590584740595 0.012375386142794813 -0.053056170655859429 -0.0061189282559059761 0.034936593803106424 -0.019514534346303319 -0.050646973990009558 0.1718680659027397 0.31598934745036744 -0.050580287966443031 -0.050516436879368777 -0.050507267807430582 -0.013555311438873709 -0.046267037347783486
leaf_weight=58.293175617232919 20.348548404872417 5.9841664358973521 56.053423833101988 245.60231506451964 302.82606149092317 67.854437902569771 649.63989853858948 567.20157078281045 21.70324782282114 5.7583833411335927 164.66976846009493 3.0294957906007758 16.520831745117903 59.835139293223619 104.63899902999401 4.5227434188127518 3.1309615522623053 96.60415006801486 6.007154654711484 296.71145188435912 3.650336328893899 4.0105905756354332 0.51799912098795076 0.89894024375825965 0.27275450062006712 7.9961837511509657 1.6644137362018225 0.8143286844715476 3.4124033432453871 19.342922673560679
leaf_count=6520 368 39 424 1574 2724 447 4567 3070 99 26 1084 20 89 418 588 26 16 651 36 1495 20 30 43 87 23 788 169 83 22 528
internal_value=-5.20429e-05 0.00108567 0.00243029 0.00100619 -0.00256911 0.00689982 0.00936256 -0.00771323 -0.00536069 -0.00255599 0.00637464 0.0169981 0.0204744 0.00634879 0.030492 -0.061409 -0.0175833 -0.00111884 0.00854484 -0.00423303 -0.0205057 0.00643075 -0.0441193 -0.0259118 0.0758168 -0.0329844 0.00867143 0.0661715 -0.0424668 -0.035838
internal_weight=2799.52 2729.06 2258.06 2056.98 1280.3 776.679 705.693 812.804 470.999 431.307 467.496 201.082 184.024 76.356 107.668 10.2811 70.9854 421.026 102.611 318.415 17.0575 7.66093 70.4578 12.1646 0.790754 11.3739 3.37768 1.71327 9.39657 39.6915
internal_count=26074 18361 15132 13906 8452 5454 4991 4644 3229 2333 3808 1226 1115 507 608 52 463 2281 687 1594 111 50 7713 1193 66 1127 339 170 61 896
is_linear=0
shrinkage=0.05


Tree=82
num_leaves=31
num_cat=0
split_feature=3 9 2 5 9 4 3 3 3 5 4 0 6 4 2 4 7 9 7 5 3 7 3 2 3 10 4 2 2 4
split_gain=53.0207 9.31296 8.11495 8.14929 8.38436 7.98777 7.49452 26.7552 11.0942 7.04485 9.4458 7.78611 7.60986 6.66415 6.26762 5.58341 4.61623 4.32624 4.32085 5.5285 3.99462 3.34706 2.83475 2.21337 2.03409 2.02683 1.843 2.46654 1.53548 1.54357
threshold=2.5000000000000004 4.5000000000000009 61.026315789473692 5.8327505827505837 8.5000000000000018 6225.5000000000009 6.5000000000000009 5.5000000000000009 12.500000000000002 2.0628955696202538 421.50000000000006 1.5000000000000002 1.0000000180025095e-35 2272.5000000000005 70.873015873015888 216.50000000000003 1.0000000180025095e-35 9.5000000000000018 5.5000000000000009 2.6316832317024379 7.5000000000000009 6.5000000000000009 10.500000000000002 72.410526315789483 12.500000000000002 1.5000000000000002 1387.5000000000002 53.621428571428581 79.964285714285737 29.500000000000004
decision_type=2 2 2 2 2 2 2 2 2 2 2 2 2 2 2 2 2 2 2 2 2 2 2 2 2 2 2 2 2 2
left_child=25 5 17 6 22 9 7 -4 -8 10 15 12 -11 -13 -12 -2 -7 18 19 -3 -20 -6 -5 -18 -25 28 27 -19 -1 -30
right_child=1 2 3 4 21 16 8 -9 -10 11 14 13 -14 -15 -16 -17 23 26 20 -21 -22 -23 -24 24 -26 -27 -28 -29 29 -31
leaf_value=-0.04786577876629132 0.0092242976711096932 0.003145079003221426 0.0066615492776811837 -0.021126481111224556 0.050500963797006054 -0.029608078177296 0.012754488540369972 -0.029997186798087629 -0.0034350914083782734 0.0012804602647318961 0.0094994621490765603 -0.036475051768590019 -0.0067130113966211089 0.017028785072425671 0.042947328342215457 -0.021616917485106919 0.042574820634565733 0.0095310905576864013 0.0066328751686538234 -0.022657775116900883 -0.010948716104536051 -0.017283210492441234 -0.058599178868816028 0.028601898229498515 -0.00094175123327506875 0.01310382704550951 0.0020812534606627366 0.064443891911137238 0.070036441102489633 -0.029301658705438129
leaf_weight=58.508883317001164 32.398271354846656 30.987237860448658 315.79567512962967 11.724750982597476 4.6652313247323027 4.2252217251807442 556.06333479844034 59.085405185818672 130.68998558074236 568.85103505477309 32.918110866099596 30.048076170496643 624.75027897488326 7.2179034650325766 24.377809043973684 26.825860480777919 12.593967959284781 3.9583154059946519 83.187273222953081 62.893487863242626 52.82127695158124 2.9873043857514858 8.8611926604062301 14.506487138569357 9.7365804202854616 1.5283012986183155 6.3963687419891349 4.2304835524410009 0.41397876106202502 7.0608190791681409
leaf_count=6962 221 170 1973 74 37 37 4541 260 1002 3787 156 184 3988 40 174 163 63 30 488 316 234 20 75 193 87 36 28 20 29 686
internal_value=-5.03294e-05 0.00103497 0.00401786 0.0058646 -0.0206453 -0.00183169 0.00656974 0.000883727 0.00967359 -0.00249374 0.00925699 -0.00360612 -0.00290345 -0.0261121 0.0237306 -0.00474538 0.0198924 -0.00421498 -0.00589033 -0.014141 -0.00019524 0.0240402 -0.0372566 0.0255702 0.0167365 -0.0438211 0.0221916 0.0379 -0.0451395 -0.0238
internal_weight=2790.31 2722.8 1334.35 1089.87 28.2385 1388.45 1061.63 374.881 686.753 1347.39 116.52 1230.87 1193.6 37.266 57.2959 59.2241 41.0623 244.474 229.889 93.8807 136.009 7.65254 20.5859 36.837 24.2431 67.512 14.5852 8.1888 65.9837 7.4748
internal_count=26074 18361 9268 7982 206 9093 7776 2233 5543 8713 714 7999 7775 224 330 384 380 1286 1208 486 722 57 149 343 280 7713 78 50 7677 715
is_linear=0
shrinkage=0.05


Tree=83
num_leaves=31
num_cat=0
split_feature=3 8 2 1 4 5 4 6 3 4 5 3 5 2 1 4 3 4 4 5 5 9 4 5 2 5 4 5 2 10
split_gain=50.032 9.17204 8.25505 7.37063 7.95022 6.90808 12.2895 8.23542 6.58249 6.63969 9.38831 6.63306 6.40138 5.70816 5.67143 5.47152 4.18624 8.88607 6.56042 3.55983 3.36099 3.34738 3.30603 3.24703 3.1238 2.86848 2.04867 3.54694 5.41777 3.65308
threshold=2.5000000000000004 1.5000000000000002 87.683333333333351 52.500000000000007 3015.5000000000005 2.3767902188354144 963.50000000000011 1.0000000180025095e-35 23.500000000000004 924.50000000000011 2.7695807084581232 10.500000000000002 3.9835988151897808 68.612500000000011 117.50000000000001 6037.0000000000009 6.5000000000000009 414.50000000000006 1592.5000000000002 4.7275819418676575 3.2242677606979648 3.5000000000000004 4697.0000000000009 3.1523581429624175 88.276363636363655 2.5319272493636795 376.50000000000006 2.8289066739012485 83.911067193675905 1.0000000180025095e-35
decision_type=2 2 2 2 2 2 2 2 2 2 2 2 2 2 2 2 2 2 2 2 2 2 2 2 2 2 2 2 2 2
left_child=26 2 8 16 5 6 -5 -7 9 11 -11 -2 23 -14 24 22 17 -3 21 -19 -20 -18 -16 -6 -4 -26 -1 28 29 -28
right_child=1 3 14 4 12 7 -8 -9 -10 10 -12 -13 13 -15 15 -17 18 19 20 -21 -22 -23 -24 -25 25 -27 27 -29 -30 -31
leaf_value=-0.047636764412199328 -0.003901026328303402 -0.060197523084734472 0.047239873439623992 -0.004850749729775645 0.0013204599162731697 -0.0023685728488070015 0.025447169908074104 -0.014348383535494344 -0.065346734164016027 0.015289403806557359 0.0024979688121682035 0.011697284562081535 -0.019247264742012195 0.0058134506548375552 -0.0024975554121551896 0.056840361099832142 0.0098657610570573959 -0.0026611735485817176 -0.050596329539658917 0.043944064403539582 -0.0011406032772223052 0.030364265771326605 -0.062722172857475209 0.027088979435755552 0.039569969860949898 0.01448298063987586 -0.0505529424103799 -0.039263761452254235 0.1947587559131683 0.087295886105484125
leaf_weight=53.238391402177513 504.82524460088462 6.3162625143304458 9.8232905305922014 150.83234929293394 17.614068873226643 258.07941533345729 43.014417503029108 323.00944949034601 3.5990285724401465 179.33967397175729 716.71786573342979 78.792815819382668 31.7707634344697 79.779952473938465 38.593279723078012 3.7764483056962481 40.243797957897186 24.257625814527277 4.3940274342894581 4.9300456941127768 15.746189530938862 39.428353644907475 2.4217508658766738 39.956659063696861 13.078012861311434 88.513996778056026 1.4263095725327728 8.8727057101204974 0.407353801652789 0.72485956549644459
leaf_count=6520 3008 82 149 931 120 1563 253 1884 18 1101 4636 586 147 734 341 57 329 140 30 29 111 376 26 324 195 1191 139 955 32 67
internal_value=-4.80883e-05 0.000985752 0.00334212 -0.00259338 -0.00415765 -0.00630117 0.00187233 -0.00902778 0.00219074 0.00235502 0.00505809 -0.00179514 0.00566422 -0.00132409 0.0142751 -0.000750849 0.00832003 -0.00642551 0.0135651 0.00521085 -0.0119304 0.0200101 -0.00605354 0.019205 0.0203158 0.0177124 -0.043513 -0.0243077 0.0275584 -0.0041033
internal_weight=2783.52 2718.85 1639.48 1079.37 944.057 774.936 193.847 581.089 1483.27 1479.68 896.058 583.618 169.121 111.551 156.207 44.7915 135.316 35.5039 99.8124 29.1877 20.1402 79.6722 41.015 57.5707 111.415 101.592 64.6696 11.4312 2.55852 2.15117
internal_count=26074 18361 11308 7053 5956 4631 1184 3447 9349 9331 5737 3594 1325 881 1959 424 1097 251 846 169 141 705 367 444 1535 1386 7713 1193 238 206
is_linear=0
shrinkage=0.05


Tree=84
num_leaves=31
num_cat=0
split_feature=3 4 5 3 3 5 3 6 3 3 3 3 3 4 5 2 1 7 2 3 1 5 4 4 7 8 3 2 2 7
split_gain=47.2097 8.57426 13.8986 20.301 39.4904 32.4223 24.5592 14.4325 16.2542 13.7372 13.5221 15.6941 14.6062 9.99276 9.94679 9.5071 8.75578 7.16191 8.75954 7.21823 6.68474 8.79904 5.76666 5.45342 5.18698 4.90927 4.90777 3.80467 3.09528 5.63932
threshold=2.5000000000000004 1164.5000000000002 2.7695807084581232 5.5000000000000009 8.5000000000000018 3.1791748803154047 12.500000000000002 1.0000000180025095e-35 4.5000000000000009 4.5000000000000009 7.5000000000000009 13.500000000000002 6.5000000000000009 1133.5000000000002 2.7376297515928134 90.449494949494962 117.50000000000001 6.5000000000000009 43.732142857142868 9.5000000000000018 52.500000000000007 5.4342959087974965 1732.5000000000002 2304.5000000000005 7.5000000000000009 1.0000000180025095e-35 16.500000000000004 79.174242424242451 62.041666666666679 1.5000000000000002
decision_type=2 2 2 2 2 2 2 2 2 2 2 2 2 2 2 2 2 2 2 2 2 2 2 2 2 2 2 2 2 2
left_child=-1 9 10 7 5 -5 -6 8 -4 14 12 23 22 17 28 -9 -14 18 -11 -19 24 -22 -3 -12 -16 -15 -13 -27 29 -2
right_child=1 2 3 4 6 -7 -8 15 -10 13 11 26 16 25 20 -17 -18 19 -20 -21 21 -23 -24 -25 -26 27 -28 -29 -30 -31
leaf_value=-0.043193329482466819 0.069122728841498476 -0.014385658077607617 -0.0088677345853224992 0.015229311482393424 0.0089190880927574444 -0.036806030469298229 -0.011572525855287381 -0.00014993756735996527 0.034897581586039263 -0.045206770660842568 -0.0068664715240197198 0.029113194422049939 0.049679875618068553 -0.008797903612607778 -0.0013900775890472556 0.028994813778758934 0.011544889190980397 0.0014778470957718065 -0.0022004849185043407 0.015116901031554926 -0.017073792914958356 0.067562878574505117 0.027976226168870993 -0.043909970345013385 0.048432760937785868 -0.070998557191005993 -0.0066660490461789915 -0.0098263702876124157 -0.049009216125488669 -0.031876106576819378
leaf_weight=61.980634640902281 1.6185324378311623 22.731318833306432 27.188754349946976 39.125937402248383 471.68004393391311 127.44301587343216 211.90896850824356 194.0609885789454 96.558774888515472 12.088494151830671 50.546115156263113 46.75845817476511 56.338558658957481 11.993766859173776 16.032347358763221 32.695590894669294 20.539133578538895 370.95744648575783 576.34178080409765 131.35725682973862 101.68631442729384 3.16647352464497 12.424840237945316 12.366088826209305 7.7487642681226125 8.9318932667374593 12.055401921272276 3.5529409497976294 24.304193599149585 9.4605810530483705
leaf_count=7713 38 129 163 206 4203 615 1440 1046 585 108 344 337 386 69 112 237 106 2027 3241 974 883 23 71 84 61 46 74 28 464 261
internal_value=-4.60427e-05 0.000939451 0.00359362 0.00142196 -0.00275264 -0.0245833 0.0025668 0.0115476 0.0252818 -0.00203668 0.0147479 0.00321096 0.0272829 -4.9644e-05 -0.0155474 0.00405239 0.0394915 0.000659384 -0.00308399 0.00504451 -0.00908957 -0.0145178 0.000585819 -0.0141478 0.014844 -0.0316433 0.0217793 -0.0535901 -0.0390246 -0.0171213
internal_weight=2775.64 2713.66 1434.42 1200.66 850.158 166.569 683.589 350.504 123.748 1279.24 233.76 121.726 112.034 1115.22 164.017 226.757 76.8777 1090.74 588.43 502.315 128.634 104.853 35.1562 62.9122 23.7811 24.4786 58.8139 12.4848 35.3833 11.0791
internal_count=26074 18361 10026 8495 6464 821 5643 2031 748 8335 1531 839 692 6493 1842 1283 492 6350 3349 3001 1079 906 200 428 173 143 411 74 763 299
is_linear=0
shrinkage=0.05


Tree=85
num_leaves=31
num_cat=0
split_feature=3 4 3 0 1 5 6 4 2 3 5 4 4 5 5 4 0 5 4 9 2 5 5 5 2 3 4 4 4 5
split_gain=44.5174 8.57004 12.8892 8.41426 9.1259 7.80765 8.46263 7.84435 7.27063 6.8395 7.5479 8.89812 6.829 6.50112 6.14538 8.23113 6.07561 6.89156 5.65136 5.63447 5.44617 5.03197 4.56056 4.23039 3.70113 3.67948 2.66627 2.59711 2.16258 3.43993
threshold=2.5000000000000004 3961.0000000000005 12.500000000000002 1.0000000180025095e-35 132.50000000000003 6.3712274973526304 1.0000000180025095e-35 326.50000000000006 68.612500000000011 4.5000000000000009 3.1791748803154047 1267.5000000000002 9222.5000000000018 5.8327505827505837 4.6979207067442372 1979.5000000000002 1.5000000000000002 4.3272682160284512 7875.0000000000009 2.5000000000000004 84.292857142857159 3.2802931575877179 4.0425400045075515 5.4974507795607161 70.26136363636364 5.5000000000000009 6037.0000000000009 12859.500000000002 376.50000000000006 2.8289066739012485
decision_type=2 2 2 2 2 2 2 2 2 2 2 2 2 2 2 2 2 2 2 2 2 2 2 2 2 2 2 2 2 2
left_child=28 3 8 4 5 7 -7 -2 25 21 11 -11 16 24 15 -6 17 -4 -15 -12 -16 -5 -23 27 -10 -3 -27 -14 -1 -30
right_child=1 2 12 9 14 6 -8 -9 13 10 19 -13 23 18 20 -17 -18 -19 -20 -21 -22 22 -24 -25 -26 26 -28 -29 29 -31
leaf_value=-0.047334488436563599 -0.006552537999714763 0.033445468688415594 -0.001360085841865654 -0.052307545502844756 -0.0082722696077196217 0.014977241322837655 -0.058396085371721078 0.0033603399677373269 0.066269011451920212 -0.0050394406189741454 -0.030736687685807226 0.019872312670732219 0.062355626495166717 -0.036020815217235908 0.048973668799380567 -0.041398209467579536 0.053472505473361402 -0.031000228691844184 0.023352028892655061 -0.0075215512263827515 -0.032388880602497831 0.014422431161479114 -0.039215604731514676 -0.033713038329168325 0.025289810509500389 -0.015918190250068978 0.014256965170355252 0.0018814951856019266 0.028437624888451602 -0.038273486172970293
leaf_weight=48.691716653294861 225.48641237430274 6.6552550867199889 51.127928745001554 13.790121710859241 73.650244972668588 6.1636570803821096 10.843012019991875 1736.4424003008753 5.7992530316114417 150.67862258478999 38.64013134688139 47.034090999513865 6.6638215295970422 8.0962085518986004 6.9050022251903993 25.158458206802607 3.616854351013898 31.813354454934597 7.9369901921600094 80.771581258624792 2.9292805045843124 8.3511611819267255 7.5416500233113757 2.022599332034587 110.45021881535649 24.996702272444963 10.352414377033709 2.4201528653502464 2.5296818227507165 8.1840781485661847
leaf_count=6520 1587 34 428 254 397 42 59 11590 35 757 197 249 68 77 43 134 18 185 97 426 20 67 57 16 1333 116 48 27 238 955
internal_value=-4.34997e-05 0.000896334 0.00931453 -4.40849e-05 0.00115405 0.00192864 -0.0318037 0.00222104 0.017463 -0.00725616 -0.00510795 0.000886843 -0.00522671 0.0232176 -0.0129551 -0.0167067 -0.00996275 -0.012729 -0.0066292 -0.0150337 0.0247387 -0.030207 -0.0110305 0.0316832 0.0273341 -0.000659934 -0.00708103 0.0462441 -0.0428596 -0.022522
internal_weight=2765.74 2706.34 271.952 2434.39 2087.58 1978.94 17.0067 1961.93 174.287 346.807 317.124 197.713 97.6647 132.283 108.643 98.8087 86.5581 82.9413 16.0332 119.412 9.83428 29.6829 15.8928 11.1066 116.249 42.0044 35.3491 9.08397 59.4055 10.7138
internal_count=26074 18361 2482 15879 13872 13278 101 13177 1740 2007 1629 1006 742 1542 594 531 631 613 174 623 63 378 124 111 1368 198 164 95 7713 1193
is_linear=0
shrinkage=0.05


Tree=86
num_leaves=31
num_cat=0
split_feature=3 8 2 3 11 5 4 6 5 3 3 1 9 9 2 1 5 7 3 4 3 1 5 2 5 10 2 5 4 4
split_gain=41.9732 8.28817 7.55486 8.21079 6.86511 7.04702 6.68466 7.7856 12.3096 9.59616 7.03005 6.17566 5.98414 5.85641 5.59027 5.20773 5.08688 9.37792 7.1419 4.72577 4.24255 3.94502 4.2805 3.12244 3.09442 2.24974 1.72047 1.71219 1.59471 1.30227
threshold=2.5000000000000004 1.5000000000000002 79.674242424242451 10.500000000000002 1.0000000180025095e-35 2.0007541478129718 462.50000000000006 1.0000000180025095e-35 3.5710947712418304 4.5000000000000009 4.5000000000000009 117.50000000000001 5.5000000000000009 1.0000000180025095e-35 40.100000000000009 52.500000000000007 2.033573334560177 7.5000000000000009 5.5000000000000009 4098.5000000000009 7.5000000000000009 72.500000000000014 4.3972049084534488 96.041666666666671 4.4732258206820061 1.5000000000000002 79.964285714285737 1.9050125313283208 29.500000000000004 376.50000000000006
decision_type=2 2 2 2 2 2 2 2 2 2 2 2 2 2 2 2 2 2 2 2 2 2 2 2 2 2 2 2 2 2
left_child=25 2 14 15 6 27 10 9 -9 -8 -3 12 -7 -12 -2 24 17 -16 -18 -13 -17 23 -23 -5 -4 26 -1 -6 -28 -30
right_child=1 4 3 21 5 11 7 8 -10 -11 13 19 -14 -15 16 20 18 -19 -20 -21 -22 22 -24 -25 -26 -27 28 -29 29 -31
leaf_value=-0.047300150872153279 -0.038313050460447362 -0.04841362890358198 0.025763854119252274 0.027297526790097781 0.012255719333404049 -0.017950596627421263 -0.028765641630943101 0.0059560374110741096 -0.010121068300877341 0.0094923639152129022 -0.032392198822200131 -0.041869737244019156 0.013299665769742501 -0.0037558212754928814 -0.00047290751421368531 0.0047856913489489582 0.0064730265037271353 0.031852668780312406 -0.0025318354145720087 0.014561871685674381 -0.0096144355741580572 0.01745508041139494 -0.0094346595362618715 -0.046727999994303202 -0.0054736216175787448 0.020671675583144408 0.078351457444089501 0.056769563335555155 -0.050401043821880945 -0.0044331855257769316
leaf_weight=49.017282268032432 9.0225538071244937 11.155250767245887 37.939369769766927 76.063129546120763 6.4904046915471536 56.431904999539256 17.416797270998359 212.23439912870526 271.20214056223631 278.16275572963059 20.436747454106808 30.160205584019423 21.02724099624902 141.27484999969602 56.528881777077913 219.78515927679837 315.91941396705806 37.202009642496705 726.66629152372479 4.2303103469312182 66.662414994090796 50.961156710982323 20.857314996421337 1.4517174195498217 10.022435639053581 1.3745957911014546 0.38746093306690355 3.2379435375332832 2.9286277899518609 3.2512369463220239
leaf_count=6962 165 367 451 1356 43 367 149 1257 1805 1859 101 173 134 758 311 1461 1864 201 3871 23 610 648 251 23 96 36 29 17 372 314
internal_value=-4.14863e-05 0.000853748 0.00310143 0.00834071 -0.00255733 -0.0137456 -0.00112831 0.000845473 -0.00306303 0.00723804 -0.0100231 -0.0172958 -0.00946733 -0.00737482 0.000888579 0.00398765 0.00119985 0.0123572 0.000196775 -0.0349282 0.00143448 0.0180887 0.00964584 0.0259112 0.0192363 -0.0425176 -0.0440803 0.0270715 -0.0200479 -0.0262173
internal_weight=2759.5 2702.54 1629.08 483.743 1073.46 121.578 951.883 779.016 483.437 295.58 172.867 111.85 77.4591 161.712 1145.34 334.409 1136.32 93.7309 1042.59 34.3905 286.448 149.333 71.8185 77.5148 47.9618 56.9592 55.5846 9.72835 6.56733 6.17986
internal_count=26074 18361 11308 4896 7053 757 6296 5070 3062 2008 1226 697 501 859 6412 2618 6247 512 5735 196 2071 2278 899 1379 547 7713 7677 60 715 686
is_linear=0
shrinkage=0.05


Tree=87
num_leaves=31
num_cat=0
split_feature=3 9 4 2 6 5 3 4 7 1 4 3 0 3 6 5 5 5 4 9 4 5 4 10 4 11 0 5 3 7
split_gain=39.5686 7.93342 8.05247 7.57454 7.16431 13.9375 10.4499 5.89576 7.20252 5.87312 6.4025 5.60077 4.06335 3.94799 6.40718 4.34143 3.19666 2.60998 2.59056 2.61129 2.24221 3.32939 4.98246 3.6759 2.84741 2.07332 2.03335 4.54563 1.54094 1.3251
threshold=2.5000000000000004 2.5000000000000004 133.50000000000003 94.041666666666671 1.0000000180025095e-35 1.6677927927927929 4.5000000000000009 5139.0000000000009 1.0000000180025095e-35 192.50000000000003 81.500000000000014 9.5000000000000018 1.0000000180025095e-35 12.500000000000002 1.0000000180025095e-35 5.9740629161764138 1.7049805722359592 5.7216090559935324 43.500000000000007 4.5000000000000009 376.50000000000006 2.8289066739012485 803.50000000000011 1.5000000000000002 391.50000000000006 1.0000000180025095e-35 2.5000000000000004 2.2896643783371475 7.5000000000000009 4.5000000000000009
decision_type=2 2 2 2 2 2 2 2 2 2 2 2 2 2 2 2 2 2 2 2 2 2 2 2 2 2 2 2 2 2
left_child=20 7 16 4 6 -6 -4 9 -9 10 -2 -12 -11 15 -15 -10 29 28 -18 -20 26 22 24 -23 -22 -26 -1 -28 -5 -3
right_child=1 2 3 17 5 -7 -8 8 13 12 11 -13 -14 14 -16 -17 18 -19 19 -21 21 23 -24 -25 25 -27 27 -29 -30 -31
leaf_value=-0.048111815103170141 0.0398940699081341 -0.037969328249179639 -0.016931635293699572 0.020176024459858197 0.060679963783161421 -0.00047418082826074145 0.0080003464498023726 -0.071134682754468825 0.045133730686055334 -0.067381174770518845 -0.007398439869972899 0.0015678584370600558 -0.0043599276799939374 -0.047704879324147222 0.02410666868750496 -0.004856515938186751 0.035070244797922492 -0.035650678439839351 -0.043906334218206916 -0.010253811599846258 0.16069484144457646 -0.043656635181086804 0.1852710800235905 0.15435173315855039 -0.050598410808386944 0.079990974152035529 -0.050370428556277685 0.28424832726850002 0.042967193161276958 -0.095127357610737123
leaf_weight=44.002020218409598 8.315478145144878 2.3664371958002439 44.78155195619911 16.068372257053859 9.3983690766617638 1075.2595867104828 683.46043845266104 2.2630854956805697 18.00512204691768 6.1829058015719038 491.06396725215018 269.88473221473396 4.362254305742681 4.7334878742694828 9.0347146727144718 5.723794085904955 2.3259884342551258 1.559820583090185 8.0539602283388394 20.278328062966466 0.23631585668772359 7.4033588455058634 0.423780146986246 0.24205175414681424 1.4700641082599757 0.38316273503005494 0.31664870958775182 0.14936792105436325 13.773620026186107 1.774215987883508
leaf_count=6458 64 17 465 125 55 7153 4735 21 184 33 2969 1823 26 32 69 55 23 18 67 153 18 949 33 6 146 41 44 18 248 26
internal_value=-3.98422e-05 0.000812956 0.00260333 0.00305293 0.00263121 5.5709e-05 0.00646721 -0.00329199 0.0154889 -0.00424958 -0.00374153 -0.00421837 -0.0413109 0.020717 -0.000582036 0.0330753 -0.021225 0.0273997 -0.0156557 -0.0198201 -0.0421698 -0.0209759 0.028948 -0.0373877 -0.00275592 -0.0235985 -0.0470115 0.0568818 0.0306953 -0.0624608
internal_weight=2753.3 2698.67 1879.1 1844.3 1812.9 1084.66 728.242 819.57 39.7602 779.809 769.264 760.949 10.5452 37.4971 13.7682 23.7289 34.7989 31.4018 30.6583 28.3323 54.6268 10.1587 2.51332 7.64541 2.08954 1.85323 44.468 0.466017 29.842 4.14065
internal_count=26074 18361 13085 12799 12408 7208 5200 5276 361 4915 4856 4792 59 340 101 239 286 391 243 220 7713 1193 238 955 205 187 6520 62 373 43
is_linear=0
shrinkage=0.05


Tree=88
num_leaves=31
num_cat=0
split_feature=3 2 3 5 3 3 6 5 10 3 5 1 7 4 2 5 5 9 1 9 3 3 4 5 4 2 5 5 10 4
split_gain=37.3142 7.59747 8.26349 15.9567 10.1089 37.4383 22.8673 26.0695 16.6639 16.1654 14.7484 7.47275 6.52847 4.67046 5.39013 5.03999 6.10596 4.60771 2.94598 3.19648 5.79744 2.87824 3.7544 2.82877 2.25189 3.26795 3.20727 6.52851 2.47719 1.94673
threshold=2.5000000000000004 88.035714285714292 4.5000000000000009 2.5424447270374588 5.5000000000000009 6.5000000000000009 1.0000000180025095e-35 2.7274423337856177 1.0000000180025095e-35 7.5000000000000009 3.1791748803154047 52.500000000000007 7.5000000000000009 3319.0000000000005 88.522727272727295 2.033573334560177 3.032408487960478 8.5000000000000018 82.500000000000014 9.5000000000000018 13.500000000000002 15.500000000000002 4898.5000000000009 5.8327505827505837 376.50000000000006 97.118055555555571 2.3000815660685157 2.1647820973371008 1.5000000000000002 924.50000000000011
decision_type=2 2 2 2 2 2 2 2 2 2 2 2 2 2 2 2 2 2 2 2 2 2 2 2 2 2 2 2 2 2
left_child=24 2 3 29 6 10 7 -4 -8 -7 -6 17 -13 14 -3 -16 -17 -5 19 23 -21 22 -20 -15 -1 26 27 -26 -28 -2
right_child=1 13 4 11 5 9 8 -9 -10 -11 -12 12 -14 18 15 16 -18 -19 21 20 -22 -23 -24 -25 25 -27 28 -29 -30 -31
leaf_value=-0.046835322150423908 -0.040198693475885512 0.035088886013757502 -0.0092279234603196512 0.0076367030132575668 -0.011449439548086667 0.011330150353756542 -0.016046506752994859 0.027230676818745608 0.015652688820058509 -0.00098267024765483625 -0.042473695964016234 -0.0017830040588058594 -0.020242561887050828 0.045410127551015124 0.051578146172488105 -0.012439411094713779 0.0086801955870337427 0.052927897990379627 0.024846564700839135 0.053433454118832324 -0.090681625566825741 0.039319914686780241 -0.022441121586199868 -0.0048124371139222476 -0.050667843695631265 0.16512905522833143 -0.03876128727103044 0.23213188069424781 0.10233326363460929 -0.079844557323082058
leaf_weight=42.463610139675438 21.916447053663436 14.250459393486379 66.608824595808983 36.965663355775177 96.7990294508636 338.34478480368853 124.33550447970629 185.79918290674686 62.198892846703529 1256.6210473850369 63.395873680710793 137.23736412357539 73.575513589195907 22.451857818290598 5.154358970001339 52.620017730630934 97.889169650152326 6.6215178351849309 7.6763240247964921 1.4239765796810382 1.3684971854090688 5.9877037182450286 9.2618621438741666 3.2038480304181567 0.48324983566999158 0.2317652618512519 8.576034656260159 0.35326133482158184 0.32279314100742418 3.6057609170675269
leaf_count=6520 587 174 304 258 450 1799 559 999 298 8493 284 977 596 455 66 611 981 39 93 31 17 75 129 49 43 22 1098 23 7 37
internal_value=-3.86638e-05 0.000773994 -1.99264e-05 -0.00811013 0.00101222 -0.000685008 0.00779876 0.0176095 -0.00547658 0.00162928 -0.023727 -0.00432898 -0.00822555 0.00965011 0.00565592 0.00296143 0.0012965 0.0145171 0.0228604 0.033609 -0.0171925 0.00952285 -0.00101052 0.0391384 -0.0418151 -0.0204268 -0.0248443 0.0687594 -0.0336433 -0.0457998
internal_weight=2747.74 2695.31 2474.03 279.922 2194.1 1755.16 438.942 252.408 186.534 1594.97 160.195 254.4 210.813 221.288 169.914 155.664 150.509 43.5872 51.3741 28.4482 2.79247 22.9259 16.9382 25.6557 52.4307 9.9671 9.73534 0.836511 8.89883 25.5222
internal_count=26074 18361 15680 2494 13186 11026 2160 1303 857 10292 734 1870 1573 2681 1832 1658 1592 297 849 552 48 297 222 504 7713 1193 1171 66 1105 624
is_linear=0
shrinkage=0.05


Tree=89
num_leaves=31
num_cat=0
split_feature=3 8 2 1 4 5 4 5 5 4 8 5 3 3 3 7 2 4 2 2 3 3 3 5 2 7 5 4 5 10
split_gain=35.1707 7.45617 6.86562 6.77421 7.21052 6.66113 6.48842 7.23621 6.08528 6.02608 6.39097 5.99239 9.36669 7.12884 5.49212 4.99284 4.01974 3.99491 3.87236 5.47593 5.01946 3.58534 5.49655 3.45645 3.33917 3.76139 2.83819 2.25917 2.98574 4.12548
threshold=2.5000000000000004 1.5000000000000002 60.408333333333339 52.500000000000007 1919.5000000000002 5.8327505827505837 189.50000000000003 2.0994619768013658 2.9625719714828631 6776.0000000000009 1.0000000180025095e-35 2.3767902188354144 5.5000000000000009 4.5000000000000009 10.500000000000002 1.0000000180025095e-35 40.100000000000009 3828.0000000000005 86.031250000000014 84.89444444444446 6.5000000000000009 7.5000000000000009 6.5000000000000009 2.0628955696202538 87.80625000000002 4.5000000000000009 3.3974952735734028 376.50000000000006 2.8289066739012485 1.0000000180025095e-35
decision_type=2 2 2 2 2 2 2 2 2 2 2 2 2 2 2 2 2 2 2 2 2 2 2 2 2 2 2 2 2 2
left_child=27 2 16 18 11 6 15 -8 17 10 -7 13 -13 -5 -10 -4 -2 -6 19 20 -3 22 -18 -23 -20 -26 -21 -1 29 -29
right_child=1 3 5 4 8 9 7 -9 14 -11 -12 12 -14 -15 -16 -17 21 -19 24 26 -22 23 -24 -25 25 -27 -28 28 -30 -31
leaf_value=-0.046651699114876655 -0.037544828985986545 -0.01103351633803093 0.042959406575250325 -0.053228780223554012 0.025832266946564403 -0.04438799672277588 0.019245530769504776 0.0045809910298109571 -0.0091535167373009117 0.025911163584075605 0.0080195339658782356 -0.0017400595342179288 -0.016729141993694761 0.0021196752654920065 0.005130606550603465 -0.018956902130082498 -0.0038686976794829659 -0.01819085776843735 0.059895718225639216 -0.089003875997424584 0.013131974574915549 0.017398300341717125 0.016555537487974521 -0.012040403295776858 -0.017096037642890149 0.038879455263505613 -0.008572527705555149 -0.020884829919633443 -0.036545373765123977 0.11035135455967282
leaf_weight=40.547664143145084 8.6772640906274301 29.109026052057743 3.5428516604006282 6.0128345219418398 36.647066444158554 18.55745861120522 90.718166233040392 1157.1106611732394 112.84842851758003 6.425125738605856 8.4734816569834965 179.53743196371943 248.46754623576999 179.22234951332211 166.69876006431878 40.206805034540594 117.42514081671834 5.9965324178338042 6.0251437127590206 2.2685274146497241 82.081963531672955 10.940349161624907 45.785212084650993 112.51719130575657 5.3340056249871832 6.8622138081118464 2.1234952807426453 1.6795061007142051 7.1723807537928224 0.93066827254369844
leaf_count=6520 165 202 32 193 230 126 625 8524 613 72 54 1212 1361 948 1360 268 710 39 83 25 567 48 195 489 82 114 24 162 955 76
internal_value=-3.70309e-05 0.000737893 0.0028764 -0.00250293 -0.00400812 0.00441297 0.00498354 0.00564711 0.00204817 -0.0176139 -0.0279596 -0.00719003 -0.0104416 0.000323034 -0.00063565 -0.0139429 -0.00401726 0.0196417 0.00801992 0.00464265 0.00680562 -0.0030024 0.00186089 -0.00943165 0.0294429 0.0143986 -0.0501162 -0.0414485 -0.0198816 0.025908
internal_weight=2739.95 2689.62 1620.38 1069.24 935.431 1325.03 1291.58 1247.83 322.191 33.4561 27.0309 613.24 428.005 185.235 279.547 43.7497 295.345 42.6436 133.804 115.583 111.191 286.668 163.21 123.458 18.2214 12.1962 4.39202 50.3302 9.78256 2.61017
internal_count=26074 18361 11308 7053 5956 9701 9449 9149 2242 252 180 3714 2573 1141 1973 300 1607 269 1097 818 769 1442 905 537 279 196 49 7713 1193 238
is_linear=0
shrinkage=0.05


Tree=90
num_leaves=31
num_cat=0
split_feature=3 4 3 0 1 5 6 1 2 4 3 5 4 5 0 6 4 5 4 2 4 5 5 5 2 3 4 10 4 5
split_gain=33.1267 7.3166 11.7872 7.17975 7.78733 6.61549 7.41111 6.85226 6.53326 6.09535 5.99515 6.57469 7.9762 5.83136 5.62105 6.0758 5.61844 5.58304 7.29474 5.00761 4.83603 4.76274 4.14211 3.94737 3.60688 3.29826 2.5555 2.51141 2.2702 2.77042
threshold=2.5000000000000004 3961.0000000000005 12.500000000000002 1.0000000180025095e-35 132.50000000000003 6.3712274973526304 1.0000000180025095e-35 52.500000000000007 68.612500000000011 9222.5000000000018 4.5000000000000009 3.1791748803154047 1267.5000000000002 5.8327505827505837 1.5000000000000002 1.0000000180025095e-35 3157.5000000000005 4.6979207067442372 1979.5000000000002 84.292857142857159 7875.0000000000009 3.2802931575877179 4.0425400045075515 5.4974507795607161 70.26136363636364 5.5000000000000009 12859.500000000002 1.0000000180025095e-35 376.50000000000006 2.8289066739012485
decision_type=2 2 2 2 2 2 2 2 2 2 2 2 2 2 2 2 2 2 2 2 2 2 2 2 2 2 2 2 2 2
left_child=28 3 8 4 5 7 -7 -2 25 14 21 12 -12 24 15 -4 -13 18 -6 -19 -15 -5 -23 26 -10 -3 -11 -27 -1 -30
right_child=1 2 9 10 17 6 -8 -9 13 23 11 16 -14 20 -16 -17 -18 19 -20 -21 -22 22 -24 -25 -26 27 -28 -29 29 -31
leaf_value=-0.046461589482860541 0.009791923086042785 0.031989363517613174 -0.037354229835096807 -0.051153586381373621 -0.0076687374765303275 0.014751127229035569 -0.054115819851907769 0.00081681659548808814 0.065289316772373276 0.061645140628547493 -0.0048621743445594334 -0.018059034998593956 0.018802167272164848 -0.03250092261317282 0.051758584185984106 -0.0050588530864699444 0.015907667416470091 0.047459919991641272 -0.038768703927860269 -0.030471468527607484 0.022325299469996514 0.013937533469226399 -0.03748564624155145 -0.032565496834064088 0.024028637335505323 0.0056597484319324135 0.00069566539140587834 -0.021082521953164991 0.023849557668866518 -0.036019188048453915
leaf_weight=38.724019948858768 242.97197470907122 6.5131596326827994 18.858194161206484 12.974049581214787 73.325075652450323 6.092511225491763 10.88856915012002 1704.9054461158812 5.5724406763911238 6.2878633141517621 150.13568952307105 105.33518194779754 46.67887369170785 8.3499154783785361 3.5590733326971522 63.946881372481585 13.765409775078295 6.8289710804820043 25.381972920149565 2.9525469243526459 7.7600572165101758 8.3340166527777892 7.3870471213012925 2.0254034399986258 107.01122126914561 18.942357737571001 2.3672567494213581 16.363361865282059 2.68103422783315 6.9197462890297174
leaf_count=6520 1987 34 133 254 397 42 59 11190 35 68 757 540 249 77 18 480 83 43 134 20 97 67 57 16 1333 88 27 76 238 955
internal_value=-3.55297e-05 0.000702789 0.0085484 -0.000165362 0.000945419 0.00166546 -0.0294076 0.00193634 0.0164657 -0.00536262 -0.00684837 -0.00486079 0.000750341 0.0220448 -0.00976932 -0.0124139 -0.0141332 -0.0120953 -0.0156659 0.0239364 -0.00609153 -0.0287304 -0.0102253 0.0302705 0.0260709 -0.000703513 0.0449749 -0.00673466 -0.0410655 -0.0193007
internal_weight=2733.84 2685.51 267.557 2417.96 2073.35 1964.86 16.9811 1947.88 170.513 97.0447 344.61 315.915 196.815 128.694 86.3641 82.8051 119.101 108.489 98.707 9.78152 16.11 28.6951 15.7211 10.6805 112.584 41.8189 8.65512 35.3057 48.3248 9.60078
internal_count=26074 18361 2482 15879 13872 13278 101 13177 1740 742 2007 1629 1006 1542 631 613 623 594 531 63 174 378 124 111 1368 198 95 164 7713 1193
is_linear=0
shrinkage=0.05


Tree=91
num_leaves=31
num_cat=0
split_feature=3 4 5 3 3 5 3 3 3 3 6 3 3 4 5 1 2 7 2 5 2 1 5 4 7 3 7 2 2 2
split_gain=31.186 7.13771 11.9162 17.635 34.1056 28.82 21.3541 12.605 14.2304 12.59 12.1682 13.5372 10.7654 8.91143 8.46957 8.36282 8.33953 6.32885 7.91241 6.92458 5.48018 5.39729 8.04872 4.86427 4.7095 4.55824 4.37484 5.51906 3.22266 5.65122
threshold=2.5000000000000004 1164.5000000000002 2.7695807084581232 5.5000000000000009 8.5000000000000018 3.5034288587229767 12.500000000000002 7.5000000000000009 13.500000000000002 6.5000000000000009 1.0000000180025095e-35 4.5000000000000009 4.5000000000000009 1133.5000000000002 2.7376297515928134 117.50000000000001 90.449494949494962 6.5000000000000009 43.732142857142868 5.101066003045724 68.612500000000011 52.500000000000007 5.4342959087974965 2304.5000000000005 7.5000000000000009 16.500000000000004 10.500000000000002 82.804761904761918 62.041666666666679 54.612500000000004
decision_type=2 2 2 2 2 2 2 2 2 2 2 2 2 2 2 2 2 2 2 2 2 2 2 2 2 2 2 2 2 2
left_child=-1 12 7 10 5 -5 -6 9 23 20 11 -4 14 17 28 -11 -12 18 -14 -19 -3 24 -23 -9 -16 -10 27 -15 29 -2
right_child=1 2 3 4 6 -7 -8 8 25 15 16 -13 13 26 21 -17 -18 19 -20 -21 -22 22 -24 -25 -26 -27 -28 -29 -30 -31
leaf_value=-0.040669841321211875 -0.044388823594904842 -0.022575584945786001 -0.0075914591907863945 0.0024994914630373398 0.0081744995605855884 -0.040116409536839544 -0.010977754865196799 -0.0071704949909397386 0.02749964621051151 0.047699797102674885 -0.00014273642291684493 0.032603883486272515 -0.044107499655874856 -0.032830306117866602 -0.0024016736421322679 0.010036999518809249 0.027524261450683186 0.0051667878193907358 -0.0023368984659347313 -0.048221371005148679 0.01770623426835078 -0.015841350127729602 0.06452745433880315 -0.0420854711438306 0.045116504660902397 -0.0071004709575807311 -0.079099440485688802 0.035821242560900683 -0.047746939841847094 0.031675201888123998
leaf_weight=46.411394059192389 6.0580103974789363 14.420905791223047 27.074932467192411 65.917663540691137 464.27505536563694 99.642435017973185 211.99517066776752 50.3872438557446 45.743485789746046 54.14631562680006 192.89339991658926 92.544200718402863 11.565959259867666 17.024822968989618 15.96455159597099 20.251599907875061 31.715103428810835 491.70555171184242 573.30929230898619 6.1495242938399306 20.369846992194653 99.977237607352436 3.2154324483126393 12.437893204391001 7.7434122152626506 12.02005861699581 3.850183129310607 3.5355088151991358 22.171215291600674 4.0908056478947401
leaf_count=7713 200 83 163 339 4203 482 1440 344 337 386 1046 585 108 92 112 106 237 2967 3241 34 117 883 23 84 61 74 20 31 464 99
internal_value=-3.36863e-05 0.000669461 0.00310883 0.00108984 -0.00280882 -0.0231489 0.00217071 0.0135304 0.00238684 0.0258374 0.0106243 0.023506 -0.00205783 -0.000309574 -0.0142143 0.0374477 0.00376389 0.000363977 -0.00316292 0.00450734 0.00100926 -0.00839457 -0.0133371 -0.0140828 0.0131185 0.0202997 -0.030185 -0.0210251 -0.0370649 -0.0137288
internal_weight=2728.61 2682.2 1415.84 1186.06 841.83 165.56 676.27 229.777 120.589 109.189 344.228 119.619 1266.36 1107.14 159.221 74.3979 224.609 1082.73 584.875 497.855 34.7908 126.901 103.193 62.8251 23.708 57.7635 24.4105 20.5603 32.32 10.1488
internal_count=26074 18361 10026 8495 6464 821 5643 1531 839 692 2031 748 8335 6493 1842 492 1283 6350 3349 3001 200 1079 906 428 173 411 143 123 763 299
is_linear=0
shrinkage=0.05


Tree=92
num_leaves=31
num_cat=0
split_feature=3 9 3 3 2 4 5 1 3 4 3 2 3 4 5 3 4 6 5 8 6 5 7 4 5 2 5 2 5 3
split_gain=29.3419 6.85212 6.80715 7.65776 8.49999 11.4566 8.55655 6.64341 13.5856 8.69017 8.52985 6.46757 6.62906 11.3085 9.62736 9.40955 15.3935 8.23076 6.56665 5.89163 5.86714 5.07272 4.99009 4.89753 4.67358 4.59308 4.50917 4.4871 3.91212 3.18868
threshold=2.5000000000000004 4.5000000000000009 10.500000000000002 14.500000000000002 64.035714285714292 140.50000000000003 2.0994619768013658 52.500000000000007 7.5000000000000009 3961.0000000000005 8.5000000000000018 58.029411764705891 12.500000000000002 859.50000000000011 4.1756453341610085 11.500000000000002 794.50000000000011 1.0000000180025095e-35 3.4764054214614188 1.0000000180025095e-35 1.0000000180025095e-35 4.6701274104683206 7.5000000000000009 1686.5000000000002 4.7529269737141826 86.031250000000014 4.1570939102452806 42.690476190476197 3.192635542168675 5.5000000000000009
decision_type=2 2 2 2 2 2 2 2 2 2 2 2 2 2 2 2 2 2 2 2 2 2 2 2 2 2 2 2 2 2
left_child=-1 2 7 4 6 -6 -4 19 9 -9 -10 18 15 -14 -15 17 -17 -13 27 24 23 22 -20 -5 -2 -21 -22 -3 -29 -23
right_child=1 11 3 20 5 -7 -8 8 10 -11 -12 12 13 14 -16 16 -18 -19 21 25 26 29 -24 -25 -26 -27 -28 28 -30 -31
leaf_value=-0.040258772759625784 0.024365795346079855 -0.032279604609799173 0.049163135967258575 -0.089646599361666413 -0.11428234743195997 0.011622079696722375 -0.012058620579774998 -0.0030619708235399717 -0.032481534591383664 0.033713587905894619 -0.010411796235604891 0.0095739731244897618 -0.058970873131428951 0.0068332148284770333 -0.02276667692492779 -0.091861036329286591 0.020833743738542396 -0.00030822946512578243 -0.041099114099516318 -0.0069573599888839571 0.005484786815058173 0.030627488391633508 -0.0060513214255313594 -0.023022987300539421 -0.026224930610704706 0.028992551036628397 -0.02294294534095519 0.000523894057431388 0.029666045721389662 -0.014449491717342642
leaf_weight=44.587389426771551 46.33330953028053 9.2124345293268544 6.165699213743209 3.391329079866412 1.8189734518527974 270.14817952923477 76.757211159914732 569.05704945418984 61.406815130263567 16.530498929321766 152.53105689957738 381.71707422565669 9.2345348298549634 94.660651333630085 38.701807964593172 3.1007433608174315 133.17155659012496 470.30996675230563 27.306233672425151 69.240373715758324 44.986633472144604 6.859640114009383 16.170441942289472 14.780566863715647 5.0640169307589522 10.192737938836215 20.218614611774683 94.36730601079762 13.116931200027464 9.1648093573749048
leaf_count=7713 350 116 27 17 11 2448 336 3457 273 97 903 2927 49 766 245 18 1462 2822 150 491 295 39 86 94 35 153 106 477 68 43
internal_value=-3.15916e-05 0.000638743 -0.00183397 0.00330369 0.00650722 0.01078 -0.0075065 -0.0042542 -0.00596334 -0.00202384 -0.0167465 0.00322786 0.00461613 -0.00546185 -0.00175668 0.00607024 0.0182695 0.0041191 -0.00568257 0.00619067 -0.0103319 -0.0192004 -0.0280637 -0.0354566 0.0193813 -0.00234432 -0.00332998 0.00120991 0.00408028 0.00484676
internal_weight=2720.3 2675.72 1368.62 438.267 354.89 271.967 82.9229 930.356 799.525 585.588 213.938 1307.09 1130.9 142.597 133.362 988.299 136.272 852.027 176.198 130.83 83.3771 59.5011 43.4767 18.1719 51.3973 79.4331 65.2052 116.697 107.484 16.0244
internal_count=26074 18361 9093 3334 2822 2459 363 5759 4730 3554 1176 9268 8289 1060 1011 7229 1480 5749 979 1029 512 318 236 111 385 644 401 661 545 82
is_linear=0
shrinkage=0.05


Tree=93
num_leaves=31
num_cat=0
split_feature=3 8 11 5 2 3 4 6 5 3 3 1 9 9 2 4 10 3 2 9 4 1 5 2 10 1 2 2 4 2
split_gain=27.5965 6.70686 6.08963 6.29111 6.07058 7.29615 5.73336 6.28646 11.0794 7.93352 6.20903 5.39316 5.15653 5.09509 4.60166 5.6055 5.43142 4.55287 4.57844 4.51352 4.08644 3.71141 3.92281 2.81064 2.55909 2.14503 2.12398 2.00467 4.42053 3.7531
threshold=2.5000000000000004 1.5000000000000002 1.0000000180025095e-35 2.0007541478129718 79.674242424242451 10.500000000000002 462.50000000000006 1.0000000180025095e-35 3.5710947712418304 12.500000000000002 4.5000000000000009 117.50000000000001 5.5000000000000009 1.0000000180025095e-35 80.809090909090926 462.50000000000006 1.0000000180025095e-35 21.500000000000004 40.100000000000009 5.5000000000000009 4098.5000000000009 72.500000000000014 4.3972049084534488 96.041666666666671 1.5000000000000002 82.500000000000014 79.964285714285737 84.422619047619065 70.500000000000014 82.348484848484858
decision_type=2 2 2 2 2 2 2 2 2 2 2 2 2 2 2 2 2 2 2 2 2 2 2 2 2 2 2 2 2 2
left_child=24 4 6 -4 17 14 10 9 -9 -8 -3 12 -5 -12 16 -16 -6 18 -2 -20 -13 23 -23 -7 26 -19 -1 28 -28 -30
right_child=1 2 3 11 5 21 7 8 -10 -11 13 20 -14 -15 15 -17 -18 25 19 -21 -22 22 -24 -25 -26 -27 27 -29 29 -31
leaf_value=-0.046160917195089669 -0.036289996827792791 -0.047718892342829139 0.025686782954744566 -0.016946011654568143 0.03344795434381341 0.025963434378116129 0.0088404273430995727 0.0057957231151088921 -0.0095154025077342688 -0.022829677532519063 -0.030394474622052803 -0.039484075650067126 0.012230092959267386 -0.0036467940551244064 -0.016493656884489873 0.0038983308434980125 -0.0070335822573823707 -0.014285619776074544 -0.0012919178104730375 0.0052333616366906652 0.013381747176012163 0.016179730130381983 -0.0097540520385280619 -0.043619976199854707 0.032672439230941222 -0.060997604946778687 0.29450788020927049 -0.035377134824344472 -0.050380966097095303 0.10102105023347203
leaf_weight=36.461959724780172 8.1864365860819799 9.9566072071902436 9.6429487871937436 56.263720358721912 24.692020399495959 72.687024999409914 269.61308984830976 210.51954402960837 269.28720767982304 21.339710369706154 20.384078614413738 29.825914067216218 20.721546885557473 140.66710854321718 38.877241089008749 253.086067346856 12.470682957209645 6.3664151430129987 683.21999701764435 432.93174526561052 4.1659705750644198 49.429174359887838 20.683170832693577 1.4807860273867834 1.1832713205367316 4.0028544664382935 0.14491653302684326 3.3230726942420006 1.0786035750061271 0.65965983364731062
leaf_count=6962 165 367 60 367 170 1356 1873 1257 1805 135 101 173 134 758 318 2051 79 32 3735 2460 23 648 251 23 36 20 18 454 158 85
internal_value=-2.94331e-05 0.000609316 -0.00247352 -0.0130511 0.00264597 0.00740208 -0.00111876 0.00071884 -0.00279751 0.00651761 -0.00940112 -0.0164171 -0.0090929 -0.00703222 0.00329226 0.00118298 0.0198636 0.000661691 0.000965847 0.0012391 -0.033005 0.0167772 0.00852925 0.0245742 -0.0398362 -0.0323179 -0.0418953 -0.0120208 0.029194 0.00707513
internal_weight=2713.35 2670.5 1062.39 120.62 1608.11 473.406 941.767 770.76 479.807 290.953 171.008 110.977 76.9853 161.051 329.126 291.963 37.1627 1134.71 1124.34 1116.15 33.9919 144.28 70.1123 74.1678 42.8515 10.3693 41.6682 5.20625 1.88318 1.73826
internal_count=26074 18361 7053 757 11308 4896 6296 5070 3062 2008 1226 697 501 859 2618 2369 249 6412 6360 6195 196 2278 899 1379 7713 52 7677 715 261 243
is_linear=0
shrinkage=0.05


Tree=94
num_leaves=31
num_cat=0
split_feature=3 4 3 6 5 3 3 5 3 3 3 3 3 3 5 10 3 3 5 4 2 5 2 4 10 9 2 3 4 2
split_gain=25.9661 6.65825 9.3002 6.07714 18.0626 17.0031 18.3063 25.4991 13.9396 12.3044 30.7675 10.5233 18.2408 13.1135 5.9878 6.71464 5.96346 7.37572 7.18448 5.86237 5.76692 5.46723 4.8101 4.42356 4.07363 3.86077 3.501 2.78751 2.55103 3.07098
threshold=2.5000000000000004 3961.0000000000005 12.500000000000002 1.0000000180025095e-35 2.7274423337856177 4.5000000000000009 5.5000000000000009 3.2802931575877179 6.5000000000000009 6.5000000000000009 7.5000000000000009 11.500000000000002 4.5000000000000009 13.500000000000002 2.4231223858883437 1.0000000180025095e-35 15.500000000000002 13.500000000000002 5.4342959087974965 1754.5000000000002 68.612500000000011 5.8327505827505837 88.522727272727295 7875.0000000000009 1.0000000180025095e-35 2.5000000000000004 70.26136363636364 5.5000000000000009 376.50000000000006 97.118055555555571
decision_type=2 2 2 2 2 2 2 2 2 2 2 2 2 2 2 2 2 2 2 2 2 2 2 2 2 2 2 2 2 2
left_child=28 3 20 5 9 14 7 -7 -8 19 -11 12 -6 -13 -2 -16 17 25 22 -5 27 26 -18 -23 -19 -4 -22 -3 -1 -30
right_child=1 2 16 4 11 6 8 -9 -10 10 -12 13 -14 -15 15 -17 18 24 -20 -21 21 23 -24 -25 -26 -27 -28 -29 29 -31
leaf_value=-0.045715996362813496 -0.057069070613292486 0.029628083644494502 -0.043839905482520848 -0.010071424144323406 0.0016798593465001757 -0.00052183762277661558 -0.020655426749405605 0.031205458007676636 0.0024860106710554307 0.030723495001117259 -0.0033419505885982151 0.0087430534833211979 -0.015725462373317702 -0.015784140106453317 -0.0041603034646577634 -0.039744351101506953 0.0051077882663372034 -0.022741221511249333 -0.047931750883926788 0.040114109555003351 0.064282043554786727 -0.031605836983541295 0.047830488651910544 0.021111744613349984 -0.074256004697635158 0.0094270489888645132 0.022653158175851271 -0.0063308799066335219 -0.019950208789654551 0.16427444752868736
leaf_weight=32.794556725304574 9.9174134284257871 6.3637284114956847 4.2334205545485046 104.86711598141119 230.99977831728756 122.98709243535995 71.83328141272068 130.55262007564306 691.59299859590828 124.08044681325555 142.29854085668921 198.13353525474668 432.10486789233983 75.171122211962938 42.652109275572002 19.236265053041279 47.397976063191891 8.3934392631053907 5.6981001161038867 6.1609770916402331 5.3095185980200759 8.4061225615441781 7.651980170980095 7.5561413541436186 7.0701318979263297 17.314878990873694 103.56545840762556 35.201556820422411 8.1838141768239403 0.23264613468200046
leaf_count=6520 300 34 36 761 1556 588 332 745 4952 696 929 1625 2293 431 440 195 310 46 32 36 35 77 124 97 44 150 1333 164 1171 22
internal_value=-2.83835e-05 0.000580266 0.00811492 -0.000248162 -0.00253735 0.00251419 0.00417451 0.0158152 0.000308557 0.00669731 0.0125259 -0.00625925 -0.00966213 0.00199697 -0.0210005 -0.0152206 -0.00412505 -0.0199461 0.0055142 -0.00728662 0.0153058 0.0206768 0.0110463 -0.00665064 -0.0462944 -0.00103788 0.0246833 -0.000825491 -0.0394139 -0.0148579
internal_weight=2707.96 2666.75 264.162 2402.59 1313.82 1088.77 1016.97 253.54 763.426 377.407 266.379 936.409 663.105 273.305 71.8058 61.8884 97.7599 37.0119 60.7481 111.028 166.403 124.837 55.05 15.9623 15.4636 21.5483 108.875 41.5653 41.211 8.41646
internal_count=26074 18361 2482 15879 8327 7552 6617 1333 5284 2422 1625 5905 3849 2056 935 635 742 276 466 797 1740 1542 434 174 90 186 1368 198 7713 1193
is_linear=0
shrinkage=0.05


Tree=95
num_leaves=31
num_cat=0
split_feature=3 1 4 5 11 3 3 9 5 8 0 2 2 3 3 5 2 1 4 6 6 2 3 2 7 4 5 7 4 5
split_gain=24.4106 6.43475 10.3611 8.42691 8.13704 8.74075 15.0514 10.3875 8.07438 6.07614 5.62341 7.29571 5.6279 5.47643 7.20251 8.02592 5.98205 5.07244 5.14049 4.54792 4.34356 4.145 4.05569 3.27329 3.24998 3.19636 3.16413 2.91147 2.54602 2.93659
threshold=2.5000000000000004 82.500000000000014 3893.5000000000005 2.0994619768013658 1.0000000180025095e-35 8.5000000000000018 7.5000000000000009 9.5000000000000018 6.138655058293625 1.0000000180025095e-35 1.0000000180025095e-35 50.81666666666667 86.511904761904773 12.500000000000002 11.500000000000002 4.7275819418676575 59.763888888888893 92.500000000000014 725.50000000000011 1.0000000180025095e-35 1.0000000180025095e-35 68.031250000000014 9.5000000000000018 52.033333333333339 3.5000000000000004 495.50000000000006 2.0481256332320164 1.0000000180025095e-35 376.50000000000006 2.8289066739012485
decision_type=2 2 2 2 2 2 2 2 2 2 2 2 2 2 2 2 2 2 2 2 2 2 2 2 2 2 2 2 2 2
left_child=28 2 8 9 5 6 -5 -7 10 19 12 -12 -2 14 15 -4 -15 18 -6 22 -18 -16 -3 24 -11 -25 -21 -19 -1 -30
right_child=1 3 13 4 17 7 -8 -9 -10 23 11 -13 -14 16 21 -17 20 27 -20 26 -22 -23 -24 25 -26 -27 -28 -29 29 -31
leaf_value=-0.045491636973048352 0.001552849575900422 -0.0053560876666317592 0.025389376958608059 -0.0046923643923340681 0.053988907474174758 0.00081420143178691803 -0.038071488278839855 0.038994357864372282 -0.031963570150018418 0.0089177094687490216 -0.042699411966163739 -0.0039888082882342515 0.012144430977611309 -0.065114267656994518 0.010655655367549066 -0.013591414352493794 -0.024135131818169616 0.0011530564536872952 -0.0085008538126820354 0.032498944410939763 0.013089775408483337 0.045361577658200203 0.039808579178474572 -0.0089011607009224104 -0.065166597579113458 0.019253971252284306 0.085058234386715101 -0.028831864437001517 0.032053625825035702 -0.033412625824915491
leaf_weight=31.345166103448719 1211.3960639019497 15.911580410785975 32.416735367849469 340.20983915124089 3.9409647686406997 382.44691104069352 37.494978561997414 18.684930846095085 18.166956167668104 2.4893590342253438 13.188941710162906 157.79380120337009 139.90406737010926 3.1286051273345938 11.559824854135512 22.280930496752262 9.6485988274216634 9.3329732306301576 19.954111140221357 19.836668397299949 41.724064823240042 33.636003863066435 7.228753510862588 21.951574905775487 3.652286984026432 18.640383698046207 3.3465803917497388 61.059050363488495 2.4169076802209002 5.8812992083840072
leaf_count=6520 7756 100 275 1925 21 2735 165 155 111 19 97 876 1770 14 55 181 77 52 117 120 365 664 56 138 28 107 20 362 238 955
internal_value=-2.59851e-05 0.000554224 0.00241064 -0.00270225 -0.00422669 -0.00254724 -0.00800593 0.00259265 0.00117298 0.0116011 0.00156844 -0.00697479 0.00264943 0.0147592 0.0217148 0.00951067 0.00201044 -0.0180994 0.00180545 0.0244339 0.00609835 0.0364848 0.00875279 -0.00111913 -0.0351384 0.00402806 0.0400861 -0.0248563 -0.038972 -0.0143451
internal_weight=2700.67 2661.03 1694.84 966.181 873.124 778.837 377.705 401.132 1540.45 93.0572 1522.28 170.983 1351.3 154.395 99.8935 54.6977 54.5013 94.2871 23.8951 46.3236 51.3727 45.1958 23.1403 46.7336 6.14165 40.592 23.1832 70.392 39.6434 8.29821
internal_count=26074 18361 12241 6120 5532 4980 2090 2890 10610 588 10499 973 9526 1631 1175 456 456 552 138 296 442 719 156 292 47 245 140 414 7713 1193
is_linear=0
shrinkage=0.05


Tree=96
num_leaves=31
num_cat=0
split_feature=3 8 1 3 3 4 4 9 2 3 4 5 3 1 1 4 4 5 4 9 3 5 5 5 10 2 2 2 9 9
split_gain=22.9383 6.10622 5.8692 6.0963 7.77283 8.65508 7.23396 7.17368 5.56931 5.24909 5.93607 5.70917 4.88643 4.70364 4.57592 5.2483 3.73929 6.53091 4.43634 6.5936 3.83793 3.28232 5.58112 2.93863 2.62441 2.40985 2.20375 1.95935 3.98396 10.6908
threshold=2.5000000000000004 1.5000000000000002 52.500000000000007 9.5000000000000018 7.5000000000000009 3961.0000000000005 189.50000000000003 1.0000000180025095e-35 87.683333333333351 23.500000000000004 7875.0000000000009 5.9740629161764138 12.500000000000002 147.50000000000003 117.50000000000001 6037.0000000000009 230.50000000000003 2.4309120332715644 1686.5000000000002 1.0000000180025095e-35 6.5000000000000009 2.5319272493636795 2.8289066739012485 2.250342465753425 1.5000000000000002 67.976190476190496 79.964285714285737 84.422619047619065 3.5000000000000004 4.5000000000000009
decision_type=2 2 2 2 2 2 2 2 2 2 2 2 2 2 2 2 2 2 2 2 2 2 2 2 2 2 2 2 2 2
left_child=24 8 16 4 5 -4 -6 12 9 10 11 -2 -5 -9 21 23 17 -3 20 -20 -18 -10 -23 -16 26 -19 -1 28 -28 -30
right_child=1 2 3 7 6 -7 -8 13 14 -11 -12 -13 -14 -15 15 -17 18 25 19 -21 -22 22 -24 -25 -26 -27 27 -29 29 -31
leaf_value=-0.045575666842637245 0.001806417266533928 0.018008941364541529 -0.0057662683040751068 -0.0089429020928956451 0.024445086214845955 0.030403113044581761 -0.023842720299872385 0.0054507240436030106 0.040336305974222608 -0.060309908081461666 0.034217111854224568 -0.021389954142241898 -0.048629476506281334 -0.01600316862530882 0.03711945809306285 0.056867980737701475 -0.0020507214316842323 -0.093881270907698683 -0.078653565882148085 0.00087452671262028118 0.021288930775114262 -0.022633233872884188 0.018222093926253374 -0.011140987781197528 0.036405134543321102 -0.029132738945136794 -0.050435917138542424 -0.034056703105650933 0.40808173802097053 0.012618382689515775
leaf_weight=32.124410608317703 1407.1547832665965 5.8148222244344634 429.92104576062411 36.91522497497499 8.4706438630819303 17.201516278088093 91.939754869788885 303.41308951377869 13.613224195316432 3.4225473552942267 13.886947125196455 27.035720862448215 9.8191930837929231 27.897312991321087 3.4515935331583014 3.4991665296256533 23.66081506665796 2.5048254979774356 2.9105267673730877 24.932727988809347 68.916311886161566 9.3236904386430961 80.806582571938634 36.621322920545936 1.1340101547539223 3.3710400788113475 0.82221483252942462 3.0580149292945862 0.21777805732563116 0.79389123758301139
leaf_count=6962 9059 39 2641 226 37 102 476 2269 230 18 119 153 56 149 42 57 155 16 15 173 665 132 1173 325 36 34 117 454 23 121
internal_value=-2.44836e-05 0.000528348 -0.00241893 -0.00382609 -0.0071979 -0.00437477 -0.0197692 0.0010574 0.00247811 0.00153798 0.00168416 0.00136915 -0.0172813 0.00364424 0.0117412 -0.00185637 0.00743972 -0.0195579 0.0100607 -0.00743875 0.0153238 0.0174521 0.0139957 -0.00698418 -0.0385196 -0.0567344 -0.0408149 -0.00955175 0.0313104 0.0977482
internal_weight=2694.65 2656.5 1057.69 925.578 547.533 447.123 100.41 378.045 1598.82 1451.5 1448.08 1434.19 46.7344 331.31 147.316 43.5721 132.111 11.6907 120.42 27.8433 92.5771 103.743 90.1303 40.0729 38.1503 5.87587 37.0163 4.8919 1.83388 1.01167
internal_count=26074 18361 7053 5956 3256 2743 513 2700 11308 9349 9331 9212 282 2418 1959 424 1097 89 1008 188 820 1535 1305 367 7713 50 7677 715 261 144
is_linear=0
shrinkage=0.05


Tree=97
num_leaves=31
num_cat=0
split_feature=3 4 5 3 3 5 3 3 3 3 6 3 3 4 1 5 2 7 7 3 2 2 4 2 4 3 4 7 8 1
split_gain=21.5703 5.77359 10.6545 15.752 28.0111 25.3294 16.803 11.1398 12.7104 11.132 10.1775 11.7267 9.13036 8.08444 7.98772 7.96536 7.2064 5.75681 5.9164 5.1245 5.06808 5.98333 4.88404 4.8037 4.32028 4.12451 2.59673 2.85739 5.92506 9.54248
threshold=2.5000000000000004 1164.5000000000002 2.7695807084581232 5.5000000000000009 8.5000000000000018 3.5034288587229767 12.500000000000002 7.5000000000000009 13.500000000000002 6.5000000000000009 1.0000000180025095e-35 4.5000000000000009 4.5000000000000009 1116.5000000000002 117.50000000000001 2.3461733697774312 90.449494949494962 7.5000000000000009 2.5000000000000004 9.5000000000000018 54.612500000000004 72.410526315789483 1044.5000000000002 68.612500000000011 2304.5000000000005 16.500000000000004 376.50000000000006 3.5000000000000004 1.5000000000000002 82.500000000000014
decision_type=2 2 2 2 2 2 2 2 2 2 2 2 2 2 2 2 2 2 2 2 2 2 2 2 2 2 2 2 2 2
left_child=26 12 7 10 5 -5 -6 9 24 23 11 -4 15 17 -11 -2 -12 18 -14 -19 22 -22 -17 -3 -9 -10 -1 28 29 -28
right_child=1 2 3 4 6 -7 -8 8 25 14 16 -13 13 -15 -16 20 -18 19 -20 -21 21 -23 -24 -25 -26 -27 27 -29 -30 -31
leaf_value=-0.045052988320224863 -0.048479768091926667 -0.021024447246418995 -0.0070183830570997923 0.0027663491017937275 0.0070783330300389115 -0.037270971372559546 -0.0099620760668102087 -0.0067740868249271963 0.026268795866359371 0.045909215446597602 3.0123243844679338e-05 0.030614039634891524 0.0035633915464340984 -0.023455478114822986 0.0087415527810242068 -0.044711610028188714 0.026065841305871917 0.0017580490537427264 -0.0062626661483294434 0.014440166785774138 0.0064201609606784745 -0.015641578940416852 0.056925163939343715 0.016805278419727936 -0.039560386897334918 -0.0067691994188330239 0.22632323368186033 -0.032507116976100592 -0.050368572485073593 -0.050358113303403854
leaf_weight=28.796680640429258 14.563817085232584 14.372785942628978 26.958411049097776 65.565270390361547 454.62449351884425 99.3815584667027 212.1859775763005 50.207590589299798 44.838500041514635 52.052506744861603 192.31727522984147 89.183733314275742 248.33194742538035 36.598035410046577 20.01339603215456 14.451126548927276 30.839792840182781 307.38283776305616 399.86416833847761 107.51521315798163 53.287018669769168 72.610315310768783 1.287291895598172 20.165545474737883 12.561578620225189 11.968363568186758 0.7220537508837872 5.5440160729922354 1.1328211189247666 0.54825184587389231
leaf_count=6520 430 83 163 339 4203 482 1440 344 337 386 1046 585 1445 216 106 284 237 1695 2330 807 510 605 13 117 84 74 88 836 182 87
internal_value=-2.3356e-05 0.000503565 0.0027149 0.000796057 -0.0029077 -0.0213564 0.0016559 0.0126498 0.00217256 0.0244019 0.00987544 0.021879 -0.00195665 -0.00034992 0.0355874 -0.0132685 0.0036282 0.000445511 -0.00249818 0.00504445 -0.00964786 -0.00630378 -0.0363984 0.00106281 -0.0133354 0.0193082 -0.0380702 -0.0127681 0.0327698 0.10691
internal_weight=2689.87 2653.13 1397.24 1171.06 831.757 164.947 666.81 226.18 119.576 106.604 339.299 116.142 1255.89 1099.69 72.0659 156.2 223.157 1063.09 648.196 414.898 141.636 125.897 15.7384 34.5383 62.7692 56.8069 36.7438 7.94714 2.40313 1.27031
internal_count=26074 18361 10026 8495 6464 821 5643 1531 839 692 2031 748 8335 6493 492 1842 1283 6277 3775 2502 1412 1115 297 200 428 411 7713 1193 357 175
is_linear=0
shrinkage=0.05


Tree=98
num_leaves=31
num_cat=0
split_feature=3 1 4 3 5 3 6 3 3 3 3 3 2 3 5 5 4 2 5 4 4 5 4 4 10 0 5 11 7 4
split_gain=20.2723 5.69154 6.80343 14.2494 11.3746 10.9975 10.4005 16.5976 11.1962 7.57817 10.6456 6.19704 4.66727 4.17341 4.05374 4.05237 4.22177 4.50482 3.63558 2.97464 2.57014 2.80923 3.8684 4.38381 3.01481 2.74342 5.04599 2.13466 1.71671 4.54499
threshold=2.5000000000000004 167.50000000000003 462.50000000000006 11.500000000000002 2.2392835272504601 4.5000000000000009 1.0000000180025095e-35 11.500000000000002 5.5000000000000009 5.5000000000000009 7.5000000000000009 15.500000000000002 69.021739130434796 9.5000000000000018 1.9576611182244987 2.4141321044546857 209.50000000000003 71.236111111111128 2.5424447270374588 4787.0000000000009 376.50000000000006 2.8289066739012485 803.50000000000011 383.50000000000006 1.5000000000000002 2.5000000000000004 2.4720248447204973 1.0000000180025095e-35 1.0000000180025095e-35 504.50000000000006
decision_type=2 2 2 2 2 2 2 2 2 2 2 2 2 2 2 2 2 2 2 2 2 2 2 2 2 2 2 2 2 2
left_child=20 2 3 5 9 -2 8 -8 -6 14 -11 15 -5 -7 -4 16 -3 -18 -17 -20 25 22 23 -22 28 -1 -27 -25 29 -23
right_child=1 11 4 12 6 13 7 -9 -10 10 -12 -13 -14 -15 -16 18 17 -19 19 -21 21 24 -24 27 -26 26 -28 -29 -30 -31
leaf_value=-0.046571287660655762 -0.031367456119779334 0.054363396377052675 -0.061334045580675428 -0.031579637580977808 0.015016545367165924 -0.0039611221272534136 -0.00621996716871608 0.0059918285222049852 0.0015393051509638904 0.02804345845130651 0.0023524772193693325 -0.064474304984010508 -0.10236507466193408 0.0080749127445203343 -0.0039682745012171979 -0.062223654732510174 0.020275586643056898 -0.026243487093901108 -0.01477881366822586 0.023142575150066184 0.24521674673633764 0.27246749741392179 0.16107248090085816 -0.050612359295065912 0.12918709709110418 -0.050243411477131121 0.3487860257100775 0.084562402633129724 -0.050297010666590529 -0.050339937936201076
leaf_weight=27.199557311367247 32.466294657904655 4.2586103472858694 4.1121500395238426 4.8079226687550527 224.79483653232455 303.22844770178199 774.16687255725265 434.35796175152063 490.02546330168843 96.259093265980482 69.389982623979449 5.1575832813978186 4.516040563583374 94.456834487617016 12.264146842062472 3.7489096131175748 11.818295439705254 9.2990896888077241 62.749268637038767 5.6358326859772196 0.1680846214294428 0.15487550385296334 0.47176400292664755 1.383931068703532 0.27499124780297268 0.21601504040881891 0.12511644000187516 0.37018829258158792 4.6772615192458034 0.36844053212553263
leaf_count=6458 868 29 28 22 1409 1540 4506 3703 3871 586 483 24 25 657 81 21 56 56 358 38 9 26 33 154 6 47 15 42 862 61
internal_value=-2.20055e-05 0.000480641 0.000946283 -0.0047122 0.00212744 -0.00338667 0.000996829 -0.0018309 0.00577759 0.0140738 0.0172816 -0.0110613 -0.0658644 -0.00110236 -0.018373 -0.00823616 0.0089492 -0.000209196 -0.0142818 -0.0116536 -0.0376034 -0.0124036 0.0327763 0.00128871 -0.0321566 -0.044804 0.0961082 -0.0220852 -0.040688 0.045195
internal_weight=2682.92 2647.51 2544.85 439.476 2105.37 430.152 1923.35 1208.52 714.82 182.025 165.649 102.668 9.32396 397.685 16.3763 97.51 25.376 21.1174 72.134 68.3851 35.4102 7.86954 2.39397 1.9222 5.47557 27.5407 0.341131 1.75412 5.20058 0.523316
internal_count=26074 18361 17779 3112 14667 3065 13489 8209 5280 1178 1069 582 47 2197 109 558 141 112 417 396 7713 1193 238 205 955 6520 62 196 949 87
is_linear=0
shrinkage=0.05


Tree=99
num_leaves=31
num_cat=0
split_feature=3 8 1 4 11 5 5 3 4 7 5 5 4 5 5 2 3 7 3 3 3 3 3 7 9 5 3 6 4 7
split_gain=19.0636 5.57401 5.66496 5.32004 5.40222 7.46923 5.20083 7.28778 7.05695 5.13746 10.8892 9.19486 7.62254 7.57314 7.41324 9.7205 9.56648 5.10535 6.85113 4.97537 4.35196 4.33608 3.65227 3.42431 6.60836 4.38097 4.06078 6.56222 4.59375 2.70113
threshold=2.5000000000000004 1.5000000000000002 52.500000000000007 1833.5000000000002 1.0000000180025095e-35 3.492700341005968 2.3767902188354144 5.5000000000000009 963.50000000000011 7.5000000000000009 2.033573334560177 5.101066003045724 874.50000000000011 2.8735942814218487 2.7695807084581232 63.707142857142863 5.5000000000000009 1.0000000180025095e-35 4.5000000000000009 11.500000000000002 8.5000000000000018 7.5000000000000009 6.5000000000000009 10.500000000000002 1.0000000180025095e-35 3.3855746469956789 6.5000000000000009 1.0000000180025095e-35 1015.5000000000001 11.500000000000002
decision_type=2 2 2 2 2 2 2 2 2 2 2 2 2 2 2 2 2 2 2 2 2 2 2 2 2 2 2 2 2 2
left_child=-1 9 23 6 5 -5 8 -8 -4 12 22 13 17 -12 15 -14 -16 18 -2 -19 -13 -6 -11 26 29 -26 27 -3 -28 -25
right_child=1 2 3 4 21 -7 7 -9 -10 10 11 20 14 -15 16 -17 -18 19 -20 -21 -22 -23 -24 24 25 -27 28 -29 -30 -31
leaf_value=-0.037142285741932811 -0.039764465876782784 -0.040178614904109233 -0.0041632504080362925 0.017027536829005655 -0.051638143470694245 -0.0011542020313054606 -0.0018389979468477877 -0.015321685951305446 0.02147967001877487 0.0088159714104389126 -0.0017559116947937277 -0.039379743499654785 -0.0082302415381746812 0.010817382587495514 0.010557624361200125 0.023308173094453648 -0.0037427981701241191 -0.0071293470609377387 0.013698997975559008 -0.039677571481238322 -0.0040171895942407157 -0.008225107930482544 0.039145433817736511 -0.091349315211010029 -0.020823966870454385 0.031842321590314693 0.024985159211884347 0.010428109064123278 -0.0011476948666940504 -0.022705676780731723
leaf_weight=34.146150714252144 6.7640242641791692 9.0734450225718337 147.54728109622374 76.218490766361356 7.256409589201211 218.19064227491617 172.29999742470682 239.60261672735214 32.79322874173522 14.561731043271719 199.15017336513847 16.505010651424527 33.895862556993961 300.42856765910983 171.80245510861278 87.498479316011071 366.2821682933718 279.56053003668785 52.515349879860878 12.255895823240278 18.399268174543977 27.737754443660378 31.179421730339527 2.8527614399790791 7.8090064264833909 7.9874795991927385 54.628612827509642 21.788151828572154 24.295299462974072 2.8798850830644369
leaf_count=7713 76 84 931 493 41 1621 1188 1316 199 99 1379 98 161 2276 1033 706 2918 1814 318 66 161 167 203 20 65 64 497 137 209 21
internal_value=-2.16472e-05 0.000457794 -0.00236412 -0.00374844 0.00134523 0.0035528 -0.00658153 -0.00968184 0.000499674 0.00232564 0.00607557 0.00407176 0.00017261 0.00580521 0.00334107 0.014502 0.000823115 -0.00577885 0.00759859 -0.00849633 -0.0207389 -0.0172273 0.02949 0.00735188 -0.0108812 0.0058067 0.0109274 -0.00445049 0.0169406 -0.0568651
internal_weight=2677.91 2643.76 1052.96 921.646 329.403 294.409 592.243 411.903 180.341 1590.8 580.224 534.483 1010.57 499.579 659.479 121.394 538.085 351.096 59.2794 291.816 34.9043 34.9942 45.7412 131.315 21.5291 15.7965 109.786 30.8616 78.9239 5.73265
internal_count=26074 18361 7053 5956 2322 2114 3634 2504 1130 11308 4216 3914 7092 3655 4818 867 3951 2274 394 1880 259 208 302 1097 170 129 927 221 706 41
is_linear=0
shrinkage=0.05


Tree=100
num_leaves=31
num_cat=0
split_feature=3 1 4 5 11 3 3 9 5 8 3 3 2 0 2 1 3 5 2 1 4 6 9 3 5 2 7 3 4 4
split_gain=17.8754 5.38384 9.39238 7.08988 7.02801 7.54354 12.6109 9.56236 6.85405 5.30184 4.90985 9.94165 5.12855 4.82915 6.76659 5.00014 4.5682 7.22347 5.71311 4.52008 4.80486 4.19994 3.97443 3.73914 3.02982 2.95668 3.12501 2.80312 2.65329 2.63249
threshold=2.5000000000000004 82.500000000000014 3893.5000000000005 2.0994619768013658 1.0000000180025095e-35 8.5000000000000018 7.5000000000000009 9.5000000000000018 6.138655058293625 1.0000000180025095e-35 13.500000000000002 15.500000000000002 72.866071428571445 1.0000000180025095e-35 50.81666666666667 52.500000000000007 11.500000000000002 4.7275819418676575 70.513157894736864 92.500000000000014 1440.5000000000002 1.0000000180025095e-35 6.5000000000000009 9.5000000000000018 1.9407531842342796 52.033333333333339 3.5000000000000004 4.5000000000000009 495.50000000000006 376.50000000000006
decision_type=2 2 2 2 2 2 2 2 2 2 2 2 2 2 2 2 2 2 2 2 2 2 2 2 2 2 2 2 2 2
left_child=29 2 8 9 5 6 -5 -7 13 21 16 22 -13 15 -15 -2 17 -4 -18 20 -6 23 -12 -3 -23 26 -11 -21 -27 -1
right_child=1 3 10 4 19 7 -8 -9 -10 25 11 12 -14 14 -16 -17 18 -19 -20 27 -22 24 -24 -25 -26 28 -28 -29 -30 -31
leaf_value=-0.044329017350069749 0.0089213769808054108 -0.0059290757887395075 0.024241172477989903 -0.004431216510464661 0.028183503121728716 0.00071066776792413542 -0.035122777272288408 0.037755972458539622 -0.029563570253284682 0.0089635097628162647 -0.01103600460257499 -0.015983022545882079 0.027325898601369931 -0.041446900820837303 -0.0037488634247485179 0.00092340022127013806 0.0069202783183780195 -0.012896107935271676 0.040181128328013391 -0.059894771814459985 -0.01728643690621438 0.021669010323046592 -0.077410695563167695 0.038073262763600409 0.058352513299556791 -0.0081248835492404633 -0.064259450305934274 -0.020519084567186735 0.01765603634922111 -0.010640504119595974
leaf_weight=25.402009567478672 237.49614640558138 15.746508477255704 31.671073015779257 338.20505785010755 10.079287606291475 381.12184753082693 37.145540364086628 18.253940336406231 18.165387259796262 2.4848892278969279 4.1584100686013681 10.369977593421938 20.05631080083549 12.878816422540693 157.17318668495864 1102.9382856287993 19.369820289313793 22.322683459147811 38.716084668412805 4.855849619023501 13.716410052031277 12.691031860187652 4.9281112626194954 6.9627137482166281 10.115109625272451 21.887989629525691 3.5229742145165801 65.324100833386183 18.344020929187536 7.5142638697288922
leaf_count=6520 1978 100 275 1925 55 2735 165 155 111 19 24 51 216 97 876 7548 103 181 753 65 83 80 28 56 60 138 28 349 107 1193
internal_value=-1.97948e-05 0.000436656 0.00214356 -0.00254944 -0.00394558 -0.00237925 -0.00746852 0.00240387 0.000966345 0.0106687 0.0140146 -0.00114058 0.0125652 0.0013335 -0.00660391 0.00234047 0.0193574 0.00888748 0.0290897 -0.0168583 0.00197354 0.022783 -0.0470346 0.00756217 0.0379391 -0.00125575 -0.033974 -0.0232435 0.00363008 -0.0366385
internal_weight=2673.62 2640.7 1680.24 960.457 868.702 774.726 375.351 399.376 1528.65 91.7552 151.592 39.5128 30.4263 1510.49 170.052 1340.43 112.08 53.9938 58.0859 93.9756 23.7957 45.5154 9.08652 22.7092 22.8061 46.2399 6.00786 70.18 40.232 32.9163
internal_count=26074 18361 12241 6120 5532 4980 2090 2890 10610 588 1631 319 267 10499 973 9526 1312 456 856 552 138 296 52 156 140 292 47 414 245 7713
is_linear=0
shrinkage=0.05


Tree=101
num_leaves=31
num_cat=0
split_feature=3 4 5 1 4 5 11 3 8 4 9 7 2 3 3 10 2 4 8 4 0 2 5 4 4 5 7 9 4 4
split_gain=16.757 5.18753 6.26399 5.87303 8.27278 6.70193 6.76633 5.58982 4.9004 4.64927 4.42471 4.60295 4.29458 2.84622 3.08916 2.69648 2.37972 2.05488 1.82743 2.54806 1.5688 1.56648 1.16606 0.983171 4.9905 2.50968 0.366914 1.68779 9.96223e-06 9.59264e-06
threshold=2.5000000000000004 8514.5000000000018 6.138655058293625 82.500000000000014 3893.5000000000005 2.0994619768013658 1.0000000180025095e-35 12.500000000000002 1.5000000000000002 3689.5000000000005 8.5000000000000018 1.5000000000000002 83.911067193675905 22.500000000000004 10.500000000000002 1.5000000000000002 79.964285714285737 29.500000000000004 1.5000000000000002 376.50000000000006 1.0000000180025095e-35 80.577380952380963 6.138655058293625 512.50000000000011 528.50000000000011 2.3000815660685157 1.0000000180025095e-35 7.5000000000000009 376.50000000000006 376.50000000000006
decision_type=2 2 2 2 2 2 2 2 2 2 2 2 2 2 2 2 2 2 2 2 2 2 2 2 2 2 2 2 2 2
left_child=15 2 3 4 9 8 -7 -6 -5 -2 11 -4 -13 14 22 16 23 -18 19 -19 21 -16 -3 26 -25 -26 27 -1 -28 -20
right_child=1 13 10 5 7 6 -8 -9 -10 -11 -12 12 -14 -15 20 -17 17 18 29 -21 -22 -23 -24 24 25 -27 28 -29 -30 -31
leaf_value=-0.050191476484586155 0.0015851974053586581 -0.032681906452428126 -0.064135117188488674 0.018817877571291202 0.022309998082408196 -0.0025219969068739582 -0.017016823312866334 0.00013751539683958241 -0.0053578163053081196 -0.023006144130052118 0.021315295086310568 -0.0092006376257645055 -0.064098536364340306 -0.040401246739154191 0.01474756200384714 0.042080536156577572 0.12552828058799753 -0.050231676969743747 -0.050229232571692407 0.059572256839352127 0.067195267891171917 0.043055115005834171 0.014895130154406447 0.24669256821891478 0.092672926676156328 -0.050287898053617788 -0.050179635823018091 0.054699600520950437 -0.050318281788318153 -0.050460159117445724
leaf_weight=1.9620510230306671 1489.6895291637629 2.6689122430980268 6.4700493142008773 58.706156628206372 82.031948106363416 750.56370543688536 90.187738315202296 43.498611388728023 32.601506820414215 19.471534710377455 5.7334562744945279 23.95565641485155 4.1847673952579489 1.7590640652924765 10.393243990838533 1.0651485603302706 0.28354102559387584 0.86444310843944583 0.76913835760205973 1.358871952164918 2.9449622482061377 9.2251658756285888 2.4887831881642342 0.16834180848672931 0.3484869399107996 2.5780361462384462 19.400866317562762 0.47669186117127527 1.3883502520620812 1.082824559882283
leaf_count=534 10332 26 38 388 998 4797 530 359 200 167 36 137 42 14 76 36 29 195 177 170 21 182 18 31 29 524 5453 130 261 144
internal_value=-1.84298e-05 0.00041636 0.00018052 0.000487786 0.00229377 -0.00267963 -0.00407686 0.0146268 0.0101859 0.00126791 -0.0193683 -0.0261078 -0.0173645 0.021273 0.0251866 -0.0361278 -0.0388429 -0.00462319 -0.0136786 0.0168796 0.0331667 0.0280586 -0.00972419 -0.0445093 -0.0180363 -0.0332643 -0.0480366 -0.0296888 -0.0501889 -0.0503643
internal_weight=2668.32 2636.57 2607.09 2566.75 1634.69 932.059 840.751 125.531 91.3077 1509.16 40.3439 34.6105 28.1404 29.4801 27.7211 31.7468 30.6816 4.35882 4.07528 2.22332 22.5634 19.6184 5.1577 26.3228 3.09486 2.92652 23.228 2.43874 20.7892 1.85196
internal_count=26074 18361 18024 17771 11856 5915 5327 1357 588 10499 253 217 179 337 323 7713 7677 715 686 365 279 258 44 6962 584 553 6378 664 5714 321
is_linear=0
shrinkage=0.05


Tree=102
num_leaves=31
num_cat=0
split_feature=3 9 2 4 4 4 7 5 6 6 1 3 5 5 3 10 0 4 4 9 4 2 1 5 9 2 3 9 4 2
split_gain=15.7273 5.09543 6.39263 5.849 5.21526 4.82406 6.71209 4.38739 7.87399 5.5654 4.02289 4.51057 4.25076 3.04115 2.9078 2.68838 4.44672 4.49154 11.5227 2.95052 2.56881 2.43178 8.78584 2.01723 1.79845 2.78128 1.67381 1.84432 1.73959 1.60173
threshold=2.5000000000000004 2.5000000000000004 94.041666666666671 133.50000000000003 81.500000000000014 5139.0000000000009 1.0000000180025095e-35 1.6677927927927929 1.0000000180025095e-35 1.0000000180025095e-35 197.50000000000003 9.5000000000000018 2.4845015831422645 1.7049805722359592 12.500000000000002 1.0000000180025095e-35 2.5000000000000004 803.50000000000011 859.50000000000011 7.5000000000000009 43.500000000000007 30.100000000000005 117.50000000000001 5.7216090559935324 1.0000000180025095e-35 65.345238095238116 7.5000000000000009 5.5000000000000009 7875.0000000000009 82.348484848484858
decision_type=2 2 2 2 2 2 2 2 2 2 2 2 2 2 2 2 2 2 2 2 2 2 2 2 2 2 2 2 2 2
left_child=15 4 3 13 24 10 -7 8 -5 -9 11 -6 -12 -3 -8 29 17 21 -19 -20 -15 22 -17 26 -2 -26 27 -4 -28 -1
right_child=1 2 23 7 5 6 14 9 -10 -11 12 -13 -14 20 -16 16 -18 18 19 -21 -22 -23 -24 -25 25 -27 28 -29 -30 -31
leaf_value=-0.05019873799927578 0.0014195848275476075 -0.060340219585481206 -0.0057094350039194842 -0.027245913091449005 -0.0066727862208064972 -0.069059295712037658 0.030739674411533004 0.0051080586532799496 0.057025551946133193 -0.00064045523609785498 0.0071174653206220132 0.0014365570641049173 -0.060267387898443853 0.037642002937397341 0.0013263685614036979 -0.050230190072043913 0.23757380326503508 0.39515961352907036 -0.050753949800306043 0.14697316855724485 -0.017872403031626401 -0.037418985097638933 0.54073518051084124 -0.029071194430990228 0.016917615520387997 0.085459231464976484 0.049067864841139307 0.030430275996735808 -0.0054878051632234913 -0.0051452877826214669
leaf_weight=18.992354797665033 2.6147315567359311 3.9542642012238494 5.6154191438108745 4.0195558033883545 481.4444819111377 2.2802674788981667 21.864395095035434 701.27275188732892 8.9299287181347609 1053.6470635319129 3.6934504872187954 266.33404574543238 6.388314344920218 2.2543384516611722 13.647481571882961 0.24548706016503086 0.173178427852691 0.22400038689375001 0.75510096689686157 0.25151566695421934 27.548863927833736 7.7220525366719812 0.084555190056562424 1.6274538598954666 2.9583175182342529 2.9618900856003165 10.847435550764201 9.5071521494537574 1.6886557601392258 2.2014242890290907
leaf_count=5247 22 42 47 20 2969 21 239 5180 55 7153 20 1823 37 23 101 63 24 20 121 30 219 1822 15 18 25 19 209 80 39 371
internal_value=-1.77036e-05 0.000396488 0.00185365 0.00147696 -0.00292106 -0.00333809 0.0140964 0.00187064 0.0308675 0.00165667 -0.00420749 -0.00378451 -0.035581 -0.0191397 0.0194359 -0.0356278 -0.0134583 -0.0181415 0.0708243 -0.00134937 -0.0136732 -0.0317384 0.101172 0.0250264 0.0359558 0.0512091 0.0282095 0.0170106 0.041719 -0.045519
internal_weight=2665.75 2635.1 1830.91 1801.63 804.187 795.652 37.7921 1767.87 12.9495 1754.92 757.86 747.779 10.0818 33.7575 35.5119 30.6497 9.45589 9.28271 1.23062 1.00662 29.8032 8.05209 0.330042 29.2861 8.53494 5.92021 27.6587 15.1226 12.5361 21.1938
internal_count=26074 18361 13085 12692 5276 5210 361 12408 75 12333 4849 4792 57 284 340 7713 2095 2071 171 151 242 1900 78 393 66 44 375 127 248 5618
is_linear=0
shrinkage=0.05


Tree=103
num_leaves=31
num_cat=0
split_feature=3 2 4 5 1 4 5 9 7 10 4 4 0 10 3 3 2 9 2 2 9 4 3 0 5 8 3 6 4 3
split_gain=14.7781 5.04264 4.79377 5.63323 5.15021 7.30201 6.58398 4.10929 4.02964 2.64613 3.39903 13.1187 3.94479 2.73579 2.63098 2.65659 2.0376 6.343 1.60183 6.62317 4.73845 1.469 2.51369 1.45828 1.19844 1.11069 0.00142566 0.000388087 0.000124084 5.5463e-05
threshold=2.5000000000000004 37.083333333333336 8514.5000000000018 6.138655058293625 82.500000000000014 3893.5000000000005 5.9740629161764138 8.5000000000000018 1.5000000000000002 1.0000000180025095e-35 803.50000000000011 813.50000000000011 2.5000000000000004 1.5000000000000002 22.500000000000004 10.500000000000002 30.100000000000005 6.5000000000000009 82.348484848484858 84.422619047619065 3.5000000000000004 874.50000000000011 5.5000000000000009 1.0000000180025095e-35 6.138655058293625 1.0000000180025095e-35 4.5000000000000009 1.0000000180025095e-35 285.50000000000006 3.5000000000000004
decision_type=2 2 2 2 2 2 2 2 2 2 2 2 2 2 2 2 2 2 2 2 2 2 2 2 2 2 2 2 2 2
left_child=9 21 3 4 5 -3 -6 8 -5 18 12 -12 16 -13 15 24 17 -11 -1 20 -20 26 -23 -17 -4 -18 28 -28 -2 -30
right_child=1 2 14 7 6 -7 -8 -9 -10 10 11 13 -14 -15 -16 23 25 -19 19 -21 -22 22 -24 -25 -26 -27 27 -29 29 -31
leaf_value=-0.050189029698767151 -0.050946568519665371 0.0013155728916518711 -0.030646330079015755 -0.060016385721339771 -0.0021043975702492745 0.013931161217406061 -0.064800761228072851 0.021446525692186788 -0.016454300786321763 -0.050301106009931984 0.42325774303946151 -0.050356797048140306 0.18988776009882558 0.13212496984523728 -0.038624493796577106 0.027137131750990157 -0.0091847665798212626 0.39999033813056212 -0.050480930485228039 -0.050338558620296861 0.28048003054607401 0.017497585585777201 -0.054265940129337921 0.065348258636834508 0.018216969531479051 -0.050371536084695946 -0.053857577121259083 -0.052757324261423225 -0.051541078787568008 -0.052156270310629908
leaf_weight=18.069492741255093 0.5970505084842429 1500.8946507289074 2.7189027890563073 6.5360813736915579 924.18454645574093 124.19202855415642 4.2064512856304637 5.6189595256000748 28.270197357982397 0.2655379329808073 0.21018943097442289 0.86201195162720956 0.20714432047680009 0.26963939145207405 1.7506133466958989 19.181725721806291 2.430837452178821 0.11085751233622432 0.16884961165487711 1.7206859183497725 0.30083602759987116 2.7115844385698438 2.2186528369784355 2.8705699592828742 2.3303770758211613 5.0115666955243796 1.3923413492739201 1.8885656949132681 0.87596756219863869 0.62977531924843788
leaf_count=5247 41 10357 26 37 5806 1357 25 35 179 60 9 159 22 5 14 258 600 18 24 314 33 37 35 21 16 1222 23 40 37 17
internal_value=-1.76358e-05 0.000377491 0.000514706 0.00028926 0.000582438 0.00227968 -0.00238847 -0.0182295 -0.0246346 -0.0351333 -0.0131584 0.0605007 -0.0254734 -0.00687673 0.020783 0.0246204 -0.0311789 0.0823206 -0.0452941 -0.00491334 0.161501 -0.0345152 -0.0147967 0.0321111 -0.00809462 -0.0369191 -0.0525729 -0.0532242 -0.0515565 -0.0517984
internal_weight=2662.7 2633.07 2622.76 2593.9 2553.48 1625.09 928.391 40.4252 34.8063 29.6276 9.36778 1.34184 8.02594 1.13165 28.8522 27.1016 7.8188 0.376395 20.2599 2.19037 0.469686 10.3139 4.93024 22.0523 5.04928 7.4424 5.3837 3.28091 2.10279 1.50574
internal_count=26074 18361 18131 17796 17545 11714 5831 251 216 7713 2095 173 1922 164 335 321 1900 78 5618 371 57 230 72 279 42 1822 158 63 95 54
is_linear=0
shrinkage=0.05


Tree=104
num_leaves=31
num_cat=0
split_feature=3 8 2 1 3 9 3 4 4 5 3 4 3 5 9 3 3 5 5 3 5 4 5 4 9 9 2 10 4 4
split_gain=13.8982 4.98249 4.83623 4.64085 4.71716 6.43357 6.20657 7.74276 6.50969 4.57565 7.34741 7.23541 9.35984 8.22194 5.96975 4.5735 4.31384 4.29791 4.38381 4.31062 4.08085 3.35617 5.96977 3.9122 5.56979 3.39537 2.89032 2.60312 2.94893 7.53904
threshold=2.5000000000000004 1.5000000000000002 87.683333333333351 52.500000000000007 9.5000000000000018 1.0000000180025095e-35 7.5000000000000009 462.50000000000006 189.50000000000003 4.3272682160284512 13.500000000000002 924.50000000000011 7.5000000000000009 3.5959397781299529 7.5000000000000009 8.5000000000000018 12.500000000000002 4.2589518960382042 2.250342465753425 8.5000000000000018 2.250342465753425 230.50000000000003 2.4309120332715644 1686.5000000000002 1.0000000180025095e-35 4.5000000000000009 93.522727272727295 1.0000000180025095e-35 803.50000000000011 813.50000000000011
decision_type=2 2 2 2 2 2 2 2 2 2 2 2 2 2 2 2 2 2 2 2 2 2 2 2 2 2 2 2 2 2
left_child=27 2 9 21 6 16 7 -5 -8 11 15 13 -13 -2 -12 -11 -6 18 26 -20 -7 22 -3 25 -25 -23 -4 -1 -29 -30
right_child=1 3 17 4 5 20 8 -9 -10 10 14 12 -14 -15 -16 -17 -18 -19 19 -21 -22 23 -24 24 -26 -27 -28 28 29 -31
leaf_value=-0.045079893793689596 -0.003624057059041444 0.016906095614988119 0.052141382344273582 -0.018708008655795888 -0.0087598490976517358 0.018384973843620846 0.024212591824737228 -0.001030550538432013 -0.021649308355605801 -0.0094168476452623703 -0.04175640149825121 0.01289721673949636 0.00067610116505958159 0.017320453533337218 0.017621877164271015 0.0045543997034335378 -0.046006506313315196 0.025528585107016999 -0.0059460235033164457 0.015472048012299509 0.001166529404853554 0.0055696763996007414 -0.054984901461559835 -0.071709073292221523 0.00041659359847314261 0.025091760796014113 -0.019445326777314514 -0.024900559950206749 0.27335218706569464 -0.0067272269592760217
leaf_weight=19.378789426293224 493.49639120418578 5.7504347064532322 7.505552761256693 74.461182220373303 36.79769878461957 39.055675864219666 8.4499805867671949 368.47075747512281 91.7551777549088 109.22567431628704 20.999985367059711 286.98654516227543 345.02401423454285 51.772713493555784 5.3015482723712912 126.31816341355443 9.855833847075699 37.096964992582798 58.432467188686132 39.286620477214456 289.38052389770746 51.132022207602859 5.8004884188994765 3.0010621622204807 24.7650364972651 39.462428198195994 1.7361651603132484 7.8401537437457609 0.30568682774901379 1.122686202637851
leaf_count=5618 3132 39 131 665 226 245 37 2078 476 611 101 1648 2498 309 27 1023 56 524 450 832 2173 446 50 15 173 374 22 1922 9 164
internal_value=-1.80561e-05 0.000359052 0.00212937 -0.00231495 -0.00356639 0.000746045 -0.00654455 -0.0040023 -0.0177819 0.00125503 -0.00472309 0.00258466 0.00622553 -0.0016354 -0.0297876 -0.0019243 -0.0166284 0.0108639 0.00577775 0.00266482 0.00321404 0.00653031 -0.0191952 0.00904089 -0.00737901 0.0140734 0.038693 -0.0346563 -0.0128625 0.0532127
internal_weight=2659.97 2631.32 1583.18 1048.14 918.227 375.09 543.137 442.932 100.205 1439.13 261.845 1177.28 632.011 545.269 26.3015 235.544 46.6535 144.058 106.961 97.7191 328.436 129.911 11.5509 118.361 27.7661 90.5945 9.24172 28.6473 9.26853 1.42837
internal_count=26074 18361 11308 7053 5956 2700 3256 2743 513 9349 1762 7587 4146 3441 128 1634 282 1959 1435 1282 2418 1097 89 1008 188 820 153 7713 2095 173
is_linear=0
shrinkage=0.05


Tree=105
num_leaves=31
num_cat=0
split_feature=3 2 4 5 3 3 4 1 1 3 10 0 4 5 3 5 2 3 3 3 7 2 2 4 4 3 0 2 3 6
split_gain=13.0204 4.68174 4.4627 5.01837 9.56954 9.38748 7.70387 8.6254 7.59366 6.42008 2.57026 2.63724 3.23912 5.33518 4.58627 3.33295 2.52994 6.46898 2.36889 2.4814 1.75589 1.65849 5.58254 3.60512 1.44889 2.35695 1.39778 0.674399 0.00118871 0.00032748
threshold=2.5000000000000004 37.083333333333336 8514.5000000000018 4.3272682160284512 12.500000000000002 11.500000000000002 2155.5000000000005 147.50000000000003 52.500000000000007 18.500000000000004 1.0000000180025095e-35 2.5000000000000004 512.50000000000011 2.8289066739012485 1.0000000180025095e-35 2.6412097042206715 30.100000000000005 1.5000000000000002 22.500000000000004 10.500000000000002 1.0000000180025095e-35 82.348484848484858 84.422619047619065 428.50000000000006 874.50000000000011 5.5000000000000009 1.0000000180025095e-35 85.449494949494962 4.5000000000000009 1.0000000180025095e-35
decision_type=2 2 2 2 2 2 2 2 2 2 2 2 2 2 2 2 2 2 2 2 2 2 2 2 2 2 2 2 2 2
left_child=10 24 3 6 5 -5 8 -8 -3 -6 21 12 16 15 -15 -14 17 -12 19 27 -18 -1 23 -23 28 -26 -21 -4 -2 -30
right_child=1 2 18 4 9 -7 7 -9 -10 -11 11 -13 13 14 -16 -17 20 -19 -20 26 -22 22 -24 -25 25 -27 -28 -29 29 -31
leaf_value=-0.050171886573644721 -0.051479036321719435 0.0092388393557524939 0.0089163928589830552 -0.0069358055233658669 -0.035411089786280651 0.0089308814586370969 0.0092094864271721564 -0.017537494078996917 -0.0014364121591263427 0.0015426679606391862 -0.050244677443506414 0.14729167445924593 0.055630686543880405 0.21168910580897654 -0.050753441478475131 0.26703044600719178 0.045395410639086718 0.4237612680740685 -0.036533334651581782 0.026335993870026875 -0.050328959263144173 0.22849580556258312 -0.050307852833900914 -0.050538868054151066 0.01612687175968788 -0.054034777694949257 0.064150710703202968 -0.027688250615822009 -0.053639088876970442 -0.052601774837232086
leaf_weight=16.438729121815417 1.9960986692458371 187.65856927307323 2.7930548489093843 288.99710438493639 37.984833169728518 137.61044696345925 404.66650385782123 32.567661829292774 1483.4054330522195 17.019683167338371 0.22847701958380628 0.25129067013040263 0.46298117563128505 0.1890790422912686 1.3920535347424445 0.3121607406064868 0.52313495497219253 0.10508554917760193 1.7290981542319048 18.789007587358359 5.6865859646350145 0.35597330750897471 1.5660038883797822 0.17153631802648306 2.7578831408172846 2.1149238459765911 2.8091170005500308 2.2899462655186653 1.3218847252428532 1.792727492749691
leaf_count=5247 95 1575 16 1796 206 1347 3265 185 9333 89 56 24 28 26 242 20 157 12 14 258 1530 39 314 18 37 35 21 26 23 40
internal_value=-1.68942e-05 0.00034239 0.000472697 0.000256498 -0.00434847 -0.0018177 0.00130844 0.00721722 -0.000237594 -0.0239767 -0.0341283 -0.012447 -0.0169574 0.0333097 -0.0193694 0.140764 -0.0350589 0.0990862 0.0201816 0.0238571 -0.0422647 -0.044834 -0.00292004 0.137759 -0.0338324 -0.0143251 0.0312543 -0.00757439 -0.0524316 -0.053042
internal_weight=2655.99 2628.3 2618.32 2589.91 481.612 426.608 2108.3 437.234 1671.06 55.0045 27.6831 9.15085 8.89956 2.35627 1.58113 0.775142 6.54328 0.333563 28.4102 26.6811 6.20972 18.5322 2.09351 0.52751 9.98352 4.87281 21.5981 5.083 5.11071 3.11461
internal_count=26074 18361 18131 17796 3438 3143 14358 3450 10908 295 7713 2095 2071 316 268 48 1755 68 335 321 1687 5618 371 57 230 72 279 42 158 63
is_linear=0
shrinkage=0.05


Tree=106
num_leaves=31
num_cat=0
split_feature=3 8 7 5 5 5 4 5 3 2 7 3 3 11 5 4 5 2 3 3 5 9 9 1 3 10 4 4 0 3
split_gain=12.2346 4.54123 4.6568 9.54791 7.79678 6.95032 6.37448 6.75234 9.05346 8.88924 4.52685 6.25631 4.48858 4.20978 5.47734 4.29631 5.6653 6.55156 5.32538 4.49766 4.15333 4.16824 3.78668 3.67394 3.34773 2.52378 2.40147 4.4942 2.66402 2.30863
threshold=2.5000000000000004 1.5000000000000002 7.5000000000000009 2.033573334560177 5.101066003045724 2.2896643783371475 874.50000000000011 2.7695807084581232 5.5000000000000009 63.707142857142863 1.0000000180025095e-35 4.5000000000000009 11.500000000000002 1.0000000180025095e-35 2.0007541478129718 462.50000000000006 3.8563954261401414 92.236111111111128 4.5000000000000009 11.500000000000002 2.0481256332320164 5.5000000000000009 3.5000000000000004 77.500000000000014 6.5000000000000009 1.0000000180025095e-35 803.50000000000011 1030.5000000000002 2.5000000000000004 7.5000000000000009
decision_type=2 2 2 2 2 2 2 2 2 2 2 2 2 2 2 2 2 2 2 2 2 2 2 2 2 2 2 2 2 2
left_child=25 2 6 24 5 -5 10 9 -9 -8 11 -2 -12 15 -15 18 17 -17 -3 -20 -16 -22 -6 -18 -4 -1 28 -28 -27 -26
right_child=1 13 3 4 22 -7 7 8 -10 -11 12 -13 -14 14 20 16 23 -19 19 -21 21 -23 -24 -25 29 26 27 -29 -30 -31
leaf_value=-0.044606438390573107 -0.038565220067855517 -0.046680833162469161 0.0080043701418487309 -0.011034403932787236 0.0013612047647340632 0.0074775436971525854 -0.0080863897301386798 0.009974244859550856 -0.0039835305467581308 0.02218327698731996 -0.0067282474155897724 0.013000993913525631 -0.037506370462868553 0.025380179798370369 -0.074349143641237431 0.0030705513668219187 -0.00078099062903257664 0.041814419516570361 -0.0047060665388788739 -0.051584132827485377 -0.018779122206705485 0.003317432105845391 -0.032361811602781988 -0.012359597789912153 0.051623800983395342 -0.029649900979485125 0.12102689864099379 -0.050886008056467702 0.12822948333107559 0.024028181070702495
leaf_weight=17.730659945867956 6.6304718162864438 8.5888711460866016 14.538003726862369 57.331911762244999 13.710814667865632 438.58148122020066 33.823877930641174 170.69630972668529 363.74747200123966 85.727803368121386 279.00853917514905 52.109509132802486 12.371041625738142 9.4768763333559018 2.8005849700421086 445.98474003747106 197.11436814069748 11.184998108074067 154.08059264346957 5.2924173772335044 77.133394535630941 29.506798889487982 21.188403334468603 105.00841035321355 14.478957369923593 7.2349578379653412 0.85647257859818615 0.68360246275551617 0.27744036866351951 15.904070012271402
leaf_count=5618 76 367 99 406 95 3249 161 1033 2918 706 1814 318 66 60 18 2827 1445 134 835 24 497 182 164 664 96 1900 57 116 22 107
internal_value=-1.69176e-05 0.000326003 0.00201801 0.00560299 0.00372986 0.0053374 -3.75289e-05 0.00287736 0.000474451 0.0136193 -0.0054823 0.00718029 -0.00803499 -0.00222913 -0.0110859 -0.00109328 0.000507455 0.00401845 -0.00832959 -0.00626278 -0.0142436 -0.0126651 -0.0191131 -0.00480535 0.0277369 -0.0336395 -0.012159 0.0447189 -0.0238193 0.0371788
internal_weight=2652.8 2626.02 1579.85 575.734 530.813 495.913 1004.12 653.995 534.444 119.552 350.12 58.74 291.38 1046.17 118.918 927.254 759.293 457.17 167.962 159.373 109.441 106.64 34.8992 302.123 44.921 26.7831 9.05247 1.54008 7.5124 30.383
internal_count=26074 18361 11308 4216 3914 3655 7092 4818 3951 867 2274 394 1880 7053 757 6296 5070 2961 1226 859 697 679 259 2109 302 7713 2095 173 1922 203
is_linear=0
shrinkage=0.05


Tree=107
num_leaves=31
num_cat=0
split_feature=3 1 3 4 3 3 2 5 5 3 6 3 3 5 2 4 5 4 1 6 4 2 7 4 7 8 1 5 5 0
split_gain=11.4523 4.34204 5.31293 5.17716 11.2276 10.6783 10.1941 9.88369 8.24996 8.57159 7.33171 11.1523 9.01184 6.58904 5.55452 4.70539 3.31082 3.94391 3.86629 3.43794 3.57998 2.80794 2.76819 2.52661 2.51978 4.36696 5.339 4.80268 4.33486 1.94606
threshold=2.5000000000000004 167.50000000000003 15.500000000000002 616.50000000000011 11.500000000000002 8.5000000000000018 75.720779220779235 1.7611415827076933 2.176568627450981 5.5000000000000009 1.0000000180025095e-35 11.500000000000002 12.500000000000002 1.736335125448029 79.174242424242451 368.50000000000006 3.0183625336927231 2658.5000000000005 202.50000000000003 1.0000000180025095e-35 656.50000000000011 84.292857142857159 8.5000000000000018 376.50000000000006 3.5000000000000004 1.5000000000000002 82.500000000000014 4.0549231681534588 2.3000815660685157 2.5000000000000004
decision_type=2 2 2 2 2 2 2 2 2 2 2 2 2 2 2 2 2 2 2 2 2 2 2 2 2 2 2 2 2 2
left_child=23 3 16 4 5 13 15 -7 9 -5 12 -12 -10 -2 -11 -6 19 18 -18 20 -3 -19 -21 29 25 26 27 -25 -26 -1
right_child=1 2 -4 8 6 7 -8 -9 10 14 11 -13 -14 -15 -16 -17 17 21 -20 22 -22 -23 -24 24 28 -27 -28 -29 -30 -31
leaf_value=-0.044848606914511535 0.017587501626094904 0.007266352077318166 -0.059127552866914505 -0.037209691012076329 -0.057666970156856567 -0.074011328806005125 -0.11306503301092861 0.0084192349300371769 0.0076554248205414292 0.012784547607862696 -0.0049679578960633679 0.0052048554939806138 -0.011383178273618271 -0.0085425863973077817 0.040614878170120598 0.011753178570117576 -0.037028855156994923 -0.0057684660019408458 -0.0019565198149858825 0.035109106180063292 -0.028842791660165713 0.045857096876524304 -0.0100141797830673 0.21954830621590068 0.082123963524466992 -0.050443406079763109 -0.050345170800438536 -0.050395469094622038 -0.050461998207007253 0.061135134852889711
leaf_weight=18.685479618143297 25.746366106905043 16.700846470892433 5.180601403117179 7.181676495820283 4.4666958451271039 3.7016695328056803 4.1616190299391738 206.52360860072076 562.06433650106192 75.960975836962461 718.65520878881216 430.9898534482345 69.88419796153903 383.27049234043807 23.467707714065909 5.3823520392179489 23.409565754234791 14.120589088648559 11.828267590142785 11.17139362357557 11.654028613120316 3.2378432117402545 4.8851598203182212 0.73130809515714579 0.73789288289844979 0.8941216580569743 0.45135289640165865 0.21269019367173314 3.7467443335335702 0.44340706639923055
leaf_count=6458 179 103 24 48 21 21 24 1530 4272 399 4158 3723 459 2653 267 25 126 76 71 64 64 27 27 57 48 182 87 31 788 62
internal_value=-1.58917e-05 0.000310736 -0.00979317 0.000720222 -0.00319202 -0.00219058 -0.0474535 0.00696779 0.00203228 0.0155429 0.00122381 -0.00115428 0.00555004 -0.00689778 0.0193532 -0.0197299 -0.00715852 -0.0156465 -0.0252561 0.00289377 -0.00757473 0.00386118 0.0213805 -0.0330991 -0.00685797 0.0358217 0.0910992 0.158728 -0.0286466 -0.0423919
internal_weight=2649.55 2623.65 102.188 2521.46 633.253 619.242 14.0107 210.225 1888.2 106.61 1781.59 1149.65 631.949 409.017 99.4287 9.84905 97.0077 52.5963 35.2378 44.4114 28.3549 17.3584 16.0566 25.903 6.77411 2.28947 1.39535 0.943998 4.48464 19.1289
internal_count=26074 18361 582 17779 4453 4383 70 1551 13326 714 12612 7881 4731 2832 666 46 558 300 197 258 167 103 91 7713 1193 357 175 88 836 6520
is_linear=0
shrinkage=0.05


Tree=108
num_leaves=31
num_cat=0
split_feature=3 2 4 3 4 10 9 4 2 2 3 3 1 9 5 2 10 4 5 9 10 0 5 4 4 7 9 10 8 2
split_gain=10.7442 4.43189 4.74802 4.24977 4.04586 5.11202 4.04252 5.84873 3.85059 3.24616 3.11537 5.93073 4.27205 3.63929 2.67336 3.09654 4.19719 1.90236 4.41018 6.08304 2.7171 2.18199 4.55771 1.61856 0.598555 0.544815 2.18182 10.6513 0.273622 0.0584528
threshold=1.5000000000000002 91.679487179487197 9222.5000000000018 3.5000000000000004 414.50000000000006 1.5000000000000002 2.5000000000000004 81.500000000000014 63.035714285714292 54.612500000000004 15.500000000000002 13.500000000000002 52.500000000000007 5.5000000000000009 4.932929642445214 83.630681818181827 1.0000000180025095e-35 376.50000000000006 2.6735767991407093 3.5000000000000004 1.5000000000000002 2.5000000000000004 3.4764054214614188 462.50000000000006 3108.5000000000005 1.0000000180025095e-35 7.5000000000000009 1.0000000180025095e-35 1.5000000000000002 76.511904761904773
decision_type=2 2 2 2 2 2 2 2 2 2 2 2 2 2 2 2 2 2 2 2 2 2 2 2 2 2 2 2 2 2
left_child=17 2 3 4 5 -2 7 -5 -8 -6 11 12 23 -14 28 16 -16 21 19 -19 -20 25 -23 -3 -12 26 -1 -28 29 -4
right_child=1 10 14 6 9 -7 8 -9 -10 -11 24 -13 13 -15 15 -17 -18 18 20 -21 -22 22 -24 -25 -26 -27 27 -29 -30 -31
leaf_value=-0.050137619155648828 -0.046014774076791651 -0.010689301169588612 0.067567249821788175 0.039262745326512999 -0.04373626636012435 0.22064716987411323 -0.0028722314366357465 -0.0034598288790717007 0.0027169442248610527 -0.0032052900456691711 0.014307152101533728 -0.057457257109107984 -0.0045527883740179142 0.018206615171553732 0.033355953758770041 0.057291247475990084 -0.038403364119132193 -0.050564708809401226 -0.05027491760947015 0.27954848368955287 0.11032504182657299 -0.050428004210242676 0.30022721097359756 0.048711605066235703 0.053328199967087479 -0.050171625815792369 -0.050153236701955907 0.62189527091265573 0.038011199437894466 0.055394035956048443
leaf_weight=1.2888319366611583 10.355245355051007 1.3123469564598043 1.8758595287799864 8.0971819087862951 5.5178520437329999 0.18290006369352418 404.85152955632657 752.65161327831447 1290.2183693442494 47.180252119200304 1.2283589094877232 3.2617992311716071 34.948090614983812 35.311731513822451 3.9417205266654474 2.7884431760758153 4.2184946984052658 0.26122044492512886 2.0873380952980374 0.29961430607363582 0.30138980969786633 0.27070414088666517 0.14090000465512276 9.0902513884939236 4.915174562484026 14.150855736108495 0.28409338183701027 0.074397390941157937 1.8830524664372204 2.0791133549064398
leaf_count=479 1202 21 11 41 222 6 2002 4578 9292 974 18 31 410 444 31 46 36 31 489 24 5 50 6 173 95 5182 97 22 21 35
internal_value=-1.50058e-05 0.000257195 -0.000129928 -0.000306543 -0.0131047 -0.0413866 2.30049e-05 -0.0030051 0.00138202 -0.00744916 0.0111566 0.00864059 0.0113134 0.00688581 0.0263735 0.0118032 -0.00374065 -0.0373218 -0.00038708 0.125791 -0.0300118 -0.0440426 0.069608 0.0412178 0.0455262 -0.0470036 -0.0197896 0.0893166 0.0536987 0.0611678
internal_weight=2645.07 2625.91 2535.84 2519.05 63.2362 10.5381 2455.82 760.749 1695.07 52.6981 90.0678 83.9242 80.6624 70.2598 16.7867 10.9487 8.16022 19.1593 2.94956 0.560835 2.38873 16.2098 0.411604 10.4026 6.14353 15.7982 1.64732 0.358491 5.83803 3.95497
internal_count=26074 19689 18497 18317 2404 1208 15913 4619 11294 1196 1192 1079 1048 854 180 113 67 6385 549 55 494 5836 56 194 113 5780 598 119 67 46
is_linear=0
shrinkage=0.05


Tree=109
num_leaves=31
num_cat=0
split_feature=3 8 4 7 5 5 4 5 2 1 3 9 3 4 4 5 3 5 5 4 5 4 3 5 4 5 9 10 0 2
split_gain=10.1382 4.20105 4.29171 4.63333 9.38852 6.71426 4.77746 9.36438 4.93917 3.90968 4.07129 5.62491 5.58358 7.52428 5.94978 3.77893 3.77053 3.18703 6.93565 4.20829 4.98124 3.00835 2.67347 2.17847 1.84453 3.62164 4.03084 2.40752 1.99769 3.8214
threshold=1.5000000000000002 1.5000000000000002 9222.5000000000018 7.5000000000000009 2.033573334560177 5.101066003045724 715.50000000000011 2.6316832317024379 59.414285714285718 52.500000000000007 9.5000000000000018 1.0000000180025095e-35 7.5000000000000009 3961.0000000000005 189.50000000000003 2.250342465753425 12.500000000000002 2.7695807084581232 2.6962965949098341 230.50000000000003 2.9765383575401736 172.50000000000003 6.5000000000000009 5.5947413777212498 376.50000000000006 2.6735767991407093 3.5000000000000004 1.5000000000000002 2.5000000000000004 79.964285714285737
decision_type=2 2 2 2 2 2 2 2 2 2 2 2 2 2 2 2 2 2 2 2 2 2 2 2 2 2 2 2 2 2
left_child=24 2 3 6 21 -6 8 -8 -2 17 12 16 13 -11 -14 -13 -12 18 22 -19 -21 -5 -3 -4 28 26 -26 -27 -1 -30
right_child=1 9 23 4 5 -7 7 -9 -10 10 11 15 14 -15 -16 -17 -18 19 -20 20 -22 -23 -24 -25 25 27 -28 -29 29 -31
leaf_value=-0.046849859989367602 -0.018269458976323424 -0.049754259196964828 0.05101479014168514 -0.00084060245467351279 0.0048683589650640674 -0.018136611715367814 0.014613265661938706 -0.00077704173591270069 -0.0023641373726788137 -0.0050018205928504342 -0.0081859146607710202 0.017663255138135651 0.023379136149071056 0.029211770860091392 -0.020484089633572265 0.0010116418876269548 -0.042892942988861767 -0.049469150456066396 -0.078328813560918253 0.043713707905534652 0.0076545202086979935 0.033321424922233465 0.0063432683879201084 0.0022510573413429286 -0.050537018025146312 -0.050261493980469057 0.20854604959078771 0.095741053189931188 -0.050414911025005282 0.25662001201500778
leaf_weight=15.097053224220872 62.803589274408296 2.3902172322850737 6.6696508331224305 7.8194449986331156 493.68288421770558 33.894808743381873 118.53953824657947 594.68911632033996 219.06046573049389 426.46382136945613 36.861582025885582 38.641555279493332 8.4429679811000806 16.698923043906689 91.689247297123075 288.11363439075649 9.9344081096351129 2.9153111344203344 3.2461192354094228 10.707733749411998 90.72364858398214 36.646514096530154 19.059689024463296 3.488128213211894 0.24861328909173552 1.9860543357208373 0.37896975269541144 0.32914400473237027 0.27793255401775319 0.1594990398734808
leaf_count=5780 540 61 102 82 3838 252 861 4370 1663 3191 226 245 37 102 476 2173 56 39 27 106 813 251 130 48 31 489 24 5 52 4
internal_value=-1.51135e-05 0.000244852 0.00187423 0.00166425 0.00525 0.00339038 -0.000397074 0.00178085 -0.00590808 -0.00221239 -0.00335927 0.000658924 -0.00612204 -0.00371261 -0.0167856 0.00298084 -0.0155539 0.00593614 -0.0102157 0.00975884 0.0114612 0.027314 9.21792e-05 0.0342696 -0.036922 -0.000625597 0.105912 -0.0295048 -0.0437978 0.0615381
internal_weight=2641.66 2623.18 1577.29 1567.14 572.044 527.578 995.093 713.229 281.864 1045.89 916.846 373.551 543.295 443.163 100.132 326.755 46.796 129.043 24.696 104.347 101.431 44.466 21.4499 10.1578 18.4773 2.94278 0.627583 2.3152 15.5345 0.437432
internal_count=26074 19689 12007 11857 4423 4090 7434 5231 2203 7682 6506 2700 3806 3293 513 2418 282 1176 218 958 919 333 191 150 6385 549 55 494 5836 56
is_linear=0
shrinkage=0.05


Tree=110
num_leaves=31
num_cat=0
split_feature=3 2 4 5 9 5 4 1 1 9 3 3 1 2 5 5 4 5 4 10 0 5 4 5 3 2 4 7 9 10
split_gain=9.54378 4.01745 4.23259 4.4433 6.49182 8.96367 5.8563 6.32259 6.2793 5.80825 2.95523 5.20983 4.02237 3.33828 2.53209 5.40898 1.78993 3.05298 3.43077 2.16027 1.84858 2.99519 1.68317 1.44037 1.90307 1.39589 0.600178 0.572197 1.92421 5.03156
threshold=1.5000000000000002 91.679487179487197 7875.0000000000009 4.2589518960382042 5.5000000000000009 4.7529269737141826 2155.5000000000005 202.50000000000003 52.500000000000007 4.5000000000000009 15.500000000000002 13.500000000000002 52.500000000000007 92.511904761904773 4.5756519166561018 4.9717596053457491 376.50000000000006 2.6735767991407093 520.50000000000011 1.5000000000000002 2.5000000000000004 3.7029075590853235 451.50000000000006 3.9261982570806104 15.500000000000002 80.577380952380963 3108.5000000000005 1.0000000180025095e-35 7.5000000000000009 1.0000000180025095e-35
decision_type=2 2 2 2 2 2 2 2 2 2 2 2 2 2 2 2 2 2 2 2 2 2 2 2 2 2 2 2 2 2
left_child=16 2 3 6 9 -6 8 -8 -2 -5 11 12 22 -14 23 -16 20 18 -18 -19 27 -22 -3 24 -4 -17 -12 28 -1 -30
right_child=1 10 14 4 5 -7 7 -9 -10 -11 26 -13 13 -15 15 25 17 19 -20 -21 21 -23 -24 -25 -26 -27 -28 -29 29 -31
leaf_value=-0.050124899205537699 0.0082321821756441548 -0.014088475622810938 -0.019252225475564367 -0.006106659994883956 -0.0075858536430092362 0.013696007027916211 0.0070329774928612303 -0.045674120935817186 -0.001723146531201815 -0.024780755349484356 0.01360668693752512 -0.052632355156683068 0.025216617541195037 0.00016649767202182386 -0.035611837923360472 0.012112940309659599 0.17956226065659353 -0.05024872663784781 -0.05059167810569315 0.084224937641199177 -0.050459301301641196 0.21007503572355832 0.048074473188133258 0.057854595617131514 0.048167062548051053 0.042689664082283134 0.053141023416635597 -0.050155866820810392 -0.050139078418544973 0.32986325867916583
leaf_weight=1.1702955353539444 178.00773417600431 1.2425385005772103 1.8713928442448393 252.20474891993217 104.92963831336237 93.623660663608462 378.55734760779887 5.7766238376498213 1437.5711290659383 49.873809546465054 1.2096934504806984 3.3718754425644866 17.861360452370718 52.075901862466708 5.1938620274886516 10.496592130512001 0.4234538553282613 1.8896612334065142 0.26216165907680988 0.35472035035490979 0.27142607793212015 0.18584903609007597 8.8091444731689972 5.1131976144388318 2.3752124346792698 5.7923209676519027 4.6509116608649492 12.850519778206943 0.25797553663142014 0.13152090180665255
leaf_count=479 1584 20 21 1785 800 695 2885 31 10050 354 18 31 218 636 36 74 28 489 27 5 52 4 174 62 27 93 95 5182 97 22
internal_value=-1.43255e-05 0.000233496 -0.00013404 -0.000361105 -0.00457372 0.00244916 0.000693425 0.00624078 -0.000626248 -0.00918979 0.0106612 0.0082484 0.0108148 0.00656408 0.0182752 0.00881887 -0.0365048 -0.000786225 0.0915573 -0.0289954 -0.043544 0.0554289 0.0403902 0.0399795 0.0184567 0.022986 0.0449807 -0.0466847 -0.0180868 0.078176
internal_weight=2638.41 2620.61 2531.39 2500.54 500.632 198.553 1999.91 384.334 1615.58 302.079 89.2214 83.3608 79.9889 69.9373 30.8426 21.4828 17.7976 2.93 0.685616 2.24438 14.8676 0.457275 10.0517 9.3598 4.24661 16.2889 5.86061 14.4103 1.55979 0.389496
internal_count=26074 19689 18497 18184 3634 1495 14550 2916 11634 2139 1192 1079 1048 854 313 203 6385 549 55 494 5836 56 194 110 48 167 113 5780 598 119
is_linear=0
shrinkage=0.05


Tree=111
num_leaves=31
num_cat=0
split_feature=3 4 6 9 2 4 4 6 5 3 5 4 7 5 9 3 2 2 5 5 5 5 7 5 5 5 4 4 2 8
split_gain=9.03952 8.75007 4.38772 4.23103 6.6231 5.22995 4.34004 4.31188 11.0459 8.80544 4.18307 4.12184 5.756 3.69582 4.58133 4.39422 3.55962 11.5697 2.9024 2.78719 2.34829 2.09756 5.43631 2.0508 1.96367 4.60176 1.92438 1.67358 2.8804 1.43162
threshold=3.5000000000000004 376.50000000000006 1.0000000180025095e-35 2.5000000000000004 94.041666666666671 81.500000000000014 133.50000000000003 1.0000000180025095e-35 1.6677927927927929 5.5000000000000009 4.932929642445214 5139.0000000000009 1.0000000180025095e-35 4.2090441129053682 1.0000000180025095e-35 18.500000000000004 54.612500000000004 56.392307692307703 1.7049805722359592 5.9740629161764138 5.8327505827505837 4.2589518960382042 3.5000000000000004 1.8299659863945581 4.3803160738311471 4.0549231681534588 1454.5000000000002 421.50000000000006 80.577380952380963 1.0000000180025095e-35
decision_type=2 2 2 2 2 2 2 2 2 2 2 2 2 2 2 2 2 2 2 2 2 2 2 2 2 2 2 2 2 2
left_child=1 -1 21 5 6 -2 18 9 -9 -8 16 13 -13 15 -15 -7 26 -18 -5 -14 24 27 -23 -20 25 -6 -4 28 -3 -12
right_child=3 2 10 4 20 11 7 8 -10 -11 29 12 19 14 -16 -17 17 -19 23 -21 -22 22 -24 -25 -26 -27 -28 -29 -30 -31
leaf_value=-0.042042409006181392 0.037378630631345271 -0.050680948952625739 -0.052560377300077434 -0.0581350778564316 0.030616861691532545 -0.0014251421618592557 0.014212394283074664 0.056450180626319769 -0.00070396827949493806 0.0014624452589284806 -0.0030584938529520829 -0.061800138866382304 0.02511014278602311 -0.024783437929808701 -0.0051246702187613194 -0.030624769610057528 0.20257712444067907 0.0075141807549411231 0.023821246934956505 -0.01179301070937492 -0.034274074618025306 0.10375375741409826 -0.036071163084338491 -0.016351882792948413 0.058076027491450945 -0.054197250681924672 0.058049962282672632 -0.048538532105365476 0.18662554138968046 -0.056654850404722172
leaf_weight=23.563974624266848 8.116185622289775 0.32626559212803741 3.313962474931031 3.7302493890747419 18.333040859550248 583.4236595435068 185.18420763965696 8.5247280672192556 1014.5723988581449 503.89308200031519 1.8556332464795549 2.3870056606829158 28.439241237007082 42.552602188661695 97.632968539372087 13.17545475810766 0.77662964793853362 35.875612033996731 3.6393549405038383 6.2390549294650546 1.494866158813237 0.95063850120641236 2.5864767713937908 24.995762181468308 5.0575572578236452 1.7521427227184165 0.44616339774802316 9.1272715695667994 0.21028880542144179 3.7920905924402177
leaf_count=6986 41 41 182 25 257 3520 1120 47 6721 3861 58 21 280 259 612 80 32 948 23 60 15 36 85 155 78 30 14 369 12 106
internal_value=-1.33944e-05 -0.01627 -0.00602209 0.000513976 0.00186642 -0.00254935 0.0014886 0.00183149 -0.000227744 0.0048889 0.00126149 -0.00296811 0.0133014 -0.00378658 -0.011092 -0.00206999 0.00689442 0.0116474 -0.0166503 0.0184708 0.02661 -0.0314356 0.00150832 -0.0112461 0.0302299 0.0232181 -0.0394357 -0.0434936 0.0423253 -0.0390451
internal_weight=2635.97 82.825 59.261 2553.14 1771.18 781.966 1744.54 1712.17 1023.1 689.077 46.0601 773.85 37.0653 736.785 140.186 596.599 40.4124 36.6522 32.3654 34.6783 26.6376 13.2009 3.53712 28.6351 25.1427 20.0852 3.76013 9.66383 0.536554 5.64772
internal_count=26074 8869 1883 17205 12332 4873 11952 11749 6768 4981 1340 4832 361 4471 871 3600 1176 980 203 340 380 543 121 178 365 287 196 422 53 164
is_linear=0
shrinkage=0.05


Tree=112
num_leaves=31
num_cat=0
split_feature=3 1 4 5 3 3 3 3 10 3 9 2 3 3 8 1 5 3 2 7 5 7 5 4 5 10 0 2 5 7
split_gain=8.42389 3.79067 4.65015 9.26365 15.9056 18.3847 10.2933 22.0908 9.13914 8.06272 6.86336 7.798 5.19041 4.53426 3.34666 4.11008 2.93377 3.88068 4.61466 4.29163 3.45478 2.78511 2.66692 1.7185 2.66387 1.98128 1.79625 2.46468 1.28667 0.600658
threshold=1.5000000000000002 167.50000000000003 673.50000000000011 2.3856841470765526 5.5000000000000009 7.5000000000000009 5.5000000000000009 6.5000000000000009 1.0000000180025095e-35 4.5000000000000009 7.5000000000000009 69.26136363636364 8.5000000000000018 15.500000000000002 1.5000000000000002 147.50000000000003 2.4141321044546857 7.5000000000000009 66.973684210526329 7.5000000000000009 2.5424447270374588 9.5000000000000018 2.8043879351837 376.50000000000006 2.6735767991407093 1.5000000000000002 2.5000000000000004 79.964285714285737 2.6962965949098341 1.0000000180025095e-35
decision_type=2 2 2 2 2 2 2 2 2 2 2 2 2 2 2 2 2 2 2 2 2 2 2 2 2 2 2 2 2 2
left_child=23 2 9 4 21 -6 8 -8 -5 14 12 -12 -11 16 15 -2 17 18 -3 -19 -18 -4 -22 26 -25 -26 29 -28 -16 -1
right_child=1 13 3 6 5 -7 7 -9 -10 10 11 -13 -14 -15 28 -17 20 19 -20 -21 22 -23 -24 24 25 -27 27 -29 -30 -31
leaf_value=-0.016315843658288712 -0.014000027151452696 0.0069906082944866223 -0.027629739762742363 0.0016499914888577765 0.031183512966561317 -0.00093730755876264029 -0.025672048161348621 9.2777369470697007e-05 0.015625305313247264 -0.0074729371839710934 0.025564877976528719 -0.001540760197522085 0.0027082522035772071 -0.054591446187371634 -0.051938211097610591 0.070723956385115139 -0.058942600897178392 0.003628079649210018 -0.064108983823555829 0.059542769413824116 0.013718701512275805 -0.082466705017228747 -0.013622814980830959 0.082255178133059312 -0.050240106328675926 0.076248546646243642 -0.050419265897093501 0.1831713974623152 -0.026523738765280826 -0.050142228104023724
leaf_weight=1.4777751876972622 45.550951063865796 7.3433054864872265 11.001301894895731 333.9477012292482 96.061507867649198 83.070844920352101 90.615591462701559 1015.940359313041 180.05755756422877 316.20658402517438 47.495825503021479 60.1217549610883 207.2182312309742 5.2259872406721106 7.3182814768515554 1.477899057092144 3.7078865882940581 9.171331934630869 3.3112170670647174 5.4835111126303664 10.556071210652588 2.932693018577992 57.501517565688118 0.72698749415576402 1.7902872203849258 0.37431592494249333 0.25132305594161231 0.20506446063518524 15.587880689185111 11.725099491653962
leaf_count=598 1150 55 85 2104 625 588 412 8085 1241 1542 213 438 1493 24 515 34 25 49 30 31 73 26 369 55 489 5 52 4 482 5182
internal_value=-1.32621e-05 0.000211633 0.000595463 0.0019322 0.0122852 0.0162878 0.000698791 -0.0020171 0.00654559 -0.00286306 -0.0010779 0.010422 -0.00344231 -0.0092231 -0.018971 -0.0113375 -0.00678071 0.00785611 -0.0151058 0.0245501 -0.0119426 -0.0391713 -0.00938201 -0.0355721 -0.00055495 -0.0283669 -0.042985 0.0545379 -0.0346434 -0.0463561
internal_weight=2633.46 2616.91 2514.6 1813.63 193.066 179.132 1620.56 1106.56 514.005 700.977 631.042 107.618 523.425 102.301 69.935 47.0289 97.0748 25.3094 10.6545 14.6548 71.7655 13.934 68.0576 16.5509 2.89159 2.1646 13.6593 0.456388 22.9062 13.2029
internal_count=26074 19689 19033 13166 1324 1213 11842 8497 3345 5867 3686 651 3035 656 2181 1184 632 165 85 80 467 111 442 6385 549 494 5836 56 997 5780
is_linear=0
shrinkage=0.05


Tree=113
num_leaves=31
num_cat=0
split_feature=3 8 2 3 2 10 4 11 5 4 3 5 6 2 9 3 3 5 3 1 9 4 3 4 11 7 9 4 8 5
split_gain=7.91559 3.73078 3.9375 6.00227 4.57528 5.20135 4.5211 3.74858 4.7825 3.85445 5.26925 5.15497 9.56502 4.45435 4.06221 3.57882 5.06352 12.8359 11.4902 3.27513 3.73749 3.20799 3.10595 9.9898 3.05514 3.4672 2.43762 1.67228 2.3125 3.00709
threshold=1.5000000000000002 1.5000000000000002 79.674242424242451 10.500000000000002 80.809090909090926 1.0000000180025095e-35 251.50000000000003 1.0000000180025095e-35 2.0007541478129718 462.50000000000006 4.5000000000000009 3.5710947712418304 1.0000000180025095e-35 91.866071428571445 1.0000000180025095e-35 3.5000000000000004 5.5000000000000009 2.4057330057330062 6.5000000000000009 117.50000000000001 5.5000000000000009 4098.5000000000009 14.500000000000002 1301.5000000000002 1.0000000180025095e-35 2.5000000000000004 1.0000000180025095e-35 376.50000000000006 1.5000000000000002 2.6856272843875675
decision_type=2 2 2 2 2 2 2 2 2 2 2 2 2 2 2 2 2 2 2 2 2 2 2 2 2 2 2 2 2 2
left_child=27 2 15 4 5 -4 -6 9 -9 10 -3 13 -13 -11 -12 24 17 -17 -18 20 -10 -21 26 -24 -2 -26 -5 -1 29 -29
right_child=1 7 3 22 6 -7 -8 8 19 11 14 12 -14 -15 -16 16 18 -19 -20 21 -22 -23 23 -25 25 -27 -28 28 -30 -31
leaf_value=-0.042715395895995212 -0.025454419027774702 -0.046259022109719786 0.032333868153224747 0.047185018075132215 -0.028810351343469549 -0.0078873108026778892 0.0011821670751365448 0.023581734158592139 -0.014377309318502396 0.0037371493796781912 -0.026831491824568388 0.0088212694942346181 -0.008818648821429265 0.040153528629886352 -0.0028073824912702638 -0.018378293424024434 -0.020387761017151389 0.010329830135205656 0.00036974804879516407 -0.032365169287836927 0.010706522463030615 0.014594306600919172 -0.10458194924182791 0.0082379563418378179 -0.057415036858573625 0.079413613362147889 0.016554116861515641 0.14088146153662082 -0.050605698223228579 -0.0069366492140742232
leaf_weight=13.078366108238695 20.546578081557531 8.5021686614491028 23.766684061847627 6.9577552061527959 13.178210841491817 12.145690414588897 269.97750584920868 9.4848129742313159 55.823778621619567 374.18087382987142 20.153799775987864 108.23137509054504 265.02528185304254 8.5899003078229708 138.62904064543545 45.814423196949065 73.519199796020985 259.35959070362151 715.42898090556264 29.149271809728816 20.23239857936278 4.1553106755018225 2.1057017967104938 28.775135857984424 0.67097562807612066 1.4935562815517185 97.680278396233916 0.50195475434884373 1.2826737174764273 1.0937526815105227
leaf_count=5836 846 668 185 120 145 81 2393 71 400 2471 101 835 1887 114 758 291 338 1391 3960 205 149 23 18 353 26 73 1787 27 294 228
internal_value=-1.28261e-05 0.000201525 0.00173994 0.00566295 0.00191859 0.0187309 -0.0002137 -0.00211817 -0.0104765 -0.00104232 -0.00791011 0.000477308 -0.00370369 0.00455438 -0.00585669 0.000143145 0.000550931 0.00602001 -0.00156457 -0.0134304 -0.00770453 -0.0265062 0.0144787 0.000544995 -0.0195022 0.0369986 0.0185909 -0.0351218 -0.00061891 0.0395619
internal_weight=2629.54 2613.58 1571.42 454.587 319.068 35.9124 283.156 1042.16 118.846 923.312 167.285 756.027 373.257 382.771 158.783 1116.83 1094.12 305.174 788.948 109.361 76.0562 33.3046 135.519 30.8808 22.7111 2.16453 104.638 15.9567 2.87838 1.59571
internal_count=26074 19689 12007 5082 2804 266 2538 7682 848 6834 1527 5307 2722 2585 859 6925 5980 1682 4298 777 549 228 2278 371 945 99 1907 6385 549 255
is_linear=0
shrinkage=0.05


Tree=114
num_leaves=31
num_cat=0
split_feature=3 4 4 3 3 2 3 3 10 9 2 8 2 0 3 5 1 5 5 5 2 2 4 4 8 7 7 4 0 5
split_gain=7.42309 3.49943 7.90993 5.903 14.48 10.311 8.22694 8.07959 8.35173 7.17979 5.36772 6.22878 4.65328 4.47649 6.48496 5.10717 4.62062 8.2248 6.25836 3.76353 3.73695 1.96076 1.62444 1.62129 2.11789 2.5722 4.08801 2.57191 1.74897 2.13717
threshold=1.5000000000000002 2155.5000000000005 2272.5000000000005 12.500000000000002 11.500000000000002 74.720779220779235 7.5000000000000009 15.500000000000002 1.0000000180025095e-35 1.0000000180025095e-35 71.236111111111128 1.0000000180025095e-35 96.815340909090921 1.0000000180025095e-35 4.5000000000000009 3.1791748803154047 52.500000000000007 4.4562304217310222 2.2392835272504601 3.032408487960478 76.211111111111123 86.369318181818201 2181.5000000000005 376.50000000000006 1.5000000000000002 3.5000000000000004 2.5000000000000004 383.50000000000006 2.5000000000000004 3.7029075590853235
decision_type=2 2 2 2 2 2 2 2 2 2 2 2 2 2 2 2 2 2 2 2 2 2 2 2 2 2 2 2 2 2
left_child=23 12 10 4 6 -6 -4 8 -5 -9 22 21 13 16 19 -16 17 -2 -18 -15 -13 -12 -3 28 25 26 -25 -27 -1 -30
right_child=1 2 3 7 5 -7 -8 9 -10 -11 11 20 -14 14 15 -17 18 -19 -20 -21 -22 -23 -24 24 -26 27 -28 -29 29 -31
leaf_value=-0.045993480557792114 0.010747560467290369 0.020211587800269631 0.0041590013761974801 -0.0064135319178897912 0.0040332052168329567 0.027197713738429587 -0.012835024241815105 -0.033366431634124838 -0.03991999833120681 0.008086126081222755 0.052319446068441612 -0.045966839701240221 0.054877516194229349 -0.057913940122295761 -0.00020426825337868209 -0.016143490961681096 0.0055214971028632329 -0.018635628483554618 -0.0028023640031033855 -0.016182439695684416 0.00469996671103256 0.0047150515237845856 0.051947867756014156 -0.05039440142068128 -0.050577279960608568 0.13277842730777223 0.2279425758560005 -0.050692633281184223 -0.050458365636458419 0.16672630439016384
leaf_weight=12.084262160351496 181.04583355318755 5.7013477890286621 188.65733041753992 57.260188739746809 98.902420952916145 93.41067873314023 114.40464367717505 11.761983044445513 27.543687328696251 93.362595267593861 8.2345425644889456 4.6352785378694561 3.724185799015685 8.9177212992217409 179.25243180431426 69.834884963929653 283.83427982893772 27.423382109496742 1104.68152303854 13.706511189928277 16.935942308977246 2.9336915705353013 13.771845635026692 0.21158520691096727 1.2207852578721938 0.24769718432798959 0.35036851582117379 0.83466570009477437 0.23551460076123554 0.21822993084788322
leaf_count=5780 1698 28 1178 413 566 1645 868 66 199 705 68 26 51 356 925 356 2113 229 7764 199 128 35 73 35 294 8 31 181 52 4
internal_value=-1.20728e-05 0.000192176 0.0031094 0.00168012 0.0045535 0.0152847 -0.00225617 -0.00581428 -0.0172962 0.00344816 0.021869 0.009505 -0.000956871 -0.00106815 -0.00700103 -0.00467304 -5.87235e-05 0.00688231 -0.00110084 -0.0326316 -0.00618744 0.0398146 0.0426561 -0.0346204 -0.000685967 0.0363547 0.123144 -0.00870555 -0.0423749 0.0539973
internal_weight=2625.34 2609.94 737.516 685.304 495.375 192.313 303.062 189.928 84.8039 105.125 52.2126 32.7395 1872.42 1868.7 271.712 249.087 1596.99 208.469 1388.52 22.6242 21.5712 11.1682 19.4732 15.4031 2.8651 1.64432 0.561954 1.08236 12.538 0.453745
internal_count=26074 19689 5998 5640 4257 2211 2046 1383 612 771 358 257 13691 13640 1836 1281 11804 1927 9877 555 154 103 101 6385 549 255 66 189 5836 56
is_linear=0
shrinkage=0.05


Tree=115
num_leaves=31
num_cat=0
split_feature=3 4 5 3 3 5 3 3 3 3 2 6 3 4 3 2 1 4 5 7 2 3 4 10 3 2 4 4 5 9
split_gain=6.98579 3.4302 7.71648 12.3232 21.5062 22.0202 14.3455 9.48476 11.1527 10.1005 9.52803 7.61593 11.2025 6.89938 6.48866 5.90924 5.85627 5.35905 5.34957 4.2245 6.22961 5.88069 4.16859 3.87602 3.63988 3.5992 5.33126 5.08293 4.7521 3.05
threshold=1.5000000000000002 1164.5000000000002 2.7695807084581232 5.5000000000000009 8.5000000000000018 3.1791748803154047 12.500000000000002 7.5000000000000009 13.500000000000002 5.5000000000000009 69.021739130434796 1.0000000180025095e-35 4.5000000000000009 1116.5000000000002 4.5000000000000009 90.449494949494962 47.500000000000007 462.50000000000006 4.7529269737141826 6.5000000000000009 43.732142857142868 9.5000000000000018 1754.5000000000002 1.0000000180025095e-35 16.500000000000004 81.51666666666668 1149.5000000000002 1149.5000000000002 3.2361633918040607 6.5000000000000009
decision_type=2 2 2 2 2 2 2 2 2 2 2 2 2 2 2 2 2 2 2 2 2 2 2 2 2 2 2 2 2 2
left_child=-1 13 7 11 5 -5 -6 9 23 22 -11 12 -4 14 16 -13 17 -2 -18 20 -16 -21 -3 -9 -10 26 29 28 -27 -15
right_child=1 2 3 4 6 -7 -8 8 24 10 -12 15 -14 25 19 -17 18 -19 -20 21 -22 -23 -24 -25 -26 27 -28 -29 -30 -31
leaf_value=-0.034213619156922219 -0.03738921881431919 -0.028998293249279473 -0.0092542204275029866 0.014126619033602066 0.0061167443546429065 -0.02934958925300556 -0.0097451575182205662 -0.0049724524340803962 0.023929881282252364 0.0067426074836792974 0.041945595416359414 -0.00019646231929465281 0.027977112870236881 -0.024903086868452846 -0.041244736514792893 0.023828777977337647 -0.018269440865242199 0.023756238877729811 0.021785487758727476 0.00057986050747309064 -0.0018290194115793566 0.013251942397951225 0.020598923527397964 -0.031578304427415813 -0.0074098380106357182 -0.064663554890869279 -0.053278974071288079 0.063506634928893316 0.013340334791064407 0.017604070220609662
leaf_weight=14.844541567144914 4.4277102262713042 12.08305119443685 26.549596321536228 37.932624015957117 444.2275418471545 125.42438378557563 209.89209562912583 41.61806976236403 43.18740376085043 30.200918465852737 52.871278265491128 190.94605710101314 84.53209650143981 15.059127166634427 10.207530682906507 29.555421245284379 112.62996298004873 18.792987270047888 9.0020442018285376 356.58847050927579 559.02722612023354 123.17858572863042 6.5240378538146606 20.398445779457688 11.795209959149359 3.0832885056734067 13.516522840596734 2.7072428110986939 5.3238908941857517 5.8630376048386088
leaf_count=6385 217 85 184 206 4203 615 1440 271 337 140 428 1112 585 85 105 243 2516 142 133 2008 3208 956 45 157 74 28 71 24 36 35
internal_value=-1.08444e-05 0.000183899 0.00191034 0.000271983 -0.00302577 -0.0192541 0.00102702 0.0105192 0.000811772 0.0216893 0.0291475 0.00840219 0.0190785 -0.00172131 -0.000992602 0.00302382 -0.0109123 0.0120971 -0.015305 0.000377167 -0.00253582 0.00383338 -0.0116085 -0.0137236 0.0172067 -0.0208192 -0.0288034 0.00392049 -0.0152672 -0.0129913
internal_weight=2621.99 2607.15 1367.74 1149.06 817.477 163.357 654.12 218.678 116.999 101.679 83.0722 331.583 111.082 1239.41 1193.85 220.501 144.853 23.2207 121.632 1049 569.235 479.767 18.6071 62.0165 54.9826 45.5531 34.4387 11.1144 8.40718 20.9222
internal_count=26074 19689 10125 8588 6464 821 5643 1537 839 698 568 2124 769 9564 9285 1355 3008 359 2649 6277 3313 2964 130 428 411 279 191 88 64 120
is_linear=0
shrinkage=0.05


Tree=116
num_leaves=31
num_cat=0
split_feature=3 8 3 4 7 5 4 11 5 4 3 5 2 3 1 3 7 1 4 8 5 10 0 2 5 5 5 9 7 9
split_gain=6.5277 3.39624 3.85053 4.94155 4.05132 8.395 3.98436 3.42955 4.289 3.56865 4.83786 4.72776 5.38833 3.77329 3.22877 3.15949 4.09338 3.70238 1.6183 2.00659 2.29309 2.2061 1.68996 1.82002 1.5326 1.8524 1.29943 1.50437 0.687159 2.01899
threshold=1.5000000000000002 1.5000000000000002 23.500000000000004 9222.5000000000018 7.5000000000000009 2.033573334560177 874.50000000000011 1.0000000180025095e-35 2.0007541478129718 462.50000000000006 4.5000000000000009 3.8563954261401414 92.236111111111128 11.500000000000002 77.500000000000014 6.5000000000000009 6.5000000000000009 72.500000000000014 376.50000000000006 1.5000000000000002 2.6856272843875675 1.5000000000000002 2.5000000000000004 79.964285714285737 1.9050125313283208 1.8466880341880345 4.932929642445214 5.5000000000000009 1.0000000180025095e-35 7.5000000000000009
decision_type=2 2 2 2 2 2 2 2 2 2 2 2 2 2 2 2 2 2 2 2 2 2 2 2 2 2 2 2 2 2
left_child=18 2 3 4 6 -6 -2 9 24 10 -3 12 -11 -12 -13 16 -10 -17 22 20 -20 -22 28 -24 25 -9 -5 -28 29 -1
right_child=1 7 -4 26 5 -7 -8 8 15 11 13 14 -14 -15 -16 17 -18 -19 19 -21 21 -23 23 -25 -26 -27 27 -29 -30 -31
leaf_value=-0.050099102357634012 -0.0046777143885093049 -0.045708066739017388 -0.051716273359831616 0.058341330237455594 0.026010445530127154 0.0031633174273470164 0.0019680344842647741 0.031197845449184219 -0.0073212094204275135 0.0028471646712461616 -0.0042881808452841837 -0.00062187494868053443 0.039383723263391499 -0.047109144812935808 -0.011507396102091156 0.0015014575896922086 -0.044143572575985217 -0.020534023462412076 0.11841848963213229 -0.050532485336467148 -0.050219762007142822 0.11173959217235441 -0.050416238821558303 0.15012189386611638 0.050981414892970589 -0.023522482331456075 -0.0014135601851523723 0.056936030412309116 -0.050119743550818933 0.08976064891097639
leaf_weight=0.92948962189256856 349.15503384824842 7.9447328305104739 3.3729603178799143 4.3386328462511283 43.567499462515116 521.20332630048506 636.99306388711557 3.671717079356311 14.426048045745121 442.6463543176651 153.27332384325564 195.7000050470233 10.326524646952747 5.3232241012156001 104.49346341914497 46.282787289470434 15.82870248146355 32.411586048081517 0.55878601549193208 1.1235795654356477 0.78042061463929691 0.28779543191194534 0.21965803450439203 0.23332084249705076 3.1133038382977247 2.6721609458327293 2.9511870546266437 1.7654482312500475 9.8706590206129459 0.35720779024995863
leaf_count=479 2652 668 21 69 333 4083 4773 31 146 2981 835 1498 138 24 690 310 153 168 27 294 225 3 52 4 22 18 41 35 5182 119
internal_value=-9.13023e-06 0.000176449 0.00164861 0.00176399 0.00154896 0.00492579 -0.000384956 -0.00204055 -0.01005 -0.00100939 -0.00763279 0.000455192 0.0036801 -0.00572545 -0.00441098 -0.0128537 -0.026586 -0.00757422 -0.0336265 0.000857613 0.0363467 -0.00658518 -0.041796 0.0528772 0.0222492 0.00814861 0.0385927 0.0204268 -0.0456397 -0.0112718
internal_weight=2615.82 2601.46 1563.35 1559.97 1550.92 564.771 986.148 1038.11 118.406 919.708 166.541 753.166 452.973 158.597 300.193 108.949 30.2548 78.6944 14.3609 2.75058 1.627 1.06822 11.6103 0.452979 9.45718 6.34388 9.05527 4.71664 11.1574 1.2867
internal_count=26074 19689 12007 11986 11841 4416 7425 7682 848 6834 1527 5307 3119 859 2188 777 299 478 6385 549 255 228 5836 56 71 49 145 76 5780 598
is_linear=0
shrinkage=0.05


Tree=117
num_leaves=31
num_cat=0
split_feature=3 4 3 3 2 5 3 2 5 9 2 4 10 5 2 6 3 5 2 7 10 3 8 4 4 8 11 8 0 5
split_gain=6.13572 3.34781 6.17782 4.72655 5.24116 5.25713 4.53645 4.2917 4.72648 4.21073 3.69293 3.7707 14.9029 13.37 4.40373 3.73215 13.5213 13.2365 3.68964 3.55522 2.89078 2.1165 2.38991 1.64649 1.56101 1.84529 2.14297 1.62327 1.58121 1.58879
threshold=1.5000000000000002 3961.0000000000005 12.500000000000002 15.500000000000002 88.522727272727295 5.4342959087974965 13.500000000000002 68.612500000000011 5.8327505827505837 8.5000000000000018 96.815340909090921 3689.5000000000005 1.0000000180025095e-35 4.2748772348445554 84.775252525252526 1.0000000180025095e-35 4.5000000000000009 3.166427889207259 70.26136363636364 3.5000000000000004 1.0000000180025095e-35 5.5000000000000009 1.5000000000000002 2841.5000000000005 376.50000000000006 1.5000000000000002 1.0000000180025095e-35 1.0000000180025095e-35 2.5000000000000004 3.7029075590853235
decision_type=2 2 2 2 2 2 2 2 2 2 2 2 2 2 2 2 2 2 2 2 2 2 2 2 2 2 2 2 2 2
left_child=24 10 7 6 5 -5 19 21 18 -10 11 15 14 -14 -13 16 -2 -17 -9 -4 -8 -3 -23 -12 28 26 27 -26 -1 -30
right_child=1 2 3 4 -6 -7 20 8 9 -11 23 12 13 -15 -16 17 -18 -19 -20 -21 -22 22 -24 -25 25 -27 -28 -29 29 -31
leaf_value=-0.04542845589721517 -0.019606358206013225 0.025456422792852408 -0.033758227112964695 0.0044668354501059991 0.046354866165715464 -0.048871109525101528 -0.018291032988294358 0.06330617597561701 -0.018818545102038016 0.061992726616320659 0.051459955694010101 0.01750191448693204 -0.021279052057092428 -0.12232693854193384 -0.029180707827332859 0.0038596162084207812 0.0034556016955643366 -0.0065170976104600223 0.018644305237151552 0.010936051644131759 -0.060668175905444877 0.0065388694393543403 -0.019722253109206712 -0.007092425585334689 -0.050337261430499824 -0.050507387981448798 0.18132211038398413 0.057043331463361525 -0.050485402866256503 0.1353085287819154
leaf_weight=10.665008178562854 67.976404115441255 5.9497211873531333 6.4433658681809929 46.372424241155386 6.6391218528151503 5.130879119038581 8.564574211835863 4.864803545176982 13.387513394467531 1.8326196335256089 4.9243283509276798 20.84166082600132 9.3654326684772951 5.0326127074658862 6.668144028633832 536.23983213515021 977.64706777408719 719.89619460818358 93.556522096507251 14.378069920465348 7.5912975519895545 17.026981379836798 17.637891437858343 1.5877582714892922 0.60780977015383475 1.0692996574798597 0.21418166067451228 0.83606721786782146 0.21489718207158226 0.2476886510848999
leaf_count=5780 1422 34 56 310 130 26 46 35 151 23 69 156 76 40 66 3906 6498 4951 1333 130 44 79 85 23 157 294 31 67 52 4
internal_value=-8.9187e-06 0.00016795 0.00567633 -0.00434548 0.00454301 -0.000846815 -0.0183216 0.0118561 0.016842 -0.00908825 -0.00041654 -0.000521016 -0.0153843 -0.0565988 0.00618644 -0.000250402 0.00195633 -0.00208732 0.0208519 -0.00289496 -0.0382031 -0.0020944 -0.0068231 0.0371839 -0.0331942 0.000705781 0.0337337 0.0118407 -0.0415031 0.0489968
internal_weight=2613.41 2599.56 249.376 95.1197 58.1424 51.5033 36.9773 154.256 113.641 15.2201 2350.18 2343.67 41.9079 14.398 27.5098 2301.76 1045.62 1256.14 98.4213 20.8214 16.1559 40.6146 34.6649 6.51209 13.855 2.72736 1.65806 1.44388 11.1276 0.462586
internal_count=26074 19689 2482 742 466 336 276 1740 1542 174 17207 17115 338 116 222 16777 7920 8857 1368 186 90 198 164 92 6385 549 255 224 5836 56
is_linear=0
shrinkage=0.05


Tree=118
num_leaves=31
num_cat=0
split_feature=3 4 5 9 2 3 5 4 5 3 7 7 6 3 3 2 4 9 9 4 8 7 7 4 0 2 4 2 7 9
split_gain=5.75806 3.23994 5.10956 3.86748 4.85891 4.47882 4.43727 3.90327 7.88534 5.94636 3.10993 4.09257 5.4002 2.80393 3.98289 2.43121 3.37465 2.9626 2.33759 1.51008 1.6955 1.93623 2.51137 2.09599 1.48384 1.36901 1.36432 1.04774 0.721891 1.85465
threshold=1.5000000000000002 6476.0000000000009 6.138655058293625 4.5000000000000009 61.026315789473692 13.500000000000002 3.4764054214614188 462.50000000000006 2.0994619768013658 4.5000000000000009 1.5000000000000002 7.5000000000000009 1.0000000180025095e-35 21.500000000000004 19.500000000000004 93.7638888888889 7875.0000000000009 6.5000000000000009 6.5000000000000009 376.50000000000006 1.5000000000000002 3.5000000000000004 2.5000000000000004 383.50000000000006 2.5000000000000004 79.964285714285737 2805.5000000000005 75.511904761904773 1.0000000180025095e-35 7.5000000000000009
decision_type=2 2 2 2 2 2 2 2 2 2 2 2 2 2 2 2 2 2 2 2 2 2 2 2 2 2 2 2 2 2
left_child=19 2 3 7 6 -6 -5 9 -9 -2 26 18 -13 14 15 17 -17 -3 -12 24 21 22 -21 -23 28 -26 -4 -16 29 -1
right_child=1 13 10 4 5 -7 -8 8 -10 -11 11 12 -14 -15 27 16 -18 -19 -20 20 -22 23 -24 -25 25 -27 -28 -29 -30 -31
leaf_value=-0.050090075150884351 -0.037638648929384649 0.0036526997258069373 -0.026619058512293875 0.00051319408921206137 0.0047563631845321261 -0.0072963411962647445 -0.014219292645565637 0.018186875722873336 -0.0014323091517658036 -0.0053965039186124634 -0.0062003796414836351 0.018127406273069479 -0.053334304100751163 -0.034958682023236737 0.016770766098616666 0.0531351920975962 -0.061263045129318641 0.029593822507210956 0.036629103619648086 -0.05036444578137235 -0.050483434444809065 0.11063520818807843 0.16609252258243334 -0.050799749333381244 -0.050448327146782726 0.12148728438422772 -0.069442430265653665 0.057060410737622226 -0.050108885485843614 0.083732786038226273
leaf_weight=0.84511146123986403 15.216361628612502 38.47877384070307 3.8012766437605015 154.99574644851964 892.34717316902243 84.366007745265961 76.254722246201709 54.046378602739424 977.65661618323065 237.51802125759423 11.688170876819646 3.7359509624075118 9.0419158460572362 3.1808006260544053 2.2269556224346143 0.862073360010981 2.5561473341658711 15.415430924855171 4.3795636154245576 0.19246357074007336 1.0176197446417061 0.26897934242151655 0.44113803771324456 0.79631011944729835 0.20705482084304172 0.26262050401419401 3.6418025568127632 5.8591064494103193 8.9750893462914956 0.37325591593980789
leaf_count=479 946 393 24 1016 7223 627 460 352 6789 1272 75 33 59 28 12 23 53 175 30 35 294 8 31 181 52 4 20 79 5182 119
internal_value=-7.62353e-06 0.000160914 -0.000129908 0.000141292 0.00217227 0.00371528 -0.00434484 -0.00176876 -0.000404546 -0.0073377 -0.0187567 -0.0113214 -0.0324406 0.0108843 0.013114 0.00847917 -0.0324119 0.0110727 0.0054736 -0.0327244 0.00055575 0.0311277 0.100341 -0.0100384 -0.0412027 0.04569 -0.047572 0.0459644 -0.0452064 -0.00909245
internal_weight=2610.65 2597.27 2528.69 2492.4 1207.96 976.713 231.25 1284.44 1031.7 252.734 36.2887 28.8456 12.7779 68.5793 65.3985 57.3124 3.41822 53.8942 16.0677 13.3796 2.71651 1.69889 0.633602 1.06529 10.6631 0.469675 7.44308 8.08606 10.1935 1.21837
internal_count=26074 19689 18926 18685 9326 7850 1476 9359 7141 2218 241 197 92 763 735 644 76 568 105 6385 549 255 66 189 5836 56 44 91 5780 598
is_linear=0
shrinkage=0.05


Tree=119
num_leaves=31
num_cat=0
split_feature=3 3 3 2 5 1 3 3 1 3 5 3 3 4 3 3 4 7 4 6 9 7 4 2 7 5 9 5 10 1
split_gain=5.41544 3.2605 8.10878 17.4428 8.03054 7.20825 21.0663 13.3576 9.72164 8.03502 34.2256 21.9155 7.86182 7.8524 7.159 12.4136 7.13299 6.83108 9.73733 7.04575 5.00332 4.92647 4.77282 7.2532 4.56317 4.28754 2.55041 1.87282 1.46822 1.98963
threshold=1.5000000000000002 10.500000000000002 12.500000000000002 57.52272727272728 2.7695807084581232 52.500000000000007 7.5000000000000009 8.5000000000000018 42.500000000000007 6.5000000000000009 3.0850060216780415 5.5000000000000009 8.5000000000000018 257.50000000000006 15.500000000000002 13.500000000000002 230.50000000000003 6.5000000000000009 2155.5000000000005 1.0000000180025095e-35 1.0000000180025095e-35 10.500000000000002 794.50000000000011 75.720779220779235 10.500000000000002 2.0628955696202538 7.5000000000000009 2.250342465753425 1.0000000180025095e-35 62.500000000000007
decision_type=2 2 2 2 2 2 2 2 2 2 2 2 2 2 2 2 2 2 2 2 2 2 2 2 2 2 2 2 2 2
left_child=28 5 3 26 22 8 9 13 12 11 -11 -7 16 -8 15 -6 -2 18 -5 -19 -16 -14 23 -4 -9 -24 27 -3 -1 -30
right_child=1 2 4 17 14 6 7 24 -10 10 -12 -13 21 -15 20 -17 -18 19 -20 -21 -22 -23 25 -25 -26 -27 -28 -29 29 -31
leaf_value=-0.044988792425487867 -0.037313670359066985 0.0096135944288087381 0.008362513741341766 -0.0054249567436873919 -0.002713219801889434 0.002218675310667587 0.0094841704467659091 -0.0040524304404240853 0.10022592893440879 0.01635238232296057 -0.024527321158066773 -0.01882945136829503 0.023203678110908982 -0.032373337452993256 -0.029408683460271864 -0.036348296666017965 0.0022643927657522082 0.027498967670392688 0.013703669288311911 0.0084516208676721043 0.0041813908988380041 -0.0088122109503230243 0.052638575038178828 -0.063055455786973469 -0.023483236478439251 0.0099280949637404383 -0.056205922681429203 -0.024371313783582909 0.016502651210657485 -0.050375042422759878
leaf_weight=8.2483576906379295 12.40562220814172 4.6836601346731177 10.017639607191084 132.62387280352414 61.365314442664385 697.01982507959474 12.694588780403135 229.9284298941493 2.7640975302783763 246.90708233974874 64.595866281539202 150.34521986730397 72.444905668497086 95.460884492844343 12.531458813697098 49.606998879462481 138.26662055263296 83.372024894692004 133.49569664243609 116.24568534642458 96.113439409062266 14.404702695086597 6.3717796653509131 5.5108469501137725 34.786508839577436 75.511962039396167 5.5820211172103873 30.145200561732054 2.820123773883096 1.8362258912529794
leaf_count=4667 166 22 46 1046 452 5896 54 1474 24 1453 325 707 806 440 72 273 1054 880 1506 1180 693 141 43 30 216 529 25 136 991 727
internal_value=-7.28873e-06 0.000153373 0.00275362 0.00668108 -0.0035167 -0.00105455 -0.0023176 -0.012655 0.00699698 0.00100848 0.00787522 -0.00151583 0.00591205 -0.0274604 -0.00881658 -0.0177488 -0.000994273 0.0094152 0.00417069 0.0164069 0.000307002 0.0178936 0.00843195 -0.0169827 -0.00660586 0.0132516 -0.0248298 -0.0198011 -0.0323172 -0.00987049
internal_weight=2608.11 2595.2 823.178 506.148 317.029 1772.02 1531.74 372.87 240.286 1158.87 311.503 847.365 237.522 108.155 219.617 110.972 150.672 465.737 266.12 199.618 108.645 86.8496 97.4122 15.5285 264.715 81.8837 40.4109 34.8289 12.9047 4.65635
internal_count=26074 19689 6933 4795 2138 12756 10565 2184 2191 8381 1778 6603 2167 494 1490 725 1220 4612 2552 2060 765 947 648 76 1690 572 183 158 6385 1718
is_linear=0
shrinkage=0.05


Tree=120
num_leaves=31
num_cat=0
split_feature=3 4 2 6 5 2 4 5 2 3 2 2 5 7 3 3 4 4 5 3 8 2 10 7 4 9 0 5 4 9
split_gain=5.23113 6.68638 3.81141 3.66465 3.86908 3.39769 3.40031 4.00087 3.82517 3.12988 3.12132 9.60265 2.00811 4.8331 1.99224 2.52573 1.81843 1.78787 3.8521 1.57784 1.44888 3.09357 1.25547 1.15376 2.12649 1.07277 1.0366 1.54571 0.976112 0.964154
threshold=3.5000000000000004 414.50000000000006 37.083333333333336 1.0000000180025095e-35 4.932929642445214 97.118055555555571 8514.5000000000018 5.9740629161764138 83.911067193675905 5.5000000000000009 54.612500000000004 56.392307692307703 4.2589518960382042 3.5000000000000004 10.500000000000002 22.500000000000004 1454.5000000000002 470.50000000000006 2.450639204545455 8.5000000000000018 1.0000000180025095e-35 74.563492063492077 1.5000000000000002 5.5000000000000009 874.50000000000011 2.5000000000000004 2.5000000000000004 3.7029075590853235 3067.5000000000005 1.0000000180025095e-35
decision_type=2 2 2 2 2 2 2 2 2 2 2 2 2 2 2 2 2 2 2 2 2 2 2 2 2 2 2 2 2 2
left_child=1 22 23 12 10 6 7 9 -9 -4 16 -12 17 -14 -8 -16 -5 18 -3 -7 21 -6 26 -2 -25 -15 -1 -28 -21 -19
right_child=2 3 5 4 20 19 14 8 -10 -11 11 -13 13 25 15 -17 -18 29 -20 28 -22 -23 -24 24 -26 -27 27 -29 -30 -31
leaf_value=-0.042584228317886899 -0.054234749049428134 0.24316233614993191 0.0033590008905750239 -0.052458776564012925 -0.05575006492248874 0.061133275797424391 -0.010470874052129715 -0.0079369274101729319 -0.04647769186594905 -0.00062811939391982797 0.17787844288899382 0.0081926669366209591 0.096152953580613668 0.019248187594910631 0.030121839789418361 -0.035521892758776583 0.054498172973353104 -0.00030862765122825287 -0.051133026596409087 0.053165843588224709 -0.056421880942891835 0.077976284224918702 0.034099471304369293 -0.052512468096518695 0.021625316286863278 -0.055134020380361151 -0.05053366493444026 0.1124843464491713 -0.006403191574915092 -0.054083920670926371
leaf_weight=18.265048772329472 3.8241713223978868 0.16990059451199879 683.96433827606961 2.928604733664542 1.0583956250920881 3.2625477947294703 4.8318292424082783 40.44490422308445 7.6567973624914876 1755.6412806445733 0.85437692189589043 34.548558132257313 0.99638072203379069 0.66922462789807502 19.342970550991598 1.5854554940015066 0.459779972443357 0.94607411848846812 0.3217803529696539 0.9916542582213882 3.4969671642174944 0.7313028840580954 0.58161143865436216 1.9377839509397747 1.9311023317277429 1.7583803572924805 0.31363905593752761 0.27109915763139725 2.2436228562146425 7.0067916377447546
leaf_count=7052 74 16 3908 166 25 32 39 217 75 12442 26 864 35 25 271 14 14 39 39 21 96 26 32 48 27 57 67 4 37 286
internal_value=-5.71148e-06 -0.0129854 0.000381359 -0.00420916 0.00243113 0.000488636 0.000395287 0.000208146 -0.0140718 0.000489704 0.00789987 0.0122877 -0.0288702 0.00342867 0.0184678 0.0251489 -0.0379455 -0.0419664 0.0505609 0.0365978 -0.0376961 -0.00110708 -0.0382538 -0.0347586 -0.0155076 -0.0346289 -0.0404863 0.0250455 0.0118555 -0.0476868
internal_weight=2603.04 75.3779 2527.66 55.9465 44.078 2519.97 2513.47 2487.71 48.1017 2439.61 38.7913 35.4029 11.8685 3.42399 25.7603 20.9284 3.38838 8.44455 0.491681 6.49782 5.28667 1.7897 19.4314 7.69306 3.86889 2.4276 18.8498 0.584738 3.23528 7.95287
internal_count=26074 8869 17205 1714 1217 17056 16966 16642 292 16350 1070 890 497 117 324 285 180 380 55 90 147 51 7155 149 75 82 7123 71 58 325
is_linear=0
shrinkage=0.05


Tree=121
num_leaves=31
num_cat=0
split_feature=3 4 2 6 5 2 4 5 9 4 0 2 5 7 3 2 4 2 3 9 8 2 5 10 7 4 0 5 9 3
split_gain=4.80962 6.37941 3.55344 3.40398 3.5776 3.15665 3.11319 3.59177 3.44986 3.02139 2.979 3.09923 1.91828 4.12614 1.83909 2.35905 1.65282 2.92533 1.53049 1.45943 1.40551 2.75903 1.36484 1.18657 1.13697 2.00579 0.982324 1.3531 0.952063 0.880775
threshold=3.5000000000000004 414.50000000000006 37.083333333333336 1.0000000180025095e-35 4.932929642445214 97.118055555555571 8514.5000000000018 5.9740629161764138 8.5000000000000018 2155.5000000000005 1.0000000180025095e-35 54.612500000000004 4.2589518960382042 3.5000000000000004 10.500000000000002 80.577380952380963 470.50000000000006 76.211111111111123 8.5000000000000018 8.5000000000000018 1.0000000180025095e-35 74.563492063492077 4.3972049084534488 1.5000000000000002 5.5000000000000009 874.50000000000011 2.5000000000000004 3.7029075590853235 1.0000000180025095e-35 11.500000000000002
decision_type=2 2 2 2 2 2 2 2 2 2 2 2 2 2 2 2 2 2 2 2 2 2 2 2 2 2 2 2 2 2
left_child=1 23 24 12 10 6 7 9 -9 -4 11 -5 16 -14 -8 -16 17 -3 -7 -12 21 -6 -15 26 -2 -26 -1 -28 -18 -20
right_child=2 3 5 4 20 18 14 8 -10 -11 19 -13 13 22 15 -17 28 -19 29 -21 -22 -23 -24 -25 25 -27 27 -29 -30 -31
leaf_value=-0.042215287328937534 -0.054027948116531527 -0.05076438732465427 -0.00060750493820123765 -0.036466420610316137 -0.05545340890915116 0.060578195813333652 -0.009896251051977915 -0.018554485055657471 0.02065337449517108 0.0033515103797475167 -0.053423056623166501 0.016099487085533101 0.084120879363145717 0.036321192071973749 0.011374375085077524 0.046465797615198839 -0.00029327826266795716 0.19180543043813744 0.030433312642531143 0.037420818091553898 -0.056082842908130474 0.070024067201746948 -0.054476836706003409 0.031357451046092631 -0.052385156781828937 0.020186718708480569 -0.050507914183883999 0.10199595762797649 -0.053887654859979178 -0.024762183591214262
leaf_weight=17.522301341639839 3.651236329227685 0.31536341656464895 1778.5378928612918 3.0669378925813353 1.0120266980957229 3.131147723644971 4.856125824153426 41.856150887906551 6.4788503777235738 661.03360327333212 2.7005280028097327 32.712405018508434 1.0795985453296446 0.53526590974070165 12.989963069558145 7.5864252476021639 0.94581612537149329 0.20514219906181097 2.0967884063720708 0.52865977166220535 3.3460181574337184 0.77249400387518097 1.8249315646244211 0.60033973585814138 1.8476436948403718 1.9643955528736112 0.29849096690304477 0.28367843292653561 6.6887284346157685 1.102957598865032
leaf_count=7052 74 44 11023 151 25 32 39 250 42 5327 144 763 35 12 94 191 39 11 43 12 96 26 70 32 48 27 67 4 286 15
internal_value=-6.44115e-06 -0.0125327 0.00036253 -0.00405307 0.00228015 0.000464571 0.000375749 0.000197829 -0.013299 0.000465242 0.00744261 0.0115936 -0.0281623 0.00315187 0.0177806 0.0243124 -0.0413706 0.0448375 0.0357264 -0.0385507 -0.036971 -0.00113597 -0.0338849 -0.0377992 -0.0340873 -0.0149879 -0.0400924 0.0238039 -0.047248 0.0114073
internal_weight=2601.57 74.4387 2527.13 55.7339 44.1391 2519.67 2513.34 2487.91 48.335 2439.57 39.0085 35.7793 11.5948 3.4398 25.4325 20.5764 8.15505 0.520506 6.33089 3.22919 5.13054 1.78452 2.3602 18.7048 7.46328 3.81204 18.1045 0.582169 7.63454 3.19975
internal_count=26074 8869 17205 1714 1217 17056 16966 16642 292 16350 1070 914 497 117 324 285 380 55 90 156 147 51 82 7155 149 75 7123 71 325 58
is_linear=0
shrinkage=0.05


Tree=122
num_leaves=31
num_cat=0
split_feature=3 4 6 5 2 9 2 4 4 7 4 6 5 0 2 5 4 3 5 7 4 5 10 8 2 9 5 1 7 3
split_gain=4.41888 6.0925 3.34475 3.32762 3.31191 2.99917 5.25043 5.08075 3.75903 5.0981 3.60346 3.26291 3.09721 2.7942 2.90968 2.72108 1.93017 2.24439 1.8848 3.55865 1.76095 4.57433 1.36232 1.34995 2.43541 1.3004 1.28982 1.22094 1.11999 1.99571
threshold=3.5000000000000004 376.50000000000006 1.0000000180025095e-35 4.932929642445214 37.083333333333336 2.5000000000000004 94.041666666666671 81.500000000000014 5139.0000000000009 1.0000000180025095e-35 133.50000000000003 1.0000000180025095e-35 4.3272682160284512 1.0000000180025095e-35 54.612500000000004 1.7049805722359592 2762.5000000000005 8.5000000000000018 4.2589518960382042 3.5000000000000004 421.50000000000006 2.4720248447204973 1.5000000000000002 1.0000000180025095e-35 74.563492063492077 8.5000000000000018 4.3972049084534488 92.500000000000014 5.5000000000000009 5.5000000000000009
decision_type=2 2 2 2 2 2 2 2 2 2 2 2 2 2 2 2 2 2 2 2 2 2 2 2 2 2 2 2 2 2
left_child=1 22 18 13 28 7 10 -6 12 -10 15 -12 -9 14 -4 -7 27 -18 20 -20 21 -3 -1 24 -5 -15 -21 -8 -2 -30
right_child=4 2 3 23 5 6 16 8 9 -11 11 -13 -14 25 -16 -17 17 -19 19 26 -22 -23 -24 -25 -26 -27 -28 -29 29 -31
leaf_value=-0.041453530820535767 -0.053831451723941041 0.2798251001142642 -0.036243254670469037 -0.055135024625619949 0.037488256093407453 -0.056139590591776013 0.028154948049469622 -0.0018956109752845786 -0.056285594614152314 0.01827586212871064 0.004256818943670004 -0.00022638731749526487 -0.010670002548152108 -0.053214041084070608 0.014707631677742642 -0.010162875299943036 -0.015171303227186732 0.029858195112478253 0.074248050037040936 0.033546610487368171 -0.047041103840653464 -0.050797483410943901 0.038188109252486384 -0.055686660264109455 0.06170214115370546 0.029789588015299264 -0.054235736463069534 0.062306589238104261 0.020103288944127558 -0.052876456375917313
leaf_weight=16.007760313572366 3.4855210222303858 0.15081875049508919 3.0540863252244881 0.97478852933272608 7.9995765648782244 3.6331654521636692 10.43114215321839 607.85517825838178 2.4604009669274083 33.606140265241265 677.88252185378224 1011.3555913455784 120.51071331650019 2.6170153708662833 33.960121694603004 28.171854580752552 5.2020331807434541 5.9122172594070435 1.15860020101536 0.55015807994641397 7.7316636239411309 0.34150764043442905 0.55559460911899705 3.2478839759714901 0.82222760678268969 0.57567068783100683 1.7480736369034273 3.4935298115015021 1.9768158942461016 1.7805215362459419
leaf_count=6955 74 12 167 28 38 24 148 3669 21 336 4957 6714 743 152 842 174 50 147 36 12 369 41 31 106 30 15 73 35 37 38
internal_value=-6.90418e-06 -0.0120924 -0.00432766 0.00182964 0.000344768 0.000441863 0.00158948 -0.00215232 -0.00256715 0.0131894 0.00125877 0.0015727 -0.00334737 0.00663244 0.0105036 -0.0154149 0.0243207 0.0087821 -0.0281812 0.00279785 -0.0412027 0.0504851 -0.0387821 -0.0364478 -0.00167599 -0.0382477 -0.0332221 0.0367232 -0.0334174 -0.0144802
internal_weight=2599.25 73.496 56.9326 45.2518 2525.76 2518.51 1746.08 772.432 764.432 36.0665 1721.04 1689.24 728.366 40.2069 37.0142 31.805 25.0389 11.1143 11.6808 3.45683 8.22399 0.492326 16.5634 5.0449 1.79702 3.19269 2.29823 13.9247 7.24286 3.75734
internal_count=26074 8869 1883 1340 17205 17056 12249 4807 4769 357 11869 11671 4412 1176 1009 198 380 197 543 121 422 53 6986 164 58 167 85 183 149 75
is_linear=0
shrinkage=0.05


Tree=123
num_leaves=31
num_cat=0
split_feature=3 1 3 4 5 3 1 3 3 10 9 5 2 3 5 5 3 9 9 4 0 7 4 5 9 10 7 8 4 0
split_gain=4.10379 3.18287 3.86114 3.62608 7.39668 12.6343 17.5027 9.1309 16.5714 7.43015 6.04322 6.59902 7.39076 5.65426 10.4085 5.91679 5.33847 3.09331 3.86481 7.78751 2.93971 3.70145 2.92689 2.23354 1.51335 1.93388 3.13941 4.24082 8.00295 2.27945
threshold=1.5000000000000002 167.50000000000003 15.500000000000002 683.50000000000011 2.3856841470765526 5.5000000000000009 35.000000000000007 5.5000000000000009 8.5000000000000018 1.0000000180025095e-35 7.5000000000000009 2.4845015831422645 69.51666666666668 8.5000000000000018 1.7611415827076933 1.736335125448029 3.5000000000000004 6.5000000000000009 3.5000000000000004 436.50000000000006 1.0000000180025095e-35 2.5000000000000004 889.50000000000011 3.9385159591376726 3.5000000000000004 1.0000000180025095e-35 3.5000000000000004 1.0000000180025095e-35 1.0000000180025095e-35 2.5000000000000004
decision_type=2 2 2 2 2 2 2 2 2 2 2 2 2 2 2 2 2 2 2 2 2 2 2 2 2 2 2 2 2 2
left_child=24 3 17 10 5 22 -7 9 -9 -6 13 12 -12 15 -15 -2 -13 18 23 -20 21 -19 -5 -3 -1 -26 27 28 -27 -28
right_child=1 2 -4 4 7 6 -8 8 -10 -11 11 16 -14 14 -16 -17 -18 20 19 -21 -22 -23 -24 -25 25 26 29 -29 -30 -31
leaf_value=-0.050130815389020401 0.017897541718994502 -0.0018549710106907529 -0.050590419912158513 -0.063091338298075963 0.0016991746730156143 -0.096685034778350554 0.017002482362633051 -0.012159823939562763 0.0017484058977943443 0.014451663166168983 0.016412716319509451 -0.053004379086554525 -0.017799774719004912 -0.076695536617447574 0.0035668584554625696 -0.0098062127562348507 0.023064882724140923 -0.06543457603742564 0.072779621032857317 0.0017975093778366032 0.0020473260816982106 -0.016362814729377013 -0.0152159678730968 -0.025939185593669523 -0.03785358246422884 0.73230066429185725 -0.050545532629498305 0.013545875826876969 0.11545858451370659 0.1084895273222639
leaf_weight=5.1214166177669522 20.373131477157585 27.336482659564354 5.1865428462624541 5.7555089667439443 326.29660855792463 3.4547905959188929 168.73721396178007 292.76733307726681 797.74437664914876 175.73977864929475 27.271543496288359 2.4071543369209385 37.480089918826707 4.1212624348700038 203.07539526559412 356.90555411926471 55.11470422334969 5.8537701196037295 4.6432193592190769 23.025910869240761 9.0449408893473429 11.186115188174879 7.1687978487461805 14.859142013126982 3.5317865627584979 0.063899755361490174 1.3870293032377956 0.69734385737683624 0.29689520481042564 0.2690113061107694
leaf_count=3311 208 195 24 55 2079 23 1175 1566 6897 1234 202 159 293 25 1483 3218 366 33 39 149 58 73 50 85 2170 29 621 180 66 8
internal_value=-7.25851e-06 0.000124533 -0.00857031 0.000478485 0.00168292 0.0111428 0.0147215 0.00058331 -0.00198551 0.00616323 -0.002551 0.00755755 -0.00339045 -0.00466573 0.00197039 -0.0083102 0.0198816 -0.00629892 -0.000813305 0.0137092 -0.0209914 -0.0332206 -0.036536 -0.0103362 -0.0299837 -0.0134639 0.0182729 0.0855455 0.224706 -0.0247115
internal_weight=2596.92 2585.55 101.136 2484.41 1777.66 185.116 172.192 1592.55 1090.51 502.036 706.749 122.273 64.7516 584.475 207.197 377.279 57.5219 95.9496 69.8648 27.6691 26.0848 17.0399 12.9243 42.1956 11.3674 6.24597 2.71418 1.05814 0.360795 1.65604
internal_count=26074 19689 656 19033 13079 1303 1198 11776 8463 3313 5954 1020 495 4934 1508 3426 525 632 468 188 164 106 105 280 6385 3074 904 275 95 629
is_linear=0
shrinkage=0.05


Tree=124
num_leaves=31
num_cat=0
split_feature=3 4 6 5 2 3 3 5 6 1 4 9 5 9 10 2 1 7 5 2 0 2 5 7 4 2 10 8 2 9
split_gain=3.87479 5.67414 3.0939 3.08116 3.06671 2.81798 23.32 16.5233 13.9151 14.1483 10.9355 13.6766 10.843 8.62161 8.16405 7.55799 6.97278 5.62293 4.47113 4.35103 2.56723 2.62628 1.80401 3.11008 1.64666 3.48706 1.32011 1.30848 2.19482 1.25715
threshold=3.5000000000000004 376.50000000000006 1.0000000180025095e-35 4.932929642445214 37.083333333333336 5.5000000000000009 6.5000000000000009 2.5424447270374588 1.0000000180025095e-35 47.500000000000007 244.50000000000003 1.0000000180025095e-35 2.0994619768013658 9.5000000000000018 1.0000000180025095e-35 48.041666666666679 52.500000000000007 1.0000000180025095e-35 4.7275819418676575 71.577380952380963 1.0000000180025095e-35 54.612500000000004 4.2589518960382042 3.5000000000000004 421.50000000000006 80.97058823529413 1.5000000000000002 1.0000000180025095e-35 74.563492063492077 8.5000000000000018
decision_type=2 2 2 2 2 2 2 2 2 2 2 2 2 2 2 2 2 2 2 2 2 2 2 2 2 2 2 2 2 2
left_child=1 26 22 20 -2 7 12 10 9 -9 15 -12 19 16 -10 -6 -8 -14 -15 -7 21 -4 24 -24 25 -3 -1 28 -5 -22
right_child=4 2 3 27 5 6 13 8 14 -11 11 -13 17 18 -16 -17 -18 -19 -20 -21 29 -23 23 -25 -26 -27 -28 -29 -30 -31
leaf_value=-0.040919210828320923 -0.032686451138531837 -0.050707163899869859 -0.035453008657968264 -0.054899231185208446 0.079512831717909405 -0.0031709364532207401 0.0099812384183542071 -0.037690361332560353 -0.004993022493189718 0.018360467765311209 0.045752616346305536 -0.03324147536488984 0.0064455338525947099 0.014327310174287598 0.0116940280316722 -8.1331122933977964e-05 -0.00070234008723092244 -0.0267330082203594 0.05497047141235422 0.042547929001446702 -0.053087644082267599 0.013856834415686223 0.066664686056752229 -0.032476898935211634 -0.046601635574584833 0.22133346257085848 0.037146976764202942 -0.05539102968528279 0.05602070013886129 0.028513092487169683
leaf_weight=15.054637096473012 7.0179639188572756 0.33161145285703053 2.9311680094106114 0.92900087975431123 3.2607358749955884 13.765719518065454 171.20736822299659 11.837773151695727 244.27864409796894 230.08404520153999 5.9892528615891925 64.36053276155144 14.160796761512755 55.482015296816826 104.71829907409847 34.956001942045987 1414.8081864668056 130.01365056633949 7.7067181877791873 8.3672136366367322 2.48701322695706 34.285547724924982 1.2269785912940281 2.2264553433051333 7.3841110111679882 0.18269376223906875 0.56173795554786998 3.093857126426883 0.85777857759967446 0.58255429833661754
leaf_count=6955 149 44 167 28 22 62 1569 79 1306 1354 43 400 63 485 587 227 10144 602 72 41 152 842 36 85 369 9 31 106 30 15
internal_value=-7.02642e-06 -0.0114331 -0.00406186 0.00180289 0.000319784 0.000411886 -0.00062698 0.00310826 0.00640218 0.0156178 -0.0148203 -0.0265163 -0.018472 0.00117253 1.40115e-05 0.00670982 0.000450932 -0.0234742 0.0192843 0.0141128 0.00634834 0.00997322 -0.0273967 0.00274735 -0.0405766 0.0459283 -0.0381111 -0.0357167 -0.00164994 -0.0376011
internal_weight=2594.15 72.1351 56.5188 45.1669 2522.01 2515 1815.51 699.485 590.919 241.922 108.567 70.3498 166.307 1649.2 348.997 38.2167 1586.02 144.174 63.1887 22.1329 40.2863 37.2167 11.3519 3.45343 7.89842 0.514305 15.6164 4.88064 1.78678 3.06957
internal_count=26074 8869 1883 1340 17205 17056 13038 4018 3326 1433 692 443 768 12270 1893 249 11713 665 557 103 1176 1009 543 121 422 53 6986 164 58 167
is_linear=0
shrinkage=0.05


Tree=125
num_leaves=31
num_cat=0
split_feature=4 3 3 4 1 5 0 4 1 5 3 3 3 3 6 7 3 5 7 0 9 2 9 5 6 2 2 9 2 5
split_gain=3.70329 8.87884 6.57512 6.04316 4.15711 11.1029 8.58348 8.1746 6.45715 5.11 13.2306 9.5557 6.90317 17.3422 14.0931 4.76933 3.94611 3.81215 3.56259 3.42802 3.11003 4.36966 3.31776 2.71237 2.03063 1.84509 4.37191 1.98697 3.61539 9.27396
threshold=326.50000000000006 4.5000000000000009 11.500000000000002 333.50000000000006 52.500000000000007 2.4618037135278521 1.0000000180025095e-35 1057.5000000000002 42.500000000000007 2.2392835272504601 5.5000000000000009 7.5000000000000009 5.5000000000000009 6.5000000000000009 1.0000000180025095e-35 9.5000000000000018 6.5000000000000009 1.8071696582496706 5.5000000000000009 1.0000000180025095e-35 4.5000000000000009 55.527777777777786 3.5000000000000004 2.2896643783371475 1.0000000180025095e-35 94.354166666666671 94.788888888888906 6.5000000000000009 47.071428571428577 1.8667804323094428
decision_type=2 2 2 2 2 2 2 2 2 2 2 2 2 2 2 2 2 2 2 2 2 2 2 2 2 2 2 2 2 2
left_child=1 25 17 16 5 7 8 23 -7 10 15 -12 14 -14 -11 -6 24 19 -8 -3 22 -22 -19 -5 -2 27 -27 -1 29 -29
right_child=3 2 -4 4 9 6 18 -9 -10 12 11 -13 13 -15 -16 -17 -18 20 -20 -21 21 -23 -24 -25 -26 26 -28 28 -30 -31
leaf_value=-0.044364784667308699 0.12069406395325466 0.026713419374847808 -0.067604380020765562 0.020786985453953313 -0.015979021784967719 0.010903579258421548 0.0066265911291672058 -0.11009531750534374 0.096756240851040565 0.012882883402691683 0.020751577987494749 -0.00095283119909148149 -0.022564662681261945 -0.0013978476444528865 -0.0029929768199991116 -0.069030928062298921 0.0179606934419002 -0.0049117736501794766 -0.04786106191471301 -0.018042427338364874 0.034731423496989461 -0.00045633601986274573 -0.02560820934817052 -0.043311134584528829 0.037529632437422675 0.29879638725817004 -0.050343166264187937 0.33119231580265818 -0.024504658853283044 -0.051886964791882477
leaf_weight=17.741236177855178 1.8380768906790745 19.504866220057014 3.8338818550109854 3.1174899339675886 20.32657275302336 200.90039017144591 4.5297501776367417 3.2366964127868414 2.2142854779958716 234.60161973081995 113.27527067624032 91.816123191267252 105.55857530422509 1162.0166275212541 345.89062836102676 5.3517787090968332 6.1290480121970177 105.88988891430199 8.8826268089469504 5.4806077331304541 9.8854511640965921 82.071168476715684 23.697491634637117 3.5071791000664234 1.2219650959596038 0.13933601975440879 0.25151056575123221 0.25950672826729615 6.5720344090368599 0.40386461932212114
leaf_count=5371 25 92 18 23 200 1880 24 21 18 1887 698 645 495 8737 2930 57 42 547 50 25 52 469 126 32 32 1 98 25 1372 82
internal_value=-7.12602e-06 -0.00548459 -0.00262859 0.000645439 0.000484129 0.0069183 0.00928135 -0.0449676 0.0118395 -0.000216561 0.00679863 0.0110349 -0.00109255 -0.00316054 0.00342313 -0.0270359 0.0411125 -0.00161813 -0.029459 0.0168961 -0.00370614 0.00332639 -0.00869651 -0.0131473 0.0874841 -0.0336718 0.0741244 -0.0353586 -0.0132756 0.0979713
internal_weight=2590.15 275.731 250.363 2314.41 2305.23 226.388 216.527 9.86137 203.115 2078.84 230.77 205.091 1848.07 1267.58 580.492 25.6784 9.18909 246.529 13.4124 24.9855 221.544 91.9566 129.587 6.62467 3.06004 25.3675 0.390847 24.9766 7.23541 0.663371
internal_count=26074 8278 1329 17796 17697 2048 1972 76 1898 15649 1600 1343 14049 9232 4817 257 99 1311 74 117 1194 521 673 55 57 6949 99 6850 1479 107
is_linear=0
shrinkage=0.05


Tree=126
num_leaves=31
num_cat=0
split_feature=4 7 7 3 5 2 2 4 8 2 3 9 4 11 3 3 4 5 4 5 2 4 5 9 2 1 11 5 2 4
split_gain=3.50492 4.52331 5.37888 3.9296 3.82357 3.79435 5.48214 3.50935 3.36468 4.02308 8.02589 5.81284 5.41121 5.11053 4.79558 17.8229 5.10435 13.9618 4.61332 4.58039 4.05061 3.55587 3.88125 4.88158 3.55027 3.38365 3.34952 4.14997 3.75459 3.61261
threshold=146.50000000000003 1.0000000180025095e-35 1.5000000000000002 4.5000000000000009 1.8466880341880345 59.763888888888893 52.519230769230781 75.500000000000014 1.5000000000000002 83.759615384615401 8.5000000000000018 6.5000000000000009 1044.5000000000002 1.0000000180025095e-35 7.5000000000000009 8.5000000000000018 938.50000000000011 3.9261982570806104 443.50000000000006 2.033573334560177 57.031250000000007 166.50000000000003 2.4057330057330062 2.5000000000000004 84.422619047619065 82.500000000000014 1.0000000180025095e-35 1.8299659863945581 50.031250000000007 421.50000000000006
decision_type=2 2 2 2 2 2 2 2 2 2 2 2 2 2 2 2 2 2 2 2 2 2 2 2 2 2 2 2 2 2
left_child=1 5 -3 -4 -5 6 -1 -6 9 14 24 12 -12 -13 16 18 19 -18 -16 -2 -17 22 -10 -24 25 -11 27 29 -28 -23
right_child=8 2 3 4 7 -7 -8 -9 21 10 11 13 -14 -15 15 20 17 -19 -20 -21 -22 26 23 -25 -26 -27 28 -29 -30 -31
leaf_value=0.053448328605577335 0.013443693142695976 -0.055113629679157852 -0.04054061373621478 0.019877550276619197 0.017253322029118293 0.044414478143539445 -0.089387826313045843 -0.021092176788022558 0.052218146316546546 0.0041747709108302831 0.030216445604431652 0.038538503915927717 0.00045294683722852221 -0.030757350435395816 -0.0016810552894829705 -0.011117834818850415 0.016583653717174639 -0.0055863027971797827 -0.03562349632407192 -0.0033293207484639676 0.001816634935503203 -0.050855750756110485 -0.092659307959287077 0.051810650759854651 -0.0019748629133279154 0.058553894396184303 -0.0421963146778601 -0.00070351596015501934 -0.0077221930086972205 -0.0039581643759050329
leaf_weight=1.2005363960051894 48.067566588637419 7.5543760029831892 8.9515880681574327 12.063609726727007 7.6242648623883715 6.1388195215258747 1.5251623527146874 27.446056419983506 5.9311182600213197 6.9681777519872394 21.754375245422125 35.543043682351708 51.239965490996838 2.8759577497839919 12.704570569097994 68.891507536172867 190.81586748175323 113.11161310435273 47.21324235200882 265.63717789005022 498.64211120083928 7.7577323823934448 1.2263982977019625 1.1175236984854562 148.13354315829929 4.852859812323004 8.5463210436282662 861.04358615877572 104.10974846023601 8.7245141188614053
leaf_count=39 359 444 4321 54 36 524 21 142 73 61 365 765 965 45 59 330 1167 680 224 2530 3473 61 32 57 1293 34 109 6982 779 50
internal_value=-7.0119e-06 -0.0108452 -0.0155062 -0.0101713 -0.00440358 0.0226169 -0.0264755 -0.0127559 0.00030545 0.00178944 0.00730583 0.0176089 0.00932331 0.0333512 0.000587134 -0.00249156 0.00371477 0.00833274 -0.0284266 -0.000759267 0.000246552 -0.00194843 0.0306916 -0.0237796 0.000129418 0.0264989 -0.0022212 -0.00117924 -0.0103375 -0.0260315
internal_weight=2587.41 72.5044 63.6399 56.0855 47.1339 8.86452 2.7257 35.0703 2514.91 1516.45 271.368 111.413 72.9943 38.419 1245.08 627.451 617.632 303.927 59.9178 313.705 567.534 998.457 8.27504 2.34392 159.955 11.821 990.182 877.526 112.656 16.4822
internal_count=26074 5581 4997 4553 232 584 60 178 20493 12350 3528 2140 1330 810 8822 4086 4736 1847 283 2889 3803 8143 162 89 1388 95 7981 7093 888 111
is_linear=0
shrinkage=0.05


Tree=127
num_leaves=31
num_cat=0
split_feature=4 7 8 4 4 5 9 9 9 2 5 2 1 4 5 3 2 2 5 3 5 1 9 9 3 9 3 3 3 3
split_gain=3.44454 4.08136 4.20396 3.40565 3.28332 3.39272 4.46022 5.35627 3.61145 3.30505 6.65 3.89221 4.26188 3.7921 3.66731 3.32812 2.85933 2.82526 2.61503 2.52729 2.20952 2.15155 1.2724 0.843332 0.867029 0.722475 2.07952 0.516236 0.25572 0.0244987
threshold=18.500000000000004 1.0000000180025095e-35 1.0000000180025095e-35 39.500000000000007 133.50000000000003 1.8466880341880345 1.5000000000000002 2.5000000000000004 2.5000000000000004 48.845238095238102 2.9765383575401736 49.354166666666679 92.500000000000014 813.50000000000011 2.8500263991552273 10.500000000000002 48.041666666666679 56.392307692307703 1.736335125448029 4.5000000000000009 3.7029075590853235 117.50000000000001 8.5000000000000018 2.5000000000000004 5.5000000000000009 1.0000000180025095e-35 4.5000000000000009 4.5000000000000009 4.5000000000000009 8.5000000000000018
decision_type=2 2 2 2 2 2 2 2 2 2 2 2 2 2 2 2 2 2 2 2 2 2 2 2 2 2 2 2 2 2
left_child=1 2 21 19 5 8 17 -8 16 10 14 12 -11 -12 -6 -13 -5 -7 -10 20 -2 22 -1 24 25 28 -27 -25 -3 -4
right_child=3 23 29 4 9 6 7 -9 18 11 13 15 -14 -15 -16 -17 -18 -19 -20 -21 -22 -23 -24 27 -26 26 -28 -29 -30 -31
leaf_value=0.23293755572447533 -0.05059235868522502 -0.050287867602088976 -0.050098763675085589 0.14040212316621073 -0.01714986376229951 0.016131791561393383 0.040105882122334853 -0.018491405913469674 -0.067731856506794627 0.0092582286514576971 -0.017346773409367234 -0.00079098908506644344 0.07774954223447221 0.012309975991861536 -0.064690649298462161 0.0031643449187488308 0.028973584469566174 -0.056758899987339663 0.0072280807138366578 0.067688753908974136 0.11235382879646259 -0.050283362842037917 0.084431921638413676 -0.05012499244624407 0.029892681879632305 -0.050095174847806047 0.11231652705069882 -0.089406353348884915 -0.099816677614143701 -0.072018962855632182
leaf_weight=0.33086509641725459 0.98703369079157599 0.54648909857496686 0.31907166726887226 0.66814334306400081 46.986131952609867 1.5479147913865734 4.6561354199657243 24.009682623436674 1.6379125028615815 7.1308971889084187 15.007720151799729 1613.7281033288455 3.3328202229458839 38.252961281337775 4.4398428284330285 793.262620463036 4.1619409958366305 9.4170676883077231 4.0167422194499522 3.1697805635631084 0.26360210531856865 0.13947879069019109 0.25571389694232494 1.8843393472488972 0.49130191653966893 0.97553137759678044 0.24699372053146362 1.5039692670106886 0.49818098545074463 0.21226242184638977
leaf_count=55 492 440 212 23 652 84 184 865 133 47 327 12524 27 263 64 6799 101 321 72 16 22 51 6 1475 3 805 1 7 2 1
internal_value=-6.12734e-06 -0.0340606 0.0480167 9.17296e-05 1.63743e-05 -0.0126563 -0.0193477 -0.00897356 0.0126364 0.000268183 -0.00842958 0.000644835 0.0310735 0.00395334 -0.0212543 0.000512555 0.0443874 -0.046469 -0.0144846 0.0439413 -0.0162475 0.126227 0.168198 -0.0508503 -0.0303245 -0.0433736 -0.0172822 -0.0675608 -0.0739071 -0.0588557
internal_weight=2584.08 7.4042 1.25739 2576.68 2572.26 50.1155 39.6308 28.6658 10.4847 2522.14 104.687 2417.45 10.4637 53.2607 51.426 2406.99 4.83008 10.965 5.65465 4.42042 1.25064 0.726058 0.586579 6.14681 2.7585 2.2672 1.22253 3.38831 1.04467 0.531334
internal_count=26074 3058 325 23016 22486 1783 1454 1049 329 20703 1306 19397 74 590 716 19323 124 405 205 530 514 112 61 2733 1251 1248 806 1482 442 213
is_linear=0
shrinkage=0.05


Tree=128
num_leaves=31
num_cat=0
split_feature=4 7 8 4 8 3 4 7 1 5 0 4 9 5 4 3 5 5 1 2 9 3 9 3 3 3 3 3 3 3
split_gain=3.20081 3.76882 3.65207 3.09503 3.12395 3.31523 4.12332 3.68118 2.90167 5.6522 4.08981 3.05237 5.03068 4.12119 2.28663 2.25804 1.9958 1.24513 1.08436 1.07719 0.801964 0.809993 0.661956 1.90753 0.426304 0.204321 0.0204286 0.000185453 2.04848e-05 1.38473e-05
threshold=18.500000000000004 1.0000000180025095e-35 1.0000000180025095e-35 39.500000000000007 1.5000000000000002 23.500000000000004 9222.5000000000018 7.5000000000000009 132.50000000000003 4.6701274104683206 1.0000000180025095e-35 391.50000000000006 1.0000000180025095e-35 4.2589518960382042 3423.0000000000005 4.5000000000000009 3.7029075590853235 4.932929642445214 82.500000000000014 75.677083333333357 2.5000000000000004 5.5000000000000009 1.0000000180025095e-35 4.5000000000000009 4.5000000000000009 4.5000000000000009 8.5000000000000018 3.5000000000000004 3.5000000000000004 2.5000000000000004
decision_type=2 2 2 2 2 2 2 2 2 2 2 2 2 2 2 2 2 2 2 2 2 2 2 2 2 2 2 2 2 2
left_child=1 2 18 15 5 6 7 -5 11 10 -10 12 -6 -13 -11 16 27 -8 -1 -20 21 22 25 -24 28 -3 -4 29 -22 -2
right_child=3 20 26 4 8 -7 17 -9 9 14 -12 13 -14 -15 -16 -17 -18 -19 19 -21 24 -23 23 -25 -26 -27 -28 -29 -30 -31
leaf_value=0.17643111275189208 -0.050078311646441304 -0.050274710927997159 -0.050093947832847555 -0.0005000297418303912 -0.031218452006949594 -0.048734995523927307 0.056936364992705157 0.0045931141462661569 -0.027116948556261775 0.0035643267780055485 0.0014555170165283606 0.0018053058247621736 -0.0043394964491995222 -0.0063801590408956686 0.054445903356549752 0.064228774589912496 0.10309056506650693 0.018274176985579871 0.12140560976161859 -0.050252369135686197 -0.050082439820768557 0.028447934275495509 -0.050090559831149011 0.10569610287599139 -0.086380496041226634 -0.095116584823096539 -0.070488935959115442 -0.051916989787228376 -0.050901081824719113 -0.050585471623663385
leaf_weight=0.36729086039122083 0.5629218789981667 0.51996911549940772 0.30353879544418305 975.9089239569148 20.336829175706953 3.2857425659894934 3.9542654119431955 557.41722484538332 39.233444381156005 5.4123347548302245 18.396741925622337 612.41429328441154 120.86225629632827 205.32718848169316 3.7296740561723709 3.1733903251588345 0.27267247380223125 4.3994059721007943 0.24222826957702637 0.14676398003939539 1.7126643088413405 0.49046218395233143 0.92803752608597256 0.24927392601966858 1.4794361591339109 0.49668674170970917 0.20618045330047607 0.19959711842238903 0.079984817653894313 0.17688120435923338
leaf_count=52 467 440 212 8265 343 21 69 4905 351 43 187 4482 2109 1613 22 16 22 76 1 59 1470 3 805 1 7 2 1 7 5 18
internal_value=-6.40024e-06 -0.0332454 0.0450989 8.68282e-05 1.52316e-05 0.00143544 0.00154237 0.0013515 -0.00212394 -0.0122021 -0.017996 -0.00142218 -0.00821086 -0.000249987 0.0243225 0.0420555 -0.0159977 0.0365752 0.114817 0.0566403 -0.0498967 -0.0296415 -0.0426274 -0.0171056 -0.0665142 -0.0721822 -0.0583437 -0.0505645 -0.050119 -0.0501996
internal_weight=2582.29 7.22252 1.266 2575.06 2570.68 1544.97 1541.68 1533.33 1025.71 66.7722 57.6302 958.941 141.199 817.741 9.14201 4.38546 1.21207 8.35367 0.756283 0.388992 5.95651 2.68443 2.19397 1.17731 3.27209 1.01666 0.509719 0.9394 1.79265 0.739803
internal_count=26074 3058 325 23016 22486 13336 13315 13170 9150 603 538 8547 2452 6095 65 530 514 145 112 60 2733 1251 1248 806 1482 442 213 492 1475 485
is_linear=0
shrinkage=0.05


Tree=129
num_leaves=31
num_cat=0
split_feature=3 4 0 2 2 4 7 2 2 4 5 3 4 4 3 3 3 7 4 2 10 9 0 5 4 5 7 11 4 4
split_gain=3.09988 4.81574 2.85356 2.91646 5.10939 3.89508 3.7821 2.78157 2.71566 2.62716 3.22781 6.14938 4.28415 1.83381 1.71601 2.14782 1.57593 1.15913 1.95434 1.06179 5.65423 0.966738 0.946485 0.984061 0.907796 0.5699 0.402811 1.74303 0.552084 0.00257275
threshold=3.5000000000000004 414.50000000000006 1.0000000180025095e-35 54.612500000000004 56.020833333333336 555.50000000000011 5.5000000000000009 37.083333333333336 97.118055555555571 8514.5000000000018 4.2425810144417051 13.500000000000002 1164.5000000000002 1454.5000000000002 22.500000000000004 10.500000000000002 8.5000000000000018 5.5000000000000009 874.50000000000011 30.100000000000005 1.5000000000000002 8.5000000000000018 2.5000000000000004 3.7029075590853235 5837.5000000000009 3.3087038250243004 3.5000000000000004 1.0000000180025095e-35 376.50000000000006 1493.5000000000002
decision_type=2 2 2 2 2 2 2 2 2 2 2 2 2 2 2 2 2 2 2 2 2 2 2 2 2 2 2 2 2 2
left_child=1 19 3 13 6 -6 -5 17 9 10 12 -12 -9 -3 15 -11 -10 29 -19 20 -1 -4 26 -24 25 -18 27 -21 -28 -2
right_child=7 2 21 4 5 -7 -8 8 16 14 11 -13 -14 -15 -16 -17 24 18 -20 22 -22 -23 23 -25 -26 -27 28 -29 -30 -31
leaf_value=-0.05016452328333218 -0.052668840033380182 -0.052048288906947973 -0.052486077456575936 0.19404751416550897 0.038801452850949478 -0.0049190447253774734 0.019715960644193658 -0.0010132291854697717 0.05985811422066422 -0.0096728720567737844 -0.0016989360719864071 -0.020976812850720193 0.0036966908065514375 0.053075172907138105 -0.03491312190271869 0.027729047886741159 0.00068788637552380418 -0.052104690205373005 0.022355886582795161 -0.037880263833522228 0.31893920171284323 0.0095414008576175709 -0.050475009068736199 0.089071356305386457 -0.028583575849364731 0.054515973351870167 -0.050343960291116742 0.069442645750441831 -0.013867414851154751 -0.055815561217365028
leaf_weight=0.48233990941662241 2.3003837075084443 3.682701132609508 3.6778550422750405 0.59838136285543331 5.8580692689865819 39.074169852421619 0.64805784786585718 1102.0140179749578 2.9687818363308898 4.8557323999702993 467.05603355355561 45.386768732219934 859.27389603294432 0.46751951100304712 1.5220433920621861 18.320621041581035 0.944188219495118 1.6388785773888233 1.9061778448522089 4.0096357595175478 0.1321929544210434 0.75756662478670467 0.22252095560543317 0.29227095562964678 1.0645074993371961 1.0261103343218563 8.5843920593615604 0.41773393924813707 1.1799117667833332 0.90515068918466557
leaf_count=258 60 241 236 18 303 861 22 6824 32 39 3417 224 6177 14 14 271 21 48 27 1969 1 19 61 4 16 21 4520 212 130 14
internal_value=-6.0863e-06 -0.0103778 -0.00344544 -5.72058e-05 0.00355111 0.000781043 0.103408 0.000283381 0.000369777 0.000289067 0.000127059 -0.00340637 0.00105027 -0.0402062 0.0165155 0.0198929 0.0339576 -0.0317689 -0.0120672 -0.0351574 0.0292339 -0.0418918 -0.037848 0.0287519 0.00862047 0.028721 -0.0402639 -0.0277541 -0.0459362 -0.0535574
internal_weight=2581.27 70.0853 54.7643 50.3289 46.1787 44.9322 1.24644 2511.18 2504.43 2498.43 2473.73 512.443 1961.29 4.15022 24.6984 23.1764 6.00359 6.75059 3.54506 15.321 0.614533 4.43542 14.7065 0.514792 3.03481 1.9703 14.1917 4.42737 9.7643 3.20553
internal_count=26074 8869 1714 1459 1204 1164 40 17205 17056 16966 16642 3641 13001 255 324 310 90 149 75 7155 259 255 6896 65 58 42 6831 2181 4650 74
is_linear=0
shrinkage=0.05


Tree=130
num_leaves=31
num_cat=0
split_feature=1 4 4 10 2 2 3 3 5 3 3 5 4 5 3 3 5 9 2 2 8 3 6 5 9 4 5 3 4 5
split_gain=2.85683 5.84302 4.57325 8.693 8.89367 4.39003 3.60281 4.05707 4.73266 15.6125 10.5108 4.22819 3.54629 7.8398 3.53444 6.02636 5.83697 6.92566 4.65387 4.12829 3.66992 3.62187 3.59809 8.66169 3.65023 3.42348 6.2196 3.77073 3.67519 3.53111
threshold=82.500000000000014 3893.5000000000005 3689.5000000000005 1.0000000180025095e-35 80.20714285714287 44.535714285714292 21.500000000000004 20.500000000000004 3.5710947712418304 12.500000000000002 10.500000000000002 3.4488807159774097 202.50000000000003 1.8667804323094428 12.500000000000002 11.500000000000002 4.7275819418676575 8.5000000000000018 59.763888888888893 68.031250000000014 1.5000000000000002 7.5000000000000009 1.0000000180025095e-35 3.6346832407718019 3.5000000000000004 230.50000000000003 3.0717142857142865 4.5000000000000009 59.500000000000007 6.3712274973526304
decision_type=2 2 2 2 2 2 2 2 2 2 2 2 2 2 2 2 2 2 2 2 2 2 2 2 2 2 2 2 2 2
left_child=1 2 25 -4 -5 12 7 8 10 -10 -7 -9 13 -2 15 16 21 -18 -16 20 -17 -3 23 -20 -24 26 27 -1 -28 -27
right_child=5 14 3 4 -6 6 -8 11 9 -11 -12 -13 -14 -15 18 19 17 -19 22 -21 -22 -23 24 -25 -26 29 28 -29 -30 -31
leaf_value=-0.037992736549400469 0.18059170247354503 0.034374506793361646 0.005975114738001522 -0.091203713784633808 0.019072242919229449 -0.0032136916698081992 -0.035314165420521647 -0.02350061378775456 -0.0022987289699249428 -0.033176105173666197 0.012420860328344266 0.038156483169810004 -0.034322360848159532 -0.059118128792783525 -0.060323766100876801 0.039884184902238475 -0.023882582689040349 0.066129082763376826 -0.098359414899880759 0.042546789515455208 -0.018055247715522856 -0.0017172030928408598 0.03387042375192633 0.006925908306456896 0.00079531829094760394 0.0016026944297782382 0.067724664646185262 -0.0013455053950088337 -0.05469587739278018 -0.023540975421941033
leaf_weight=7.6015738850692278 0.62332940165652206 17.857213821262125 11.291322991251945 6.4426274374127388 2.5528123173862696 391.00127642881125 7.921498790383338 3.6216516345739356 315.87230246089166 47.034170843660831 148.2604506239295 11.972304843366144 15.482664581737479 0.75331885303603485 2.9571762755513182 4.7373120784759504 19.28446035459638 2.4033164430875322 2.7370811998844129 27.109774121083319 6.4599202126264572 11.381647248752413 12.065324952825902 6.8233112022280693 27.029552875086665 1352.838610773324 0.65820176986744527 91.606748340651393 8.9413394030416367 14.109104336239396
leaf_count=3164 36 157 99 37 37 4942 40 22 2541 262 1075 98 288 115 14 23 157 25 21 664 32 119 107 56 258 10641 106 468 350 120
internal_value=-6.46583e-06 0.00125621 0.000339608 -0.0232386 -0.0599085 -0.00219932 -0.0017388 -0.001449 -0.00188607 -0.00630056 0.00108475 0.0238368 -0.0274844 0.0494195 0.0109922 0.017016 0.00574659 -0.013908 0.00057751 0.0319979 0.0064577 0.0203253 0.00427898 -0.0232166 0.0110028 0.000663731 -0.00787204 -0.0041535 -0.046302 0.00134317
internal_weight=2579.43 1636.89 1496.04 20.2868 8.99544 942.543 925.684 917.762 902.168 362.906 539.262 15.594 16.8593 1.37665 140.846 89.2336 50.9266 21.6878 51.6124 38.307 11.1972 29.2389 48.6553 9.56039 39.0949 1475.76 108.808 99.2083 9.59954 1366.95
internal_count=26074 16655 15022 173 74 9419 8980 8940 8820 2803 6017 120 439 151 1633 1177 458 182 456 719 55 276 442 77 365 14849 4088 3632 456 10761
is_linear=0
shrinkage=0.05


Tree=131
num_leaves=31
num_cat=0
split_feature=1 3 4 3 3 5 2 6 3 3 5 3 2 3 3 3 3 9 5 5 6 2 2 9 9 4 4 1 7 4
split_gain=2.79441 3.44705 3.10168 9.43066 7.39444 5.86953 6.63615 5.72291 10.6212 11.0989 8.74689 8.92603 6.0882 6.07528 5.31093 14.754 5.41569 4.53601 4.14075 3.68812 3.61411 3.07613 3.06102 2.79154 3.46356 6.62963 4.91419 3.47748 2.65447 2.94499
threshold=167.50000000000003 15.500000000000002 462.50000000000006 11.500000000000002 4.5000000000000009 2.2392835272504601 71.023809523809533 1.0000000180025095e-35 11.500000000000002 4.5000000000000009 3.3974952735734028 5.5000000000000009 78.348484848484858 11.500000000000002 7.5000000000000009 9.5000000000000018 5.5000000000000009 7.5000000000000009 1.7611415827076933 4.5129776563494151 1.0000000180025095e-35 80.809090909090926 69.021739130434796 6.5000000000000009 3.5000000000000004 428.50000000000006 1636.5000000000002 185.00000000000003 5.5000000000000009 683.50000000000011
decision_type=2 2 2 2 2 2 2 2 2 2 2 2 2 2 2 2 2 2 2 2 2 2 2 2 2 2 2 2 2 2
left_child=2 23 3 4 -1 6 17 10 9 -9 13 -12 -10 -7 16 -16 -8 18 -4 21 -19 -6 -5 24 -2 27 -27 -26 29 -25
right_child=1 -3 5 22 19 7 14 8 12 -11 11 -13 -14 -15 15 -17 -18 20 -20 -21 -22 -23 -24 28 25 26 -28 -29 -30 -31
leaf_value=-0.024618373984325464 -0.0098003215967627094 -0.047981198280039501 -0.047939194564129789 -0.02324069462388878 0.0020607585770728736 0.0010240926993773361 -0.005721384304387192 0.0038156814875799148 0.00080713868305939322 -0.0092854084690624714 0.019465751173395086 0.0028211131915525721 0.01415479202610675 -0.018538727982525732 -0.067230848494689341 0.021423702717768948 0.038499518964243307 -0.0055717312391443796 -0.0010682938277675588 -0.046349232077540936 0.042667041855932591 -0.0099339517718915506 -0.079838222963627359 0.019027809225116838 0.085668737850631616 -0.015196679021333896 0.033356472425298149 -0.028080703707366445 -0.0049457039538853822 -0.047610388262134117
leaf_weight=34.421328860451467 42.359406139759813 5.1536832228302947 5.0435626078397027 4.6061369739472848 322.0901596378535 311.57616119680461 8.3614365938119573 232.5675433287397 299.05258729681373 530.24142304994166 138.98115816153586 191.57504785526544 119.59777170605958 45.479418642818928 5.8323299866169718 24.022942066192627 40.266331812366843 6.1925583132542679 71.694403001805767 4.3269752003252497 10.410161279374734 64.087840881198645 4.9630530774593353 1.9760062356945152 3.9780514790909391 14.921466762316415 8.0084380507469159 0.80845104518812139 13.837032750481738 10.30124986823648
leaf_count=7199 526 24 25 22 1618 2449 52 2130 1746 2974 1041 1723 1957 303 40 268 354 36 379 25 53 554 25 60 86 112 49 55 127 62
internal_value=-5.12039e-06 -0.00814285 0.000328043 -0.00350783 -0.0024024 0.00114468 0.00998835 0.00033168 -0.00177903 -0.00529111 0.00395831 0.00981929 0.00462022 -0.00146769 0.0207044 0.00410473 0.0308958 0.000978057 -0.00414886 -0.000444162 0.0246747 7.01866e-05 -0.052595 -0.00600839 -0.000808646 0.0129335 0.00176087 0.0664562 -0.0199615 -0.0368851
internal_weight=2576.73 101.344 2475.39 434.495 424.926 2040.89 171.824 1869.07 1181.46 762.809 687.612 330.556 418.65 357.056 78.483 29.8553 48.6278 93.3407 76.738 390.505 16.6027 386.178 9.56919 96.1901 70.0758 27.7164 22.9299 4.7865 26.1143 12.2773
internal_count=26074 1101 24973 9443 9396 15530 1207 14323 8807 5104 5516 2764 3703 2752 714 308 406 493 404 2197 89 2172 47 1077 828 302 161 141 249 122
is_linear=0
shrinkage=0.05


Tree=132
num_leaves=31
num_cat=0
split_feature=3 4 6 5 2 2 4 5 3 4 0 2 5 9 4 2 5 5 4 3 5 8 2 9 7 3 10 9 0 7
split_gain=2.72839 4.27106 2.965 2.85202 2.53673 2.50415 2.40264 2.98025 5.29378 3.9641 2.19102 2.52251 1.69385 2.8819 1.56621 3.37223 1.56406 5.47362 1.7653 1.52539 1.38128 1.29304 1.99512 1.17717 1.14925 1.93716 1.05408 0.985348 0.908684 0.905914
threshold=3.5000000000000004 376.50000000000006 1.0000000180025095e-35 4.932929642445214 97.118055555555571 37.083333333333336 8514.5000000000018 4.2425810144417051 13.500000000000002 2155.5000000000005 1.0000000180025095e-35 92.236111111111128 4.2589518960382042 2.5000000000000004 421.50000000000006 82.804761904761918 4.8373038381546616 5.0070841288917558 9222.5000000000018 8.5000000000000018 4.4732258206820061 1.0000000180025095e-35 74.563492063492077 8.5000000000000018 5.5000000000000009 5.5000000000000009 1.5000000000000002 1.0000000180025095e-35 2.5000000000000004 4.5000000000000009
decision_type=2 2 2 2 2 2 2 2 2 2 2 2 2 2 2 2 2 2 2 2 2 2 2 2 2 2 2 2 2 2
left_child=1 26 12 10 5 24 7 9 -9 -7 11 -4 14 -14 15 -3 18 -18 -8 -6 -15 22 -5 -12 -2 -26 28 -16 -1 -21
right_child=4 2 3 21 19 6 16 8 -10 -11 23 -13 13 20 27 -17 17 -19 -20 29 -22 -23 -24 -25 25 -27 -28 -29 -30 -31
leaf_value=-0.041781775650723531 -0.053372956973009367 -0.050685537775092861 0.0063283992536027484 -0.05461388017931823 0.059405767296540679 -0.00012479958962776727 3.7976861388427523e-05 -0.0016918357262106912 -0.019555239714427516 0.0054890850587304167 -0.052775709536346097 0.064508763586754628 0.061698217630054508 0.0375460764632723 0.0024637441181217727 0.21318989343904479 -0.064605924971710957 0.018814730952673844 0.050020362762526652 -0.024192630379340434 -0.054776684506529595 -0.055131939017483728 0.051914011421290152 0.026259464713122755 0.022671097117803244 -0.052512518751186288 0.029342141885538377 -0.053399486380736577 0.026207701258975782 0.031440905384772178
leaf_weight=11.760804928955617 3.0221297498792401 0.34151416819076796 35.454444501549006 0.87299558881204464 2.8430612534284583 1562.8446006374434 2.6078108204528707 465.89302500709891 45.526964295655489 393.66153726354241 2.2428026803536336 1.9663552220445115 1.2777256370754915 0.53342993103433434 0.90426713821943838 0.18757762061432004 2.2925894279032972 13.819587873294948 5.4760558269917965 1.250909658148885 1.6845607450231908 2.9554810333065689 0.88518611853942275 0.59641154122073192 1.90319967456162 1.5582275949418543 0.5924652451649316 6.2121609458699822 0.51286986470222551 1.7630544332787392
leaf_count=6885 74 46 961 28 32 9815 41 3417 224 3186 152 48 40 14 47 7 20 172 91 25 67 106 30 15 37 38 31 322 70 33
internal_value=-3.75256e-06 -0.00981351 -0.00385609 0.00186437 0.00026644 0.000189396 0.000270133 0.000116411 -0.00328205 0.00100475 0.0061727 0.00938561 -0.0269478 0.00188429 -0.0401305 0.0428656 0.0159493 0.00694487 0.0338963 0.0331335 -0.0325729 -0.0349337 -0.000980623 -0.0361734 -0.030844 -0.0111742 -0.0357964 -0.0463011 -0.0389408 0.00835087
internal_weight=2573.44 68.9811 56.1149 44.9737 2504.46 2498.61 2492.12 2467.93 511.42 1956.51 40.26 37.4208 11.1412 3.49572 7.64552 0.529092 24.196 16.1122 8.08387 5.85703 2.21799 4.71366 1.75818 2.83921 6.48356 3.46143 12.8661 7.11643 12.2737 3.01396
internal_count=26074 8869 1883 1340 17205 17115 16966 16642 3641 13001 1176 1009 543 121 422 53 324 192 132 90 81 164 58 167 149 75 6986 369 6955 58
is_linear=0
shrinkage=0.05


Tree=133
num_leaves=31
num_cat=0
split_feature=8 2 4 4 3 3 3 6 7 5 2 4 4 7 2 2 4 3 4 4 4 6 2 3 1 4 5 4 3 3
split_gain=2.69072 2.98231 6.41812 5.76001 4.68067 5.66945 4.41883 4.73264 3.51359 6.27404 4.55753 6.18453 4.99471 3.54758 4.1909 6.68214 3.95421 3.81699 3.72744 3.48875 4.05019 3.33686 3.07938 2.85358 2.77958 3.14091 6.0942 5.78461 5.29654 4.54846
threshold=1.5000000000000002 52.519230769230781 1178.5000000000002 1250.5000000000002 7.5000000000000009 12.500000000000002 6.5000000000000009 1.0000000180025095e-35 7.5000000000000009 5.101066003045724 55.527777777777786 747.50000000000011 298.50000000000006 1.0000000180025095e-35 64.035714285714292 65.591666666666683 127.50000000000001 5.5000000000000009 572.50000000000011 6776.0000000000009 4787.0000000000009 1.0000000180025095e-35 89.20714285714287 2.5000000000000004 52.500000000000007 1592.5000000000002 3.9835988151897808 1551.5000000000002 4.5000000000000009 9.5000000000000018
decision_type=2 2 2 2 2 2 2 2 2 2 2 2 2 2 2 2 2 2 2 2 2 2 2 2 2 2 2 2 2 2
left_child=1 2 4 -4 6 -6 7 -1 13 10 11 -10 -12 14 18 -16 22 -18 -3 20 -11 -8 -15 -2 -25 27 -27 29 -28 -26
right_child=23 8 3 -5 5 -7 21 -9 9 19 12 -13 -14 16 15 -17 17 -19 -20 -21 -22 -23 -24 24 25 26 28 -29 -30 -31
leaf_value=2.1046555796659447e-05 -0.035932633261239397 -0.038559385358166713 0.079410555486034706 0.0048578038390771757 -0.051394769876703078 0.0098701742033304903 -0.01022064017492056 -0.035924227874593921 0.063880208462212679 -0.012350017549981796 -0.0097200637155620481 0.0059839904406293531 0.0073862916194807103 -0.026405239787146012 0.061761043910346952 0.008427296232631146 0.0045529272852057497 -0.0031640718595093045 0.0019586052265421223 0.036943804052713476 -0.059913105959761695 0.037064174044229729 -0.2274025044034696 0.0051872276649915809 -0.0075702076409238026 0.0074969499946755478 0.015381418747952442 -0.042373451287867736 -0.0085128014879373298 0.0027674656524401607
leaf_weight=19.692640062712599 6.153625425475183 8.3089204989373702 2.8213432701304546 31.7074328167364 14.894358327612283 5.0587854906916609 6.8661933690309498 17.116262287367135 8.0546918379259314 23.88355837145355 47.497807490231935 10.793786459835244 419.92152716836426 11.936154685914513 6.1945254404563448 113.10702701361151 229.302538050164 532.00482436548918 17.913764164317399 2.8213931433856478 5.5080758500844231 8.1714286804199219 0.19364743412006724 125.51066796272062 360.44640459003858 176.36074569448829 26.821508208289742 10.294955253601072 171.40950784180313 150.97095817700028
leaf_count=334 3966 71 20 183 91 24 38 400 56 218 1320 50 3443 1224 31 1176 2095 4056 87 32 44 42 20 1097 2314 1195 151 61 1293 942
internal_value=-4.10208e-06 0.00131564 -0.00676462 0.0109495 -0.0152834 -0.0358621 -0.00736373 -0.0166936 0.00191334 0.00520438 0.00662003 0.0307253 0.00564799 5.65304e-05 0.00721849 0.0111966 -0.00129101 -0.000839745 -0.0108799 -0.0161654 -0.0212635 0.0154739 -0.0296141 -0.00198605 -0.00178162 -0.00275747 0.000735589 -0.00526551 -0.00527981 -0.00451852
internal_weight=2571.74 1543.77 106.328 34.5288 71.7997 19.9531 51.8465 36.8089 1437.44 518.481 486.268 18.8485 467.419 918.961 145.524 119.302 773.437 761.307 26.2227 32.213 29.3916 15.0376 12.1298 1027.97 1021.81 896.304 374.592 521.712 198.231 511.417
internal_count=26074 15055 1132 203 929 115 814 734 13923 5163 4869 106 4763 8760 1365 1207 7395 6151 158 294 262 80 1244 11019 7053 5956 2639 3317 1444 3256
is_linear=0
shrinkage=0.05


Tree=134
num_leaves=31
num_cat=0
split_feature=4 7 8 4 8 3 4 7 2 1 3 2 3 5 7 9 3 9 9 3 3 3 3 3 4 3 3 3 3 10
split_gain=2.47731 3.66755 3.29431 3.05486 2.51607 2.78513 3.43312 2.9761 2.66397 2.57476 3.1403 2.92804 1.78007 1.63487 1.20226 1.05203 0.92921 0.831699 0.776493 1.45667 0.523095 0.318288 0.145142 0.0157398 0.00944548 0.000336523 0.000124133 1.51066e-05 7.2736e-06 3.99529e-06
threshold=18.500000000000004 1.0000000180025095e-35 1.0000000180025095e-35 39.500000000000007 1.5000000000000002 23.500000000000004 9222.5000000000018 7.5000000000000009 33.309523809523817 52.500000000000007 9.5000000000000018 86.031250000000014 4.5000000000000009 3.7029075590853235 8.5000000000000018 7.5000000000000009 4.5000000000000009 2.5000000000000004 1.0000000180025095e-35 4.5000000000000009 8.5000000000000018 4.5000000000000009 4.5000000000000009 8.5000000000000018 1493.5000000000002 4.5000000000000009 3.5000000000000004 3.5000000000000004 2.5000000000000004 1.5000000000000002
decision_type=2 2 2 2 2 2 2 2 2 2 2 2 2 2 2 2 2 2 2 2 2 2 2 2 2 2 2 2 2 2
left_child=1 2 15 12 5 6 7 -5 24 11 -11 -10 13 26 -8 16 -1 18 20 -20 22 27 -3 -4 25 -6 28 29 -2 -19
right_child=3 17 23 4 8 -7 14 -9 9 10 -12 -13 -14 -15 -16 -17 -18 21 19 -21 -22 -23 -24 -25 -26 -27 -28 -29 -30 -31
leaf_value=-0.050110030032189792 -0.050064903109096517 -0.050250675043273185 -0.050078019689127264 -0.00045520028289369074 -0.051184827684769854 -0.045273839598637823 0.042962364082099871 0.0041375380866960224 0.0020146311006740158 -0.0052099939561053368 0.00081295423375752837 0.025035150474604695 0.061431976605267835 0.090148575115733404 -0.010295400481797008 0.17398763160805641 0.11285525926285525 -0.050053639522132445 -0.050077923339092528 0.051718760165564232 0.055455714532903322 -0.08315304451585015 -0.090204380236821813 -0.068907047234508884 -0.05846753343617031 -0.052620302627535587 -0.051671005340996848 -0.050811480408583444 -0.050469082655247612 -0.050545084801059174
leaf_weight=0.13550515193492063 0.45968423632439115 0.4230343515519055 0.25080350076314062 972.62857712834375 0.87037687312113055 3.2056613489985457 6.5770524526014915 553.4426149930805 109.51123628113419 526.54586298461072 367.44046319276094 15.806726203765718 3.1562785096466541 0.28071487741544843 1.2631912920624015 0.36241155047900975 0.2467561662197113 1.3540471027372407 0.75910697295330443 0.6543632298707962 0.088701099157333374 1.445773661136627 0.4913075864315033 0.19909779727458954 0.80649147834628809 0.7690304834395647 0.17601221427321434 0.071969560347497352 0.14687786460854113 0.04265887290239323
leaf_count=77 467 440 212 8265 189 21 115 4905 1030 4910 2695 298 16 22 30 34 1 1466 805 3 1 7 2 1 9 19 7 5 18 4
internal_value=-3.87433e-06 -0.0307719 0.0484137 7.44601e-05 4.36401e-06 0.00128265 0.00137994 0.0012104 -0.00191868 -0.00179362 -0.00273448 0.00491828 0.0425828 -0.0133694 0.0343817 0.112953 0.0550868 -0.048516 -0.0268273 -0.00295135 -0.0604729 -0.0664992 -0.0717192 -0.0584106 -0.0540375 -0.0518582 -0.050502 -0.0501051 -0.0501628 -0.0500686
internal_weight=2569.61 6.52554 1.19457 2563.09 2558.87 1537.12 1533.91 1526.07 1021.75 1019.3 893.986 125.318 4.21957 1.06329 7.84024 0.744673 0.382261 5.33096 2.41651 1.41347 1.00304 2.91445 0.914342 0.449901 2.4459 1.63941 0.782574 1.46868 0.606562 1.39671
internal_count=26074 3058 325 23016 22486 13336 13315 13170 9150 8933 7605 1328 530 514 145 112 78 2733 1251 808 443 1482 442 213 217 208 492 1475 485 1470
is_linear=0
shrinkage=0.05


Tree=135
num_leaves=31
num_cat=0
split_feature=1 4 4 10 5 3 5 4 2 11 1 5 0 1 4 3 3 5 7 2 2 8 2 0 3 8 6 5 9 1
split_gain=2.44692 5.16928 4.16013 7.6837 8.71952 6.65053 3.85989 5.45031 5.32658 4.1711 5.70777 9.45148 5.53098 3.96984 4.66323 3.35228 5.63766 5.27308 5.04989 4.2394 4.01584 3.3272 3.69984 3.31107 3.31048 3.30381 3.07863 6.69578 6.00252 10.2999
threshold=82.500000000000014 3893.5000000000005 3689.5000000000005 1.0000000180025095e-35 4.2748772348445554 10.500000000000002 2.0994619768013658 64.500000000000014 44.535714285714292 1.0000000180025095e-35 92.500000000000014 3.7573390015511006 1.5000000000000002 92.500000000000014 1454.5000000000002 12.500000000000002 11.500000000000002 4.7275819418676575 9.5000000000000018 59.763888888888893 68.031250000000014 1.5000000000000002 75.021739130434796 2.5000000000000004 7.5000000000000009 1.5000000000000002 1.0000000180025095e-35 1.9407531842342796 4.5000000000000009 92.500000000000014
decision_type=2 2 2 2 2 2 2 2 2 2 2 2 2 2 2 2 2 2 2 2 2 2 2 2 2 2 2 2 2 2
left_child=1 2 23 -4 5 -5 7 -2 -8 10 11 -10 -12 14 -11 16 17 24 -19 -17 25 22 -21 -1 -3 -18 28 -28 -9 -30
right_child=6 15 3 4 -6 -7 8 26 9 13 12 -13 -14 -15 -16 19 20 18 -20 21 -22 -23 -24 -25 -26 -27 27 -29 29 -31
leaf_value=0.00077486963875477821 -0.047796513704779831 0.033213406335796829 0.0055888744579932793 -0.072879589011565257 -0.12450615239100207 0.032014202169432182 -0.034009483895595494 0.017655123661123578 0.00143329742710828 0.031103160989015957 0.0026817964717445264 -0.018993714896454794 -0.022528309508844394 -0.018808297764546858 -0.014213035069276925 -0.058550341721832523 0.038156506146237862 -0.0031574634670210391 -0.071403927956811969 -0.0058388771992655582 0.041915825100118778 -0.012719519122963674 0.029935243744432051 -0.03563611228593587 -0.001442366407201495 -0.016967880601279885 0.0026641078001949365 0.043072321403365477 0.075843957737162501 -0.03366249755936198
leaf_weight=1463.8667281721719 4.1980953808524637 17.413540750741962 11.21353075094521 3.0706660896539688 3.090173814445734 2.9752863477915525 13.694631187070625 24.614675329008605 123.60166738805128 9.9173539132461901 493.78452228731476 104.50796432833886 22.75950833625393 67.638767908792943 13.277471643406896 2.8957141488790503 4.6688651740550977 18.598494117846716 3.1730189379304639 12.870681904256346 25.949815158732235 18.73498647660017 16.483805764466524 6.270465300534851 11.403664707206188 6.5054584443569183 23.51135885308031 18.17824552039383 2.4628669855301295 16.759377191250678
leaf_count=14785 1493 157 99 22 24 28 343 230 1028 86 4061 799 183 542 84 14 23 158 24 73 664 152 217 64 119 32 225 177 26 142
internal_value=-3.7208e-06 0.00116794 0.000308784 -0.0221435 -0.0561817 -0.0212601 -0.00203678 0.00782581 -0.00307886 -0.00257187 -0.00133799 -0.0079253 0.00157101 -0.0126872 0.0051627 0.0104006 0.0163271 0.00546811 -0.0131038 0.000204988 0.0311245 0.00374295 0.0142498 0.000619569 0.0194993 0.00606424 0.010556 0.0202836 0.00130498 -0.0196319
internal_weight=2568.09 1629.18 1490.49 20.3497 9.13613 6.04595 938.907 89.7246 849.182 835.487 744.654 228.11 516.544 90.8336 23.1948 138.698 87.7129 50.5887 21.7715 50.9852 37.1241 48.0895 29.3545 1470.14 28.8172 11.1743 85.5265 41.6896 43.8369 19.2222
internal_count=26074 16655 15022 173 74 50 9419 2293 7126 6783 6071 1827 4244 712 170 1633 1177 458 182 456 719 442 290 14849 276 55 800 402 398 168
is_linear=0
shrinkage=0.05


Tree=136
num_leaves=31
num_cat=0
split_feature=4 4 0 2 8 3 3 2 3 3 10 9 2 0 5 1 11 4 4 5 3 9 3 3 5 5 2 5 9 7
split_gain=2.42333 7.18059 5.38143 5.09789 5.49568 4.61728 10.7934 8.85979 6.93837 6.41974 6.35478 5.49277 3.48064 3.16339 4.49827 5.13451 6.97303 4.38732 4.29535 3.42814 3.17554 4.71236 3.26726 17.8179 15.6269 9.95357 8.33063 7.76456 5.44994 2.76122
threshold=2155.5000000000005 2272.5000000000005 2.5000000000000004 71.236111111111128 1.0000000180025095e-35 12.500000000000002 11.500000000000002 74.720779220779235 15.500000000000002 7.5000000000000009 1.0000000180025095e-35 1.0000000180025095e-35 76.211111111111123 1.5000000000000002 1.9908582401068629 125.00000000000001 1.0000000180025095e-35 769.50000000000011 91.500000000000014 2.5225137074452149 16.500000000000004 3.5000000000000004 6.5000000000000009 5.5000000000000009 2.5006527415143607 2.0994619768013658 82.348484848484858 2.5225137074452149 1.0000000180025095e-35 7.5000000000000009
decision_type=2 2 2 2 2 2 2 2 2 2 2 2 2 2 2 2 2 2 2 2 2 2 2 2 2 2 2 2 2 2
left_child=13 3 5 -2 -5 6 9 -8 10 -3 -7 -10 -6 20 18 16 17 -16 -15 -18 22 -22 23 24 -1 -25 27 -24 -28 -17
right_child=1 2 -4 4 12 8 7 -9 11 -11 -12 -13 -14 14 15 29 19 -19 -20 -21 21 -23 26 25 -26 -27 28 -29 -30 -31
leaf_value=-0.016773294668107567 0.041049621703919986 0.0032795482276114806 0.070813503443867706 0.037761109196967138 -0.044526632925998122 -0.0068139533762815695 0.0025542885147208528 0.024631779450000682 -0.029425000985967904 -0.011848715320416404 -0.035953046949967447 0.0070906490502074719 0.004389643223852868 -0.078853876083120292 -0.020731200709040283 -0.032617584083670104 -0.013473605510468162 0.015428958222972085 0.042937925321893444 -0.080872173943051462 -0.062645915403757621 -0.0031299285083554933 0.005002268995605224 0.011656179721783965 0.0043033121525455796 -0.025396368698216806 -0.018516439786018524 -0.0046715592139898402 0.014008542711315828 -0.095818562553799003
leaf_weight=106.21688791830093 19.018658836605027 183.85100304835942 2.7553184796124688 10.599253721069546 4.6536499634385136 56.289077082648873 96.408584114164114 85.960718618705869 11.631237413734196 113.36766340676695 28.026826767250896 89.876720168627799 16.639129810035229 0.83365192468045179 15.526597188494632 4.6075591887929468 3.1714674223330794 18.245923494454473 5.5008855737396516 4.6572012635879219 5.0891214236617079 9.5995224267244321 357.603096652776 21.605261804535985 511.22848757338943 112.52660690806806 14.005822226405142 493.91644632071257 160.15083151496947 2.7654596055508591
leaf_count=5630 101 1184 16 103 26 410 563 1640 66 867 199 701 128 120 188 48 29 111 46 37 28 50 1971 102 6065 538 149 2826 2102 30
internal_value=-2.4663e-06 0.00246014 0.00108095 0.020561 0.00834277 0.000792204 0.0033848 0.0129606 -0.00589895 -0.0024908 -0.0164999 0.00290652 -0.00630127 -0.000961083 -0.0127385 -0.0178667 -0.0110511 -0.00119533 0.0269096 -0.0535684 -0.000597571 -0.0237502 -0.00040622 -0.00291063 0.00067758 -0.0194281 0.00142892 -0.00060895 0.0113929 -0.0563229
internal_weight=2566.33 719.078 668.167 50.9107 31.892 665.412 479.588 182.369 185.824 297.219 84.3159 101.508 21.2928 1847.25 55.3087 48.9742 41.6012 33.7725 6.33454 7.82867 1791.94 14.6886 1777.25 751.577 617.445 134.132 1025.68 851.52 174.157 7.37302
internal_count=26074 6004 5646 358 257 5630 4254 2203 1376 2051 609 767 154 20070 609 443 365 299 166 66 19461 78 19383 12335 11695 640 7048 4797 2251 78
is_linear=0
shrinkage=0.05


Tree=137
num_leaves=31
num_cat=0
split_feature=3 4 4 2 6 5 2 2 5 7 4 5 2 3 2 9 4 9 3 8 7 4 2 10 9 0 4 5 5 7
split_gain=2.3539 3.72455 2.561 10.8056 3.13927 2.48556 2.3595 2.16293 2.13306 2.90828 2.10627 2.76698 3.31269 2.63941 2.10454 1.57675 3.37974 3.20142 1.46136 1.2714 1.14773 1.85905 1.03811 3.5498 0.99465 0.875568 0.860681 0.796661 0.569952 0.458108
threshold=3.5000000000000004 414.50000000000006 428.50000000000006 79.550505050505066 1.0000000180025095e-35 4.932929642445214 97.118055555555571 37.083333333333336 4.2589518960382042 3.5000000000000004 8514.5000000000018 5.9740629161764138 83.911067193675905 12.500000000000002 65.345238095238116 3.5000000000000004 12859.500000000002 7.5000000000000009 8.5000000000000018 1.0000000180025095e-35 5.5000000000000009 874.50000000000011 30.100000000000005 1.5000000000000002 1.0000000180025095e-35 2.5000000000000004 5837.5000000000009 3.7029075590853235 3.3087038250243004 3.5000000000000004
decision_type=2 2 2 2 2 2 2 2 2 2 2 2 2 2 2 2 2 2 2 2 2 2 2 2 2 2 2 2 2 2
left_child=1 22 3 -3 8 14 7 20 24 -10 11 13 -13 -9 -6 16 -12 -17 -8 -7 -2 -22 23 -1 -4 29 28 -27 -20 -24
right_child=6 2 4 -5 5 19 18 10 9 -11 15 12 -14 -15 -16 17 -18 -19 26 -21 21 -23 25 -25 -26 27 -28 -29 -30 -31
leaf_value=-0.050137036171769303 -0.053089062155605819 -0.051418678193967005 0.003508460344237678 0.36385921329433857 0.024362393301392372 -0.00028984974155959233 0.058974509677060166 0.00095836531225138185 0.063077047006402931 -0.032293985218983613 0.048761602549052152 -0.0059778503710011949 -0.041513578073932182 -0.0040952901360967898 -0.0017902688741475291 -0.010640243668426771 -0.024788715916972445 0.039220956969895464 0.00011281740299060851 -0.054960071955541173 -0.051885242036836234 0.023272084536107494 -0.024258295987470088 0.22005579309032527 -0.05329723559565519 -0.050414896111031865 -0.027627750392127344 0.080907186321450525 0.054422596189182437 -0.04512730051152733
leaf_weight=0.39507795037934457 2.7981916670687488 0.45319053193088521 0.88656670332420429 0.23938387795351446 10.531637259875422 1.7251782260136668 2.7088097911328068 2116.881387416739 1.2567291548475625 2.1964494311250746 6.7884115474298614 40.108839429914951 7.8402588851749888 294.28396934457123 28.534203122020699 10.162935490719972 2.0286663845181465 4.7118001552298656 0.93271271418780122 2.772578030009754 1.4653083728626373 1.8764272537082431 3.8366589816287133 0.17558839917182922 5.8909772163024172 0.18890590971568677 1.0708713959902523 0.29715511295944452 1.0021089445799587 8.3591545636882056
leaf_count=258 74 45 46 13 360 49 32 14395 32 82 87 217 75 1955 678 116 31 90 21 92 48 27 2181 1 317 61 16 4 21 4650
internal_value=-1.34612e-06 -0.0091979 -0.00341574 0.0921194 -0.00464571 0.00120768 0.000248375 0.000174694 -0.0295701 0.00241478 0.000247992 0.000105048 -0.0117884 0.000341564 0.00526015 0.015085 0.0318389 0.00515405 0.0323401 -0.0339905 -0.029465 -0.00968344 -0.0329708 0.0329986 -0.0458665 -0.0359394 0.00833646 0.0298693 0.0282417 -0.0385622
internal_weight=2562.4 67.7394 54.4869 0.692574 53.7943 43.5636 2494.66 2488.95 10.2307 3.45318 2482.81 2459.11 47.9491 2411.17 39.0658 23.6918 8.81708 14.8747 5.7145 4.49776 6.13993 3.34174 13.2525 0.570666 6.77754 12.6819 3.00569 0.486061 1.93482 12.1958
internal_count=26074 8869 1714 58 1656 1179 17205 17115 477 114 16966 16642 292 16350 1038 324 118 206 90 141 149 75 7155 259 363 6896 58 65 42 6831
is_linear=0
shrinkage=0.05


Tree=138
num_leaves=31
num_cat=0
split_feature=1 3 2 5 0 6 4 7 1 4 5 3 3 3 2 3 3 10 3 2 9 5 2 7 7 3 3 5 4 9
split_gain=2.34887 3.05272 2.60655 2.65317 4.35166 4.09284 5.7222 4.22415 3.24579 2.53396 5.80015 10.89 15.0126 9.4992 9.13756 5.50075 12.1528 6.67763 20.3561 6.81302 5.32346 5.57125 6.27757 8.06407 5.5348 5.50673 5.34508 7.68094 4.60889 4.36175
threshold=167.50000000000003 15.500000000000002 47.071428571428577 2.8289066739012485 1.5000000000000002 1.0000000180025095e-35 683.50000000000011 9.5000000000000018 202.50000000000003 673.50000000000011 2.3856841470765526 5.5000000000000009 7.5000000000000009 9.5000000000000018 54.055555555555564 5.5000000000000009 6.5000000000000009 1.0000000180025095e-35 4.5000000000000009 88.174242424242451 7.5000000000000009 2.4845015831422645 69.51666666666668 3.5000000000000004 4.5000000000000009 3.5000000000000004 8.5000000000000018 1.7611415827076933 2762.5000000000005 9.5000000000000018
decision_type=2 2 2 2 2 2 2 2 2 2 2 2 2 2 2 2 2 2 2 2 2 2 2 2 2 2 2 2 2 2
left_child=9 2 -2 5 8 6 -4 -7 -5 20 11 -11 14 -14 -13 17 28 19 -19 -12 26 22 24 -24 -22 -23 -1 -28 -17 -18
right_child=1 -3 3 4 -6 7 -8 -9 -10 10 15 12 13 -15 -16 16 29 18 -20 -21 21 25 23 -25 -26 -27 27 -29 -30 -31
leaf_value=-0.007863956597726535 -0.048304410324029809 -0.045018453641981468 0.01245314891343354 -0.016595731370353552 -0.07200015462609094 0.042158633209474668 -0.038243699697187598 -0.025231035891735143 0.0099465890030737379 -0.033068088091665122 -0.002369616045689285 -0.016784470373139071 -0.03442775844836627 0.0066873776540239231 0.032939327046297213 -0.024544305589258603 -0.00080675354416405085 -0.0078737097908252261 0.026914256103390051 0.018833693647784602 0.043429681520163341 -0.052558460388029277 -0.05086641751219112 -0.00038595367360077457 -0.0031274369670140109 0.02233391024810753 -0.067503773330672284 0.0035868361805005359 0.005752511565961781 0.015235901834090952
leaf_weight=368.00292770587839 3.4238143406109875 5.1407883837819091 15.08561617205851 34.258349990355782 2.7701064724242306 10.958985661796758 8.8202911983244103 2.951689285284373 17.352247015573084 13.784214580664409 283.94698372599669 10.451530454680322 18.081743851304054 62.977786900475621 79.662812924012542 73.757331831380725 950.47474641911685 71.492078127805144 102.11329563893378 43.718565523973666 10.749438211729286 2.5732238458585917 11.499460108054334 25.354370478715282 15.717865739192346 53.187248788774014 3.873239215463399 199.65279189869761 15.127385839819906 44.345750847831368
leaf_count=8330 76 24 283 248 22 187 49 59 153 115 1825 53 94 494 572 343 7655 678 642 363 97 407 243 568 144 358 24 1469 69 430
internal_value=-1.91353e-06 -0.00748424 -0.00546632 -0.0038755 -0.0109486 0.00629577 -0.00625189 0.0278593 -0.00767181 0.000304495 0.00130678 0.00968566 0.0131285 -0.00248407 0.0271723 0.000329014 -0.00167431 0.00466002 0.0125883 0.000459422 -0.00226422 0.00735295 -0.00279581 -0.0161373 0.0157813 0.0188778 -0.00426802 0.00223393 -0.0193881 -9.16259e-05
internal_weight=2561.31 100.762 95.6211 92.1973 54.3807 37.8166 23.9059 13.9107 51.6106 2460.54 1769.93 184.958 171.174 81.0595 90.1143 1584.98 1083.71 501.271 173.605 327.666 690.611 119.082 63.3211 36.8538 26.4673 55.7605 571.529 203.526 88.8847 994.82
internal_count=26074 1101 1077 1001 423 578 332 246 401 24973 13333 1328 1213 588 625 12005 8497 3508 1320 2188 11640 1817 1052 811 241 765 9823 1493 412 8085
is_linear=0
shrinkage=0.05


Tree=139
num_leaves=31
num_cat=0
split_feature=1 1 0 3 3 3 3 5 2 3 2 5 3 3 5 2 5 3 4 7 4 4 3 3 4 5 9 7 2 4
split_gain=2.22741 9.06447 6.09776 4.76838 15.8368 9.93085 6.99938 8.8054 6.8148 6.6351 14.4508 7.51711 6.7734 8.12287 6.5955 6.46115 5.95874 12.4023 7.96242 5.84227 5.17017 5.06505 4.5868 7.2955 7.35627 6.76303 4.88624 4.79835 4.55894 4.47341
threshold=52.500000000000007 42.500000000000007 1.0000000180025095e-35 10.500000000000002 7.5000000000000009 8.5000000000000018 4.5000000000000009 2.8624070317782291 55.527777777777786 12.500000000000002 57.031250000000007 2.7695807084581232 15.500000000000002 13.500000000000002 5.8327505827505837 64.866071428571445 4.2425810144417051 5.5000000000000009 949.50000000000011 6.5000000000000009 257.50000000000006 1030.5000000000002 9.5000000000000018 8.5000000000000018 230.50000000000003 2.4720248447204973 3.5000000000000004 4.5000000000000009 91.236111111111128 794.50000000000011
decision_type=2 2 2 2 2 2 2 2 2 2 2 2 2 2 2 2 2 2 2 2 2 2 2 2 2 2 2 2 2 2
left_child=1 2 22 4 6 8 7 15 -6 10 -5 29 13 -13 19 -2 18 -18 -8 -12 -10 -9 23 24 -1 -24 -25 -27 -14 -11
right_child=3 -3 -4 9 5 -7 16 21 20 11 14 12 28 -15 -16 -17 17 -19 -20 -21 -22 -23 25 26 -26 27 -28 -29 -30 -31
leaf_value=-0.036315203806147257 0.0023931418970421789 0.09070105222712127 -0.02730941414590728 -0.024134548679636301 0.010561972811630384 -0.005889744933874088 -0.00011610713696815671 -0.012870110793597116 0.0021463230677375733 -0.01651554592290758 0.0050456618171408367 -0.0046772407787971891 -0.0018255258852449029 -0.033501691002297149 -0.017739504089123146 -0.040783725727882351 0.0027180395747690681 -0.035251095858909058 0.010155768978480547 0.016831993421614948 -0.032962368752124653 0.0027519264943647054 -0.092456107514635816 0.0060671024176998717 0.0042663426396491316 -0.035669563566931788 0.031009349173919395 0.012056722166204712 0.052892860217715366 0.013362689848159831
leaf_weight=12.232887066085821 12.47504397650482 3.00507169245975 15.253672461374661 36.27363833412528 12.643457632511852 263.98644674010575 417.67119906097651 77.67154918477172 12.006354019045828 14.951331697404383 248.02168532088399 52.480385733768344 97.827866484411061 45.747086517512798 22.479113342240453 28.36689675116213 74.964107047766447 30.159896790981293 344.08717424049973 182.50517590111122 82.817385829985142 156.28977502265479 2.5371130183339146 35.907630264759064 128.17465341842035 8.5563906403258461 43.329849267378449 13.696734352037309 3.9607156924903384 77.280308857560158
leaf_count=690 1130 33 98 168 75 1690 2024 2396 51 73 2421 380 629 247 212 4790 439 147 2069 1958 368 1142 14 367 1088 72 548 107 94 554
internal_value=-8.72272e-07 0.00436036 0.00336124 -0.000500147 -0.0021382 -0.011106 0.000779518 -0.00617386 -0.0239194 0.00267134 0.0062319 -0.00328974 -0.00873511 -0.0181015 0.00866344 -0.0275955 0.00298375 -0.00817524 0.00452371 0.010042 -0.028517 -0.00243435 0.00527521 0.00757624 0.00073071 -0.0151123 0.0197064 -0.00629417 0.000303632 0.00851924
internal_weight=2557.36 262.694 259.689 2294.67 1513.14 371.454 1141.69 274.803 107.467 781.527 489.28 292.248 200.016 98.2275 453.006 40.8419 866.882 105.124 761.758 430.527 94.8237 233.961 244.435 219.645 140.408 24.7902 79.2375 22.2531 101.789 92.2316
internal_count=26074 3017 2984 23057 16321 2184 14137 9458 494 6736 4759 1977 1350 627 4591 5920 4679 586 4093 4379 419 3538 2886 2693 1778 193 915 179 723 627
is_linear=0
shrinkage=0.05


Tree=140
num_leaves=31
num_cat=0
split_feature=4 4 0 2 8 5 1 5 1 0 3 5 5 2 0 5 4 5 1 4 5 9 2 3 9 5 5 5 2 2
split_gain=2.19272 6.48255 4.99599 4.69993 5.00939 3.84717 5.24773 5.87564 4.82352 4.51702 4.29766 3.19974 4.34246 2.7332 2.72867 4.21454 7.73442 4.5212 5.28048 5.43899 3.54584 3.92742 3.16712 2.8362 4.19136 2.68845 3.04169 5.53374 4.57528 1.85976
threshold=2155.5000000000005 2272.5000000000005 2.5000000000000004 71.236111111111128 1.0000000180025095e-35 4.3972049084534488 52.500000000000007 4.6979207067442372 147.50000000000003 1.0000000180025095e-35 12.500000000000002 4.4562304217310222 4.2425810144417051 69.26136363636364 1.5000000000000002 2.7695807084581232 1280.5000000000002 2.926568627450981 147.50000000000003 848.50000000000011 1.9908582401068629 7.5000000000000009 60.035714285714292 16.500000000000004 3.5000000000000004 6.3712274973526304 4.7793898552961567 4.2425810144417051 67.976190476190496 86.369318181818201
decision_type=2 2 2 2 2 2 2 2 2 2 2 2 2 2 2 2 2 2 2 2 2 2 2 2 2 2 2 2 2 2
left_child=14 3 5 -2 29 8 7 -7 13 -10 -8 12 -6 -3 23 16 20 -17 19 -19 21 -16 -22 25 -25 26 27 -1 -28 -5
right_child=1 2 -4 4 11 6 10 -9 9 -11 -12 -13 -14 -15 15 17 -18 18 -20 -21 22 -23 -24 24 -26 -27 28 -29 -30 -31
leaf_value=8.8749401172235771e-05 0.039435949755786202 -0.00099947044713421889 0.068942059138849016 0.049317465189658308 -0.0039408287156072639 0.061742445014045647 -0.0027350542687665214 0.0026390329050661994 -0.027120660266679725 0.015227708682472394 -0.019565497455007505 0.032589533026628502 -0.06991585712444888 0.0082084848718929158 0.048750477044915475 -0.093472425424711042 0.069527114822527034 -0.048361094271003796 -0.08563349669169705 0.010495062867743645 -0.05243713833015981 -0.042913877234600273 -0.0079456155097803738 -0.058906460852778265 -0.0029423550492153182 -0.028850119341657116 -0.0045263637418268788 -0.010791353308535616 0.018732222412134993 0.0012132309777245741
leaf_weight=1545.6711184289306 18.798995726043358 116.99232984962873 2.6978060714900485 7.5459258249029535 13.952449535951024 6.0451725395396378 187.75795175379608 13.814310019020921 22.288402236998081 8.7761829067021626 47.531966915354133 4.2906699478626242 3.0370039865374556 259.01392864366062 4.5104327292065163 2.4029223291436237 3.5210146941244593 6.1108035059296588 2.7139267712482242 10.975491807563229 5.15397261141334 1.5771490891929714 17.863276941527147 5.1306540518999091 9.6161280721425992 8.2616344815469329 36.691691445419565 126.42614858306479 49.899715362582356 2.7383793238550425
leaf_count=17393 101 571 16 68 106 46 1729 100 130 53 275 30 18 2726 142 26 21 70 28 66 67 23 166 28 50 132 293 1059 506 35
internal_value=-8.33939e-09 0.00234853 0.00103851 0.0196439 0.00785632 0.000761879 -0.0040518 0.02063 0.00377906 -0.0151566 -0.00613505 -0.00599094 -0.0157344 0.00534348 -0.000914706 -0.0119012 -0.000465402 -0.0287052 -0.0208452 -0.0105545 -0.00893289 0.0250024 -0.0179081 -0.000576614 -0.0224132 -0.000394368 -0.000260694 -0.000733888 0.00887678 0.0365089
internal_weight=2551.81 715.281 664.918 50.3634 31.5644 662.22 255.149 19.8595 407.071 31.0646 235.29 21.2801 16.9895 376.006 1836.53 54.829 32.6258 22.2031 19.8002 17.0863 29.1048 6.08758 23.0172 1781.7 14.7468 1766.95 1758.69 1672.1 86.5914 10.2843
internal_count=26074 6004 5646 358 257 5630 2150 146 3480 183 2004 154 124 3297 20070 609 419 190 164 136 398 165 233 19461 78 19383 19251 18452 799 103
is_linear=0
shrinkage=0.05


Tree=141
num_leaves=31
num_cat=0
split_feature=4 3 5 1 5 6 4 3 2 3 2 4 10 5 2 7 3 10 4 3 4 7 5 3 7 6 5 5 3 2
split_gain=2.21346 4.52405 7.5845 4.33218 7.38837 5.89771 6.727 3.54954 3.13364 4.06239 3.10937 2.94355 11.1906 9.18033 3.59784 3.26825 2.84765 2.59256 7.35026 7.05339 4.70571 2.86167 2.62235 2.57897 3.37291 2.3605 11.5433 10.8509 8.55788 8.184
threshold=3961.0000000000005 7.5000000000000009 4.1570939102452806 82.500000000000014 3.5034288587229767 1.0000000180025095e-35 5139.0000000000009 6.5000000000000009 67.527777777777786 10.500000000000002 65.80625000000002 3689.5000000000005 1.0000000180025095e-35 4.2748772348445554 84.775252525252526 10.500000000000002 11.500000000000002 1.0000000180025095e-35 4433.5000000000009 15.500000000000002 4098.5000000000009 1.0000000180025095e-35 4.3083561175666452 8.5000000000000018 4.5000000000000009 1.0000000180025095e-35 3.4244203679681369 3.166427889207259 4.5000000000000009 47.071428571428577
decision_type=2 2 2 2 2 2 2 2 2 2 2 2 2 2 2 2 2 2 2 2 2 2 2 2 2 2 2 2 2 2
left_child=11 2 -2 4 5 -3 -7 -4 10 -10 -6 25 14 16 15 -13 -14 20 -19 -20 22 -22 -5 -16 -25 26 28 29 -1 -27
right_child=1 3 7 17 8 6 -8 -9 9 -11 -12 12 13 -15 23 -17 -18 18 19 -21 21 -23 -24 24 -26 27 -28 -29 -30 -31
leaf_value=-0.028656948673776179 0.044869256595932404 -0.083502083542484284 0.010626536119362949 -0.0013494940595338901 0.0072529481252986876 -0.029732206225656518 0.05032797323331839 -0.038489158291377792 -0.012553246710804459 0.02441230552212742 -0.040072989115607999 0.024565857399216927 -0.047177803880419589 -0.099372574583209708 -0.053517432294384763 -0.032498254960209902 0.0077954076690268971 0.041854849167482257 -0.044257332770072627 0.011210824960708299 0.047151005229119206 0.0016365711843735857 -0.060997528323199351 -0.051053727173333868 0.053797827765302057 -0.026061553517781458 0.0098287808794670691 -0.0057163696642896899 -0.00075489833531443306 0.0050246840235440658
leaf_weight=28.607180400809739 17.297433422878385 3.1822911677882084 20.338074816390876 3.0752261858433476 16.965162053704265 9.5050304783508164 3.624223519116641 4.4907392710447303 8.5390655230730754 57.346333661582321 4.3632982373237601 17.239854924380786 4.4825438186526281 5.5363381989300242 3.7572690024971953 2.936566572636365 4.964989747852087 4.4156472682952908 19.164339187555019 8.1765274666249734 3.706310771405696 50.633519047871232 4.5972302798181772 1.3619121145457032 1.7558622043579815 22.093939188867807 298.24437484605005 714.20546366949566 698.12998274713755 507.58948804670945
leaf_count=3799 145 30 141 25 81 94 36 27 86 994 23 132 32 41 20 24 44 47 189 70 40 430 26 18 33 484 2572 5733 4609 6049
internal_value=5.39417e-07 0.00457688 0.0194511 0.00140094 0.00845229 -0.022434 -0.00763225 0.00174308 0.0142289 0.0196214 -0.00242882 -0.000473591 -0.0135839 -0.0482474 0.00561633 0.0162605 -0.0182876 -0.00638409 -0.018002 -0.0276691 -0.00043456 0.00474094 -0.0370898 -0.0256214 0.00799637 -0.000230697 0.00154595 -0.00169468 -0.00185323 0.00372803
internal_weight=2550.33 239.42 42.1262 197.294 103.525 16.3115 13.1293 24.8288 87.2139 65.8854 21.3285 2310.91 42.0353 14.9839 27.0515 20.1764 9.44753 93.7688 31.7565 27.3409 62.0123 54.3398 7.67246 6.87504 3.11777 2268.87 1024.98 1243.89 726.737 529.683
internal_count=26074 2484 313 2171 1344 160 130 168 1184 1080 104 23590 344 117 227 156 76 827 306 259 521 470 51 71 51 23246 10980 12266 8408 6533
is_linear=0
shrinkage=0.05


Tree=142
num_leaves=31
num_cat=0
split_feature=8 4 2 2 4 4 3 3 5 3 5 3 5 5 5 3 7 11 5 5 2 3 9 2 4 9 3 3 2 5
split_gain=2.11345 2.55553 2.51913 2.40456 5.50784 5.07837 4.38578 5.48115 4.02543 3.07048 9.45828 13.434 5.18717 3.94583 7.71037 4.9077 2.50302 2.29074 3.41163 2.55943 2.76657 4.18215 3.46706 2.51241 2.36839 2.23787 5.96502 3.5107 1.72633 1.64804
threshold=1.5000000000000002 9222.5000000000018 33.309523809523817 52.519230769230781 1178.5000000000002 1250.5000000000002 7.5000000000000009 12.500000000000002 1.6251491646778045 13.500000000000002 3.5815097682436319 17.500000000000004 3.492700341005968 3.4488807159774097 3.1523581429624175 8.5000000000000018 1.5000000000000002 1.0000000180025095e-35 1.790947224661009 1.8299659863945581 53.621428571428581 10.500000000000002 5.5000000000000009 84.89444444444446 177.50000000000003 5.5000000000000009 11.500000000000002 14.500000000000002 50.81666666666667 4.932929642445214
decision_type=2 2 2 2 2 2 2 2 2 2 2 2 2 2 2 2 2 2 2 2 2 2 2 2 2 2 2 2 2 2
left_child=1 3 -2 4 6 -6 8 -8 -1 13 12 -12 -11 14 -5 -15 -7 19 28 23 22 -22 -21 24 -4 27 -27 -20 -19 -3
right_child=2 29 17 9 5 16 7 -9 -10 10 11 -13 -14 15 -16 -17 -18 18 25 20 21 -23 -24 -25 -26 26 -28 -29 -30 -31
leaf_value=-0.082543300415761689 -0.053796793464616126 0.05492826549956277 0.0016080704183007489 0.0021970849047788922 0.074184223230094243 -0.024561252256947535 -0.050061191022739239 0.010665530412574035 -0.0039453564502299728 0.0034988350729793769 -0.043818744543564374 0.0032202542924868872 0.076079821623934785 0.0013408602042246473 -0.011754160532242382 0.010744375194982709 0.01151297972195962 -0.05978260028750642 -0.010465782640449166 0.016539616916453496 -0.0037173845612897766 0.0040012925611734125 -0.0060209819182402737 0.055793993956177547 -0.032454346540272232 -0.011706275391488026 0.036926809962736333 -0.04580349705019935 0.069403634707770515 0.0092441405529292836
leaf_weight=1.6846332568093192 2.3207157556316806 3.5246677668765169 7.8062964442069704 593.60709525307175 2.8549303861800572 5.9789296891540316 14.446869911625983 5.0024531558156005 49.358149048057385 78.306141000241041 30.401096107438207 30.313168020918965 2.5415394064038983 316.05871482234215 118.86624229716836 247.3312057191506 24.563521954463795 0.29765654780203421 74.619749445759226 49.599351296434179 541.60683534451528 259.60892217699438 25.933422955626156 1.1283567948266853 14.737542700662742 22.507696105400104 8.7585769183933717 7.7592445388436309 1.9709210374276152 4.4876120844855905
leaf_count=48 233 70 1505 6763 20 33 91 24 766 594 170 206 18 2480 1003 2543 146 9 716 472 5184 2098 212 21 91 200 58 37 183 80
internal_value=1.88119e-06 0.00117713 -0.00176255 0.00102881 -0.00631367 0.0104122 -0.014238 -0.034442 -0.00653943 0.00156697 -0.00541941 -0.0203333 0.0057805 0.00234213 -0.000130486 0.00546905 0.00445116 -0.00164373 -0.00825971 -0.000792039 -0.000354013 -0.00121639 0.00879366 -0.0170153 -0.0206595 -0.00947166 0.00191724 -0.0137942 0.0524533 0.029341
internal_weight=2547.98 1529.33 1018.66 1521.31 103.889 33.3974 70.4921 19.4493 51.0428 1417.43 141.562 60.7143 80.8477 1275.86 712.473 563.39 30.5425 1016.33 115.914 900.421 876.749 801.216 75.5328 23.6722 22.5438 113.645 31.2663 82.379 2.26858 8.01228
internal_count=26074 15055 11019 14905 1128 199 929 115 814 13777 988 376 612 12789 7766 5023 179 10786 1203 9583 7966 7282 684 1617 1596 1011 258 753 192 150
is_linear=0
shrinkage=0.05


Tree=143
num_leaves=31
num_cat=0
split_feature=1 1 0 3 3 4 5 9 7 3 3 3 2 3 5 2 3 2 5 5 3 9 7 5 3 4 6 4 2 7
split_gain=1.98706 8.36178 5.47514 4.39691 6.61981 6.5889 5.76087 4.57621 4.40201 4.06148 14.1325 8.85258 6.28237 5.90624 8.07639 6.22048 5.67984 12.8045 6.41175 5.91142 5.84013 6.95361 5.47102 5.21147 11 7.13942 4.83737 4.62337 4.23523 4.00044
threshold=52.500000000000007 42.500000000000007 1.0000000180025095e-35 9.5000000000000018 8.5000000000000018 230.50000000000003 2.4720248447204973 3.5000000000000004 4.5000000000000009 10.500000000000002 7.5000000000000009 8.5000000000000018 55.527777777777786 4.5000000000000009 2.8624070317782291 64.866071428571445 12.500000000000002 57.031250000000007 2.7695807084581232 5.8327505827505837 15.500000000000002 6.5000000000000009 6.5000000000000009 4.2425810144417051 5.5000000000000009 3108.5000000000005 1.0000000180025095e-35 257.50000000000006 91.236111111111128 10.500000000000002
decision_type=2 2 2 2 2 2 2 2 2 2 2 2 2 2 2 2 2 2 2 2 2 2 2 2 2 2 2 2 2 2
left_child=1 2 3 4 5 -1 -5 -6 -8 10 13 12 -12 14 15 -2 17 -11 -18 22 21 -20 -19 25 -25 -15 -16 -14 -22 -13
right_child=9 -3 -4 6 7 -7 8 -9 -10 16 11 29 27 23 26 -17 18 19 20 -21 28 -23 -24 24 -26 -27 -28 -29 -30 -31
leaf_value=-0.034323405868990527 0.0030400108582629756 0.088105117201401045 -0.025928859952466923 -0.085352375630439389 0.0057435114307886207 0.0041114971360823793 -0.034615634409478187 0.030023761136852869 0.011117484777319003 -0.022940340708112215 0.010601450332770337 -0.0031267032036238901 0.0020331510013777768 0.0032462912251327372 -0.017038599043984911 -0.039715999097922165 0.0079125990836476975 0.0045616859742511635 -0.0074789658226034981 -0.016851014628444145 -0.0016234161037119055 -0.035775302550799797 0.016029903799992418 0.002640310640214891 -0.033148406258282651 0.027622077593313456 0.0013911795230951993 -0.031177985847766279 0.052727450678057369 -0.021285705127354494
leaf_weight=12.215955719060728 12.330796934140379 2.9313992729294105 15.20250041951658 2.6022453308105495 35.760129395872355 127.8700102881412 8.621476483531298 42.434162522666156 13.502277115359901 35.919592406600714 12.606335506774483 229.2284304574132 11.999314740300177 727.86898243427277 43.856136536691338 27.431532888498623 91.590730775147676 246.27794695831835 66.534780435264111 22.573797198012471 97.640475106425583 32.228143187239766 180.00791396806017 74.755780428647995 30.121368568390608 31.332074545323849 189.24242413335014 82.724802412092686 3.7208871673792592 34.954211201518774
leaf_count=690 1130 33 98 14 367 1088 72 548 107 168 75 1474 51 3872 1008 4790 627 2421 417 212 629 210 1958 439 147 221 2530 368 94 216
internal_value=2.0658e-06 0.00413387 0.00318056 0.00500165 0.00726527 0.000759848 -0.0149816 0.0189198 -0.0067044 -0.000470146 -0.00198258 -0.0104489 -0.0225579 0.000783923 -0.0056291 -0.0264568 0.00246798 0.00578522 -0.00304469 0.00808395 -0.0080595 -0.0167126 0.00940438 0.00280905 -0.00763843 0.00425228 -0.00207628 -0.0269709 0.000371757 -0.00552933
internal_weight=2546.09 261.14 258.209 243.006 218.28 140.086 24.726 78.1943 22.1238 2284.95 1508.45 371.513 107.33 1136.94 272.861 39.7623 776.494 484.779 291.715 448.86 200.124 98.7629 426.286 864.078 104.877 759.201 233.099 94.7241 101.361 264.183
internal_count=26074 3017 2984 2886 2693 1778 193 915 179 23057 16321 2184 494 14137 9458 5920 6736 4759 1977 4591 1350 627 4379 4679 586 4093 3538 419 723 1690
is_linear=0
shrinkage=0.05


Tree=144
num_leaves=31
num_cat=0
split_feature=4 10 3 2 2 2 8 2 3 5 5 7 7 6 2 9 9 2 5 5 5 3 3 3 7 5 5 4 5 5
split_gain=1.96725 2.62582 3.26039 8.48579 2.71911 3.01008 5.19503 3.95357 3.83171 2.61929 2.59978 2.88928 3.52657 4.35857 3.15395 2.39566 2.2637 3.30603 3.88034 3.93932 3.30667 3.2357 8.68055 5.12815 3.04616 4.85372 5.07217 2.60262 3.45896 3.23377
threshold=6476.0000000000009 1.0000000180025095e-35 11.500000000000002 85.449494949494962 68.612500000000011 77.845238095238116 1.5000000000000002 84.193750000000009 12.500000000000002 3.9261982570806104 6.138655058293625 1.5000000000000002 7.5000000000000009 1.0000000180025095e-35 76.348484848484858 3.5000000000000004 4.5000000000000009 61.026315789473692 3.4764054214614188 3.4244203679681369 3.5584670965381631 13.500000000000002 15.500000000000002 6.5000000000000009 1.0000000180025095e-35 5.151043593538045 4.4926077007665199 298.50000000000006 2.0994619768013658 1.736335125448029
decision_type=2 2 2 2 2 2 2 2 2 2 2 2 2 2 2 2 2 2 2 2 2 2 2 2 2 2 2 2 2 2
left_child=10 2 3 -2 -3 -6 8 -8 -7 15 16 -12 -13 14 -14 -4 24 18 19 -18 -20 23 -23 -19 25 26 -1 29 -29 -26
right_child=1 4 9 -5 5 6 7 -9 -10 -11 11 12 13 -15 -16 -17 17 21 20 -21 -22 22 -24 -25 27 -27 -28 28 -30 -31
leaf_value=0.0080035324871456769 0.031759993074135684 -0.024923246280447231 0.033689217802769754 -0.086148267767393927 0.032627152306759964 0.051193785256115544 -0.069921769808352338 -0.002233941369721566 -0.0089421108194071407 0.03930341889504628 -0.041033053340927057 0.0094448402045810495 0.064850923734166205 -0.04479431404887229 -0.026812252591459682 -0.034620876277019347 -0.0005488989036129293 -0.00093643050159983733 -0.050009431631616474 0.052987584081058893 -0.010227438502981495 -0.025133050936791686 0.0074119759527204584 0.0068965027089558546 0.016584257366695825 0.054704356792973932 -0.031865158830087593 0.0096355484927103264 -0.0021512560258620896 -0.011536195073661167
leaf_weight=86.64185688784346 4.2508514449000385 8.5465545281767827 2.4838874293491271 2.3805148880928755 8.2565656080842036 5.1239639227278531 3.8425363376736641 4.9188412139192224 5.4838186167180538 16.380566362291574 7.5538310297415583 15.886508190014867 1.8911668300861468 8.9766928600729443 1.8627969915396532 2.6558580743148923 148.60572629282251 349.57808891526656 5.654827899998053 3.517396191135048 68.474848092533648 35.885053694248199 47.754972785711288 519.44440182950348 11.228522804565726 5.0346517469733945 8.7865801418665779 66.512888320139609 969.66816463839496 114.23637230444001
leaf_count=937 27 43 24 27 66 112 41 81 78 233 55 148 17 84 25 31 1194 4720 37 28 478 244 383 4631 1864 38 74 473 7371 2510
internal_value=2.75938e-06 0.00863547 0.0200867 -0.0105665 -0.000276643 0.00734826 -0.00342747 -0.0319202 0.0201058 0.0295323 -0.000221401 -0.0135279 -0.00626761 -0.0258751 0.0193657 -0.00160862 -2.42261e-05 0.00155121 -0.00388198 0.000688974 -0.0132621 0.00284156 -0.0065512 0.00374558 -0.00149581 0.00685697 0.00433262 -0.00221819 -0.00139466 -0.00901955
internal_weight=2541.52 64.324 28.1517 6.63137 36.1723 27.6257 19.3692 8.76138 10.6078 21.5203 2477.2 36.171 28.6172 12.7307 3.75396 5.13975 2441.02 1178.92 226.253 152.123 74.1297 952.663 83.64 869.022 1262.11 100.463 95.4284 1161.65 1036.18 125.465
internal_count=26074 763 342 54 421 378 312 122 190 288 25311 329 274 126 42 55 24982 11715 1737 1222 515 9978 627 9351 13267 1049 1011 12218 7844 4374
is_linear=0
shrinkage=0.05


Tree=145
num_leaves=31
num_cat=0
split_feature=1 3 9 9 4 4 1 0 7 3 1 2 4 2 4 7 7 5 2 3 5 6 2 10 9 0 2 10 7 6
split_gain=1.93509 2.68295 2.55093 3.11872 6.01945 4.36756 2.95138 2.77846 3.0215 4.23714 2.30152 2.21931 2.63497 2.64198 7.12679 2.10256 4.58801 5.053 2.58956 3.05447 2.50005 2.06646 1.99764 2.28181 1.86669 3.53681 3.42293 1.65665 1.66726 1.47085
threshold=167.50000000000003 15.500000000000002 6.5000000000000009 3.5000000000000004 428.50000000000006 1636.5000000000002 185.00000000000003 1.0000000180025095e-35 2.5000000000000004 7.5000000000000009 152.50000000000003 91.679487179487197 9222.5000000000018 91.541958041958054 1706.5000000000002 9.5000000000000018 11.500000000000002 4.5956459953420454 92.511904761904773 4.5000000000000009 4.2589518960382042 1.0000000180025095e-35 83.630681818181827 1.0000000180025095e-35 1.5000000000000002 1.0000000180025095e-35 75.348484848484858 1.0000000180025095e-35 7.5000000000000009 1.0000000180025095e-35
decision_type=2 2 2 2 2 2 2 2 2 2 2 2 2 2 2 2 2 2 2 2 2 2 2 2 2 2 2 2 2 2
left_child=10 2 3 24 6 -6 -5 8 29 -10 11 12 13 21 -15 18 17 -17 19 -13 -20 -1 23 -14 25 -2 -26 28 -9 -4
right_child=1 -3 7 4 5 -7 -8 27 9 -11 -12 15 22 14 -16 16 -18 -19 20 -21 -22 -23 -24 -25 26 -27 -28 -29 -30 -31
leaf_value=0.0015909460973175006 -0.016270309387335945 -0.041959705895613146 -0.089071821069078155 0.081973418736653855 -0.013656133081982531 0.032469439752679276 -0.024704182555788809 -0.0068337179124786833 -0.04274323882869413 0.019564260114360067 0.044073619634925898 0.05978353213933231 0.040304051841207812 0.015849278220124732 -0.13467125388645493 -0.0043022599357030299 0.042432326137562329 -0.079566326946126739 -0.00025462494310056434 0.014060893180817796 0.025943796417587775 -0.001406996254958263 0.055491186298777431 -0.009188846008421462 -0.033644706900364481 0.027820780079499487 0.0053010116221690025 -0.029582112204651869 0.04447221510888013 -0.038224084342879758
leaf_weight=1013.6704748890479 10.175169911526611 5.1499195322394362 2.422678283415741 3.9596158804488395 14.657412712811494 7.8972114175558081 0.77531640033703286 3.2710770670091716 6.0866463248967175 4.945575263351202 2.996819677820894 5.569221091282091 3.9074165467172843 1.9411026826128357 1.3219643812626598 9.3044110118062218 3.5202193839359088 2.933024108875542 34.748137213289738 10.614318104460834 12.340112025034612 1327.653011663293 3.3735739639960221 5.7643079478293657 13.90830862382427 8.2248074747039919 9.4922997251851466 2.5707237725728191 3.0692194940638728 3.4439834731747396
leaf_count=10595 141 24 25 86 112 49 55 33 79 32 20 64 38 31 23 159 69 31 603 176 202 12827 81 54 107 98 180 32 22 26
internal_value=3.61772e-06 -0.00681167 -0.0049043 0.000106084 0.0132536 0.00249414 0.0645056 -0.0183165 -0.0302293 -0.0148117 0.000283112 0.000229254 -4.70185e-05 -0.000171703 -0.045131 0.00847111 -0.00787102 -0.0223413 0.0125411 0.0297954 0.00661103 -0.000109044 0.0223622 0.0108065 -0.00847727 0.00343845 -0.0178466 0.00427492 0.0180025 -0.059222
internal_weight=2539.71 100.05 94.9 69.0901 27.2896 22.5546 4.73493 25.8099 16.8989 11.0322 2439.66 2436.66 2357.63 2344.59 3.26307 79.0294 15.7577 12.2374 63.2718 16.1835 47.0882 2341.32 13.0453 9.67172 41.8006 18.4 23.4006 8.91102 6.3403 5.86666
internal_count=26074 1101 1077 828 302 161 141 249 162 111 24973 24953 23649 23476 54 1304 259 190 1045 240 805 23422 173 92 526 239 287 87 55 51
is_linear=0
shrinkage=0.05


Tree=146
num_leaves=31
num_cat=0
split_feature=8 3 4 2 7 5 5 2 7 4 2 11 5 5 3 4 3 5 6 1 9 10 5 7 0 7 1 5 1 4
split_gain=1.95266 2.53711 2.90343 2.38766 2.37871 5.98744 5.99445 5.04142 3.42454 3.86637 2.90462 2.04714 3.16126 4.29786 3.2269 2.39968 4.05946 3.62165 6.95713 4.70956 3.06999 2.35957 2.06148 1.42382 1.33982 0.639061 1.08505 0.323348 0.110056 0.00719748
threshold=1.5000000000000002 23.500000000000004 9222.5000000000018 33.309523809523817 7.5000000000000009 2.033573334560177 2.1540507364975454 47.071428571428577 1.0000000180025095e-35 889.50000000000011 64.035714285714292 1.0000000180025095e-35 2.0007541478129718 2.0481256332320164 6.5000000000000009 462.50000000000006 4.5000000000000009 3.5710947712418304 1.0000000180025095e-35 107.50000000000001 1.0000000180025095e-35 1.0000000180025095e-35 1.9050125313283208 9.5000000000000018 2.5000000000000004 3.5000000000000004 82.500000000000014 1.8071696582496706 117.50000000000001 1493.5000000000002
decision_type=2 2 2 2 2 2 2 2 2 2 2 2 2 2 2 2 2 2 2 2 2 2 2 2 2 2 2 2 2 2
left_child=1 2 4 29 8 7 -7 -6 10 -10 -1 15 21 -14 -15 16 24 19 -19 -17 -18 22 -13 25 -5 26 -4 -23 -27 -2
right_child=3 -3 23 11 5 6 -8 -9 9 -11 -12 12 13 14 -16 17 20 18 -20 -21 -22 27 -24 -25 -26 28 -28 -29 -30 -31
leaf_value=-0.0057811208113878153 -0.051637673461701152 -0.043863853382004929 0.057283246050588432 -0.045040027720871144 0.10869183551640238 -0.02203368676220124 0.0034299724828066522 0.018398979405246065 -0.0063306270036251992 0.00086568016795265804 0.010288200601645986 -0.0090191430417333081 -0.072056715558166659 -0.022903087468913542 -0.0031882794518718963 0.00080903897055271045 -0.022786397424531629 0.0078347739839010229 -0.0074912022511284043 0.014116629946387616 -0.0017547964959367041 0.10770587375094975 0.046250269236717628 -0.023631076702125862 0.049935392686218605 0.061011826747296084 -0.0080360942665308899 0.059758877296935221 0.04248498468310901 -0.057717566599787579
leaf_weight=37.024267224420328 1.4834021114511409 3.1257799118757239 1.1931377183645957 7.8114964280393888 1.6074553917860601 24.280817326216493 480.35708319302648 40.380512627132703 290.61260134755867 521.7411816844251 116.94561169552617 5.2434103464474884 2.74331903271377 28.710390705207828 74.91446316614747 284.2808858200442 19.885754991322756 103.73107858002186 258.77128176100086 86.77973459509667 136.14097937941551 0.53182202304014925 2.4875233325292356 0.96355564333498467 0.38986785145243619 2.4889276763424282 1.3610185263678429 1.0378166853915898 1.1823965143412349 0.72452701441943634
leaf_count=252 224 21 22 3267 44 228 4351 925 3845 4046 1198 174 23 449 461 2043 101 853 1948 588 748 52 30 20 35 64 22 14 17 9
internal_value=4.0719e-06 0.00113633 0.00122886 -0.00169405 0.00107823 0.00371423 0.00220478 0.0218557 -0.000412885 -0.00170874 0.0064241 -0.0015809 -0.00784155 -0.0102858 -0.00865048 -0.000774293 -0.00623758 0.000448814 -0.00310563 0.00392128 -0.00443529 0.0201124 0.00876447 0.032929 -0.0405252 0.0416832 0.0224769 0.0760042 0.055045 -0.0536328
internal_weight=2538.93 1523.26 1520.14 1015.67 1512.95 546.626 504.638 41.988 966.324 812.354 153.97 1013.46 115.669 106.368 103.625 897.791 164.228 733.563 362.502 371.061 156.027 9.30057 7.73093 7.18904 8.20136 6.22548 2.55416 1.56964 3.67132 2.20793
internal_count=26074 15055 15034 11019 14889 5548 4579 969 9341 7891 1450 10786 1203 933 910 9583 4151 5432 2801 2631 849 270 204 145 3302 125 44 66 81 233
is_linear=0
shrinkage=0.05


Tree=147
num_leaves=31
num_cat=0
split_feature=1 4 4 10 5 3 5 2 4 2 4 3 9 3 5 0 5 2 2 3 2 7 5 6 9 5 5 2 5 7
split_gain=1.91612 4.1902 3.51085 5.94698 6.52557 5.3665 3.22073 4.65018 4.5846 3.5887 4.50561 3.90702 9.30837 6.28376 2.92056 2.9117 2.66323 2.79822 3.31608 7.69398 2.77909 2.61427 3.6887 2.44985 5.83677 5.1941 2.42042 3.00366 2.82398 2.25098
threshold=82.500000000000014 3893.5000000000005 3689.5000000000005 1.0000000180025095e-35 4.2748772348445554 10.500000000000002 2.0994619768013658 44.535714285714292 64.500000000000014 46.24038461538462 1030.5000000000002 8.5000000000000018 9.5000000000000018 7.5000000000000009 2.0870536798639789 2.5000000000000004 2.4845015831422645 87.550505050505066 84.775252525252526 11.500000000000002 83.630681818181827 8.5000000000000018 4.7275819418676575 1.0000000180025095e-35 4.5000000000000009 1.9407531842342796 6.3712274973526304 83.211111111111123 5.3154947368421057 2.5000000000000004
decision_type=2 2 2 2 2 2 2 2 2 2 2 2 2 2 2 2 2 2 2 2 2 2 2 2 2 2 2 2 2 2
left_child=1 2 15 21 5 -5 8 -8 29 10 -9 13 -13 -11 23 26 -3 18 20 -20 -18 22 -4 24 -10 -25 28 -28 -1 -2
right_child=6 16 3 4 -6 -7 7 9 14 11 -12 12 -14 -15 -16 -17 17 -19 19 -21 -22 -23 -24 25 -26 -27 27 -29 -30 -31
leaf_value=0.00057202719457503189 0.017162107564873335 -0.051434125871851311 0.040384986107459359 -0.063435151485699323 -0.10617743442651228 0.030474481316450787 -0.032331194023214244 0.073219530955721382 0.016215975436313045 -0.0040413520164877684 -0.010270617106626924 -0.00077634225385104561 0.037454385145384815 -0.024765222530706982 0.066253128841222184 -0.033694861395816317 0.0084922888944521362 0.029131419215825873 -0.071961373634750081 0.013778938162129679 0.047531257256809976 -0.043385606982878105 -0.02786405323316022 0.0017714630948263159 -0.02127748831336514 0.038337090336559555 -0.010042380653456156 -0.073969302995395336 0.01529115287903157 -0.068966716307948012
leaf_weight=1400.4587649850873 1.0357416775659651 1.7697415091097344 5.7617335151880962 3.2073799706995487 3.2992789596319199 2.893872344866395 13.086500337813048 3.5031183630344449 23.698406031879131 347.92551146622282 2.9996001278050244 415.24778412748128 16.556480841711164 40.875048339366913 2.2249822207377283 6.174925477069336 99.560291944537312 17.189613693859428 4.1880798712372762 6.9726823819801211 4.7775086443871251 2.2584442943334588 3.0161938741803169 23.202140247623902 18.470185073383618 16.703680052829441 11.823376716230994 2.1755945639451957 33.362795786990318 2.8351088635390624
leaf_count=14323 323 15 50 22 24 28 343 32 216 3406 15 2986 157 187 35 64 854 489 43 153 79 24 25 225 157 167 128 16 318 1170
internal_value=3.93991e-06 0.00104769 0.000277131 -0.0203025 -0.049527 -0.0188931 -0.00180492 -0.00275894 0.00728619 -0.00229105 0.0347069 -0.00258423 0.000689522 -0.00622008 0.00972934 0.000566392 0.00949743 0.0103101 0.00750894 -0.0183951 0.0102798 0.00459029 0.0169339 0.00819702 -0.000206466 0.017077 0.000712515 -0.0199773 0.000914518 -0.0459208
internal_weight=2537.25 1608.89 1474.43 20.4369 9.40053 6.10125 928.364 840.194 88.1702 827.108 6.50272 820.605 431.804 388.801 84.2994 1454 134.458 132.688 115.499 11.1608 104.338 11.0364 8.77793 82.0744 42.1686 39.9058 1447.82 13.999 1433.82 3.87085
internal_count=26074 16655 15022 173 74 50 9419 7126 2293 6783 47 6736 3143 3593 800 14849 1633 1618 1129 196 933 99 75 765 373 392 14785 144 14641 1493
is_linear=0
shrinkage=0.05


Tree=148
num_leaves=31
num_cat=0
split_feature=1 1 0 3 3 4 5 5 9 7 2 3 3 3 2 3 5 4 3 5 5 2 3 2 6 5 2 5 7 4
split_gain=1.80056 7.73572 4.9218 4.12606 5.96103 5.87934 4.87839 4.18574 4.15575 3.87912 4.59955 3.40989 12.8143 7.45485 5.65007 5.21918 26.8746 14.9129 13.5496 12.5508 7.97148 5.32758 5.04394 11.3264 6.17724 9.49903 8.70687 5.32787 5.07347 4.8979
threshold=52.500000000000007 42.500000000000007 1.0000000180025095e-35 9.5000000000000018 8.5000000000000018 230.50000000000003 2.4720248447204973 3.0717142857142865 3.5000000000000004 4.5000000000000009 79.408333333333346 10.500000000000002 7.5000000000000009 8.5000000000000018 55.527777777777786 6.5000000000000009 3.0850060216780415 976.50000000000011 5.5000000000000009 2.4057330057330062 3.1791748803154047 51.379807692307701 12.500000000000002 57.031250000000007 1.0000000180025095e-35 3.5959397781299529 68.80625000000002 5.8327505827505837 6.5000000000000009 794.50000000000011
decision_type=2 2 2 2 2 2 2 2 2 2 2 2 2 2 2 2 2 2 2 2 2 2 2 2 2 2 2 2 2 2
left_child=1 2 3 4 5 -1 -5 -8 -6 -4 -11 12 15 14 -14 18 17 -17 19 -2 -20 -18 23 -13 29 -26 -27 28 -25 -24
right_child=11 -3 9 6 8 -7 7 -9 -10 10 -12 22 13 -15 -16 16 21 -19 20 -21 -22 -23 24 27 25 26 -28 -29 -30 -31
leaf_value=-0.032349361559420808 -0.01577738074884532 0.085679277591216754 0.017083621820279161 -0.078499101440193508 0.0056256148939979461 0.0039896143864996082 0.034092835577385058 -0.018463317291270077 0.028902419092309117 -0.060381128143920063 0.010931900944019204 -0.021745901254666258 0.010398882696037861 -0.0053831433888940627 -0.025222635058201742 0.0032598401607749268 0.035223027543460801 0.028476722023610564 -0.0062221711597174253 0.0043422894556751938 -0.030466602789882197 -0.025854770649385309 -0.046286982497585887 0.0041702237535643097 0.011566795418089918 0.012389572762884424 -0.019362556527663909 -0.016084394673752996 0.015270560558627322 -0.0099501828226266978
leaf_weight=12.195264704467261 89.145304523641244 2.8633123296895056 4.0766025529592289 2.6641536056995418 35.681877300143242 127.51144920004299 4.8612993285059956 17.166882157325745 41.450815409421921 7.899881109420674 3.1677548452280462 35.574351761490107 12.619267274625598 264.10179467312992 94.446313090622425 135.81942657008767 3.7939156442880622 103.16276059858501 93.2106150733307 593.9694995044847 53.286761893890798 60.571793001145124 10.744324177503584 244.78442762466148 111.36794654838741 31.190512791275978 70.144290135242045 22.590964110568166 177.63820299413055 67.757832892239094
leaf_count=690 5004 33 24 14 367 1088 34 145 548 55 19 168 75 1690 419 710 23 743 454 6648 253 302 50 2421 798 142 535 212 1958 452
internal_value=4.4443e-06 0.00395013 0.00303841 0.00477212 0.00697739 0.000817516 -0.0145938 -0.00686494 0.0181345 -0.0246121 -0.0399701 -0.00044551 -0.00183185 -0.00989488 -0.0210241 0.000809666 0.00642184 0.0141454 -0.00124243 0.00171671 -0.0150408 -0.0222547 0.00225629 0.00540272 -0.00293639 0.00148768 -0.00958936 0.00757298 0.00883816 -0.0149235
internal_weight=2535.46 259.539 256.676 241.532 216.839 139.707 24.6923 22.0282 77.1327 15.1442 11.0676 2275.92 1504.13 371.167 107.066 1132.96 303.348 238.982 829.612 683.115 146.497 64.3657 771.793 480.588 291.205 212.703 101.335 445.014 422.423 78.5022
internal_count=26074 3017 2984 2886 2693 1778 193 179 915 98 74 23057 16321 2184 494 14137 1778 1453 12359 11652 707 325 6736 4759 1977 1475 677 4591 4379 502
is_linear=0
shrinkage=0.05


Tree=149
num_leaves=31
num_cat=0
split_feature=8 3 4 2 2 4 5 4 7 5 7 1 5 4 0 2 2 10 3 3 9 5 2 4 7 4 9 1 1 4
split_gain=1.82111 2.31279 2.70659 2.26267 2.13488 5.49583 3.62995 3.12077 2.3389 4.6715 2.72471 1.88432 5.01444 3.22931 4.12001 3.99501 2.22569 4.03693 7.03861 3.27592 4.12756 3.14393 2.49699 2.13472 1.36608 0.713701 0.606814 1.11446 0.104796 0.00630678
threshold=1.5000000000000002 23.500000000000004 9222.5000000000018 33.309523809523817 52.033333333333339 1178.5000000000002 4.2425810144417051 1030.5000000000002 7.5000000000000009 5.101066003045724 1.0000000180025095e-35 147.50000000000003 4.6701274104683206 209.50000000000003 1.0000000180025095e-35 71.023809523809533 54.055555555555564 1.0000000180025095e-35 7.5000000000000009 10.500000000000002 1.0000000180025095e-35 4.2589518960382042 52.519230769230781 3423.0000000000005 9.5000000000000018 2470.5000000000005 4.5000000000000009 62.500000000000007 117.50000000000001 1493.5000000000002
decision_type=2 2 2 2 2 2 2 2 2 2 2 2 2 2 2 2 2 2 2 2 2 2 2 2 2 2 2 2 2 2
left_child=1 2 4 29 5 7 -7 -1 10 -10 -6 16 13 15 -15 -13 17 22 -19 21 -21 -18 -5 25 26 -14 27 -4 -28 -2
right_child=3 -3 24 11 8 6 -8 -9 9 -11 -12 12 23 14 -16 -17 19 18 -20 20 -22 -23 -24 -25 -26 -27 28 -29 -30 -31
leaf_value=-0.010712215529541264 -0.051550058151576456 -0.042075347156654584 0.056619281319828012 -0.00538037460634554 0.0063099477281522171 0.025652768410679306 -0.011485597878540759 -0.047832355688409579 0.0054693045768142746 -0.014515824697867713 -0.001184842121405673 -0.065843077283011059 0.023332504383401904 -0.028382929681118746 0.0018043918203221759 0.062100922141693549 -0.0021701699625192314 0.041740318443421999 -0.0098897285019897939 -0.013502523804772005 0.0051164229215506767 -0.011863248742650285 0.023140665668934083 0.054385666648246733 -0.022828510302678764 -0.013964677433470156 0.06080531756497224 -0.010076859763228219 0.043090592432513099 -0.05736641604139197
leaf_weight=58.762813586741686 1.4018211374641389 3.0953666269779196 1.2094107507728034 48.46911157987779 144.18089678371325 18.007562840939503 10.367623607628046 6.2659251387231043 476.82349331496516 31.150584489863832 763.03669509699102 0.79888853116426561 2.5269436676753667 34.782271615869831 16.744029534398578 2.582152780960314 487.06624713324709 17.490631778491665 10.602816600352524 34.006301439367235 238.72828590776771 101.00168407725869 9.1176793050835823 3.6591047570109367 0.97534685628488649 2.604787677526474 2.2310561751946811 1.2991204746067522 1.3340851841494439 0.69819147046655405
leaf_count=860 224 21 25 517 1363 114 62 40 4855 279 7316 35 28 254 147 235 6151 189 59 215 1989 861 71 22 20 13 61 18 21 9
internal_value=5.36429e-06 0.00110033 0.0011885 -0.00163742 0.00104407 -0.00627734 0.0120833 -0.014289 0.00152729 0.00424375 6.27843e-06 -0.00152964 -0.00985381 -0.0154671 -0.0185732 0.0318697 -0.000969429 0.00671582 0.0222545 -0.00173438 0.00279489 -0.00383497 -0.000864657 0.0252067 0.0320989 0.00440103 0.0409195 0.0220786 0.0541764 -0.0534838
internal_weight=2531.02 1518.74 1515.64 1012.28 1508.6 93.4039 28.3752 65.0287 1415.19 507.974 907.218 1010.18 63.6982 54.9073 51.5263 3.38104 946.483 85.6802 28.0934 860.803 272.735 588.068 57.5868 8.79084 7.04902 5.13173 6.07367 2.50853 3.56514 2.10001
internal_count=26074 15055 15034 11019 14889 1076 176 900 13813 5134 8679 10786 734 671 401 270 10052 836 248 9216 2204 7012 588 63 145 41 125 43 82 233
is_linear=0
shrinkage=0.05


Tree=150
num_leaves=31
num_cat=0
split_feature=4 4 0 2 8 2 5 9 9 3 1 0 2 3 2 4 8 6 4 3 0 11 1 5 4 4 4 2 3 3
split_gain=1.76965 5.9785 4.75874 4.32861 4.44042 3.18042 3.05129 4.96074 5.44015 5.18109 4.44128 3.92892 2.5911 2.47812 6.19382 12.7581 5.33096 2.90923 4.42976 2.66321 2.30685 4.61961 6.64772 4.88053 4.57976 3.69031 3.44433 2.24954 2.30326 15.1894
threshold=2155.5000000000005 2272.5000000000005 2.5000000000000004 71.236111111111128 1.0000000180025095e-35 76.211111111111123 4.3623521214878869 5.5000000000000009 4.5000000000000009 12.500000000000002 147.50000000000003 1.0000000180025095e-35 71.408333333333346 14.500000000000002 78.228758169934665 1387.5000000000002 1.5000000000000002 1.0000000180025095e-35 1686.5000000000002 15.500000000000002 1.5000000000000002 1.0000000180025095e-35 125.00000000000001 2.5225137074452149 1178.5000000000002 270.50000000000006 291.50000000000006 96.815340909090921 6.5000000000000009 5.5000000000000009
decision_type=2 2 2 2 2 2 2 2 2 2 2 2 2 2 2 2 2 2 2 2 2 2 2 2 2 2 2 2 2 2
left_child=13 3 6 -2 -5 -6 10 8 -8 -9 12 -12 -3 20 17 -16 -17 -15 19 -19 27 22 24 25 -22 -23 -24 28 29 -1
right_child=1 2 -4 4 5 -7 7 9 -10 -11 11 -13 -14 14 15 16 -18 18 -20 -21 21 23 26 -25 -26 -27 -28 -29 -30 -31
leaf_value=0.00094000407149108772 0.037986651759545687 -0.00048693392982329057 0.067906776225322943 0.035043196090919507 -0.041702878796302661 0.0048861670638672399 -0.0047694997225257328 0.011462032313774125 -0.028805419115928391 -0.014558409819158825 -0.025881797023312267 0.014003444870906441 0.0082465574367117326 -0.026095833150567946 -0.11743884802121185 0.044106592140165463 -0.060350741615306208 -0.0025774227831919841 -0.017766610393710892 0.041559661575239902 -0.0055799807840369222 0.064423186573699276 0.021521440135500766 -0.077100768194931724 0.036660932683496621 -0.037749873193477564 -0.069757315119528457 0.041237653458692583 0.0012899250983048772 -0.017761039800151111
leaf_weight=607.36007949558552 18.530732290819287 136.57100513088517 2.6362455505877724 9.9440735559910554 4.7070542350411442 16.517808936536312 131.59567581815645 77.165019971085712 28.670047991210595 25.437112396582961 22.280957065522671 8.5411876961588877 224.59098569722846 9.8784069642424566 3.9107167124748212 3.0738048665225506 2.0268169865012169 5.6229724735021618 11.152749270200728 8.7146164923906309 27.903129937476479 1.3568158560083232 1.2971015343209717 4.9083978000562638 8.3330824626609665 2.5347136363852769 5.0852714129141532 3.2664422844536594 983.65570544265211 132.21708272304386
leaf_count=11566 101 696 16 103 26 128 1059 797 232 158 129 52 2507 49 30 36 18 26 53 44 352 34 48 44 51 21 47 154 6859 638
internal_value=5.20129e-06 0.00212815 0.000864199 0.0188493 0.00747164 -0.00544592 0.000594305 -0.00357348 -0.0090693 0.00501105 0.00338926 -0.0148291 0.00494405 -0.000818663 -0.012489 -0.0494949 0.00259873 -0.00306056 0.00586643 0.0242498 -0.00052735 -0.0109637 -0.00415358 -0.0439454 0.00413398 -0.00212634 -0.0512066 -0.000216536 -0.000295114 -0.00240325
internal_weight=2529.49 707.188 657.488 49.6997 31.1689 21.2249 654.852 262.868 160.266 102.602 391.984 30.8221 361.162 1822.3 44.3801 9.01134 5.10062 35.3687 25.4903 14.3376 1777.92 51.4185 42.6186 8.79993 36.2362 3.89153 6.38237 1726.5 1723.23 739.577
internal_count=26074 6004 5646 358 257 154 5630 2246 1291 955 3384 181 3203 20070 256 84 54 172 123 70 19814 597 498 99 403 55 95 19217 19063 12204
is_linear=0
shrinkage=0.05


Tree=151
num_leaves=31
num_cat=0
split_feature=4 3 5 1 5 6 4 4 3 9 2 3 10 0 2 2 4 10 5 4 10 5 2 2 7 6 5 5 2 3
split_gain=1.76188 4.18735 6.63049 3.68581 6.56095 4.98783 5.90592 3.42777 6.44619 2.83399 2.78405 4.3858 2.92187 2.60053 4.35837 3.70401 2.85305 5.77112 2.76664 2.56834 9.1858 6.96246 3.06303 2.82468 2.62168 2.18242 10.3656 9.20598 7.22778 7.17741
threshold=3961.0000000000005 7.5000000000000009 4.1570939102452806 82.500000000000014 3.5034288587229767 1.0000000180025095e-35 5139.0000000000009 6776.0000000000009 5.5000000000000009 4.5000000000000009 66.738636363636388 10.500000000000002 1.0000000180025095e-35 1.0000000180025095e-35 61.026315789473692 80.033333333333346 4098.5000000000009 1.0000000180025095e-35 4.3083561175666452 3689.5000000000005 1.0000000180025095e-35 4.2748772348445554 85.193750000000009 88.522727272727295 10.500000000000002 1.0000000180025095e-35 3.4244203679681369 3.166427889207259 47.071428571428577 4.5000000000000009
decision_type=2 2 2 2 2 2 2 2 2 2 2 2 2 2 2 2 2 2 2 2 2 2 2 2 2 2 2 2 2 2
left_child=19 2 -2 4 5 -3 -7 8 9 -4 12 -12 -6 16 -15 -16 18 -18 -5 25 22 -22 24 -24 -21 26 29 28 -27 -1
right_child=1 3 7 13 10 6 -8 -9 -10 -11 11 -13 -14 14 15 -17 17 -19 -20 20 21 -23 23 -25 -26 27 -28 -29 -30 -31
leaf_value=-0.026820409758267019 0.043093162500291195 -0.076379051193190495 0.037751861882638321 -0.0072740530167571598 0.017350955563634491 -0.027646513163224518 0.048745747538743639 0.032907815054882938 -0.058973382978396674 -0.0096274407721353532 -0.014337198220787706 0.02333259050565065 -0.021646377991703349 0.055878826386599204 -0.020599109812864544 0.028101628051099226 0.003510942814069086 -0.02736386456642477 -0.072558458175485452 0.021005041603546194 -0.017079576866433049 -0.086549247497731185 -0.061488711839460891 0.009190207149229742 -0.029582227090189324 -0.024995997629993279 0.0094309233555190802 -0.0053118109156448309 0.0046352311351038613 -0.00071011310330191407
leaf_weight=27.358188123849686 16.541085874661803 3.2900039916858086 5.1636183299124303 3.0405602157115927 9.012555830180645 9.5810415698215348 3.4378826776519427 6.6377795077860346 4.7695491053163996 8.1184102538973075 8.9514681883156282 56.480160157661885 10.284061901271343 4.0749604105949429 10.149893015623094 6.3449477702379218 42.623252643272281 23.469084404408932 3.4804559871554375 18.039028878556572 9.4557077437639219 5.8307590223848811 2.9486238472163668 2.7154244594275951 2.9849596172571173 21.457948016002774 294.56811828992795 710.07580243679695 503.00317170587368 693.52002621628344
leaf_count=3799 145 30 34 29 43 94 36 48 25 61 88 1003 50 20 57 66 388 246 21 141 76 41 23 39 24 484 2572 5733 6049 4609
internal_value=5.71122e-06 0.00412454 0.0185965 0.00105233 0.00766713 -0.021374 -0.00747375 0.00218455 -0.00911276 0.00879208 0.0132571 0.0181791 -0.00343253 -0.00612001 0.00957368 -0.00186576 -0.0105657 -0.00745256 -0.0421182 -0.000417412 -0.0126717 -0.0435776 0.00503061 -0.0276042 0.0138227 -0.000188802 0.00152821 -0.0016011 0.00342289 -0.00170103
internal_weight=2527.41 235.451 41.2304 194.22 101.037 16.3089 13.0189 24.6894 18.0516 13.282 84.7282 65.4316 19.2966 93.1832 20.5698 16.4948 72.6134 66.0923 6.52102 2291.96 41.9745 15.2865 26.688 5.66405 21.024 2249.98 1015.45 1234.54 524.461 720.878
internal_count=26074 2484 313 2171 1344 160 130 168 120 95 1184 1091 93 827 143 123 684 634 50 23590 344 117 227 62 165 23246 10980 12266 6533 8408
is_linear=0
shrinkage=0.05


Tree=152
num_leaves=31
num_cat=0
split_feature=1 1 0 3 3 4 5 7 9 7 2 3 3 3 4 8 3 5 2 6 4 5 3 2 5 3 9 9 5 7
split_gain=1.67574 7.14012 4.33555 3.75362 5.35918 5.30572 4.20283 4.00154 3.84672 3.61164 4.22093 2.99205 11.6709 6.67164 5.49478 5.82928 5.14346 7.05657 6.23801 4.61134 4.54992 6.11925 4.54303 10.1015 5.71917 5.07033 5.44229 5.28549 4.73785 4.65583
threshold=52.500000000000007 42.500000000000007 1.0000000180025095e-35 9.5000000000000018 8.5000000000000018 230.50000000000003 2.4720248447204973 4.5000000000000009 3.5000000000000004 4.5000000000000009 79.408333333333346 10.500000000000002 7.5000000000000009 8.5000000000000018 257.50000000000006 1.0000000180025095e-35 4.5000000000000009 2.8500263991552273 64.866071428571445 1.0000000180025095e-35 5837.5000000000009 3.9261982570806104 12.500000000000002 57.031250000000007 2.7695807084581232 17.500000000000004 6.5000000000000009 1.0000000180025095e-35 5.8327505827505837 6.5000000000000009
decision_type=2 2 2 2 2 2 2 2 2 2 2 2 2 2 2 2 2 2 2 2 2 2 2 2 2 2 2 2 2 2
left_child=1 2 3 4 5 -1 -5 -8 -6 -4 -11 12 16 14 15 -14 17 18 -2 -19 21 -18 23 -13 -24 26 -26 -27 29 -25
right_child=11 -3 9 6 8 -7 7 -9 -10 10 -12 22 13 -15 -16 -17 20 19 -20 -21 -22 -23 24 28 25 27 -28 -29 -30 -31
leaf_value=-0.030665631637052673 0.0047108264145810704 0.083388436445017755 0.017056376941432787 -0.072460452631381095 0.0053460341603942391 0.0038928798791235085 -0.032956323995190183 0.010618408711351199 0.027870812010274512 -0.057655844115351997 0.010886274827631099 -0.020646144374857168 -0.02674620488453789 -0.0051539039747755307 -0.024100447811145308 0.041594901957808163 0.004308697679062984 -0.01660251079151388 -0.038901339876241746 0.0014401220510077556 0.038902343326523807 -0.0067866950504318554 0.0075721617580068006 0.0038995012145760129 -0.0062990153492810692 -0.03650911252579072 -0.027952069409850646 0.0090110248394087138 -0.01507686843617323 0.014580057400250227
leaf_weight=12.168872570677193 11.963632618077098 2.7892208868870503 4.0880327888880847 2.7224947139620808 35.510400084778666 127.20940724178217 8.7143310410901922 13.32456703763455 40.654504624195397 7.831458206928799 3.1493900704663247 35.251156013458967 5.6451793015003187 264.20229965168983 94.333955558948219 6.9762298315763474 697.64510288368911 43.586220984521788 26.057490354927722 188.86217337753624 8.591473173350094 151.19778452813625 91.033784238621593 243.70432508690283 92.977010132744908 7.1721987370401612 42.185617312788963 57.518367585726082 22.709890727885067 175.52387931011617
leaf_count=690 1122 33 24 14 367 1088 72 107 548 55 19 168 24 1690 440 30 3777 1022 4768 2546 60 842 627 2421 595 40 298 417 212 1958
internal_value=6.47636e-06 0.00382337 0.00295435 0.00458576 0.0067038 0.000875637 -0.0138514 -0.00661134 0.0173691 -0.0230619 -0.0379974 -0.000428159 -0.00172835 -0.00941911 -0.0199551 0.011028 0.000802434 -0.00520934 -0.0251784 -0.00194304 0.00269879 0.00233236 0.00210944 0.00511176 -0.00281576 -0.00754749 -0.0130572 0.00396424 0.00716634 0.00837127
internal_weight=2525.3 258.163 255.373 240.305 215.543 139.378 24.7614 22.0389 76.1649 15.0689 10.9808 2267.14 1499.06 371.158 106.955 12.6214 1127.9 270.47 38.0211 232.448 857.434 848.843 768.076 477.189 290.887 199.853 135.163 64.6906 441.938 419.228
internal_count=26074 3017 2984 2886 2693 1778 193 179 915 98 74 23057 16321 2184 494 54 14137 9458 5890 3568 4679 4619 6736 4759 1977 1350 893 457 4591 4379
is_linear=0
shrinkage=0.05


Tree=153
num_leaves=31
num_cat=0
split_feature=2 4 4 0 2 1 5 9 1 8 3 2 4 8 6 4 0 11 1 5 5 5 5 4 9 2 4 3 4 3
split_gain=1.90591 1.6419 5.46506 4.35044 3.9867 4.22581 2.70513 4.59984 4.05783 2.6012 2.24486 5.32763 10.8373 4.71161 2.66116 3.95918 2.06038 4.24996 6.1029 4.53805 2.09454 2.64057 1.91181 1.54656 1.51453 1.31887 0.00513174 0.000188279 0.000116495 2.36236e-05
threshold=26.200000000000003 2155.5000000000005 2272.5000000000005 2.5000000000000004 71.236111111111128 35.000000000000007 4.3623521214878869 5.5000000000000009 147.50000000000003 1.5000000000000002 14.500000000000002 78.228758169934665 1387.5000000000002 1.5000000000000002 1.0000000180025095e-35 1686.5000000000002 1.5000000000000002 1.0000000180025095e-35 125.00000000000001 2.5225137074452149 6.3712274973526304 4.7793898552961567 2.2896643783371475 2181.5000000000005 3.5000000000000004 67.527777777777786 1531.5000000000002 4.5000000000000009 1387.5000000000002 2.5000000000000004
decision_type=2 2 2 2 2 2 2 2 2 2 2 2 2 2 2 2 2 2 2 2 2 2 2 2 2 2 2 2 2 2
left_child=26 10 4 6 23 -6 8 -8 -4 -7 16 14 -13 -14 22 -16 20 18 -18 -19 21 -2 -12 -3 -25 -22 27 28 29 -1
right_child=1 2 3 -5 5 9 7 -9 -10 -11 11 12 13 -15 15 -17 17 19 -20 -21 25 -23 -24 24 -26 -27 -28 -29 -30 -31
leaf_value=-0.050087547117137782 -0.00050780520687885883 0.014295806265040673 0.0047648874076880255 0.065846938824241183 -0.056591953113660734 0.024984603393776658 -0.0085813551846184218 0.0049940078174586901 -0.014112215214917409 -0.0057545726185531752 -0.049495308286547558 -0.10606939750789693 0.043412089301465853 -0.054091590380867055 0.023071437784337026 -0.016673184078470384 0.0040836523934087779 -0.0019707818407078978 -0.049336660721392686 -0.074670153978388179 -0.0015919140464844797 0.0085450522591763445 -0.0052909874504458478 0.065046298383119941 0.030584131041341535 -0.04234960985417726 -0.057389074948978526 -0.052044577477139087 -0.052142116317264502 -0.050742706367494221
leaf_weight=0.23586318077286594 1626.9012137870886 5.4506818684749332 359.11380910500884 2.5669879550114265 2.3949755094945457 17.015957051422447 160.30259277869482 102.16986237221863 30.919531460851431 11.5562647767365 4.4134269058704358 4.1145103722810727 2.9880634509027004 2.1166460737586021 14.221125520765783 11.201419800519941 36.051029694557656 3.8760071268188749 6.2773688759771167 4.8109500394784845 3.3937338486430217 84.74611620925134 5.4869568347930908 5.7888970358762872 7.0961882511619478 4.781004652264528 0.48889656364917744 0.50759618636220694 0.12760165520012379 0.33023647940717638
leaf_count=217 18037 28 3201 16 19 158 1291 955 181 80 23 30 36 18 70 53 399 53 94 42 44 784 26 30 43 87 5 17 4 33
internal_value=6.65754e-06 4.22604e-05 0.00209128 0.000883025 0.0181449 0.00720437 0.000627454 -0.00329702 0.00326842 0.0125519 -0.000752767 -0.011839 -0.045687 0.0029826 -0.00300476 0.00555957 -0.000473913 -0.0103764 -0.00383867 -0.0422326 -0.000180173 -5.95852e-05 -0.0249965 0.0366224 0.046067 -0.0254291 -0.0530704 -0.0513128 -0.0507774 -0.0504697
internal_weight=2521.45 2519.76 704.376 655.073 49.303 30.9672 652.506 262.472 390.033 28.5722 1815.38 44.5421 9.21922 5.10471 35.3229 25.4225 1770.84 51.0154 42.3284 8.68696 1719.82 1711.65 9.90038 18.3358 12.8851 8.17474 1.69019 1.2013 0.693701 0.5661
internal_count=26074 25798 6002 5644 358 257 5628 2246 3382 238 19796 256 84 54 172 123 19540 588 493 95 18952 18821 49 101 73 131 276 271 254 250
is_linear=0
shrinkage=0.05


Tree=154
num_leaves=31
num_cat=0
split_feature=2 4 7 4 8 5 2 5 4 3 5 2 7 7 4 1 9 9 3 3 0 3 3 3 3 4 3 4 3 3
split_gain=1.80752 1.59698 3.72654 3.35503 3.0301 1.85459 3.14982 3.50677 2.21387 7.67215 5.12815 2.17002 1.75084 2.20719 1.66594 1.04275 0.903739 0.851029 1.32683 0.8231 1.1839 0.526806 0.207246 0.14706 0.00925777 0.00438675 0.000161942 9.99801e-05 2.03216e-05 9.15113e-06
threshold=26.200000000000003 18.500000000000004 1.0000000180025095e-35 39.500000000000007 1.0000000180025095e-35 1.6677927927927929 64.866071428571445 1.6251491646778045 462.50000000000006 11.500000000000002 2.2392835272504601 80.809090909090926 7.5000000000000009 3.5000000000000004 25.500000000000004 82.500000000000014 2.5000000000000004 1.0000000180025095e-35 4.5000000000000009 4.5000000000000009 2.5000000000000004 8.5000000000000018 4.5000000000000009 10.500000000000002 8.5000000000000018 1531.5000000000002 4.5000000000000009 1387.5000000000002 2.5000000000000004 3.5000000000000004
decision_type=2 2 2 2 2 2 2 2 2 2 2 2 2 2 2 2 2 2 2 2 2 2 2 2 2 2 2 2 2 2
left_child=25 2 4 12 15 6 7 -5 9 -7 -10 -8 13 14 -3 -2 17 21 -19 20 -14 -4 29 -15 -6 26 27 28 -1 -18
right_child=1 3 16 5 24 8 11 -9 10 -11 -12 -13 19 23 -16 -17 22 18 -20 -21 -22 -23 -24 -25 -26 -27 -28 -29 -30 -31
leaf_value=-0.050083280955413957 0.18234215248251492 -0.030211660888155214 -0.07183964218069587 -0.03823269537817877 -0.050057002523784859 -0.002340799601841938 0.048594344010319979 0.02452400731424393 0.0089240941044656987 -0.046622968387600196 -0.00015978750734219871 -0.0090035249755796437 -0.050330464822328197 -0.050368222142573985 0.07176303302476171 0.0597325683509944 -0.050051461297057946 -0.050057093108272735 0.055968241248103304 0.10735101414944828 0.10589864926653786 0.055578884037550437 -0.079236382472307132 -0.10989839441628652 -0.065870675457678371 -0.056993575799046681 -0.051943234576275088 -0.052033915641221097 -0.05070620645129096 -0.050687061358075575
leaf_weight=0.22437862784135976 0.33699812693521269 0.57429674168815825 0.79774716496467624 4.2681963497307169 0.18737181444885209 411.01258210494416 7.4013764697592688 4.6523752461653203 169.19634856423363 10.01981659606099 1900.7840833701193 2.0990424219635315 0.23565264372155059 0.17836509330663819 1.3235329362214541 0.35722514684312046 1.0158825638354758 0.55940669588744618 0.62448172271251678 1.1861765682697294 0.24981367960572243 0.090302072465419769 1.4075007215142248 0.24797190725803375 0.18288631737232208 0.46819821000099171 0.48375868890434504 0.12162447441369295 0.31435107113793492 0.059973240830004104
leaf_count=217 52 76 441 72 212 5949 143 31 1219 49 14746 31 179 152 96 60 1463 802 3 5 2 1 7 1 1 5 17 4 33 5
internal_value=6.8406e-06 4.07141e-05 -0.0265834 0.000100243 0.0576439 2.73478e-05 0.0158339 -0.00550298 -8.95415e-05 -0.00339464 0.000582712 0.0358686 0.0458796 0.0178105 0.0409048 0.119251 -0.0462657 -0.0218839 0.00586953 0.0849055 0.0300627 -0.058883 -0.0666081 -0.084993 -0.0578681 -0.0529166 -0.0512482 -0.0507391 -0.0504468 -0.0500869
internal_weight=2520.66 2519.05 5.61978 2513.43 1.06448 2509.43 18.421 8.92057 2491.01 421.032 2069.98 9.50042 3.99581 2.32417 1.89783 0.694223 4.55529 2.07194 1.18389 1.67164 0.485466 0.888049 2.48336 0.426337 0.370258 1.61231 1.14411 0.660354 0.53873 1.07586
internal_count=26074 25798 3047 22751 325 22240 277 103 21963 5998 15965 174 511 325 172 112 2722 1247 805 186 181 442 1475 153 213 276 271 254 250 1468
is_linear=0
shrinkage=0.05


Tree=155
num_leaves=31
num_cat=0
split_feature=4 3 5 1 5 6 4 4 3 9 2 3 10 0 2 3 4 10 5 4 10 5 3 7 2 5 8 3 2 6
split_gain=1.62001 3.65125 6.12063 3.34973 5.95061 4.30633 5.36761 2.97051 5.71829 2.63227 2.56427 3.95406 2.63446 2.36264 3.82093 3.56147 2.54687 5.18584 2.39613 2.28783 8.16981 5.98221 3.64741 2.77912 2.74345 2.682 2.77822 2.19161 2.96354 2.08064
threshold=3961.0000000000005 7.5000000000000009 4.1570939102452806 82.500000000000014 3.5034288587229767 1.0000000180025095e-35 5139.0000000000009 6776.0000000000009 5.5000000000000009 4.5000000000000009 66.738636363636388 10.500000000000002 1.0000000180025095e-35 1.0000000180025095e-35 61.026315789473692 15.500000000000002 4098.5000000000009 1.0000000180025095e-35 4.3083561175666452 3689.5000000000005 1.0000000180025095e-35 4.10751329599639 11.500000000000002 6.5000000000000009 84.775252525252526 3.3855746469956789 1.5000000000000002 8.5000000000000018 85.866071428571445 1.0000000180025095e-35
decision_type=2 2 2 2 2 2 2 2 2 2 2 2 2 2 2 2 2 2 2 2 2 2 2 2 2 2 2 2 2 2
left_child=19 2 -2 4 5 -3 -7 8 9 -4 12 -12 -6 16 -15 -16 18 -18 -5 29 24 22 -22 -23 25 -21 -27 -26 -29 -1
right_child=1 3 7 13 10 6 -8 -9 -10 -11 11 -13 -14 14 15 -17 17 -19 -20 20 21 23 -24 -25 27 26 -28 28 -30 -31
leaf_value=0.0014971413264341607 0.041649062706379886 -0.070289130514788342 0.036673678908000197 -0.0070523233983466136 0.016663675370271535 -0.025796297546219139 0.047750768668781057 0.030897000767923451 -0.055155976185543014 -0.0091642305225628998 -0.013061839563871922 0.022620406552878322 -0.020408894311544988 0.052438810675668836 0.014274183563239024 -0.035782306225442283 0.0034780742523754828 -0.025687435332041771 -0.067484180494850499 -0.020011449640517393 -0.043191863183902085 -0.10525689038525619 0.026019516541502159 -0.045389903871171464 -0.047429756548952089 0.044053121265844458 0.0012330763049332831 -0.043585452046708467 0.054010221257769754 -0.0015628284871999831
leaf_weight=1011.9522821771388 16.018465232104063 3.3868341781198987 5.0889032706618371 3.050425322726368 8.9628087729215622 9.7130246637389046 3.3317473670467743 6.5020751506090155 4.818164285272359 8.1446636971086246 9.0261259516701084 55.518586010672152 10.298220381140709 4.1023993268609074 11.282319692894818 5.1871734820306292 42.524216895923018 23.755522349849343 3.548266913741827 4.387849744409329 3.8714905772358161 3.4141682963818312 3.7448993530124426 4.4851681552827358 3.8345154635608187 8.2316576205193979 7.0171447023749343 1.4448043480515482 1.6849794574081896 1231.6517955390154
leaf_count=10980 145 30 34 29 43 94 36 48 25 61 88 1003 50 20 97 26 388 246 21 25 27 25 33 32 20 75 56 15 36 12266
internal_value=6.45616e-06 0.00396644 0.0176053 0.00110947 0.00745839 -0.0200543 -0.00701174 0.00191959 -0.00851782 0.00846251 0.0128527 0.0176305 -0.00315777 -0.00570056 0.00926321 -0.00149143 -0.00992448 -0.00697522 -0.0395479 -0.000399396 -0.011945 -0.0407794 -0.00916135 -0.071265 0.00487348 0.014436 0.0243483 -0.0220893 0.00895706 -0.000182664
internal_weight=2519.98 234.26 40.5723 193.688 100.237 16.4316 13.0448 24.5538 18.0517 13.2336 83.8057 64.5447 19.261 93.4503 20.5719 16.4695 72.8784 66.2797 6.59869 2285.72 42.1167 15.5157 7.61639 7.89934 26.601 19.6367 15.2488 6.9643 3.12978 2243.6
internal_count=26074 2484 313 2171 1344 160 130 168 120 95 1184 1091 93 827 143 123 684 634 50 23590 344 117 60 57 227 156 131 71 51 23246
is_linear=0
shrinkage=0.05


Tree=156
num_leaves=31
num_cat=0
split_feature=1 1 2 2 2 0 7 3 4 3 3 3 3 2 2 3 5 2 7 1 5 3 2 5 6 5 2 2 2 5
split_gain=1.58613 6.62489 4.19056 4.29377 5.77037 3.55355 4.21371 3.48836 6.31702 3.10248 2.75197 10.3669 6.03958 5.13173 4.68963 4.5482 6.42386 5.74416 4.57271 4.20633 4.93076 4.14459 9.1863 5.28528 4.81072 5.02197 4.88963 4.41289 9.64357 4.76115
threshold=52.500000000000007 42.500000000000007 75.720779220779235 76.964285714285737 77.343137254901976 1.0000000180025095e-35 5.5000000000000009 9.5000000000000018 2965.5000000000005 8.5000000000000018 10.500000000000002 7.5000000000000009 8.5000000000000018 55.527777777777786 76.211111111111123 4.5000000000000009 2.8624070317782291 64.866071428571445 6.5000000000000009 132.50000000000003 2.0994619768013658 12.500000000000002 57.031250000000007 2.7695807084581232 1.0000000180025095e-35 3.5034288587229767 68.80625000000002 88.788888888888906 96.414215686274517 5.8327505827505837
decision_type=2 2 2 2 2 2 2 2 2 2 2 2 2 2 2 2 2 2 2 2 2 2 2 2 2 2 2 2 2 2
left_child=1 2 5 -4 -5 7 -7 -1 -9 -6 11 15 13 -13 -15 16 17 -2 -18 20 -17 22 -12 -23 25 -25 -26 29 -29 -24
right_child=10 -3 3 4 9 6 -8 8 -10 -11 21 12 -14 14 -16 19 18 -19 -20 -21 -22 23 27 24 26 -27 -28 28 -30 -31
leaf_value=0.0022757393188780877 0.0043450341816708557 0.081335365476183197 0.040518811261235022 -0.055044359385966524 0.0025287458400915577 0.0065071268129805685 -0.062423358340882376 0.0052688860074668808 -0.057274516849071692 0.020766604440762698 -0.019754369638602932 0.011151113320906016 -0.004855966970511421 -0.032846548828694901 -0.01038732042314594 0.012674978638704877 0.0039223405559523925 -0.037558042064579848 -0.010400626251005025 -0.011456457206615547 0.0017419295904770879 0.0073307509851788582 0.0069305170055914932 -0.042312793174284755 0.0083761879900317738 -0.0075216392138214702 -0.0099037445769337932 0.034412698169082316 -0.14865938519865371 -0.017485131132435851
leaf_weight=114.01145823780098 12.037921649898633 2.7207864707452236 10.452677975408731 3.6280736078624605 64.365508914343081 3.8508502027834748 5.2257471814518794 9.1226638555526751 7.2424789741635314 36.565570337697864 34.988840185105801 12.505973089486359 264.59720129519701 52.673738323152065 41.598591223359108 121.44793486222625 138.73082851263462 25.509821624669712 93.13434845028678 50.704988664016128 683.60641789715737 90.72509871609509 395.96948946686462 17.878976317122579 57.838093660771847 24.7043850235641 99.539883647114038 21.852122326847169 0.74382459465414186 21.027439180761576
leaf_count=1327 1130 33 85 34 659 22 41 50 38 728 168 75 1690 234 185 701 1992 4790 1546 242 3736 627 3763 117 264 167 802 646 18 164
internal_value=7.26868e-06 0.00372802 0.00289823 0.0099636 0.00690902 -0.00292882 -0.0331788 -0.000822869 -0.02241 0.009136 -0.00041581 -0.00166298 -0.00890653 -0.0189439 -0.0229362 0.00072784 -0.00493777 -0.0241238 -0.00183083 0.00251151 0.00339125 0.00202313 0.00490292 -0.00267848 -0.0072198 -0.022129 -0.00318567 0.00686549 0.0283862 0.00569934
internal_weight=2519 257.186 254.465 115.012 104.559 139.453 9.0766 130.377 16.3651 100.931 2261.82 1496.55 371.376 106.778 94.2723 1125.17 269.413 37.5477 231.865 855.759 805.054 765.268 474.582 290.686 199.961 42.5834 157.378 439.593 22.5959 416.997
internal_count=26074 3017 2984 1506 1421 1478 63 1415 88 1387 23057 16321 2184 494 419 14137 9458 5920 3538 4679 4437 6736 4759 1977 1350 284 1066 4591 664 3927
is_linear=0
shrinkage=0.05


Tree=157
num_leaves=31
num_cat=0
split_feature=4 4 0 2 8 5 5 5 1 5 1 3 0 5 3 6 4 2 4 3 2 2 2 2 1 5 3 3 5 2
split_gain=1.60349 4.97381 3.98057 3.65155 3.87065 2.9516 3.68421 2.44684 4.30365 4.28106 3.61817 3.58294 3.50991 2.19667 2.00947 4.75554 5.23998 5.2185 3.39965 2.462 1.93903 1.92751 1.85263 1.83773 5.96312 4.11748 2.80678 14.0571 5.53017 1.48288
threshold=2155.5000000000005 2272.5000000000005 2.5000000000000004 71.236111111111128 1.0000000180025095e-35 4.4562304217310222 4.2425810144417051 4.3623521214878869 52.500000000000007 4.6979207067442372 147.50000000000003 13.500000000000002 1.0000000180025095e-35 3.3855746469956789 14.500000000000002 1.0000000180025095e-35 1321.5000000000002 83.348484848484858 1686.5000000000002 15.500000000000002 96.815340909090921 73.21825396825399 86.369318181818201 59.763888888888893 222.50000000000003 4.227370269215764 6.5000000000000009 5.5000000000000009 2.9525541125541133 98.414285714285725
decision_type=2 2 2 2 2 2 2 2 2 2 2 2 2 2 2 2 2 2 2 2 2 2 2 2 2 2 2 2 2 2
left_child=14 3 7 -2 22 6 -6 10 9 -9 13 -10 -12 -3 20 16 -16 18 19 -17 23 -20 -5 24 25 -1 27 -25 -28 -22
right_child=1 2 -4 4 5 -7 -8 8 11 -11 12 -13 -14 -15 15 17 -18 -19 21 -21 29 -23 -24 26 -26 -27 28 -29 -30 -31
leaf_value=-0.0011559976438050654 0.035198898351067785 -0.00069727433602070194 0.06400455789173938 0.046811199972278859 -0.0032906903305465565 0.032397680591276845 -0.063626838236193417 0.051964902816407213 -0.0022593489056457962 0.0029597569324003956 -0.023563347800966045 -0.018745587453476518 0.014112380427251074 0.0074875021800372282 -0.066513641646381336 -0.0022555597641102979 -0.0031031480265780978 -0.055704643581244599 -0.025790336356709232 0.039600183327438608 0.058668652845472659 0.01455634665703385 -0.0026478253964014528 0.0011612783529176549 -0.070964268496576013 -0.0176311760074392 0.0053821673373323983 -0.019162291699063513 -0.0030430300727065426 -0.016360976713589378
leaf_weight=310.77549935545539 18.148194678826258 127.15453416947275 2.4882134273648253 6.9578397339209932 13.929146900773054 4.2347734309732905 3.0916032865643492 6.6435584025457528 202.56903072271962 13.538656361866741 22.512300625443459 39.359601361677051 8.521802097558977 230.72625609952956 6.9090986028313619 5.7754255607724252 6.1651310920715332 3.8021065145730963 8.5456151366233808 8.9699448570609075 2.3745469730929467 4.5290611311793318 2.6012327950447798 484.01783672694 3.2732562151504672 43.194778943317942 502.49359475821257 103.22665405273438 318.0430104508996 0.91125466703670088
leaf_count=2977 101 1035 16 68 106 30 18 54 1877 100 129 215 52 2168 35 28 36 43 38 49 47 27 35 9685 39 370 3612 471 2497 116
internal_value=7.66095e-06 0.0020357 0.000884092 0.0174064 0.00692752 -0.00495629 -0.01425 0.000642846 -0.00309102 0.0190912 0.0031593 -0.00494151 -0.0132178 0.00457946 -0.000778133 -0.0112483 -0.0366125 -0.00076143 0.00674754 0.0232062 -0.000513486 -0.0118143 0.0333523 -0.000584923 -0.00378765 -0.00316645 0.000227813 -0.00241123 0.00211653 0.0378606
internal_weight=2515.48 702.477 653.514 48.9628 30.8146 21.2555 17.0208 651.026 262.111 20.1822 388.915 241.929 31.0341 357.881 1813.01 44.6964 13.0742 31.6222 27.82 14.7454 1768.31 13.0747 9.55907 1765.02 357.244 353.97 1407.78 587.244 820.537 3.2858
internal_count=26074 6004 5646 358 257 154 124 5630 2246 154 3384 2092 181 3203 20070 256 71 185 142 77 19814 65 103 19651 3386 3347 16265 10156 6109 163
is_linear=0
shrinkage=0.05


Tree=158
num_leaves=31
num_cat=0
split_feature=8 2 5 5 2 1 5 5 3 4 5 8 5 2 6 4 4 3 1 5 5 5 8 7 4 2 4 2 0 4
split_gain=1.59489 2.13069 4.63163 3.87691 2.97607 2.91666 7.22707 4.16234 2.29851 2.82013 2.19106 4.07583 3.65146 2.01196 1.96258 3.5233 7.67373 1.70686 1.72046 2.76349 6.90676 3.69112 2.44278 3.82622 2.3169 1.58454 1.73577 1.06309 1.05677 0.946982
threshold=1.5000000000000002 87.683333333333351 4.2589518960382042 2.250342465753425 93.522727272727295 117.50000000000001 2.6522551808208048 4.227370269215764 23.500000000000004 7875.0000000000009 4.3272682160284512 1.0000000180025095e-35 3.4764054214614188 33.309523809523817 1.0000000180025095e-35 1636.5000000000002 1949.5000000000002 2.5000000000000004 52.500000000000007 4.8373038381546616 4.4358465781723071 5.2001884422110569 2.5000000000000004 4.5000000000000009 3015.5000000000005 94.566964285714292 1267.5000000000002 94.566964285714292 2.5000000000000004 803.50000000000011
decision_type=2 2 2 2 2 2 2 2 2 2 2 2 2 2 2 2 2 2 2 2 2 2 2 2 2 2 2 2 2 2
left_child=1 8 3 4 -3 7 -7 -5 9 10 12 -12 -1 -2 25 -16 -17 28 19 20 -19 -21 24 -24 -20 26 -4 -6 29 -15
right_child=13 2 14 5 27 6 -8 -9 -10 -11 11 -13 -14 17 15 16 -18 18 22 21 -22 -23 23 -25 -26 -27 -28 -29 -30 -31
leaf_value=-0.00054091717751033588 -0.053152622756226134 0.051542565538707556 0.0002173677152626656 0.0065728887870212388 -0.072877988200273081 -0.053279223871418993 0.0020506956814473165 -0.089392449119390122 -0.043809440920698807 0.025747790885866859 -0.0079144206245941352 0.0066469395414194806 0.0057521681484069449 -0.050099032385278686 0.060150977033806091 -0.070839410377880607 0.019290920750849837 0.0053678703853229119 -0.0038329657985249352 0.070781054275666708 -0.042882546518635802 0.0087097683554067246 0.024757325716622924 -0.0069721993673605891 0.0031208643688153286 -0.0012513593944796743 0.061398513697589252 0.012277906944586622 0.047664689941117735 0.0099380871506387306
leaf_weight=796.00791492959252 1.8842613633896679 6.0550761985941781 1.3975251165684293 60.239159667864442 0.69141114014200844 8.4670516186160985 19.479556936596055 1.1515215090475965 2.92618853598833 11.016733376309274 176.84547866979847 65.988283809507266 324.46066607581452 3.4721646571415468 3.6963889432372552 2.7331851609051254 17.370212045963854 102.47562450892292 694.21234741667286 3.4701255769468826 7.9953957274556151 7.7308607324957848 20.823156629223377 17.474790970562026 144.76263838913292 1.7654276692774136 6.8009827537462115 0.77993931231321767 0.38573069812264282 0.81004658580059175
leaf_count=8276 233 142 21 1057 13 82 225 17 18 119 1409 523 2596 3586 47 23 307 941 4362 31 65 53 153 135 1245 35 115 30 38 177
internal_value=7.91844e-06 0.00103644 0.00713935 0.00158076 0.0360439 -0.00132267 -0.0147127 0.00477284 0.000457602 0.000551855 0.000348249 -0.00395748 0.00128141 -0.00153449 0.0230862 0.0152863 0.00703713 -0.00143758 -0.00129662 0.00427515 0.00187572 0.0279398 -0.00206939 0.0102796 -0.0026331 0.0417169 0.0509695 -0.0277382 -0.0316019 -0.0387421
internal_weight=2513.37 1507.87 130.627 96.8637 7.52643 89.3373 27.9466 61.3907 1377.25 1374.32 1363.3 242.834 1120.47 1005.5 33.7637 23.7998 20.1034 1003.61 998.945 121.672 110.471 11.201 877.273 38.2979 838.975 9.96394 8.19851 1.47135 4.66794 4.28221
internal_count=26074 15055 2114 1566 185 1381 307 1074 12941 12923 12804 1932 10872 11019 548 377 330 10786 6985 1090 1006 84 5895 288 5607 171 136 43 3801 3763
is_linear=0
shrinkage=0.05


Tree=159
num_leaves=31
num_cat=0
split_feature=2 4 3 5 1 5 6 1 4 4 4 10 2 5 2 7 2 0 5 4 9 5 5 2 0 7 2 4 5 3
split_gain=1.66065 1.42998 3.21047 5.77135 3.02539 5.24491 3.56383 2.83442 4.40763 2.44602 2.13553 7.37967 5.81987 5.53316 2.53592 2.29922 2.24101 2.12674 3.37501 2.29312 2.09112 1.98165 6.77411 6.73524 5.03712 4.28174 3.9341 3.30226 1.89686 1.42583
threshold=26.200000000000003 3961.0000000000005 7.5000000000000009 4.1570939102452806 82.500000000000014 3.5034288587229767 1.0000000180025095e-35 52.500000000000007 6776.0000000000009 4697.0000000000009 3689.5000000000005 1.0000000180025095e-35 83.911067193675905 4.1244208970691494 85.193750000000009 10.500000000000002 88.522727272727295 1.0000000180025095e-35 4.7275819418676575 4098.5000000000009 8.5000000000000018 4.7793898552961567 4.5756519166561018 69.964285714285737 1.0000000180025095e-35 3.5000000000000004 70.26136363636364 3211.5000000000005 3.2802931575877179 10.500000000000002
decision_type=2 2 2 2 2 2 2 2 2 2 2 2 2 2 2 2 2 2 2 2 2 2 2 2 2 2 2 2 2 2
left_child=-1 10 3 20 5 6 -4 -5 -9 -7 21 14 13 -13 15 -12 -16 19 -19 -6 28 22 27 24 -23 -25 -24 -2 -3 -14
right_child=1 2 4 7 17 9 -8 8 -10 -11 11 12 29 -15 16 -17 -18 18 -20 -21 -22 23 26 25 -26 -27 -28 -29 -30 -31
leaf_value=-0.052661842139027429 -0.00040221436881879882 0.020026184540929397 -0.063330239909725222 0.04325395564045461 -0.037334190546170154 0.025545436438370851 -0.0064977617447139523 -0.019074674318545884 0.033338047175783606 0.0067303082262608217 0.019697933564810768 -0.025116320206544796 0.057346049863172301 -0.092099053406323794 -0.054067949116260394 -0.027508965778795427 0.0087830548621620763 -0.011098584245213001 0.029495251397121381 -0.0065401943000537466 -0.0033124501123671119 -0.00098853431053857977 0.00053200607554895556 0.029773108667329379 -0.038801152135196346 0.0068111048091778125 -0.025457019322545901 0.011549498379402848 0.060863565918727762 -0.011072165280549023
leaf_weight=1.4956539826816868 1940.4001181121275 4.1326905600726596 3.4963709358125934 3.480631252750757 6.6511660423129788 24.599629068747163 13.069765882566571 15.466751068830492 5.4156946726143351 58.003052163403481 17.627622083993636 7.2252520769834501 1.530928768217563 5.3779237978160381 3.0537590216845265 3.0214611440896979 2.648168109357357 10.400845753028991 10.085165547206996 66.392372220754623 2.3222330026328555 66.147149563999847 22.207407279754989 29.420507539995015 10.160246026469393 65.504711198213045 42.293526293418836 59.569442342966795 9.1157211568206531 1.5151182245463131
leaf_count=276 20484 37 30 31 50 324 130 100 37 860 141 45 16 31 23 24 39 77 66 634 26 457 136 279 60 666 374 514 82 25
internal_value=8.28113e-06 3.96619e-05 0.00377374 0.0166767 0.00109981 0.00718408 -0.0184926 0.00148079 -0.00548186 0.0123336 -0.000341716 -0.0115118 -0.0387084 -0.0536986 0.00463963 0.0127904 -0.0248778 -0.0053513 0.00888557 -0.00934422 0.0404534 -0.000131874 -0.000560586 0.0050369 -0.00602324 0.0139278 -0.0165091 -4.62305e-05 0.0481248 0.0233145
internal_weight=2511.83 2510.34 232.632 39.9337 192.698 99.1688 16.5661 24.3631 20.8824 82.6027 2277.7 42.0002 15.6492 12.6032 26.351 20.6491 5.70193 93.5295 20.486 73.0435 15.5706 2235.7 2064.47 171.233 76.3074 94.9252 64.5009 1999.97 13.2484 3.04605
internal_count=26074 25798 2484 313 2171 1344 160 168 137 1184 23314 344 117 76 227 165 62 827 143 684 145 22970 21508 1462 517 945 510 20998 119 41
is_linear=0
shrinkage=0.05


Tree=160
num_leaves=31
num_cat=0
split_feature=8 2 5 5 2 5 7 9 2 3 4 7 5 5 6 4 4 2 3 1 5 5 5 8 7 4 1 2 5 0
split_gain=1.43647 1.89923 4.19031 3.61223 2.80924 2.91847 2.79305 7.08614 2.96992 2.0997 2.49125 2.06919 3.26559 3.20124 1.88228 3.25272 6.72056 1.86623 1.60264 1.5425 2.46749 6.12985 3.51566 2.19404 3.49417 1.99373 1.53197 2.48449 0.995375 0.979159
threshold=1.5000000000000002 87.683333333333351 4.2589518960382042 2.250342465753425 93.522727272727295 1.9908582401068629 10.500000000000002 1.5000000000000002 88.276363636363655 23.500000000000004 7875.0000000000009 1.0000000180025095e-35 4.6221219256933548 1.4010869565217392 1.0000000180025095e-35 1636.5000000000002 1949.5000000000002 33.309523809523817 2.5000000000000004 52.500000000000007 4.8373038381546616 4.4358465781723071 5.2001884422110569 2.5000000000000004 2.5000000000000004 3015.5000000000005 52.500000000000007 94.566964285714292 4.8621060094965953 2.5000000000000004
decision_type=2 2 2 2 2 2 2 2 2 2 2 2 2 2 2 2 2 2 2 2 2 2 2 2 2 2 2 2 2 2
left_child=1 9 3 4 -3 -6 8 -8 -5 10 11 12 -1 -13 26 28 -17 -2 29 20 21 -20 -22 25 -25 -21 -4 -28 -16 -19
right_child=17 2 14 6 5 -7 7 -9 -10 -11 -12 13 -14 -15 15 16 -18 18 19 23 22 -23 -24 24 -26 -27 27 -29 -30 -31
leaf_value=0.009213684781122054 -0.052932917655351068 0.050945879733590584 -0.0096919790467367168 0.02345073636330379 0.052310100830788436 -0.08823228980762747 -0.05746591546878476 0.043200740943320493 -0.0079249417709704017 -0.042076997578350081 0.024403560212498943 -0.052814101194488351 -0.013012800517227308 -0.00019049151107502479 0.081166439204547011 -0.064808008198299405 0.018351709964484771 -0.038293072880105264 0.0051196799503900004 -0.0036067828524414453 0.069473197650829446 -0.0400120489796503 0.0080007282099308439 0.042281782850843663 0.0027237312325190137 0.002851818103567143 0.061649827519672795 -0.0082003937249193505 0.028501963030533286 0.044299784311862732
leaf_weight=119.26554383645998 1.7575691923848342 5.8278217501356258 1.3056259267032135 8.4525474628899229 0.66416405857307814 0.83226160454796627 2.1971634156070641 8.5542014946113323 70.029706708621234 2.8976703062653533 10.84136952832341 2.8968484076904124 19.183890044223517 1221.4743834169058 2.0334816114045711 2.8325276523828533 17.075563804246485 4.1188892369973464 102.26260079606436 694.51117390452418 3.3360186330974084 8.1210800930857641 7.6811860091984272 6.7907179258763781 31.370091068558395 144.31912968959659 6.7868354292586428 1.5669599848333744 1.6056370284641159 0.39309320360189293
leaf_count=1104 233 142 29 116 22 21 41 151 1073 18 119 1170 140 10390 23 23 307 3763 941 4362 31 65 53 48 240 1245 112 30 24 38
internal_value=8.81333e-06 0.000985483 0.00676803 0.00149896 0.0352546 -0.0258548 -0.00127168 0.0226284 -0.00454578 0.000440378 0.000530066 0.00034015 0.00613393 -0.000314998 0.0220894 0.014465 0.00651973 -0.00145554 -0.00136533 -0.00123096 0.00405129 0.00179928 0.0266146 -0.00196218 0.00976309 -0.00249559 0.0406757 0.0485477 0.05793 -0.0310974
internal_weight=2510.99 1506.32 129.764 96.5579 7.32425 1.49643 89.2336 10.7514 78.4823 1376.56 1373.66 1362.82 138.449 1224.37 33.2066 23.5472 19.9081 1004.66 1002.9 998.392 121.401 110.384 11.0172 876.991 38.1608 838.83 9.65942 8.3538 3.63912 4.51198
internal_count=26074 15055 2114 1566 185 43 1381 192 1189 12941 12923 12804 1244 11560 548 377 330 11019 10786 6985 1090 1006 84 5895 288 5607 171 142 47 3801
is_linear=0
shrinkage=0.05


Tree=161
num_leaves=31
num_cat=0
split_feature=4 4 2 4 2 5 3 3 3 2 0 3 3 3 2 9 2 0 6 2 2 2 3 6 3 5 4 5 5 9
split_gain=1.3174 6.80185 7.31993 4.38839 10.3066 3.76688 8.34189 10.4932 8.80774 7.56184 6.24939 5.15859 11.2481 13.2335 9.46336 5.1853 9.40981 5.37008 4.71359 3.5735 3.34493 6.91779 2.76688 4.4131 3.5749 6.07132 16.7398 4.07541 3.8831 6.61462
threshold=1164.5000000000002 1149.5000000000002 78.809090909090926 1208.5000000000002 63.414285714285718 2.7695807084581232 7.5000000000000009 13.500000000000002 5.5000000000000009 70.873015873015888 1.0000000180025095e-35 5.5000000000000009 11.500000000000002 12.500000000000002 53.035714285714292 9.5000000000000018 77.976190476190496 1.0000000180025095e-35 1.0000000180025095e-35 66.510869565217405 84.292857142857159 86.511904761904773 14.500000000000002 1.0000000180025095e-35 9.5000000000000018 3.0183625336927231 848.50000000000011 1.9407531842342796 3.3215721945614711 8.5000000000000018
decision_type=2 2 2 2 2 2 2 2 2 2 2 2 2 2 2 2 2 2 2 2 2 2 2 2 2 2 2 2 2 2
left_child=1 22 -3 4 -2 6 8 10 18 -10 -8 15 14 -14 -13 17 -17 -7 -5 -9 -6 -22 24 -24 28 27 -27 -26 29 -1
right_child=3 2 -4 5 20 11 7 19 9 -11 -12 12 13 -15 -16 16 -18 -19 -20 -21 21 -23 23 -25 25 26 -28 -29 -30 -31
leaf_value=-0.0056406437038827003 -0.018512391603344575 -0.053589225129628916 0.026486927285218426 -0.044528667226086449 0.04646544935908356 0.0081653157593568181 -0.02720360298632914 3.3874720160319414e-05 0.0069227012626272046 0.039980315746975061 0.010218129561465528 0.024315802067810217 0.010493157305726079 -0.0067903422392180798 -0.01184776850688225 -0.079408257406151248 0.011142835618560692 -0.017862689617873101 0.0089187342101230468 0.027011759608167169 -0.064442428545171695 0.054027920688824393 -0.059631020322650108 0.0052685884015887825 -0.011501923506182954 -0.046678456469088823 0.016342641593079646 0.010801381722482149 0.0031447798849108736 0.011442211409179599
leaf_weight=596.53752569045173 12.668448695738332 11.724976535420863 3.7720465809106818 7.2490192456170925 19.398213889100592 271.93091054854449 41.339649118483067 22.984928596764803 29.78605392947793 41.265037653967738 15.280345275998114 19.214307298883796 238.44665461778641 206.80826105363667 309.20520788431168 5.0196086417417956 6.6964637283235788 21.374725766247138 9.5724667264148593 26.343399800360203 2.2475028957705936 2.7277257218956947 5.1046264544129354 5.3801501095294952 23.04913389403373 19.393544346094131 23.073597174137831 183.90093418210745 265.40908625393058 62.613958333036862
leaf_count=9821 71 65 32 53 139 1863 309 106 150 383 87 108 2718 1434 2116 31 47 149 66 287 20 44 25 26 161 136 157 1446 3141 883
internal_value=9.12615e-06 -0.00118765 -0.0340983 0.00110574 0.0180704 0.000611916 0.0070296 -0.00241713 0.0184196 0.0261219 -0.0171044 -0.000541218 -0.00271228 0.00246546 -0.00973201 0.00496558 -0.0276527 0.00626852 -0.0141138 0.0144412 0.0370849 0.000510289 -0.000757061 -0.0263285 -0.000528684 0.00478354 -0.0124373 0.00831734 -0.00196175 -0.00401791
internal_weight=2509.52 1199.96 15.497 1309.56 37.0419 1272.52 193.821 105.948 87.8726 71.0511 56.62 1078.7 773.674 445.255 328.42 305.022 11.7161 293.306 16.8215 49.3283 24.3734 4.97523 1184.46 10.4848 1173.98 249.417 42.4671 206.95 924.561 659.151
internal_count=26074 15893 97 10181 274 9907 1441 789 652 533 396 8466 6376 4152 2224 2090 78 2012 119 393 203 64 15796 51 15745 1900 293 1607 13845 10704
is_linear=0
shrinkage=0.05


Tree=162
num_leaves=24
num_cat=0
split_feature=2 3 3 2 2 9 4 5 5 2 3 3 5 6 4 5 9 7 2 9 2 4 4
split_gain=1.3069 2.02417 1.47732 2.11234 1.43888 6.7705 1.93604 2.04348 3.45102 2.57362 1.32107 13.6166 11.5108 7.88634 7.33286 7.08653 5.3256 0.61516 0.396223 0.0123397 0.00644207 0.00490652 0.000290963
threshold=97.118055555555571 13.500000000000002 3.5000000000000004 97.944444444444457 96.414215686274517 5.5000000000000009 9222.5000000000018 4.8373038381546616 5.0070841288917558 80.577380952380963 5.5000000000000009 6.5000000000000009 2.4057330057330062 1.0000000180025095e-35 244.50000000000003 2.0179106073567152 9.5000000000000018 3.5000000000000004 66.033333333333346 6.5000000000000009 72.279220779220793 949.50000000000011 627.50000000000011
decision_type=2 2 2 2 2 2 2 2 2 2 2 2 2 2 2 2 2 2 2 2 2 2 2
left_child=4 2 3 -2 6 -6 10 18 -9 -10 12 15 14 -14 -1 -12 -13 -4 -8 -19 -20 22 -5
right_child=1 -3 17 21 5 -7 7 8 9 -11 11 16 13 -15 -16 -17 -18 19 20 -21 -22 -23 -24
leaf_value=0.0015367830263772935 0.10975558058592703 -0.053687501416881805 0.015152354833031395 -0.050445433795769323 -0.072883385630611461 0.05275198352293297 0.017939004477104746 -0.066819687076541581 -0.0024011745605723605 0.054325757269477339 0.014510261661394698 -8.1098479911245341e-06 0.010800388231922725 -0.00045928825377724263 -0.027507646298010741 -0.018460900123777737 0.015469097500610969 0.05914604953480497 0.058307730548199099 0.053068410014921102 0.053048388382518123 -0.058854737456047239 -0.053832028957502699
leaf_weight=37.708199171669548 0.24802488088607677 0.76986769214272488 1.2435418609529731 0.2766997799044475 2.9885300188325337 1.6724712883587924 0.9629446268081655 1.4107681955210853 5.7221015952527505 3.0733146411366761 18.396281808614731 1521.3171346029267 256.30272840912221 395.45388273327262 51.29006758966716 142.8051306726411 57.688259212300181 1.796292342245579 0.73782430961728129 1.5608919654041526 2.7611633627675474 0.50910449516959488 0.082284297794103622
leaf_count=4729 1 6 22 112 36 37 4 12 48 88 89 11449 2951 4437 673 698 524 24 7 38 79 7 3
internal_value=1.03272e-05 0.0224242 0.0326739 -0.0189308 -4.78229e-05 -0.0278026 4.01377e-06 0.0181157 0.00577623 0.0174205 -0.000103068 -0.000855834 0.00166536 0.00396857 -0.0152016 -0.0146982 0.000557343 0.0451929 0.046341 0.0563203 0.0541574 -0.0556982 -0.0512217
internal_weight=2506.78 6.48671 5.71684 1.11611 2500.29 4.661 2495.63 14.6681 10.2062 8.79542 2480.96 1740.21 740.755 651.757 88.9983 161.201 1579.01 4.60073 4.46193 3.35718 3.49899 0.868089 0.358984
internal_count=26074 213 207 123 25861 73 25788 238 148 136 25550 12760 12790 7388 5402 787 11973 84 90 62 86 122 115
is_linear=0
shrinkage=0.05


Tree=163
num_leaves=31
num_cat=0
split_feature=8 2 7 5 5 6 2 2 5 2 3 9 4 7 4 5 3 5 2 5 2 2 2 5 5 2 3 3 4 4
split_gain=1.32145 1.77897 1.68487 5.3626 5.69399 5.24989 4.81194 4.59278 3.80107 3.87356 3.74684 3.26585 2.89026 2.47943 3.19483 3.92073 6.08815 3.50677 3.45933 5.63668 4.22236 2.54818 5.98847 4.6076 3.33927 2.33967 2.3091 1.49901 1.44419 1.89265
threshold=1.5000000000000002 33.309523809523817 7.5000000000000009 2.033573334560177 2.1540507364975454 1.0000000180025095e-35 70.027777777777786 47.071428571428577 5.101066003045724 50.031250000000007 4.5000000000000009 3.5000000000000004 172.50000000000003 1.0000000180025095e-35 889.50000000000011 2.7073328998365604 7.5000000000000009 3.9536576220343611 75.511904761904773 3.5959397781299529 59.414285714285718 64.035714285714292 65.591666666666683 2.5906920077972715 2.0179106073567152 48.041666666666679 6.5000000000000009 1.5000000000000002 43.500000000000007 25.500000000000004
decision_type=2 2 2 2 2 2 2 2 2 2 2 2 2 2 2 2 2 2 2 2 2 2 2 2 2 2 2 2 2 2
left_child=2 -2 13 7 5 6 -5 -4 9 -6 -9 -10 -12 21 18 16 -16 -17 20 -20 -15 24 -23 -24 -1 -26 -7 -3 29 -29
right_child=1 27 3 4 8 26 -8 10 11 -11 12 -13 -14 14 15 17 -18 -19 19 -21 -22 22 23 -25 25 -27 -28 28 -30 -31
leaf_value=-0.049659821687834588 -0.052846129412696258 -0.037419164795412338 0.10261265647178031 -0.090063775009799313 -0.016688153719764454 -0.026699788521912262 -0.023507256458078232 -0.057538105695090783 0.0061800786647461178 0.0052424379661558844 -0.0094215253170109314 -0.025620524322483865 0.026767749025164496 -0.012376776214606056 0.024556271729399615 -0.0054078556597941582 -0.0023026846621790314 0.0035454125871740797 -0.017855672917338802 0.015622712063473751 0.0036673266864809826 0.058078056801472766 0.025326717075960698 0.00092780859363304291 0.0386499520723812 -0.0052163911229208774 0.020316519810919826 -0.0062158598256945186 -0.0013307610863765931 0.060339529822226859
leaf_weight=3.8955076428246675 1.6772902075899754 2.865872670110547 1.6374786940868933 3.9202338563045496 21.147665451630019 4.142146983242128 8.8382362280972284 1.6104465670650814 13.260779050411655 420.44823128334247 6.7094042897224417 20.639540187432431 31.048472031950951 60.927822987578111 41.169794384390116 220.92951982701197 43.27592583373189 216.57956975197885 87.284669182408834 14.68869509291835 125.42536245720112 5.94871123030316 25.157138573180418 83.82054412929574 3.3878938295529215 29.576170740881935 7.0668893922120333 2.0903859306126824 993.39808692026418 2.184396559256129
leaf_count=33 233 3220 44 35 268 51 85 672 120 3823 34 189 219 700 328 1707 341 1776 1962 264 919 31 399 777 49 172 57 32 7510 24
internal_value=1.02441e-05 -0.00139595 0.000948196 0.00318207 0.00175501 -0.0220237 -0.0439578 0.0205641 0.00295358 0.0041922 0.0171514 -0.0131811 0.0203371 -0.000306747 -0.00140535 0.000928116 0.0107919 -0.000975731 -0.0056296 -0.0130333 -0.00157826 0.00555794 0.00922683 0.00656022 -0.00588149 -0.000708012 0.00294228 -0.0013097 -0.00120597 0.0277937
internal_weight=2504.75 1002.22 1502.54 540.47 499.464 23.9675 12.7585 41.0058 475.496 441.596 39.3683 33.9003 37.7579 962.067 810.281 521.955 84.4457 437.509 288.327 101.973 186.353 151.786 114.926 108.978 36.8596 32.9641 11.209 1000.54 997.673 4.27478
internal_count=26074 11019 15055 5597 4628 228 120 969 4400 4091 925 309 253 9458 7997 4152 669 3483 3845 2226 1619 1461 1207 1176 254 221 108 10786 7566 56
is_linear=0
shrinkage=0.05


Tree=164
num_leaves=31
num_cat=0
split_feature=1 1 2 2 2 0 7 3 4 5 4 3 3 6 5 10 4 9 4 2 3 5 7 6 4 2 4 4 5 11
split_gain=1.29214 6.05509 3.76975 4.01261 5.05769 3.14444 3.80372 3.20379 5.67756 3.00933 2.64392 2.45247 6.51794 16.229 16.1806 13.0998 16.3216 9.34496 8.99091 8.5397 8.01717 6.73318 5.30842 8.13655 6.09734 5.47777 5.24826 5.65458 5.17666 4.99562
threshold=52.500000000000007 42.500000000000007 75.720779220779235 76.964285714285737 77.343137254901976 1.0000000180025095e-35 5.5000000000000009 9.5000000000000018 2965.5000000000005 4.4732258206820061 1178.5000000000002 4.5000000000000009 5.5000000000000009 1.0000000180025095e-35 2.7274423337856177 1.0000000180025095e-35 223.50000000000003 9.5000000000000018 320.50000000000006 41.550000000000004 6.5000000000000009 3.5034288587229767 6.5000000000000009 1.0000000180025095e-35 715.50000000000011 65.033333333333346 2090.5000000000005 2658.5000000000005 2.5225137074452149 1.0000000180025095e-35
decision_type=2 2 2 2 2 2 2 2 2 2 2 2 2 2 2 2 2 2 2 2 2 2 2 2 2 2 2 2 2 2
left_child=1 2 5 -4 -5 7 -7 10 -9 -6 -1 22 13 14 19 16 -15 20 -17 -13 21 -14 23 -2 -25 -26 -24 -28 -22 -16
right_child=11 -3 3 4 9 6 -8 8 -10 -11 -12 12 17 15 29 18 -18 -19 -20 -21 28 -23 26 24 25 -27 27 -29 -30 -31
leaf_value=-0.0025299164835517985 -0.020147935102322573 0.078525540068499947 0.039312817437261297 -0.050859849428248539 0.012832055377989466 0.00598419895960999 -0.059703766461548471 0.0048281151377812317 -0.054277564890230806 -0.0090604414787511731 0.014775137921918265 0.098952460590545632 -0.0067423793699402899 0.05060778168873592 0.025456213410116897 -0.050408393786220612 -0.020076078891696943 0.018756368779378644 0.02068316445170499 -0.0094433153816294319 0.0037703363434576534 -0.031450007880611058 -0.019306217967446214 -0.015858368817107747 0.046481382693482953 0.0083865267622405225 0.033638072679163737 -0.015008965959849402 -0.0028603781723865991 -0.006533510785663864
leaf_weight=83.6653929008462 35.506861684523756 2.6529749691253519 10.174865712644531 3.7172468278440638 80.08250214077998 3.8605023118434456 5.1355033062864095 9.0932372882962245 7.3446388840675345 19.524002999591175 29.98156524123624 1.8699720315635193 103.69752750638872 8.8141402751207334 152.48336281627417 4.8742078654468051 111.23771055974066 56.413048258051276 50.791711317375302 64.158009670674801 426.66937667876482 37.561817847192287 84.103177622746443 23.576763950084569 10.551267922506666 89.316621724399738 10.977852785727011 13.103742245351894 949.17810863256454 13.26591797173023
leaf_count=1169 2241 33 85 34 1162 22 41 50 38 225 158 19 510 39 965 22 518 529 269 289 2860 181 3934 2327 151 644 67 94 7325 73
internal_value=1.01003e-05 0.00338147 0.00259219 0.00935404 0.00640384 -0.00292591 -0.0315148 -0.000948847 -0.021581 0.00854088 0.00203538 -0.000372651 0.000233781 0.00586959 0.0145577 -0.00559033 -0.0148865 -0.00122573 0.0144583 -0.00637345 -0.00196875 -0.0133123 -0.0048698 0.000945035 0.00701209 0.0124113 -0.0134133 0.00716731 -0.000804102 0.0228959
internal_weight=2503.38 255.232 252.579 113.499 103.324 139.081 8.99601 130.085 16.4379 99.6065 113.647 2248.15 1981.01 407.495 231.777 175.718 120.052 1573.52 55.6659 66.028 1517.11 141.259 267.136 158.952 123.445 99.8679 108.185 24.0816 1375.85 165.749
internal_count=26074 3017 2984 1506 1421 1478 63 1415 88 1387 1327 23057 13599 2194 1346 848 557 11405 291 308 10876 691 9458 5363 3122 795 4095 161 10185 1038
is_linear=0
shrinkage=0.05


Tree=165
num_leaves=31
num_cat=0
split_feature=4 3 5 1 5 3 8 3 2 3 10 10 4 3 4 2 2 9 4 10 2 5 3 3 8 11 7 5 4 9
split_gain=1.2826 2.90822 5.45015 2.81219 4.63121 3.16374 3.7611 2.78182 2.34915 3.50568 2.26425 2.00928 6.41877 6.06684 3.81565 4.99531 3.73126 1.98886 1.93133 6.66174 5.12513 4.82176 3.91093 2.38353 3.56174 3.44113 3.76756 1.84688 1.73879 6.12524
threshold=3961.0000000000005 7.5000000000000009 4.1570939102452806 82.500000000000014 3.5034288587229767 15.500000000000002 1.0000000180025095e-35 6.5000000000000009 66.738636363636388 10.500000000000002 1.0000000180025095e-35 1.0000000180025095e-35 4433.5000000000009 15.500000000000002 4898.5000000000009 71.577380952380963 83.513157894736864 8.5000000000000018 3689.5000000000005 1.0000000180025095e-35 83.911067193675905 4.1244208970691494 11.500000000000002 10.500000000000002 1.5000000000000002 1.0000000180025095e-35 10.500000000000002 3.2802931575877179 3211.5000000000005 1.0000000180025095e-35
decision_type=2 2 2 2 2 2 2 2 2 2 2 2 2 2 2 2 2 2 2 2 2 2 2 2 2 2 2 2 2 2
left_child=18 2 17 4 5 6 -3 -4 10 -10 -6 14 -13 -14 16 -16 -5 27 28 23 21 22 -21 24 -20 26 -25 -2 -1 -30
right_child=1 3 7 11 8 -7 -8 -9 9 -11 -12 12 13 -15 15 -17 -18 -19 19 20 -22 -23 -24 25 -26 -27 -28 -29 29 -31
leaf_value=-0.00042608927314585602 0.01946017503520912 -0.0040512169609764736 0.0093124312970755772 -0.02187168653464331 0.015014756259070089 0.0071066957336937729 -0.067914525571199327 -0.034286494938310146 -0.012330000236570722 0.021358655538003233 -0.019482463441542981 0.041408263123370502 -0.039238159031460274 0.011879455525714939 0.041923660982269309 -0.00076094085507033571 0.027002463524256132 -0.0032429681115431833 0.010060353271334227 -0.058867487549910648 0.022358077121983275 -0.085839443279320374 0.014532584449118247 0.036880686119298942 -0.051722942529978402 -0.03479907084225177 -0.03741388735841808 0.060098642013133953 -0.035866717009711578 0.01125393668823608
leaf_weight=2143.5734215433768 4.1088675931096068 4.5146019579842704 19.614257151260976 23.051915213465694 8.8556315824389458 7.4718827288597813 4.7113035945221782 4.4975476451218119 9.0223100436851364 53.593200306873769 10.276208454743028 4.3185160588473073 19.606629456393424 8.2454888354986888 9.6080915704369527 23.914292667992413 4.7016352582722893 2.3138403594493857 5.6775951460003871 3.7952356785535795 2.9794888123869887 5.4910385422408581 3.4777875766158104 11.820251341909172 3.9595278631895781 2.7816658839583388 1.9943272862583388 8.7484580036252719 7.5903958510607472 75.461349861463532
leaf_count=22547 37 47 141 145 43 73 40 27 88 1003 50 47 189 70 49 261 66 26 38 20 41 31 25 130 23 17 19 82 54 645
internal_value=1.01689e-05 0.0035581 0.0159529 0.0010207 0.00691794 -0.0170774 -0.0366637 0.00117997 0.0118193 0.0165044 -0.0035146 -0.00519199 -0.0153107 -0.024105 0.000120447 0.0114732 -0.0135921 0.0394318 -0.000351371 -0.0109766 -0.0366885 -0.0504716 -0.0237693 0.00445403 -0.0153241 0.0159388 0.0261552 0.0471116 -0.000151062 0.00694741
internal_weight=2499.78 231.175 39.283 191.892 98.4451 16.6978 9.22591 24.1118 81.7474 62.6155 19.1318 93.4466 32.1706 27.8521 61.2759 33.5224 27.7536 15.1712 2268.6 41.9769 15.7436 12.7641 7.27302 26.2334 9.63712 16.5962 13.8146 12.8573 2226.63 83.0517
internal_count=26074 2484 313 2171 1344 160 87 168 1184 1091 93 827 306 259 521 310 211 145 23590 344 117 76 45 227 61 166 149 119 23246 699
is_linear=0
shrinkage=0.05


Tree=166
num_leaves=31
num_cat=0
split_feature=2 2 1 3 4 1 7 9 7 9 4 9 2 8 2 3 3 3 2 6 3 4 6 4 4 2 2 2 7 1
split_gain=1.23403 2.46982 6.02522 2.23613 3.18706 3.16526 3.1073 6.41647 3.01747 1.91402 1.59012 2.53303 3.62885 2.18091 1.91918 4.95063 1.65472 6.97677 4.61687 4.02551 2.04481 9.91776 5.21412 1.56321 1.06581 0.966476 0.959462 0.875573 0.576397 0.000873078
threshold=91.679487179487197 91.541958041958054 62.500000000000007 15.500000000000002 7875.0000000000009 52.500000000000007 1.0000000180025095e-35 3.5000000000000004 4.5000000000000009 7.5000000000000009 7875.0000000000009 3.5000000000000004 80.577380952380963 1.5000000000000002 85.449494949494962 10.500000000000002 14.500000000000002 15.500000000000002 86.759615384615401 1.0000000180025095e-35 11.500000000000002 528.50000000000011 1.0000000180025095e-35 443.50000000000006 2693.5000000000005 59.038461538461547 89.343137254901976 96.414215686274517 7.5000000000000009 117.50000000000001
decision_type=2 2 2 2 2 2 2 2 2 2 2 2 2 2 2 2 2 2 2 2 2 2 2 2 2 2 2 2 2 2
left_child=1 10 -3 4 5 23 7 -7 -8 27 16 14 13 -13 25 -16 20 19 -19 -18 22 -22 -1 -2 -5 -12 -14 -6 -25 -26
right_child=3 2 -4 24 9 6 8 -9 -10 -11 11 12 26 -15 15 -17 17 18 -20 -21 21 -23 -24 28 29 -27 -28 -29 -30 -31
leaf_value=0.0020704120287687211 -0.02072075084331701 -0.10326501604071237 0.032608446288168794 -0.014860961940004431 0.0098850016667844584 -0.13560703011035088 0.024476288339274597 -0.0010997148796162274 -0.0011512084671444873 -0.10756140297387706 0.0094558312597465364 0.008803308809069205 0.05478373011309743 -0.035220029056164913 -0.10063386445838039 0.052828644006882135 -0.058031143526227846 0.0028944833672813592 -0.032617044042353459 -0.016145492122441849 -0.044648539631704121 0.0046760308721998829 -0.0032455903528813643 0.054826138748680232 0.051836547737006022 0.049949845845884279 -0.0059498002649465836 -0.058442638689786344 0.025142825139808003 0.053439909744040615
leaf_weight=911.91995026305085 1.0724634295911508 1.8503952422179275 1.4594347439706323 0.70403463020920654 1.0887155104428523 1.2186546828015696 15.472749167412983 3.2543085679644719 44.578141274861991 0.91224643820896734 1.8824249953031555 5.1647840216755849 2.9470285042189057 6.1789581459015608 0.90524516999721472 1.2528567300178108 7.7029039002954987 112.45858650282025 9.9635973963886482 22.468014251440763 10.471004758030174 381.43936200160533 933.39092912300839 4.5084762505721301 2.1637541325762872 6.7829707823693752 0.83441987773403514 0.82349476590752591 2.5664160293526947 1.3973576147109268
leaf_count=10116 23 38 18 10 33 14 245 64 640 25 11 41 71 46 7 42 38 668 121 119 51 3448 9801 120 73 67 25 14 55 30
internal_value=1.07972e-05 -0.000190963 -0.043353 0.00612999 0.00414009 0.0061654 0.00245738 -0.0377461 0.00545199 -0.0479695 -0.000131826 0.0121789 -0.00103611 -0.0151763 0.030646 -0.0115433 -0.000265496 -0.00530325 4.29998e-06 -0.0268393 7.81115e-05 0.00335818 -0.000618516 0.0355314 0.0413523 0.0411531 0.0413822 -0.0195403 0.0440585 0.0524657
internal_weight=2498.83 2419.07 3.30983 79.7608 75.4957 72.6712 64.5239 4.47296 60.0509 2.82446 2415.76 25.9487 15.1252 11.3437 10.8235 2.1581 2389.81 152.593 122.422 30.1709 2237.22 391.91 1845.31 8.14736 4.26515 8.6654 3.78145 1.91221 7.07489 3.56111
internal_count=26074 24728 56 1346 1233 1161 963 78 885 72 24672 310 183 87 127 49 24362 946 789 157 23416 3499 19917 198 113 78 96 47 175 103
is_linear=0
shrinkage=0.05


Tree=167
num_leaves=31
num_cat=0
split_feature=4 7 4 1 5 4 9 6 4 2 4 7 7 1 9 2 2 3 7 2 9 9 3 3 3 5 3 3 3 3
split_gain=1.2235 3.40625 2.96287 2.57839 2.0397 2.77206 6.07994 3.6659 2.99304 2.80015 2.13381 4.02232 4.35327 2.71224 1.75489 1.38966 2.14133 2.02702 1.07696 1.12267 0.892912 0.907406 1.18906 0.852456 0.838521 1.06816 0.692962 0.461877 0.147138 0.072707
threshold=18.500000000000004 1.0000000180025095e-35 34.500000000000007 117.50000000000001 1.6677927927927929 195.50000000000003 8.5000000000000018 1.0000000180025095e-35 119.50000000000001 59.763888888888893 146.50000000000003 1.0000000180025095e-35 1.5000000000000002 52.500000000000007 7.5000000000000009 91.679487179487197 91.541958041958054 15.500000000000002 1.5000000000000002 53.621428571428581 2.5000000000000004 1.0000000180025095e-35 4.5000000000000009 4.5000000000000009 4.5000000000000009 3.7029075590853235 10.500000000000002 8.5000000000000018 4.5000000000000009 4.5000000000000009
decision_type=2 2 2 2 2 2 2 2 2 2 2 2 2 2 2 2 2 2 2 2 2 2 2 2 2 2 2 2 2 2
left_child=1 3 18 14 5 6 8 -7 -4 -9 11 13 -13 -6 23 16 -12 -17 26 -20 21 27 -23 -1 25 -21 -2 29 -22 -3
right_child=2 20 4 -5 10 7 -8 9 -10 -11 15 12 -14 -15 -16 17 -18 -19 19 24 28 22 -24 -25 -26 -27 -28 -29 -30 -31
leaf_value=-0.050074493609307769 -0.068358876965510448 -0.050196406030203457 0.019268497559748996 -0.057803329112500607 -0.049129857929785942 -0.035910882654064356 -0.10307983850014098 -0.016981150892766372 0.095646496066580058 0.043117523635288472 -6.1922333062056458e-05 -0.056482724989938685 -0.0094911897261096348 0.039568816175719043 0.20242949093644944 0.0047612132607999643 -0.039650731492257285 0.04084663056674296 -0.051495072707266935 -0.050550702680744963 -0.05007695494212288 -0.050048652263384688 0.056055314763672738 0.099730728098679874 0.086438574230970427 0.088179538158073986 0.062067098939000379 0.054801633021601882 -0.076189172461117352 -0.08336799622547264
leaf_weight=0.15313241165131219 0.29116990440525059 0.2535026432306039 2.2613074003602405 0.33328928967239335 1.0139197089592915 4.0345562311704244 0.61943548318231467 2.9905737553490326 2.9638521405868232 5.5076027425238863 2334.1952395639964 5.5712038889178066 42.723529250768479 5.746617556666024 0.30069418455241248 74.059426106163301 3.4207015223801127 4.1074898568913332 0.20426655688788775 0.28688205219805274 0.89496100778342258 0.46046650173957437 0.61900143325328827 0.24999818205833435 1.8853657990694044 0.26871372695313767 0.15662100911140442 0.079941436648368835 1.3582225814461706 0.47418078780174255
leaf_count=161 76 440 153 127 25 27 16 19 35 50 19044 149 1571 170 36 1161 55 113 38 288 1475 805 3 1 8 17 1 1 7 2
internal_value=1.13844e-05 -0.0242696 6.18244e-05 0.0567619 1.05496e-06 0.016597 0.0450335 0.00333577 0.0625922 0.0219683 -0.000122381 -0.00985556 -0.0149121 0.0262661 0.111013 9.94368e-05 -0.000119854 0.00665742 0.0489682 0.0611072 -0.0445675 -0.0191951 0.0107948 0.042826 0.0705301 0.0165461 -0.0227406 -0.0592794 -0.0658174 -0.071812
internal_weight=2497.49 5.17739 2492.31 1.03711 2489.22 18.3773 5.8446 12.5327 5.22516 8.49818 2470.84 55.0553 48.2947 6.76054 0.703825 2415.78 2337.62 78.1669 3.09302 2.64523 4.14028 1.88709 1.07947 0.403131 2.44096 0.555596 0.447791 0.807625 2.25318 0.727683
internal_count=26074 3058 23016 325 22588 300 204 96 188 69 22288 1915 1720 195 198 20373 19099 1274 428 351 2733 1251 808 162 313 305 77 443 1482 442
is_linear=0
shrinkage=0.05


Tree=168
num_leaves=31
num_cat=0
split_feature=8 2 3 4 7 5 5 2 2 5 7 1 5 5 4 4 5 2 4 4 5 3 5 5 3 7 4 2 1 4
split_gain=1.19952 1.69904 1.67015 1.89931 1.77169 4.75963 5.18653 3.82824 2.40739 4.8233 2.21165 1.35661 2.36457 5.37695 6.72141 5.20092 3.27404 2.22192 2.09565 5.10469 4.751 4.72394 3.93762 3.33376 3.22553 1.22985 0.61141 1.36351 0.180042 0.00298065
threshold=1.5000000000000002 33.309523809523817 23.500000000000004 9222.5000000000018 7.5000000000000009 2.033573334560177 2.1540507364975454 47.071428571428577 41.550000000000004 1.8466880341880345 1.0000000180025095e-35 47.500000000000007 4.8373038381546616 4.4358465781723071 1868.5000000000002 1592.5000000000002 5.2001884422110569 67.527777777777786 1592.5000000000002 1551.5000000000002 3.9835988151897808 4.5000000000000009 3.3483654481671672 3.9536576220343611 4.5000000000000009 9.5000000000000018 12859.500000000002 80.577380952380963 117.50000000000001 1493.5000000000002
decision_type=2 2 2 2 2 2 2 2 2 2 2 2 2 2 2 2 2 2 2 2 2 2 2 2 2 2 2 2 2 2
left_child=2 29 3 4 8 7 -7 -6 9 -1 -10 12 13 15 -15 -3 -14 -18 19 24 23 -22 -21 -20 -13 26 28 -28 -5 -2
right_child=1 11 -4 25 5 6 -8 -9 10 -11 -12 18 16 14 -16 -17 17 -19 20 22 21 -23 -24 -25 -26 -27 27 -29 -30 -31
leaf_value=0.099611069271368313 -0.051239739699071155 0.0098442768513920323 -0.036518871129288484 0.060490426249960677 0.09335277054320848 -0.020878346198924359 0.0029718398601880922 0.016439280667964518 0.0053365960978647873 -0.047322200380069748 -0.0012783471480303486 -0.014163830704207354 0.067921253683922461 -0.072938150417099584 0.019918328971487074 -0.019857370551693843 -0.032355954094173293 0.025892603863568488 0.0058437792139431786 0.0017166270421370079 0.015107764901708332 -0.0075270104712853586 -0.062521144359258166 0.047838457340235174 -0.0018056029788064776 -0.024161832246559819 -0.024159203107362782 0.054884608016536329 0.035680440220156644 -0.055794992574216454
leaf_weight=0.62341559416381542 1.0581160373112641 84.185617981129326 2.975103721022605 2.0417095436714585 1.6881999897304911 23.954178461397532 470.92080788477324 38.814795586455148 150.18789396918146 5.3659735775145236 796.38746585912304 59.962137017195346 3.2526805153465812 5.0829369355342333 3.1606612429022789 17.866672906093299 2.3562075360678136 5.3649774778168648 166.08070365875028 3.7723998688161355 26.746568989008665 166.83657972980291 6.4891722232569009 4.8643296399386591 442.00476329214871 0.94799718633294094 1.0410931110382082 1.146303799934685 1.139279040507972 0.5435989019460975
leaf_count=32 224 1213 21 56 44 228 4351 925 1422 227 7660 4127 36 56 21 130 19 56 1159 25 171 1293 38 43 2399 20 7 41 21 9
internal_value=1.08885e-05 -0.00133034 0.000906357 0.000980871 0.000864727 0.00316611 0.00181738 0.0196451 -0.000428735 -0.0320284 -0.000228791 -0.00124776 0.00370891 0.00150664 -0.0373362 0.0046443 0.0258434 0.00811739 -0.00193334 -0.00399551 0.000964373 -0.00439966 -0.0389058 0.00703876 -0.00328185 0.0283407 0.0376121 0.0172637 0.0516047 -0.0527857
internal_weight=2496.86 999.628 1497.23 1494.26 1487.94 535.378 494.875 40.503 952.565 5.98939 946.575 998.026 121.27 110.296 8.2436 102.052 10.9739 7.72119 876.757 512.228 364.528 193.583 10.2616 170.945 501.967 6.31638 5.36839 2.1874 3.18099 1.60171
internal_count=26074 11019 15055 15034 14889 5548 4579 969 9341 259 9082 10786 1531 1420 77 1343 111 75 9255 6589 2666 1464 63 1202 6526 145 125 48 77 233
is_linear=0
shrinkage=0.05


Tree=169
num_leaves=27
num_cat=0
split_feature=2 3 3 2 2 9 4 9 9 1 5 5 1 5 2 5 9 0 5 7 9 3 1 4 3 4
split_gain=1.14746 1.82445 1.45442 1.80417 1.31877 5.81834 1.59795 1.73089 2.31738 1.58677 1.46086 1.94368 1.42301 1.31964 5.83412 3.98461 2.18103 2.05742 2.05642 0.633575 0.479449 0.238366 0.0108268 0.00442446 0.00225199 0.000242443
threshold=97.118055555555571 13.500000000000002 3.5000000000000004 97.944444444444457 96.414215686274517 5.5000000000000009 8514.5000000000018 3.5000000000000004 7.5000000000000009 92.500000000000014 5.7216090559935324 4.8978171455073607 117.50000000000001 4.2425810144417051 92.755952380952394 4.7529269737141826 3.5000000000000004 3.5000000000000004 4.227370269215764 3.5000000000000004 1.5000000000000002 11.500000000000002 117.50000000000001 949.50000000000011 8.5000000000000018 627.50000000000011
decision_type=2 2 2 2 2 2 2 2 2 2 2 2 2 2 2 2 2 2 2 2 2 2 2 2 2 2
left_child=4 2 3 -2 6 -6 13 10 9 -9 11 -8 -10 17 15 -15 -16 18 -1 -4 -12 -19 24 25 -21 -5
right_child=1 -3 19 23 5 -7 7 8 12 -11 20 -13 -14 14 16 -17 -18 21 -20 22 -22 -23 -24 -25 -26 -27
leaf_value=0.00030888228635982877 0.097558202547357892 -0.050208595871211126 0.013309669145558777 -0.050430363282842817 -0.066070246143207473 0.052321966562672531 0.054520504679428851 -0.023351132161123389 0.054539267888901337 0.023359864515793638 0.03586100669488089 -0.01329170452794306 -0.01344183749924617 -0.0073444096404638578 0.0087907153518729571 0.0015432782809092517 0.063763235291930717 0.031547609968549682 0.022694998801887422 0.055458948400846711 0.074855299681334392 0.063531167920826859 0.060069540566904257 -0.058601060651824625 0.05219665226808249 -0.053617120271462995
leaf_weight=1939.0616564135125 0.24984338879585155 0.77876895666122425 1.194594597443938 0.25697028241120279 3.1120766422245643 1.5569182885810731 1.7692362423986221 6.7437818301841599 2.7538458895869549 2.4891651039943099 1.3684604885056615 2.6237497236579657 1.0684536350890992 259.04280074164853 3.0363498348742715 245.74545724678319 4.4466611321549863 1.1726070998702192 10.313314397877546 1.1163058169186122 1.8592959041707218 1.1576746702194212 1.0763579830527303 0.49901326210238039 1.0055044861510394 0.077738340711221099
leaf_count=20946 1 6 22 112 36 37 39 84 70 27 21 29 19 2139 47 2126 84 34 91 18 26 6 13 7 31 3
internal_value=1.06366e-05 0.021399 0.031582 -0.0202993 -4.31073e-05 -0.0265913 6.78028e-06 0.0138489 0.00279599 -0.010758 0.032784 0.0140191 0.0355364 -0.000109374 -0.00236796 -0.00301763 0.0414573 0.000483446 0.000427318 0.0443796 0.058323 0.0474369 0.055985 -0.055618 0.053913 -0.0511705
internal_weight=2495.58 6.2551 5.47633 1.08357 2489.32 4.66899 2484.65 20.676 13.0552 9.23295 7.62074 4.39299 3.8223 2463.98 512.271 504.788 7.48301 1951.71 1949.37 4.39276 3.22776 2.33028 3.19817 0.833722 2.12181 0.334709
internal_count=26074 213 207 123 25861 73 25788 315 200 111 115 68 89 25473 4396 4265 131 21077 21037 84 47 40 62 122 49 115
is_linear=0
shrinkage=0.05


Tree=170
num_leaves=31
num_cat=0
split_feature=4 7 4 8 5 4 9 2 4 6 4 7 9 3 1 1 3 10 7 2 9 9 3 3 5 3 3 3 3 3
split_gain=1.14563 3.15548 2.745 2.37813 1.78498 2.45052 5.53476 3.32873 2.70464 2.15465 1.95191 3.62258 4.01624 2.59169 1.17889 5.5483 2.42119 1.14101 0.986328 1.04757 0.851864 0.850822 1.09296 0.754757 0.981618 0.686196 0.649764 0.423883 0.123426 0.0590094
threshold=18.500000000000004 1.0000000180025095e-35 34.500000000000007 1.0000000180025095e-35 1.6677927927927929 195.50000000000003 8.5000000000000018 61.026315789473692 119.50000000000001 1.0000000180025095e-35 146.50000000000003 1.0000000180025095e-35 8.5000000000000018 7.5000000000000009 52.500000000000007 42.500000000000007 10.500000000000002 1.0000000180025095e-35 1.5000000000000002 53.621428571428581 2.5000000000000004 1.0000000180025095e-35 4.5000000000000009 4.5000000000000009 3.7029075590853235 4.5000000000000009 10.500000000000002 8.5000000000000018 4.5000000000000009 4.5000000000000009
decision_type=2 2 2 2 2 2 2 2 2 2 2 2 2 2 2 2 2 2 2 2 2 2 2 2 2 2 2 2 2 2
left_child=1 3 18 17 5 6 8 -7 -4 -9 11 13 -13 -6 15 -12 -16 25 26 -20 21 27 -23 24 -21 -1 -2 29 -22 -3
right_child=2 20 4 -5 10 7 -8 9 -10 -11 14 12 -14 -15 16 -17 -18 -19 19 23 28 22 -24 -25 -26 -27 -28 -29 -30 -31
leaf_value=-0.050091065843417375 -0.06732266115787304 -0.05018737708637671 0.017926109494043777 -0.057308070091864505 -0.0056381607063065468 -0.032094212272228494 -0.10037776068782865 -0.012118952599774239 0.090521703992393454 0.041666421228151049 0.00259928480680134 -0.01742848508630487 0.050969203863333257 0.056322419480517187 -0.0014932030158946036 0.07655111433653336 0.0020198100562000766 0.17582028852984105 -0.051498919648739427 -0.050525793845445047 -0.050073904162946103 -0.050046024192343788 0.053232520792705101 0.083615275292706071 0.084098504972704075 0.094756954369615856 0.061357886147699769 0.054470078138390166 -0.074479124436326261 -0.08070016311861429
leaf_weight=0.12168394884792977 0.28056212887167875 0.24029401113511983 2.2699463242024676 0.32241851655999199 3.4277475212293202 4.3714439048781051 0.60854529467178498 2.9260637055267562 2.9509061459684744 5.1205730967922136 245.40410534487455 45.962329162284732 2.2513598439982152 3.3245734497904778 1415.4862641755608 2.5627938120160243 750.5236027170904 0.32257613597903401 0.19702880963450331 0.27188900791225057 0.8509102615353189 0.43655209118151084 0.61996245384216309 1.853288874030113 0.26974062016233802 0.24923460185527802 0.15084356069564819 0.0753302201628685 1.3243985399603841 0.46522675454616547
leaf_count=81 76 440 153 213 177 31 16 19 35 46 2397 1628 92 18 11266 25 6685 30 38 288 1475 805 3 8 17 1 1 1 7 2
internal_value=1.06628e-05 -0.0238307 5.88065e-05 0.0548863 9.28659e-07 0.0155816 0.0423248 0.00302761 0.0589583 0.022108 -0.000114225 -0.00943095 -0.0142346 0.0248688 9.79159e-05 0.00336359 -0.000275942 0.107047 0.0476726 0.0593237 -0.0437599 -0.018693 0.0105578 0.068441 0.0165194 0.047238 -0.0223287 -0.0582702 -0.0649326 -0.0703078
internal_weight=2495.24 5.02859 2490.21 1.01591 2487.19 18.2475 5.8294 12.4181 5.22085 8.04664 2468.94 54.966 48.2137 6.75232 2413.98 247.967 2166.01 0.693495 3.02335 2.59195 4.01267 1.83737 1.05651 2.39492 0.54163 0.370919 0.431406 0.780851 2.17531 0.705521
internal_count=26074 3058 23016 325 22588 300 204 96 188 65 22288 1915 1720 195 20373 2422 17951 112 428 351 2733 1251 808 313 305 82 77 443 1482 442
is_linear=0
shrinkage=0.05


Tree=171
num_leaves=30
num_cat=0
split_feature=4 5 4 3 3 3 2 2 2 2 2 4 9 5 1 5 4 0 5 3 3 9 2 6 3 5 3 1 3
split_gain=1.09826 5.5984 5.56953 4.60113 4.45622 3.89632 4.04597 8.45366 3.28574 2.64556 3.29863 2.0774 2.3238 4.13658 2.28897 6.75004 6.37431 4.3086 2.57628 9.20732 4.54216 2.01364 1.89173 1.71696 1.408 0.550415 0.379261 0.0233356 0.00136512
threshold=326.50000000000006 4.7793898552961567 333.50000000000006 11.500000000000002 6.5000000000000009 4.5000000000000009 55.527777777777786 59.414285714285718 52.033333333333339 94.354166666666671 94.788888888888906 340.50000000000006 2.5000000000000004 2.1116288141470183 52.500000000000007 2.4618037135278521 901.50000000000011 1.0000000180025095e-35 2.2392835272504601 5.5000000000000009 5.5000000000000009 6.5000000000000009 72.720779220779235 1.0000000180025095e-35 7.5000000000000009 2.357293043373784 4.5000000000000009 42.500000000000007 3.5000000000000004
decision_type=2 2 2 2 2 2 2 2 2 2 2 2 2 2 2 2 2 2 2 2 2 2 2 2 2 2 2 2 2
left_child=1 3 4 5 23 9 8 -8 -7 21 -11 12 -4 -14 15 16 -13 -17 19 -16 -20 -1 -15 -2 26 -6 27 -3 -29
right_child=2 24 11 -5 25 6 7 -9 -10 10 -12 14 13 22 18 17 -18 -19 20 -21 -22 -23 -24 -25 -26 -27 -28 28 -30
leaf_value=-0.03984074835699105 0.12153043956664478 -0.072946698393603279 -0.067722370344702659 -0.057894333718865071 0.029146898014714845 0.0047800154064727585 -0.03384576018169954 0.00068076891273506624 0.039981850052113604 0.30006828001222025 -0.050236284437443969 -6.753762608148711e-05 0.04914004660139687 -0.068686433021842505 -0.024283616951568901 0.009013544907930637 -0.081933260893526011 -0.020843648407025604 0.0028922868240840536 0.0085706037685963059 -0.0025490234119598127 -0.0029010325382620022 -0.0011514406893928344 0.043006064037257048 -0.24424115202495245 -0.0016148469685322174 -0.12038109521321685 -0.050465691866447088 -0.05654435229558246
leaf_weight=11.045951595238881 1.7688683599117194 0.27503297978546359 2.2730885719065537 3.7001246437430373 3.1568837389349937 18.349629086442295 19.526386380195618 192.57875601574779 10.378052294254301 0.13886360824108024 0.13022215597447939 5.480051414575426 2.0683033126406372 2.2346479673869908 23.981429740757449 192.27361219050363 4.2002151301130652 12.893347850302233 558.47719549457543 192.52334936894476 1224.293922763085 5.5392663446546058 1.9345811432576736 1.1478769613313489 0.16280718147754658 2.6959950663149357 0.48550477623939514 0.17178439110284671 0.19977433234453201
leaf_count=5251 25 26 25 18 20 113 84 1066 45 1 97 49 17 25 248 1889 26 74 4781 1326 9212 1446 25 32 1 22 2 126 2
internal_value=1.01781e-05 -0.00304785 0.00037017 -0.00253408 0.0401382 -0.00173916 -0.000112686 -0.00249774 0.0174969 -0.0249801 0.130541 0.000213262 -0.0244424 -0.00867026 0.000308033 0.00521215 -0.0355886 0.00713722 -0.000218975 0.00493146 -0.000844459 -0.0275033 -0.0373492 0.0906274 -0.106755 0.0149772 -0.0869835 -0.0619063 -0.053734
internal_weight=2494.09 262.682 2231.4 261.387 8.76962 257.687 240.833 212.105 28.7277 16.8543 0.269086 2222.63 8.51062 6.23753 2214.12 214.847 9.68027 205.167 1999.28 216.505 1782.77 16.5852 4.16923 2.91675 1.2949 5.85288 1.1321 0.646592 0.371559
internal_count=26074 8278 17796 8121 99 8103 1308 1150 158 6795 98 17697 92 67 17605 2038 75 1963 15567 1574 13993 6697 50 57 157 42 156 154 128
is_linear=0
shrinkage=0.05


Tree=172
num_leaves=31
num_cat=0
split_feature=4 3 5 8 4 0 1 5 6 3 5 7 7 5 2 9 5 4 10 2 5 3 2 2 5 5 5 9 5 5
split_gain=1.11885 2.62462 5.13832 2.72324 3.32437 2.61015 2.77651 4.0307 3.1758 2.4592 2.19643 2.57728 2.01936 5.43075 3.70777 1.87383 1.79737 1.76269 6.03962 4.4579 4.15859 3.43586 2.28137 2.50972 2.36883 2.20061 1.58559 6.0665 6.10552 5.80194
threshold=3961.0000000000005 7.5000000000000009 4.1570939102452806 1.0000000180025095e-35 6037.0000000000009 1.5000000000000002 82.500000000000014 3.5034288587229767 1.0000000180025095e-35 13.500000000000002 4.4358465781723071 3.5000000000000004 6.5000000000000009 3.5034288587229767 75.348484848484858 8.5000000000000018 3.2802931575877179 3689.5000000000005 1.0000000180025095e-35 83.911067193675905 4.1244208970691494 11.500000000000002 84.775252525252526 81.348484848484858 3.4632470400300703 3.8563954261401414 4.7793898552961567 5.5000000000000009 4.8978171455073607 4.5756519166561018
decision_type=2 2 2 2 2 2 2 2 2 2 2 2 2 2 2 2 2 2 2 2 2 2 2 2 2 2 2 2 2 2
left_child=17 2 15 4 -4 6 7 8 -3 -9 -5 -12 14 -14 -8 16 -2 26 22 20 21 -20 23 24 -19 -24 29 -28 -29 -1
right_child=1 5 3 10 -6 -7 12 9 -10 -11 11 -13 13 -15 -16 -17 -18 18 19 -21 -22 -23 25 -25 -26 -27 27 28 -30 -31
leaf_value=-4.0486008516365468e-05 0.018692611246057221 -0.058455076407507092 -0.046131648045822038 -0.022119997161388086 0.021462071280147405 0.034561076927492489 -0.014483253756146878 0.016210602683745828 -0.0051886148153055273 -0.0030599110330850445 -0.0075316708610713426 0.039854727125882637 0.03939407980022535 -0.021734783836647682 0.012531887980360741 -0.0028876128797862125 0.059187842585492013 -0.024493734259977536 -0.055047417823008239 0.02116420863736054 -0.079877956736897682 0.013687983307181071 0.030386112574696311 0.057348104060362906 0.017752546005916518 -0.035960688011454169 -0.0029489509571685719 0.047741693324842571 0.0089876481512749309 -0.015254544779206439
leaf_weight=1987.4773392074567 4.0605493094772092 3.5540171163156637 5.2726451531052589 3.4999681301414975 2.7770847640931606 5.5983233815059057 23.627274289727211 55.867149812635034 13.158717733807862 23.528030963614583 4.4946574177592975 7.9355352725833654 4.0694192573428145 33.906389315612614 27.465007831342518 2.322850825265049 8.4263629224151355 4.6309919506311514 3.8511221930384618 2.8965116646140805 5.6019719243049622 3.4439444933086634 1.6366556184366334 2.757232602685689 11.704692805185912 5.2875999566167593 104.50702867560904 12.608522700087631 52.402132284478284 64.704827372508589
leaf_count=21257 37 29 37 24 27 38 122 960 130 212 28 52 33 301 346 26 82 25 20 41 31 25 24 39 92 47 907 104 464 514
internal_value=9.63598e-06 0.00333568 0.0151921 0.00089088 -0.0228124 0.000924948 -9.19547e-05 0.00580203 -0.0165159 0.0105 0.0128685 0.0227202 -0.00645179 -0.0151843 3.89216e-05 0.0383486 0.0460194 -0.00032769 -0.0104987 -0.0348893 -0.0474782 -0.022598 0.00430738 0.0132237 0.00577618 -0.0202786 -0.000136278 0.00451126 0.0165038 -0.000520182
internal_weight=2493.07 229.564 38.7897 23.9799 8.04973 190.774 185.176 96.1079 16.7127 79.3952 15.9302 12.4302 89.0681 37.9758 51.0923 14.8098 12.4869 2263.51 41.8107 15.7936 12.897 7.29507 26.0172 19.0929 16.3357 6.92426 2221.7 169.518 65.0107 2052.18
internal_count=26074 2484 313 168 64 2171 2133 1331 159 1172 104 80 802 334 468 145 119 23590 344 117 76 45 227 156 117 71 23246 1475 568 21771
is_linear=0
shrinkage=0.05


Tree=173
num_leaves=31
num_cat=0
split_feature=8 2 4 4 3 7 3 6 6 10 7 1 7 2 4 5 4 4 5 5 3 2 4 4 9 4 6 11 5 5
split_gain=1.10411 1.54238 4.36028 4.31246 3.79895 5.09922 3.6115 3.9976 2.83428 2.4375 3.93567 2.3012 1.99842 6.02866 5.64926 4.1275 3.61216 3.05785 2.47053 10.3368 5.08444 4.84504 4.04066 3.86871 3.19144 1.6643 1.42691 1.33444 2.96249 2.17832
threshold=1.5000000000000002 52.519230769230781 1178.5000000000002 1250.5000000000002 7.5000000000000009 1.5000000000000002 6.5000000000000009 1.0000000180025095e-35 1.0000000180025095e-35 1.0000000180025095e-35 3.5000000000000004 72.500000000000014 7.5000000000000009 55.527777777777786 747.50000000000011 5.101066003045724 270.50000000000006 6776.0000000000009 2.8043879351837 3.4244203679681369 13.500000000000002 59.414285714285718 537.50000000000011 913.50000000000011 1.5000000000000002 1440.5000000000002 1.0000000180025095e-35 1.0000000180025095e-35 1.790947224661009 1.8299659863945581
decision_type=2 2 2 2 2 2 2 2 2 2 2 2 2 2 2 2 2 2 2 2 2 2 2 2 2 2 2 2 2 2
left_child=1 2 4 -4 6 -6 7 -1 -8 10 -5 -11 18 14 26 16 -15 -17 21 22 -21 24 -20 -23 -3 -16 -14 29 -29 -2
right_child=27 12 3 9 5 -7 8 -9 -10 11 -12 -13 13 15 25 17 -18 -19 19 20 -22 23 -24 -25 -26 -27 -28 28 -30 -31
leaf_value=0.0014483825483260506 -0.015864311814342506 0.01225202753269982 0.06856944523672491 -0.034322104788782469 0.020698246226559733 -0.044915504860624358 -0.0086863703006888112 -0.03253388737103035 0.035135464009237935 0.0063049848588093912 0.010734096949641312 0.055769822851503871 0.08662309620497434 -0.010468752137937704 -0.010120178491192754 -0.019846351213857 0.0053396606503000113 0.037622419801880212 -0.029087570027763535 0.0042105675935162033 -0.012888238801642894 0.0018256859462219997 -0.0087719162930656562 0.014920173354196962 -0.020829835097381035 0.027595673073349748 0.044282831649773736 0.050767173596983198 -0.0075005463867693599 -0.00021625896885648973
leaf_weight=19.082331993384287 22.830356186430436 9.6707457923039311 2.8387046318966886 7.582633399404588 3.7057690499350455 14.735733248293398 6.7041840925812695 15.83675846387632 8.2063225526362658 6.459870971390048 13.432913671946151 3.6968317871214822 3.5866279091569613 39.648979433899513 5.8539210646413249 27.932663143379617 407.74658482451923 2.5238266400992861 29.454776037950069 378.03203853243031 49.125965312123299 169.6228416612139 144.78203605220187 84.509359074756503 29.617682712676469 5.8460443699732423 4.4697630590526387 2.2247824187215874 111.94079370470718 860.54690099562868
leaf_count=334 1636 65 20 42 23 92 38 400 42 36 76 29 29 1249 29 254 3514 32 391 3377 325 2586 1078 752 186 27 29 193 1042 8148
internal_value=1.0129e-05 0.000869873 -0.00505628 0.00957008 -0.0123428 -0.0317306 -0.00516751 -0.0139635 0.0154319 0.0041973 -0.00552266 0.0243092 0.00130519 0.00384528 0.0309116 0.00272625 0.00393869 -0.0150841 -0.000107368 -0.00194249 0.00224409 0.00365389 -0.0122063 0.00618014 -0.0126868 0.00872505 0.0631323 -0.0012781 -0.00636506 -0.000620674
internal_weight=2492.25 1494.71 102.282 34.011 68.2711 18.4415 49.8296 34.9191 14.9105 31.1722 21.0155 10.1567 1392.42 497.608 19.7564 477.852 447.396 30.4565 894.815 601.395 427.158 293.421 174.237 254.132 39.2884 11.7 8.05639 997.543 114.166 883.377
internal_count=26074 15055 1132 203 929 115 814 734 80 183 118 65 13923 5163 114 5049 4763 286 8760 5171 3702 3589 1469 3338 251 56 58 11019 1235 9784
is_linear=0
shrinkage=0.05


Tree=174
num_leaves=26
num_cat=0
split_feature=2 3 3 2 2 7 9 4 5 5 2 3 3 5 6 5 4 9 7 2 1 2 4 3 4
split_gain=1.05014 1.63871 1.40118 1.5934 1.17573 5.12798 6.65282 1.42033 1.79979 2.84726 2.33236 1.1197 11.5226 9.37999 6.77465 5.86104 5.19334 4.26274 0.630092 0.47097 0.00951873 0.00441345 0.00381769 0.00185923 0.000210499
threshold=97.118055555555571 13.500000000000002 3.5000000000000004 97.944444444444457 96.414215686274517 4.5000000000000009 4.5000000000000009 9222.5000000000018 4.8373038381546616 5.0070841288917558 80.577380952380963 5.5000000000000009 6.5000000000000009 2.450639204545455 1.0000000180025095e-35 3.1791748803154047 244.50000000000003 9.5000000000000018 3.5000000000000004 66.033333333333346 117.50000000000001 72.279220779220793 949.50000000000011 8.5000000000000018 627.50000000000011
decision_type=2 2 2 2 2 2 2 2 2 2 2 2 2 2 2 2 2 2 2 2 2 2 2 2 2
left_child=4 2 3 -2 7 -6 -7 11 19 -10 -11 13 15 16 -15 -13 -1 -14 -4 -9 23 -21 24 -20 -5
right_child=1 -3 18 22 5 6 -8 8 9 10 -12 12 17 14 -16 -17 -18 -19 20 21 -22 -23 -24 -25 -26
leaf_value=0.0010869167014064653 0.089950602400112212 -0.046270252610928708 0.012617508985628328 -0.050410396282055986 0.054546190068799051 -0.11928885966068084 0.024672301143186262 0.01368137539523525 -0.059860745851019137 -0.0025868246803623721 0.053794372652336143 -0.0057184185358973528 2.0727845360665943e-05 0.01018846494956376 -0.00037231096826219844 -0.025250744445840075 -0.022814504777811669 0.014014229346343429 0.055135618623826724 0.057271329914536567 0.059587923302707763 0.052700691921117107 -0.058229098177858089 0.052092868930208439 -0.053454594479962751
leaf_weight=38.128242368722567 0.24687959253787883 0.7917235493659972 1.176846415735781 0.23776325173093937 1.4178232557605941 1.9211767215747388 1.3782416111789642 0.96660399436950584 1.4653770606964815 5.6589510031044465 2.7139962380751967 95.538613574579358 1515.8775484776124 248.12451813701773 391.40435007793712 64.225362258963287 56.263453080435283 56.448730216361582 1.0549380928277976 0.67844850942492518 1.0350214615464208 2.3842504865024239 0.483571523334831 0.95791339688003052 0.074604471796192229
leaf_count=4834 1 6 22 112 26 21 26 4 12 48 88 474 11449 2849 4362 313 745 524 18 7 13 79 7 31 3
internal_value=9.68055e-06 0.0207997 0.0308805 -0.0210244 -4.10207e-05 -0.0249794 -0.059153 6.41716e-06 0.0159632 0.00443576 0.0156885 -8.33161e-05 -0.000776843 0.00155344 0.00372506 -0.0135704 -0.0131599 0.000523114 0.0436926 0.0441098 0.0556913 0.0537132 -0.055446 0.0536876 -0.0511375
internal_weight=2490.65 6.05926 5.26754 1.04282 2484.6 4.71724 3.29942 2479.88 13.8676 9.83832 8.37295 2466.01 1732.09 733.921 639.529 159.764 94.3917 1572.33 4.22472 4.0293 3.04787 3.0627 0.795939 2.01285 0.312368
internal_count=26074 213 207 123 25861 73 47 25788 238 148 136 25550 12760 12790 7211 787 5579 11973 84 90 62 86 122 49 115
is_linear=0
shrinkage=0.05


Tree=175
num_leaves=27
num_cat=0
split_feature=3 3 5 7 3 2 3 0 9 9 3 3 6 6 4 2 5 0 7 3 4 9 7 4 4 1
split_gain=1.04028 4.29467 5.47032 2.78531 2.65177 4.47911 5.16576 3.97356 4.91566 2.81378 2.45585 8.48025 5.52962 4.18493 3.04037 2.89641 2.1595 4.59441 2.32001 1.97698 1.9148 1.56323 1.0855 0.702813 0.47481 0.347833
threshold=21.500000000000004 20.500000000000004 2.9894381908528551 2.5000000000000004 16.500000000000004 68.80625000000002 17.500000000000004 1.0000000180025095e-35 5.5000000000000009 6.5000000000000009 15.500000000000002 14.500000000000002 1.0000000180025095e-35 1.0000000180025095e-35 1440.5000000000002 75.20714285714287 3.0005861664712783 1.0000000180025095e-35 5.5000000000000009 11.500000000000002 6037.0000000000009 3.5000000000000004 7.5000000000000009 3624.5000000000005 9222.5000000000018 82.500000000000014
decision_type=2 2 2 2 2 2 2 2 2 2 2 2 2 2 2 2 2 2 2 2 2 2 2 2 2 2
left_child=1 4 -3 25 10 7 21 8 -6 -8 11 19 14 -13 -12 -14 23 18 -18 -1 22 -7 -5 -2 -22 -4
right_child=16 2 3 20 5 6 9 -9 -10 -11 12 13 15 -15 -16 -17 17 -19 -20 -21 24 -23 -24 -25 -26 -27
leaf_value=-0.00044168387222885799 0.031003423083642463 -0.061754961396386081 0.043109163999771299 -0.00074456683113217545 -0.032261682847600122 -0.029179231238068756 -0.0249795728469266 0.039671622437001425 0.027130504979894818 0.016679128815290274 -0.059665095618266911 -0.057207834480921829 0.037038030741234095 -0.015246469417053585 -0.0023407603516632843 0.0071386579088861856 -0.082411329663162669 0.012003884147590876 -0.023187635793655396 0.0033866086617833969 0.057056173477748731 -0.073758315649673889 0.02714916441346768 -0.0048444832615446706 0.020784071118589945 0.069238236887514279
leaf_weight=1913.2180695178686 2.8099015951156643 1.900620069354775 2.1574117857962873 9.8016852810978907 8.7444671317935008 3.0828458815813082 11.447187202051284 6.0327643156051627 5.7911145091056815 6.2755399169400325 3.1168345287442198 8.0120160244405287 16.65977319329977 22.997740089893341 8.9695355892181379 15.7643028749153 3.1958922762423736 4.9245200380682945 3.4266899302601814 409.39668527361937 3.1363922376185647 5.4308538986369967 5.4145879615098229 2.6630873568356037 1.2665678705088792 3.109411932528019
leaf_count=21023 20 11 30 64 40 17 74 27 27 48 16 40 85 123 66 194 22 26 24 3896 40 40 45 21 28 27
internal_value=9.63988e-06 9.44672e-05 0.0200062 0.0262506 -0.000123685 -0.0119105 -0.0256057 0.00555874 -0.00859927 -0.0102284 0.000106359 -0.000113678 0.0117415 -0.0260881 -0.0171236 0.0225012 -0.0123093 -0.0245708 -0.0517675 0.000233112 0.0175837 -0.057616 0.00918119 0.0135603 0.046622 0.0585352
internal_weight=2488.75 2471.73 26.7867 24.8861 2444.94 46.8048 26.2364 20.5683 14.5356 17.7227 2398.13 2353.62 44.5104 31.0098 12.0864 32.4241 17.0201 11.5471 6.62258 2322.61 19.6192 8.5137 15.2163 5.47299 4.40296 5.26682
internal_count=26074 25961 245 234 25716 273 179 94 67 122 25443 25082 361 163 82 279 113 72 46 24919 177 57 109 41 68 57
is_linear=0
shrinkage=0.05


Tree=176
num_leaves=31
num_cat=0
split_feature=8 2 5 3 4 7 5 7 3 2 2 2 2 2 4 5 2 11 5 7 9 5 7 10 7 7 0 2 4 1
split_gain=1.01888 1.4808 5.43157 1.43387 1.56542 1.43471 3.96463 2.08303 1.31491 1.34848 5.1257 4.45247 3.59168 2.59263 4.15781 4.47511 3.75848 3.12179 2.31777 2.25287 1.30957 1.75265 1.12034 0.925425 1.5753 1.86516 1.22981 0.693536 3.67674 0.570819
threshold=1.5000000000000002 40.100000000000009 1.8667804323094428 23.500000000000004 9222.5000000000018 7.5000000000000009 2.033573334560177 1.0000000180025095e-35 2.5000000000000004 68.279220779220793 68.464102564102589 68.612500000000011 69.964285714285737 53.621428571428581 146.50000000000003 2.250342465753425 52.519230769230781 1.0000000180025095e-35 2.5985898008838579 4.5000000000000009 1.0000000180025095e-35 3.4764054214614188 9.5000000000000018 1.0000000180025095e-35 6.5000000000000009 7.5000000000000009 2.5000000000000004 33.309523809523817 1614.5000000000002 82.500000000000014
decision_type=2 2 2 2 2 2 2 2 2 2 2 2 2 2 2 2 2 2 2 2 2 2 2 2 2 2 2 2 2 2
left_child=1 2 -1 4 5 7 -7 -3 23 13 -11 -12 -13 16 19 -16 17 -10 -18 -15 21 -4 29 -2 -25 -26 -27 28 -22 -6
right_child=8 3 20 -5 22 6 -8 -9 9 10 11 12 -14 14 15 -17 18 -19 -20 -21 27 -23 -24 24 25 26 -28 -29 -30 -31
leaf_value=0.13119392238765915 -0.050087388887475319 0.0051534344580932163 -0.052202118653153134 -0.033981786928768458 0.054100204942665847 0.01819553485345991 0.0017581907994743636 -0.001276894115602441 0.0037883051495588658 0.047254577675580098 -0.041147538993272406 0.015398736042646039 -0.00064168153869707876 -0.0050159291939427452 0.010911843820485803 -0.006991885221455065 -0.0047568462864074051 -0.02646001279829709 0.04393609550349268 -0.05071717143930813 -0.051600922707062284 0.12512405310566294 -0.02407727304338873 -0.050274646658642043 0.1696349666355163 -0.05031061621617762 0.089271992263726813 -0.055922693416888471 0.17516258003848281 0.020301503290289704
leaf_weight=0.52030017279321228 2.3399905299884258 149.57335698785027 0.28252676271949884 2.9337664172053328 2.3195110894739619 39.652626142546069 490.0419397848018 797.13518702122383 68.524872418725863 5.7732678359607226 6.5294396877288809 37.24422779167071 554.08025453600567 4.1535819701384735 40.669719845056534 246.13015478174202 3.4165407367981961 9.7425999576225859 8.5841327933594567 7.6877208658261225 1.0625473637774119 0.27495512657333165 0.92140579130500544 0.86186745675513499 0.22327784597291611 0.41503982152789831 0.25460938701871783 3.8832577043795027 0.21490873396396626 2.7072771154344082
leaf_count=51 2930 1424 29 21 81 939 4442 7698 535 35 33 206 4536 27 203 1267 17 92 44 58 156 17 20 604 62 366 4 131 2 44
internal_value=9.77736e-06 0.000836852 -0.0234722 0.000938955 0.00100807 0.000904934 0.00298868 -0.000260947 -0.00122799 -0.00111134 0.000367965 -8.48023e-05 0.000368615 -0.00340738 -0.00565182 -0.00445304 0.00401809 2.30467e-05 0.0300734 -0.0346865 -0.0375454 0.0352568 0.0266069 -0.0295033 -0.00205481 0.0444877 0.00276052 -0.0454097 -0.0134521 0.0358972
internal_weight=2488.15 1491.52 6.2385 1485.29 1482.35 1476.4 529.695 946.709 996.631 992.537 603.627 597.854 591.324 388.909 298.641 286.8 90.2681 78.2675 12.0007 11.8413 5.7182 0.557482 5.94819 4.09479 1.75479 0.892927 0.669649 5.16071 1.27746 5.02679
internal_count=26074 15055 386 14669 14648 14503 5381 9122 11019 7053 4810 4775 4742 2243 1555 1470 688 627 61 85 335 46 145 3966 1036 432 370 289 158 125
is_linear=0
shrinkage=0.05


Tree=177
num_leaves=31
num_cat=0
split_feature=4 3 5 1 4 3 3 9 9 4 3 4 0 3 1 0 5 2 3 9 5 8 9 10 4 10 5 2 2 7
split_gain=0.998312 2.3877 4.79949 2.65396 3.60016 4.6979 2.53613 4.22454 4.02068 8.92523 3.69868 4.26814 3.27819 3.1976 4.23684 3.83886 3.61791 3.1266 2.98433 1.78297 1.73864 1.65252 3.36743 2.05812 1.81886 5.56495 4.70035 2.16988 2.22925 1.96429
threshold=3961.0000000000005 7.5000000000000009 4.1570939102452806 52.500000000000007 6776.0000000000009 5.5000000000000009 11.500000000000002 6.5000000000000009 4.5000000000000009 5837.5000000000009 9.5000000000000018 5026.0000000000009 1.0000000180025095e-35 12.500000000000002 82.500000000000014 1.5000000000000002 3.7302231415099305 68.031250000000014 18.500000000000004 8.5000000000000018 3.2802931575877179 3.5000000000000004 9.5000000000000018 1.0000000180025095e-35 3689.5000000000005 1.0000000180025095e-35 4.2748772348445554 85.193750000000009 88.522727272727295 3.5000000000000004
decision_type=2 2 2 2 2 2 2 2 2 2 2 2 2 2 2 2 2 2 2 2 2 2 2 2 2 2 2 2 2 2
left_child=21 2 19 -4 5 -5 7 8 12 -10 11 -9 -3 14 17 18 -16 -8 -15 20 -2 24 -23 -24 -1 27 -27 29 -29 -26
right_child=1 6 3 4 -6 -7 13 10 9 -11 -12 -13 -14 15 16 -17 -18 -19 -20 -21 -22 22 23 -25 25 26 -28 28 -30 -31
leaf_value=-0.00024217416554811263 0.018033871590089748 0.00065775366106671554 0.042143054900851795 -0.0013283800377355251 0.030263434827041899 -0.06365410845101914 0.0031667548913371251 0.035877990697725758 -0.01585125322238766 -0.13129122470759746 0.064181249159948078 -0.051618848729867772 -0.062252379824344964 -0.011966648534668153 -0.055332863264184018 0.046779755496105781 0.0049287949892730292 0.037572220482119362 0.0070588085318106248 -0.0029206130182411333 0.058219882218766152 -0.0020916819757647582 0.066081928794436293 0.01412939613451931 0.035298166317226785 -0.012626889377525055 -0.068961532089149527 -0.053133923673152096 0.0099263891773132395 0.0010126434523521422
leaf_weight=2197.8441367122578 4.0227333307266226 14.307467238977557 3.3358333334326771 11.28449993953109 5.1485894583165637 4.1300759837031356 9.9634628221392649 2.9680873956531268 5.3574013151228419 2.4355317037552595 2.923721800558269 2.6277292668819427 2.4212041646242133 53.87480844091624 2.6911500804126254 3.7800173051655284 33.432577040046453 19.579405264230445 33.384250458795577 2.3189307693392029 8.1334447208791953 12.395354243664771 3.8171498753072219 3.8081634737900458 5.9626198168844047 9.6022224873304349 6.0266280099749556 3.0196740999817839 2.6152711985632777 13.954471515491603
leaf_count=23055 37 128 31 79 37 21 50 27 45 24 36 24 15 432 41 20 394 645 290 26 82 117 38 41 46 76 39 22 39 117
internal_value=8.95786e-06 0.00316128 0.0145361 0.000774501 -0.00593646 -0.0180275 0.000860851 -0.0117279 -0.0222661 -0.0519298 0.0186039 -0.00520949 -0.00844747 0.00351517 0.0119249 -0.00255077 0.000439414 0.0259688 -0.00468774 0.0372571 0.0449215 -0.000309367 0.0139918 0.0401363 -0.000437244 -0.0108482 -0.03435 0.00352667 -0.0238666 0.0112768
internal_weight=2487.17 228.121 38.3741 23.899 20.5632 15.4146 189.747 33.0411 24.5216 7.79293 8.51954 5.59582 16.7287 156.706 65.6666 91.0391 36.1237 29.5429 87.2591 14.4751 12.1562 2259.05 20.0207 7.62531 2239.03 41.1809 15.6289 25.552 5.63495 19.9171
internal_count=26074 2484 313 168 137 100 2171 299 212 69 87 51 143 1872 1130 742 435 695 722 145 119 23590 196 79 23394 339 115 224 61 163
is_linear=0
shrinkage=0.05


Tree=178
num_leaves=27
num_cat=0
split_feature=2 3 3 2 2 9 4 9 9 0 1 5 5 5 2 2 7 5 7 5 9 9 1 4 3 4
split_gain=0.981914 1.5063 1.29999 1.48289 1.04602 4.62383 1.23863 1.64803 2.05986 1.84362 1.38819 1.37633 1.83825 1.34232 2.87148 3.66131 2.9347 1.56949 6.96849 2.62245 0.628489 0.476568 0.00837699 0.00320795 0.000824877 0.000180504
threshold=97.118055555555571 13.500000000000002 3.5000000000000004 97.944444444444457 96.414215686274517 5.5000000000000009 8514.5000000000018 3.5000000000000004 7.5000000000000009 1.0000000180025095e-35 117.50000000000001 5.7216090559935324 4.8978171455073607 6.138655058293625 83.911067193675905 87.80625000000002 1.5000000000000002 5.2001884422110569 2.5000000000000004 5.151043593538045 3.5000000000000004 1.5000000000000002 117.50000000000001 949.50000000000011 8.5000000000000018 627.50000000000011
decision_type=2 2 2 2 2 2 2 2 2 2 2 2 2 2 2 2 2 2 2 2 2 2 2 2 2 2
left_child=4 2 3 -2 6 -6 13 11 9 -9 -10 12 -8 17 16 -16 -15 19 -19 -1 -4 -13 24 25 -22 -5
right_child=1 -3 20 23 5 -7 7 8 10 -11 -12 21 -14 14 15 -17 -18 18 -20 -21 22 -23 -24 -25 -26 -27
leaf_value=-9.3558181284736383e-05 0.086585570365282111 -0.043307866964823548 0.010272564524482691 -0.050386568461449448 -0.055655468727006233 0.051846046524443801 0.054259421648799024 -0.021384352744180279 0.054234445667131197 0.037472681749604657 -0.014297913476301386 0.033925787607912684 -0.013460615806621801 -0.033892855055194057 -0.093510193891890511 -0.0087758321000863306 0.0033588823951476686 0.031354057864564806 -0.0011475575035008701 -0.026759796327073662 0.053938970041029481 0.073810972053351645 0.058495556154547129 -0.05777088111992279 0.051897979849254074 -0.053277959455200585
leaf_weight=2315.7030235453276 0.24399942159652599 0.80065081268548954 1.0771823516115544 0.22232983927824534 3.3378161462023845 1.4282779905479399 1.6383692231029297 7.539276860188691 2.4912907469552006 1.615614056587219 1.0505012301728127 1.3022174574434757 2.5803591869771481 6.5738201400381504 2.1665525655262163 3.0974531470565125 27.009400780458236 21.530737039283849 70.467671143211192 9.2567074669059348 0.98250926099717639 1.7626816867850721 1.0158140212297437 0.46252742339856923 0.99780148360878229 0.071283822879195213
leaf_count=24212 1 6 16 112 36 37 39 103 70 8 19 21 29 48 19 38 248 187 638 83 19 26 14 7 35 3
internal_value=9.70397e-06 0.0204281 0.0304864 -0.0205912 -3.86481e-05 -0.02344 6.40139e-06 0.0124052 0.00152895 -0.0109975 0.0339076 0.0313646 0.0128389 -9.44749e-05 -0.00931499 -0.0436507 -0.00393304 5.37244e-05 0.00645892 -0.000199728 0.0430278 0.0568645 0.0548041 -0.0551761 0.0529106 -0.0510885
internal_weight=2486.43 5.8741 5.07345 1.00014 2480.55 4.76609 2475.79 19.9803 12.6967 9.15489 3.54179 7.28363 4.21873 2455.81 38.8472 5.26401 33.5832 2416.96 91.9984 2324.96 4.07331 3.0649 2.99612 0.756141 1.98031 0.293614
internal_count=26074 213 207 123 25861 73 25788 315 200 111 89 115 68 25473 353 57 296 25120 825 24295 84 47 68 122 54 115
is_linear=0
shrinkage=0.05


Tree=179
num_leaves=31
num_cat=0
split_feature=4 7 4 1 10 6 2 5 2 5 2 2 5 4 2 9 2 5 2 9 9 3 3 7 5 3 10 3 3 3
split_gain=0.976655 2.95397 2.5952 2.24906 1.69209 1.39284 1.33878 1.25941 2.36425 3.16004 3.79365 1.86319 2.68675 1.53373 3.3936 3.39558 1.30506 1.08601 1.0049 0.842549 0.803807 0.97945 0.716117 0.660694 1.26797 0.389039 0.207044 0.0984963 0.0963364 0.0426019
threshold=18.500000000000004 1.0000000180025095e-35 39.500000000000007 117.50000000000001 1.0000000180025095e-35 1.0000000180025095e-35 62.041666666666679 1.6677927927927929 64.866071428571445 1.6251491646778045 54.612500000000004 80.809090909090926 1.5019379844961243 146.50000000000003 92.511904761904773 7.5000000000000009 26.200000000000003 3.8563954261401414 49.354166666666679 2.5000000000000004 1.0000000180025095e-35 4.5000000000000009 4.5000000000000009 7.5000000000000009 1.7049805722359592 8.5000000000000018 1.0000000180025095e-35 4.5000000000000009 10.500000000000002 4.5000000000000009
decision_type=2 2 2 2 2 2 2 2 2 2 2 2 2 2 2 2 2 2 2 2 2 2 2 2 2 2 2 2 2 2
left_child=1 3 5 4 22 18 -7 8 9 10 -4 12 -10 14 15 -9 -15 -18 -2 20 25 -22 -1 24 -20 29 -25 -21 -8 -3
right_child=2 19 7 -5 -6 6 28 13 11 -11 -12 -13 -14 16 -16 -17 17 -19 23 27 21 -23 -24 26 -26 -27 -28 -29 -30 -31
leaf_value=-0.05007218872231433 -0.05156426413051305 -0.050175230408853466 -0.077969908994308612 -0.056388899450763141 0.19963031486287036 0.068179543143056839 -0.050079169048948893 -0.011317739955371294 -0.0069559597301976431 0.023325707118974817 0.017982796855488588 -0.010498940074479352 0.063323557034070735 -0.052659498290796525 -0.11128120479509002 0.029272461440552712 0.00084901352261220874 -0.001415024223945704 -0.068695167036367327 -0.050069177360576006 -0.050041857598618879 0.051043505727058583 0.090389141488128683 0.067276456978120389 0.059140139311813569 0.05420101289639067 0.10454442267752438 -0.072649707179672326 -0.10139150602573362 -0.077230306081170541
leaf_weight=0.14338012537336808 0.20581113165826526 0.21454034632188301 2.3817143227206561 0.31129815871827304 0.28149688936537132 0.23490013674017962 0.14426718186587095 47.450102661678102 1.8742273055540843 4.6659800638444722 1.8151869049761442 2.0320500952657312 4.9556706768926233 1.1723547570290964 0.79039186306181264 5.7800662876397828 1616.9764948939264 787.69443861319451 0.23134955129353363 0.77349842904368449 0.39047420304268576 0.62032115459442139 0.24717360734939575 0.74010924538015366 1.2007500796753445 0.071500524878501892 0.75066724076168612 1.2856257334351537 0.24995291233062744 0.45216195285320282
leaf_count=156 32 440 47 127 41 15 227 1584 41 35 27 31 102 164 39 207 13424 6785 41 1475 805 3 1 67 122 1 25 7 1 2
internal_value=9.70823e-06 -0.0225424 5.32563e-05 0.0547151 0.106179 0.0415734 -0.0263105 -9.71819e-06 0.0132705 -0.00498964 -0.0364697 0.0315325 0.0440378 -0.00010541 -0.00843729 -0.0069102 8.16731e-05 0.000107386 0.0552236 -0.0424921 -0.0169734 0.0119938 0.038823 0.062743 0.0384889 -0.0566373 0.0860424 -0.0641675 -0.0826135 -0.0685242
internal_weight=2486.14 4.79147 2481.35 0.983349 0.672051 3.75781 0.62912 2477.59 17.7248 8.86288 4.1969 8.86195 6.8299 2459.86 54.0206 53.2302 2405.84 2404.67 3.12869 3.80812 1.749 1.0108 0.390554 2.92288 1.4321 0.738203 1.49078 2.05912 0.39422 0.666702
internal_count=26074 3058 23016 325 198 530 243 22486 283 109 74 174 143 22203 1830 1791 20373 20209 287 2733 1251 808 157 255 163 443 92 1482 228 442
is_linear=0
shrinkage=0.05


Tree=180
num_leaves=31
num_cat=0
split_feature=1 1 2 2 2 3 0 3 3 4 4 3 3 9 6 5 10 9 3 5 7 6 2 2 10 5 4 4 10 4
split_gain=0.982065 5.07923 3.15822 3.69309 4.50548 2.93212 2.7215 3.61957 2.83201 4.93031 2.48539 2.07369 5.76287 14.2516 13.2609 13.653 11.5776 7.49304 6.61088 5.75568 4.90506 7.56195 5.43733 5.75495 4.71828 5.98025 4.66143 5.12584 5.05599 4.92031
threshold=52.500000000000007 42.500000000000007 75.720779220779235 76.964285714285737 77.343137254901976 8.5000000000000018 1.0000000180025095e-35 6.5000000000000009 9.5000000000000018 2965.5000000000005 1178.5000000000002 4.5000000000000009 5.5000000000000009 9.5000000000000018 1.0000000180025095e-35 2.7274423337856177 1.0000000180025095e-35 9.5000000000000018 6.5000000000000009 3.5034288587229767 6.5000000000000009 1.0000000180025095e-35 89.720779220779235 86.369318181818201 1.0000000180025095e-35 1.0000000180025095e-35 2090.5000000000005 2658.5000000000005 1.0000000180025095e-35 1511.5000000000002
decision_type=2 2 2 2 2 2 2 2 2 2 2 2 2 2 2 2 2 2 2 2 2 2 2 2 2 2 2 2 2 2
left_child=1 2 6 -4 -5 -6 8 -8 10 -10 -1 20 13 14 15 -13 -16 18 19 -14 21 24 23 -23 -2 -26 28 -28 -22 -30
right_child=11 -3 3 4 5 -7 7 -9 9 -11 -12 12 17 -15 16 -17 -18 -19 -20 -21 26 22 -24 -25 25 -27 27 -29 29 -31
leaf_value=-0.0025664433348126922 -0.0066699804042748105 0.074064429425759956 0.037752231882487108 -0.04784365387727859 0.001301616291561237 0.019348697392052232 -0.076247984428092941 -0.0077015155336559935 0.0045006315068614154 -0.05048054408705234 0.014269279253304516 -0.00440503026652305 -0.0060818838584757277 -0.053015025597238058 -0.012307911572282185 0.022827738729866771 0.016057919347752591 0.017011540655682413 -0.0007424522034690154 -0.029093481653809917 -0.011421032029683484 0.0075665815429567119 0.035092742844298537 -0.026531130417077109 0.25321037192745915 -0.050347073425932698 0.032005223829792442 -0.014458448795140497 -0.024730418954194051 -0.079961880222145107
leaf_weight=83.270731497992529 23.63078530805069 2.487176500959321 9.8476463775732537 3.7847860418260089 62.958839590835851 35.028474708087742 2.8301975511130859 6.0272307433187962 9.0281709656119364 7.4355786740779868 29.754678487079218 64.546173844486475 103.01612478960305 10.123340398073195 116.37376231513917 160.38598470017314 52.066785404458642 54.86191312270239 1370.4835949123371 36.909174079075456 63.134008772147354 93.132988983677933 15.085746431170262 14.270743833621962 0.1646425922808693 11.152767543331718 10.897398064378651 13.036987707717342 14.283221109712033 5.6185583618935189
leaf_count=1169 1615 33 85 34 659 728 33 30 50 38 158 302 510 57 539 1021 275 529 10185 181 2956 2817 180 125 176 450 67 94 926 52
internal_value=9.14193e-06 0.00296506 0.00225762 0.00851459 0.0056855 0.00775308 -0.00279058 -0.029604 -0.000956461 -0.0203307 0.00186567 -0.000325016 0.000233353 0.00556139 0.00706884 0.0150131 -0.00353973 -0.00114011 -0.00179942 -0.0121518 -0.0044826 0.00113088 0.00698411 0.00303602 -0.019384 -0.045931 -0.0127445 0.0066966 -0.0183482 -0.0403231
internal_weight=2485.63 252.454 249.966 111.62 101.772 97.9873 138.347 8.85743 129.489 16.4637 113.025 2233.17 1968.77 403.496 393.373 224.932 168.441 1565.27 1510.41 139.925 264.408 157.438 122.489 107.404 34.9482 11.3174 106.97 23.9344 83.0358 19.9018
internal_count=26074 3017 2984 1506 1421 1387 1478 63 1415 88 1327 23057 13599 2194 2137 1323 814 11405 10876 691 9458 5363 3122 2942 2241 626 4095 161 3934 978
is_linear=0
shrinkage=0.05


Tree=181
num_leaves=31
num_cat=0
split_feature=4 0 5 11 5 6 3 4 2 10 5 1 6 5 4 3 3 2 3 4 3 5 4 4 3 3 3 4 2 10
split_gain=0.972525 3.00295 3.26553 4.27997 4.2092 3.23277 6.3935 3.13702 2.71347 2.69031 2.56476 2.43764 2.12983 9.88927 8.27534 7.69745 11.6488 17.0144 7.32489 8.52994 7.12161 7.50053 7.10814 7.76254 6.80499 14.2722 11.0882 8.36197 6.62291 6.44225
threshold=3157.5000000000005 1.5000000000000002 4.5756519166561018 1.0000000180025095e-35 2.5985898008838579 1.0000000180025095e-35 8.5000000000000018 6225.5000000000009 75.511904761904773 1.0000000180025095e-35 4.5956459953420454 202.50000000000003 1.0000000180025095e-35 3.166427889207259 2239.5000000000005 4.5000000000000009 8.5000000000000018 71.236111111111128 11.500000000000002 794.50000000000011 4.5000000000000009 2.6735767991407093 2805.5000000000005 1661.5000000000002 7.5000000000000009 6.5000000000000009 12.500000000000002 555.50000000000011 47.071428571428577 1.0000000180025095e-35
decision_type=2 2 2 2 2 2 2 2 2 2 2 2 2 2 2 2 2 2 2 2 2 2 2 2 2 2 2 2 2 2
left_child=12 2 4 10 9 6 -6 -5 -7 -2 -4 -12 14 24 18 22 17 -17 20 -20 29 -22 23 -15 25 -14 27 -26 -27 -1
right_child=1 -3 3 7 5 8 -8 -9 -10 -11 11 -13 13 15 -16 16 -18 -19 19 -21 21 -23 -24 -25 26 28 -28 -29 -30 -31
leaf_value=-0.0047251068117879682 -0.0017556176939163806 0.03421738470813266 -0.044079687398187156 -0.049335478039604114 0.022878540749143916 0.0037189032274170144 -0.014046126232584642 0.0062027091120872473 0.016959818565871077 -0.055123675654535825 -0.0013271177837823269 0.052416917846591041 -0.0013689947666091315 -0.0025506412310637469 0.01718596658708621 -0.0038165647038317652 -0.0026392733752653146 -0.033570700251851174 -0.047915837833583247 -0.0054952282353395686 -0.0025480133924761002 0.0072555521615620209 -0.043207447617763954 0.019705737841003334 0.0054176915074036006 -0.035341602104732667 0.011883927372407312 -0.021516817665511737 0.022776547550967641 -0.041652390678335101
leaf_weight=38.201123866339913 4.9653555713593942 7.2682080185040823 3.4509772560559204 8.5049748281016928 16.551133040338755 73.683951538056135 40.189331994391978 3.6268222061917177 81.478196568321437 4.5030347891151905 116.1993865899276 2.1488525420427314 172.01380933137261 121.7800443606975 75.795040507917292 95.112398195080459 261.94633127842098 97.093839809298515 16.157393433153629 44.455644177272916 384.54470595065504 396.03611788991839 8.1236977078951877 57.758594255195931 43.291670744307339 5.0999531839042893 72.762197436764836 86.176773091778159 126.23042491264641 17.096844862302532
leaf_count=3186 40 50 27 61 137 424 461 30 1192 39 1140 14 4273 1950 600 458 1908 480 81 284 2478 2912 49 389 279 35 499 597 771 1230
internal_value=9.34158e-06 0.00240231 0.00175149 -0.00441117 0.00547994 0.00693734 -0.00327524 -0.0327322 0.0106719 -0.0271367 -0.00159026 -0.000351286 -0.000399975 -0.00185896 0.00132176 -0.00597883 -0.0094987 -0.018847 -1.95006e-05 -0.0168031 0.00119755 0.00242593 0.00253942 0.00460936 0.00337113 0.00810751 -0.0037334 -0.0125105 0.0205196 -0.0161422
internal_weight=2482.25 362.57 355.302 133.931 221.371 211.903 56.7405 12.1318 155.162 9.46839 121.799 118.348 2119.68 1147.39 972.287 641.815 454.153 192.206 896.492 60.613 835.879 780.581 187.662 179.539 505.575 303.344 202.231 129.468 131.33 55.298
internal_count=26074 3615 3565 1272 2293 2214 598 91 1616 79 1181 1154 22459 11688 10771 5234 2846 938 10171 365 9806 5390 2388 2339 6454 5079 1375 876 806 4416
is_linear=0
shrinkage=0.05


Tree=182
num_leaves=24
num_cat=0
split_feature=2 3 3 5 7 3 2 3 0 3 3 6 5 0 4 4 4 1 4 3 4 3 4
split_gain=1.32405 0.970254 3.77718 5.08458 2.67016 2.47054 3.95391 4.4178 3.57497 2.21552 7.67431 4.77018 1.94071 4.06164 2.10181 1.79159 0.666323 0.338137 0.00223844 7.49586e-05 2.87168e-05 7.40378e-06 4.50682e-08
threshold=26.200000000000003 21.500000000000004 20.500000000000004 2.9894381908528551 2.5000000000000004 16.500000000000004 68.80625000000002 17.500000000000004 1.0000000180025095e-35 15.500000000000002 14.500000000000002 1.0000000180025095e-35 3.0005861664712783 1.0000000180025095e-35 4528.0000000000009 6037.0000000000009 3624.5000000000005 82.500000000000014 1531.5000000000002 4.5000000000000009 1387.5000000000002 2.5000000000000004 520.50000000000011
decision_type=2 2 2 2 2 2 2 2 2 2 2 2 2 2 2 2 2 2 2 2 2 2 2
left_child=18 2 5 -4 17 9 8 -8 -7 10 -2 -11 16 14 -14 -6 -3 -5 19 20 21 22 -1
right_child=1 12 3 4 15 6 7 -9 -10 11 -12 -13 13 -15 -16 -17 -18 -19 -20 -21 -22 -23 -24
leaf_value=-0.050049488210250882 0.00026063646926397801 0.029926098811095338 -0.059736764934865197 0.04197313008577945 0.0086407673569758245 -0.0084379346562622245 -0.053330502150648655 -0.0098810254489096888 0.037347206468851271 -0.015465546177627463 -0.024733755264212599 0.021336975522671959 -0.079143546601504494 0.011015108570255581 -0.022730377030323667 0.045652730982546186 -0.005117756460276679 0.068265987329683656 -0.05556006998306056 -0.051463347029709131 -0.051348802182156483 -0.050505424096607056 -0.050117452869593737
leaf_weight=0.13042430888162815 2312.5133526603749 2.7720714509487179 1.9018768742680574 2.071698916610333 15.083137879148127 14.50022002309561 8.729456898756327 17.73767926171422 6.0391572564840308 12.138928696513174 31.124349307268858 32.056527959182858 3.0875767245888692 4.9079340323805809 3.5488915499299765 4.1745172920636824 2.6561680100858212 2.9842105656862259 0.37797214090824127 0.3564269132912159 0.082652811426669359 0.22830715589225292 0.030002887739101425
leaf_count=198 24643 20 11 30 109 67 57 122 27 82 163 279 15 26 31 68 21 27 5 17 4 33 19
internal_value=9.98559e-06 3.54741e-05 0.000117637 0.0189954 0.025154 -8.56161e-05 -0.0114371 -0.0242116 0.00502419 0.000137848 -7.1298e-05 0.0112286 -0.0118782 -0.0234718 -0.0489763 0.0166639 0.0127783 0.0574923 -0.0523719 -0.0509162 -0.0505025 -0.0503225 -0.0500622
internal_weight=2479.23 2478.03 2461.06 26.2154 24.3136 2434.84 47.0065 26.4671 20.5394 2387.83 2343.64 44.1955 16.9726 11.5444 6.63647 19.2577 5.42824 5.05591 1.20579 0.827814 0.471387 0.388734 0.160427
internal_count=26074 25798 25685 245 234 25440 273 179 94 25167 24806 361 113 72 46 177 41 57 276 271 254 250 217
is_linear=0
shrinkage=0.05


Tree=183
num_leaves=31
num_cat=0
split_feature=1 9 9 4 4 2 0 1 5 7 4 5 3 4 4 3 1 2 2 4 1 8 3 2 2 2 4 3 4 9
split_gain=0.959566 2.44046 3.20789 5.75783 4.2112 4.29753 4.00277 2.57198 3.53848 2.56183 3.22024 2.54968 2.78162 2.83692 2.09469 1.96659 1.94316 4.10008 3.08403 2.2489 1.90242 1.85936 1.96056 1.37685 1.22042 1.93244 5.13455 1.74949 3.08259 2.58279
threshold=167.50000000000003 6.5000000000000009 3.5000000000000004 428.50000000000006 1636.5000000000002 67.976190476190496 1.0000000180025095e-35 185.00000000000003 2.3856841470765526 5.5000000000000009 683.50000000000011 1.9908582401068629 14.500000000000002 443.50000000000006 512.50000000000011 6.5000000000000009 202.50000000000003 78.348484848484858 65.345238095238116 1208.5000000000002 152.50000000000003 1.0000000180025095e-35 6.5000000000000009 77.343137254901976 91.679487179487197 91.541958041958054 1706.5000000000002 15.500000000000002 7875.0000000000009 8.5000000000000018
decision_type=2 2 2 2 2 2 2 2 2 2 2 2 2 2 2 2 2 2 2 2 2 2 2 2 2 2 2 2 2 2
left_child=20 2 11 7 6 -6 -5 15 -9 10 14 21 13 -13 -3 -4 17 19 -18 -11 24 -2 -23 -12 25 -1 -27 28 -26 -30
right_child=1 9 3 4 5 -7 -8 8 -10 16 23 12 -14 -15 -16 -17 18 -19 -20 -21 -22 22 -24 -25 27 26 -28 -29 29 -31
leaf_value=1.267155334784325e-05 0.070341391013441626 -0.021785496988013062 0.024900003646931353 0.0065388749016747419 0.0733474383872465 0.0015517251976695174 -0.047601591507073694 0.13705523324294039 -0.096691560378036542 -0.017950052242558304 -0.058683887925620973 -0.039970061477818508 -0.062123130397225571 -0.0027596323958679419 0.084763619749421468 0.10355510289512071 -0.023843075435522491 -0.066653010989880565 0.053361589134142198 0.045969428201676675 0.040631889083486201 0.084307124226749935 -0.016964762496147721 -0.020539631881407901 0.0068142945845891456 0.017358154441024259 -0.10456449428884465 0.039685306016011154 -0.01563112799971875 -0.12083060257098754
leaf_weight=2300.1114905929426 1.5957287201599673 1.0293347918195674 1.1200852037873148 9.4030830487026851 3.5213212668895704 5.1074769608676434 5.3599785729311398 0.23933157153078344 0.50048119790153578 3.6314207174291351 6.7814542376436275 6.1687508553441139 2.6510524004697791 30.192411138326861 0.83583609375637014 2.7355455756187439 2.2456849995651273 2.8752897246158682 3.050754595111357 2.2156832963228226 2.9071513809903982 0.59841193971806239 2.3732174523174763 3.6331998016685247 67.893267106061103 1.9294600512366735 1.5630655148997901 3.7618445176631203 1.9772045277059072 0.82769004767760623
leaf_count=23593 58 54 74 72 16 37 42 35 20 43 38 154 12 207 6 12 14 23 38 12 20 95 12 27 1119 31 25 113 56 16
internal_value=9.85621e-06 -0.00484242 -5.61063e-05 0.0131533 0.00310139 0.0308508 -0.0131177 0.0643201 -0.0210738 -0.0178675 -0.0345414 -0.00853937 -0.0126775 -0.00907246 0.0259622 0.0807053 -0.00326191 -0.0177677 0.0206269 0.0062714 0.0002093 0.0268065 0.00342887 -0.0453771 0.000159884 -4.3759e-05 -0.0372078 0.00646009 0.00469218 -0.0466742
internal_weight=2478.84 97.8655 71.5669 27.9873 23.3919 8.6288 14.7631 4.59544 0.739813 26.2987 12.2798 43.5796 39.0122 36.3612 1.86517 3.85563 14.0188 8.72239 5.29644 5.8471 2380.97 4.56736 2.97163 10.4147 2378.06 2303.6 3.49253 74.46 70.6982 2.80489
internal_count=26074 1101 846 308 167 53 114 141 55 255 125 538 373 361 60 86 130 78 52 55 24973 165 107 65 24953 23649 56 1304 1191 72
is_linear=0
shrinkage=0.05


Tree=184
num_leaves=31
num_cat=0
split_feature=8 2 10 2 2 3 2 2 4 5 3 1 5 5 5 3 2 9 4 7 7 3 3 2 1 3 9 3 3 2
split_gain=0.946784 1.45689 6.1714 5.45837 4.64125 5.63402 3.47762 7.57465 4.80954 7.26943 4.42682 3.47376 3.31975 3.27621 2.84787 2.67702 2.30641 6.61818 5.69312 7.00682 5.72975 2.35128 7.76281 5.92858 5.20438 8.45127 3.84002 3.16409 1.21824 1.19811
threshold=1.5000000000000002 79.674242424242451 1.0000000180025095e-35 83.759615384615401 80.97058823529413 9.5000000000000018 80.809090909090926 80.97058823529413 3108.5000000000005 3.7850225129555692 11.500000000000002 72.500000000000014 3.2242677606979648 2.2392835272504601 2.5319272493636795 6.5000000000000009 79.174242424242451 8.5000000000000018 1592.5000000000002 4.5000000000000009 4.5000000000000009 7.5000000000000009 8.5000000000000018 67.527777777777786 42.500000000000007 4.5000000000000009 1.5000000000000002 6.5000000000000009 1.5000000000000002 68.279220779220793
decision_type=2 2 2 2 2 2 2 2 2 2 2 2 2 2 2 2 2 2 2 2 2 2 2 2 2 2 2 2 2 2
left_child=1 16 6 4 5 -4 8 -8 14 -10 -9 15 -13 -6 -3 -5 21 18 19 -18 -20 24 23 -23 25 -1 -24 -26 -2 -30
right_child=28 2 3 11 13 -7 7 10 9 -11 -12 12 -14 -15 -16 -17 17 -19 20 -21 -22 22 26 -25 27 -27 -28 -29 29 -31
leaf_value=0.011302880306323121 -0.036374811145824054 0.057590191327318199 -0.014345142369948424 -0.0028635472416778524 0.017100680446590362 0.055132885350495132 -0.065704673645870224 0.003144895440789048 -0.081125721556661867 0.033819616079732127 0.019806100718001034 -0.027943707288376075 0.0033946208327253129 -0.034253451566360484 0.021449257567538724 0.020216755743954075 -0.10352680980732534 0.056224551571778136 0.058624083560287803 -0.022076921804461015 -0.027210510400790547 -0.0029537750608173074 0.0087338554181088848 -0.036908939513933724 0.0013871024988560527 -0.035615688577595027 -0.002467307142032213 0.010315495457865883 -0.003264009854234549 0.00029835349646894035
leaf_weight=17.104439401387936 2.4535134667530647 7.394632967712826 10.719146915886084 21.990757516090525 3.4571417585248119 4.0091945864260188 3.6846039053052655 196.93570687845931 2.5901131741702548 2.9331522630527616 49.98676630249247 14.937723335606277 19.459674106677994 30.551416438538581 20.735897578066215 29.306338794762269 3.7738537769764724 2.8168118000030509 3.2473584301769716 8.7919359530787897 4.8450521416962147 24.702287245541811 96.163323741406202 26.804363586008549 342.99759458773769 21.869403872638941 374.48342872690409 139.62324783578515 388.31692353027756 601.82764774872339
leaf_count=399 3337 88 81 245 46 57 36 2110 28 42 982 168 231 299 199 667 27 25 25 74 42 120 527 122 5284 115 2291 725 2586 5096
internal_value=9.72947e-06 0.00080844 0.00330801 -0.00551918 -0.0188789 0.00456744 0.00748253 0.00545591 0.022574 -0.0200835 0.00651778 0.0020789 -0.0102146 -0.029033 0.0309496 0.0103224 -0.000172191 -0.0156713 -0.0254745 -0.0465386 0.00723358 0.0001764 -0.00219547 -0.0206242 0.00255081 -0.0150245 -0.000178667 0.00397011 -0.00118594 -0.00109874
internal_weight=2478.51 1485.92 418.692 134.431 48.7369 14.7283 284.261 250.607 33.6538 5.52327 246.922 85.6945 34.3974 34.0086 28.1305 51.2971 1067.22 23.475 20.6582 12.5658 8.09241 1043.75 522.153 51.5067 521.595 38.9738 470.647 482.621 992.598 990.145
internal_count=26074 15055 5279 1794 483 138 3485 3128 357 70 3092 1311 399 345 287 912 9776 193 168 101 67 9583 3060 242 6523 514 2818 6009 11019 7682
is_linear=0
shrinkage=0.05


Tree=185
num_leaves=31
num_cat=0
split_feature=1 1 3 4 3 4 2 3 3 3 4 7 2 9 3 3 4 5 5 4 3 5 3 10 4 4 5 2 3 2
split_gain=0.979339 4.68159 2.87522 5.25856 4.41387 4.27095 8.17163 8.10201 3.98295 7.60101 4.75566 3.60898 3.68761 2.6465 1.98311 7.73193 5.37938 5.0931 5.05381 5.00321 4.27884 4.18288 11.8428 9.221 9.08721 9.06683 7.18191 4.7552 3.23404 7.88749
threshold=52.500000000000007 42.500000000000007 9.5000000000000018 6476.0000000000009 8.5000000000000018 2965.5000000000005 76.211111111111123 12.500000000000002 4.5000000000000009 6.5000000000000009 462.50000000000006 10.500000000000002 68.279220779220793 3.5000000000000004 10.500000000000002 7.5000000000000009 230.50000000000003 1.9767741548789262 2.6205261842530021 340.50000000000006 8.5000000000000018 3.8563954261401414 5.5000000000000009 1.0000000180025095e-35 769.50000000000011 1164.5000000000002 3.1791748803154047 63.707142857142863 12.500000000000002 57.031250000000007
decision_type=2 2 2 2 2 2 2 2 2 2 2 2 2 2 2 2 2 2 2 2 2 2 2 2 2 2 2 2 2 2
left_child=1 2 4 5 8 7 -7 -4 10 -10 -1 13 -13 -6 15 21 18 19 -17 -18 -19 25 23 -23 -24 27 -27 -2 29 -16
right_child=14 -3 3 -5 11 6 -8 -9 9 -11 -12 12 -14 -15 28 16 17 20 -20 -21 -22 22 24 -25 -26 26 -28 -29 -30 -31
leaf_value=-0.04423270341504705 0.005048234819183507 0.072180685539106157 -0.057070031311864312 0.043609031695740846 0.0076372247791454701 -0.078038124984329271 0.016804911136287039 0.021478099183886393 -0.024466814586717178 0.0042550296942554201 0.015607267648810494 -0.055517326129208226 0.0063110576889172159 0.028252898065567595 -0.018693657400088139 0.004104604967298464 -0.078236587898558724 -0.017352428837320952 0.062530244331386278 -0.018951816752602664 -0.0044782250322033795 -0.0069994168052522482 0.034924045284194724 0.01363603700983762 -0.033966871593151371 0.017746513931252764 0.0012889776953314948 -0.0046569139624719289 -0.0024137580592630218 0.0061646091396390457
leaf_weight=3.5927167471090788 197.86287625637488 2.4197762645781031 4.8397277109324994 3.6406007986515752 28.489161228761077 6.68060155212879 3.4408402387052774 10.205823361873625 37.006750538945198 61.011812753975391 43.777119703998324 3.3577748090028754 8.558504135347901 34.322199680842459 34.453516900539398 28.720216818153858 4.9707866534590748 89.701014015823603 4.248840168118476 12.528366982936857 230.08298945054412 155.70968506718054 5.3615262284874907 82.990174987557111 44.656768501736224 142.7903797327308 123.73357658786699 348.53993566433201 287.11943951994181 432.38048867392354
leaf_count=802 2412 33 35 35 307 32 44 69 196 466 379 17 117 485 168 141 25 423 22 67 1506 1468 25 786 222 1028 793 7403 1977 4591
internal_value=1.0661e-05 0.00296916 0.00229635 -0.0125577 0.00424037 -0.0206827 -0.0457957 -0.00378861 -0.000835724 -0.00658886 0.0110688 0.0141163 -0.011111 0.0189023 -0.000323413 -0.00139155 -0.00764252 -0.00952679 0.0116341 -0.0357922 -0.0080895 0.000709334 -0.00446049 0.000175032 -0.0265824 0.00254544 0.0101061 -0.00114249 0.00176186 0.00433001
internal_weight=2477.19 251.343 248.924 28.8076 220.116 25.167 10.1214 15.0456 145.388 98.0186 47.3698 74.7276 11.9163 62.8114 2225.85 1471.9 370.252 337.283 32.9691 17.4992 319.784 1101.64 288.718 238.7 50.0183 812.927 266.524 546.403 753.953 466.834
internal_count=26074 3017 2984 215 2769 180 76 104 1843 662 1181 926 134 792 23057 16321 2184 2021 163 92 1929 14137 2501 2254 247 11636 1821 9815 6736 4759
is_linear=0
shrinkage=0.05


Tree=186
num_leaves=31
num_cat=0
split_feature=4 0 5 4 6 3 11 2 4 7 0 5 5 9 1 0 2 7 5 4 0 2 9 3 7 1 9 2 9 5
split_gain=0.913923 2.80528 3.03531 3.67367 3.79593 6.33975 3.40235 2.83751 2.65186 2.56745 3.24316 2.11734 5.87494 6.76549 5.03105 6.42058 4.88982 4.78695 4.21952 7.1812 4.14694 3.91471 3.59189 3.58009 3.19379 2.7634 2.6584 2.4973 3.02057 2.32301
threshold=3211.5000000000005 1.5000000000000002 4.5756519166561018 3267.5000000000005 1.0000000180025095e-35 8.5000000000000018 1.0000000180025095e-35 68.612500000000011 6225.5000000000009 10.500000000000002 1.0000000180025095e-35 4.7793898552961567 4.3272682160284512 1.0000000180025095e-35 62.500000000000007 1.0000000180025095e-35 69.964285714285737 3.5000000000000004 4.8978171455073607 737.50000000000011 1.0000000180025095e-35 76.348484848484858 4.5000000000000009 13.500000000000002 7.5000000000000009 147.50000000000003 5.5000000000000009 74.033333333333346 8.5000000000000018 5.4974507795607161
decision_type=2 2 2 2 2 2 2 2 2 2 2 2 2 2 2 2 2 2 2 2 2 2 2 2 2 2 2 2 2 2
left_child=11 2 3 -2 5 -5 9 -6 -8 -4 -11 12 -1 21 23 -16 20 27 22 -20 25 24 -19 -15 -14 26 -13 -18 -29 -22
right_child=1 -3 6 4 7 -7 8 -9 -10 10 -12 16 13 14 15 -17 17 18 19 -21 29 -23 -24 -25 -26 -27 -28 28 -30 -31
leaf_value=-1.7603992946547651e-05 0.042575696599892986 0.033256655375967115 0.0011950795048591596 0.02152610620824804 -0.0027713084639928703 -0.017417292956248009 -0.045237508100780727 0.012525137037369544 0.0060734720601797847 -0.02928618841712893 0.036822281093319212 -0.010503484730795806 -0.036557158377141651 0.0023313007332717581 -0.011987922300526324 -0.06195972970557561 0.056437821081513788 0.00013435968892904751 -0.079037771869255286 0.0035453720738529691 -0.013533695076859715 -0.00079869718538475975 0.054882464289783287 -0.044589716142787283 -0.093260826953741854 0.044275300014719771 0.011944576814939456 0.013148049711070628 0.070667694818805998 -0.063534580253860759
leaf_weight=1818.7583288775641 6.4505013767629853 7.2047519860789171 102.36149433464743 14.19182839989662 41.877616189420223 39.644000080414116 8.3263365700840932 109.8310005008243 3.6097566192038348 13.780898260185493 2.1438191626220933 35.53059817122994 6.2722049799631332 87.084113603312289 41.90838079911191 7.5923265264136708 7.2864730589790296 5.2402449665823934 2.8149709361605337 40.590741672902368 5.37226789514534 4.0017198212444773 6.9949150296743028 4.2644417583942404 4.1108016897924244 3.3948651290265834 20.974178178177681 15.287653184088414 2.6829921026946968 4.0924996369285509
leaf_count=19971 67 50 992 122 201 447 60 1396 30 144 18 269 40 731 328 61 47 46 150 332 30 32 64 18 27 29 145 172 28 27
internal_value=1.08051e-05 0.00238044 0.0017304 0.00542103 0.00425502 -0.0071513 -0.00427775 0.00830271 -0.0297199 -0.00171042 -0.0203865 -0.00037898 -0.000814506 -0.0101512 -0.0068154 -0.0196525 0.00534251 0.0136945 0.00549996 -0.00181035 -0.00439823 -0.0428139 0.0314342 0.000140878 -0.0590071 0.00046146 -0.00217092 0.0317469 0.0217357 -0.0351537
internal_weight=2473.68 349.422 342.217 211.995 205.544 53.8358 130.222 151.709 11.9361 118.286 15.9247 2124.25 1973.99 155.234 140.849 49.5007 150.262 80.898 55.6409 43.4057 69.3644 14.3847 12.2352 91.3486 10.383 59.8996 56.5048 25.2571 17.9706 9.46477
internal_count=26074 3527 3477 2233 2166 569 1244 1597 90 1154 162 22547 21208 1237 1138 389 1339 839 592 482 500 99 110 749 67 443 414 247 200 57
is_linear=0
shrinkage=0.05


Tree=187
num_leaves=31
num_cat=0
split_feature=4 7 4 1 9 6 2 4 5 9 9 9 2 2 6 2 5 5 2 2 1 2 9 4 5 9 3 3 3 5
split_gain=0.897298 2.70061 2.45984 2.05641 1.48398 1.2843 1.24669 1.10586 2.63781 3.79748 5.2578 2.77404 2.5856 2.43145 1.97952 1.10995 5.05312 3.7067 3.61465 3.47306 3.76153 2.10342 0.832603 0.791837 1.10466 0.760382 0.913094 0.6802 0.525978 0.811801
threshold=18.500000000000004 1.0000000180025095e-35 39.500000000000007 117.50000000000001 7.5000000000000009 1.0000000180025095e-35 62.041666666666679 133.50000000000003 1.8466880341880345 1.5000000000000002 2.5000000000000004 2.5000000000000004 56.392307692307703 74.912878787878796 1.0000000180025095e-35 48.845238095238102 2.9765383575401736 2.8500263991552273 48.041666666666679 49.354166666666679 92.500000000000014 50.031250000000007 2.5000000000000004 25.500000000000004 1.7611415827076933 1.0000000180025095e-35 4.5000000000000009 4.5000000000000009 4.5000000000000009 3.7029075590853235
decision_type=2 2 2 2 2 2 2 2 2 2 2 2 2 2 2 2 2 2 2 2 2 2 2 2 2 2 2 2 2 2
left_child=1 3 5 4 27 23 -7 8 11 12 -11 14 -10 -13 -4 16 17 -9 -18 20 -17 -21 25 24 -2 -3 -27 -1 29 -25
right_child=2 22 7 -5 -6 6 -8 15 9 10 -12 13 -14 -15 -16 19 18 -19 -20 21 -22 -23 -24 28 -26 26 -28 -29 -30 -31
leaf_value=-0.050103629736264324 -0.063844567422037451 -0.055405133038292642 0.058944208298465632 -0.056006597312558248 0.18751081312336432 0.066519963860713058 -0.080521209946942549 -0.012708968297174571 0.022491772876379299 0.046233572395520971 -0.013625504452505747 0.0056908535440344521 -0.049764417012971088 -0.083665840930968141 -0.020595211091671839 0.0085575262414843232 0.011233350415123446 -0.063800194862266887 -0.028311324973334356 -0.021276797538122214 0.073233402031591607 0.00033418671973043301 -0.06368803795109583 -0.05069930383774035 0.050403956510868542 -0.050040295018831497 0.049645949220084112 0.087519572831619513 0.086045744346528202 0.083883642631457131
leaf_weight=0.1417441735684396 0.29189459729241185 0.70763007985078752 3.8126487113477179 0.30341881664935499 0.28455122641753405 0.23105885586119246 0.38325331136002205 42.732456923346035 1.4402559899899632 4.3829418478126199 22.503942671261029 4.3706236085272394 8.820228675438555 0.92186769802356128 0.98414256575051684 7.0097671936382522 43.209537466958864 3.8716989404929327 6.6708316635340443 11.314879667130297 3.3095323187881149 2298.7541450374119 1.973883977247169 0.19921799519215744 0.76890700327930972 0.36578467185609043 0.61750772595405579 0.24491620063781738 1.56738805770874 0.2560813050949946
leaf_count=161 37 443 74 127 36 15 228 652 84 184 865 100 321 105 50 47 550 64 40 100 27 19223 1482 150 86 805 3 1 7 7
internal_value=1.08956e-05 -0.0219575 5.21957e-05 0.0520157 0.100847 0.0408021 -0.0252152 -8.95617e-06 -0.00758562 -0.0137433 -0.00386763 0.0150862 -0.0396219 -0.00987366 0.0426254 0.000139126 -0.00511556 -0.0169534 0.00594478 0.000357623 0.0292999 0.000228335 -0.0416301 0.0539545 0.0189669 -0.015881 0.0125627 0.0370689 0.0723038 0.0249963
internal_weight=2472.45 4.63944 2467.81 0.97463 0.671212 3.6978 0.614312 2464.11 47.2367 37.1474 26.8869 10.0893 10.2605 5.29249 4.79679 2416.87 96.4845 46.6042 49.8804 2320.39 10.3193 2310.07 3.66481 3.08349 1.0608 1.69092 0.983292 0.38666 2.02269 0.455299
internal_count=26074 3058 23016 325 198 530 243 22486 1783 1454 1049 329 405 205 124 20703 1306 716 590 19397 74 19323 2733 287 123 1251 808 162 164 157
is_linear=0
shrinkage=0.05


Tree=188
num_leaves=31
num_cat=0
split_feature=1 1 2 4 5 3 5 4 3 3 3 3 9 6 5 10 9 3 5 7 6 4 2 5 10 4 0 4 10 5
split_gain=0.897929 4.3318 2.68679 2.73488 8.5833 4.75684 3.34048 7.65028 2.6996 2.07366 1.90978 5.10354 12.7445 11.0975 12.3165 10.2169 6.66506 5.78477 4.72986 4.52025 6.47866 4.9715 4.9943 4.41237 4.0853 4.74704 4.4054 3.93689 4.67103 4.66752
threshold=52.500000000000007 42.500000000000007 91.023809523809533 195.50000000000003 2.4141321044546857 8.5000000000000018 2.357293043373784 901.50000000000011 6.5000000000000009 12.500000000000002 4.5000000000000009 5.5000000000000009 9.5000000000000018 1.0000000180025095e-35 2.5424447270374588 1.0000000180025095e-35 9.5000000000000018 6.5000000000000009 3.5034288587229767 6.5000000000000009 1.0000000180025095e-35 715.50000000000011 65.033333333333346 2.5225137074452149 1.0000000180025095e-35 1.0000000180025095e-35 1.0000000180025095e-35 2090.5000000000005 1.0000000180025095e-35 5.0541785665714682
decision_type=2 2 2 2 2 2 2 2 2 2 2 2 2 2 2 2 2 2 2 2 2 2 2 2 2 2 2 2 2 2
left_child=1 2 3 4 -1 -6 7 -5 -8 -4 19 12 13 14 -12 -15 17 18 -13 20 24 -22 -23 -19 26 -26 -2 28 29 -21
right_child=10 -3 9 6 5 -7 8 -9 -10 -11 11 16 -14 15 -16 -17 -18 23 -20 27 21 22 -24 -25 25 -27 -28 -29 -30 -31
leaf_value=0.019799655429434765 0.0010910405376800608 0.070295457042423112 0.033879037402512933 0.0028370873145754619 -0.092677840917139792 -0.0041159806711939155 -0.0039116198694150719 -0.092773313255601245 0.0078546093860649615 -0.042115439034100033 -0.0079744967621908375 -0.0059158815279855455 -0.049928545012970414 -0.011190858616961714 0.020337247624084072 0.015481757211534289 0.016178727531789727 0.0035479279234800726 -0.026897905111112803 -0.014032090600992253 -0.014536396107821323 0.043431218607700155 0.0074102091324215642 -0.0026010322584453394 0.19729747313997553 -0.047604990168735387 -0.070072094861885967 0.0056446795256890787 -0.038764497834618605 0.046758847130136838
leaf_weight=6.4791205710062041 21.072004872257825 2.3583151724888003 9.6391473600524442 6.9569349185330775 4.2614937440957874 2.3536577448248863 75.141433754382888 2.9920379333198071 138.79219749663025 0.98984321439638812 49.402624670416117 102.7774496525526 10.194930899888275 116.59055377542973 172.70763994380832 51.877961198799312 54.079789637122303 422.59969694633037 36.361772689037025 59.384195106307743 22.85961674695136 10.796192001958842 88.540025613736361 942.23992377193645 0.20154921387438562 10.8349653276382 2.4250614187913007 23.764482237282209 19.598570505040698 3.334853570413542
leaf_count=461 1360 33 244 61 202 15 655 17 1308 21 231 510 57 539 1092 275 529 2860 181 2865 2327 151 644 7325 176 450 255 161 978 91
internal_value=1.001e-05 0.0028512 0.00220882 0.00110576 -0.0211046 -0.0611677 0.00240479 -0.0259166 0.00372187 0.0268019 -0.000309661 0.000227307 0.00525941 0.00669993 0.01404 -0.00297733 -0.00106708 -0.0016872 -0.0113992 -0.00431188 0.00108291 0.00648709 0.0113251 -0.00069711 -0.0180396 -0.0431326 -0.00625349 -0.0122823 -0.0174577 -0.0107998
internal_weight=2471.61 249.964 247.606 236.977 13.0943 6.61515 223.883 9.94897 213.934 10.629 2221.64 1958.83 400.774 390.579 222.11 168.469 1558.06 1503.98 139.139 262.812 156.729 122.196 99.3362 1364.84 34.5336 11.0365 23.4971 106.082 82.3176 62.719
internal_count=26074 3017 2984 2719 678 217 2041 78 1963 265 23057 13599 2194 2137 1323 814 11405 10876 691 9458 5363 3122 795 10185 2241 626 1615 4095 3934 2956
is_linear=0
shrinkage=0.05


Tree=189
num_leaves=31
num_cat=0
split_feature=8 2 4 4 7 4 3 3 3 5 3 0 2 7 9 5 5 2 3 3 3 5 8 2 2 2 4 9 3 2
split_gain=0.894037 1.41782 4.06825 2.91515 5.69825 2.66574 4.55463 4.43516 1.81735 6.28103 8.90712 5.3107 5.08743 4.21564 3.19173 2.78178 7.23927 9.8928 4.68965 3.89748 12.9653 5.35454 2.52433 1.78959 1.22197 3.99482 4.06153 3.19613 6.01372 5.1104
threshold=1.5000000000000002 52.033333333333339 1178.5000000000002 1336.5000000000002 1.5000000000000002 1030.5000000000002 12.500000000000002 7.5000000000000009 13.500000000000002 3.5815097682436319 17.500000000000004 1.0000000180025095e-35 67.279220779220793 8.5000000000000018 8.5000000000000018 3.4244203679681369 3.1523581429624175 71.408333333333346 7.5000000000000009 8.5000000000000018 5.5000000000000009 4.5756519166561018 1.0000000180025095e-35 49.354166666666679 84.292857142857159 83.513157894736864 2337.5000000000005 4.5000000000000009 13.500000000000002 84.422619047619065
decision_type=2 2 2 2 2 2 2 2 2 2 2 2 2 2 2 2 2 2 2 2 2 2 2 2 2 2 2 2 2 2
left_child=1 2 5 -4 -5 6 7 -1 15 12 11 -11 13 -10 -12 16 18 -18 -3 20 -17 -21 -14 -6 25 -2 -27 -26 29 -29
right_child=24 8 3 4 23 -7 -8 -9 9 10 14 -13 22 -15 -16 19 17 -19 -20 21 -22 -23 -24 -25 27 26 -28 28 -30 -31
leaf_value=-0.0056875514958331106 -0.00091928100148505696 0.0056082190054546977 0.04539510742974498 -0.058429887571506925 0.0011639994519767611 -0.044517605532035508 0.044499647401663296 -0.042126376533409046 -0.022235803818679876 -0.046768881559150516 -0.0020798790279359979 -0.00067219806538264997 0.0082634400639323771 0.020163382711988469 0.052639400373340056 0.0069076039911801683 0.0061884872153432071 -0.0250939876089823 -0.0035274340423851625 0.014894231060514129 -0.015921765587604414 -0.00039462920477298927 0.03390741472524169 0.031231192007757858 -0.013672306168332239 0.040955331683119996 -0.01200448808528984 -0.075139413569356592 -0.038487495656630413 0.0084861452394144627
leaf_weight=42.215261363860918 829.41771663444524 341.30855431687087 4.8887274244334575 3.2599122673273113 12.981707618979273 5.8754662438295773 3.6995392218232146 10.40983047056943 22.356934741139415 23.459495195187632 28.082684433553371 8.5164194181561452 37.714518459513783 7.9463104158639899 2.9443294676020733 230.31550276317284 42.471895989729092 62.410537830670364 238.73402229230851 152.57646789355204 85.197806656360626 91.678660421865061 12.871850481256841 7.9978117318823925 64.49471311349771 11.225517277373003 5.3435260746628037 1.8777102725580324 8.4344903696328384 67.528039057535352
leaf_count=767 9068 4852 37 17 88 40 19 74 101 147 212 39 344 36 31 2116 263 647 1940 1725 435 940 145 40 821 120 57 16 92 845
internal_value=9.65055e-06 0.000787303 -0.00524726 0.0101737 0.00307002 -0.0124688 -0.0091257 -0.0128956 0.0011842 -0.00413584 -0.0159726 -0.0344916 0.00508351 -0.0111176 0.00311274 0.00179922 -0.000337669 -0.0124262 0.00184817 0.00441389 0.000743008 0.00915571 0.0147886 0.0126262 -0.00115481 -0.000433659 0.0238758 -0.00544105 0.00137898 0.00622373
internal_weight=2468.24 1479.91 91.3283 29.1282 24.2394 62.2001 56.3246 52.6251 1388.59 143.893 63.0029 31.9759 80.8896 30.3032 31.027 1244.69 684.925 104.882 580.043 559.768 315.513 244.255 50.5864 20.9795 988.322 845.987 16.569 142.335 77.8402 69.4057
internal_count=26074 15055 1082 182 145 900 860 841 13973 1055 429 186 626 137 243 12918 7702 910 6792 5216 2551 2665 489 128 11019 9245 177 1774 953 861
is_linear=0
shrinkage=0.05


Tree=190
num_leaves=31
num_cat=0
split_feature=4 3 5 8 9 1 5 3 6 4 2 5 5 7 0 5 5 2 5 10 2 9 5 4 10 2 5 3 3 11
split_gain=0.913868 2.08847 4.12005 2.4158 2.94654 2.29571 3.61989 2.78071 4.76958 2.2413 3.06704 2.62969 1.93795 2.43209 1.80603 3.04737 2.97096 2.11705 1.93849 4.53004 2.97974 1.68071 1.79911 1.51285 4.78279 3.73722 3.31598 3.59187 2.17912 2.50063
threshold=3961.0000000000005 7.5000000000000009 4.1570939102452806 1.0000000180025095e-35 3.5000000000000004 82.500000000000014 3.5034288587229767 11.500000000000002 1.0000000180025095e-35 4697.0000000000009 55.527777777777786 4.8621060094965953 4.4358465781723071 3.5000000000000004 1.0000000180025095e-35 4.7275819418676575 5.4342959087974965 79.550505050505066 4.5129776563494151 1.0000000180025095e-35 86.878676470588246 8.5000000000000018 3.2802931575877179 3689.5000000000005 1.0000000180025095e-35 83.911067193675905 4.10751329599639 11.500000000000002 5.5000000000000009 1.0000000180025095e-35
decision_type=2 2 2 2 2 2 2 2 2 2 2 2 2 2 2 2 2 2 2 2 2 2 2 2 2 2 2 2 2 2
left_child=23 2 21 4 -4 6 7 -3 -9 11 -11 -8 -5 -14 18 17 -17 -16 20 -20 -7 22 -2 -1 28 26 27 -26 -25 -30
right_child=1 5 3 12 -6 14 9 8 -10 10 -12 -13 13 -15 15 16 -18 -19 19 -21 -22 -23 -24 24 25 -27 -28 -29 29 -31
leaf_value=-0.00011693480948342383 0.015474812639615969 -0.066106851636735672 0.017323105565506754 -0.020283515186626647 -0.045144317101621256 0.0048234313439862678 0.034075923186821677 -0.058263150279224733 0.0092952349607083266 -0.070226148750738557 0.0071956172164953994 -0.003783681432016392 -0.0076225947199561181 0.038916215001217828 -0.026634750264982989 0.054014776973736668 -0.00098353252385826781 0.021294203890833752 -0.0037995581535496519 -0.043136121164048531 -0.03249625304497087 -0.0036908332222502374 0.05729562509698926 -0.031380799022642451 -0.053938827964613828 0.020555239389346877 -0.06763454128683026 0.020543412933130858 0.016681698549790704 -0.031797700679801803
leaf_weight=2200.1802274985675 3.8694479800760728 2.2784366691485074 3.0591131076216707 3.4858746211975822 4.930054284632206 33.83674980327487 16.990923693869266 3.421637682244179 11.048219442367554 1.3101987540721882 54.041920693824068 6.2825752291828385 4.4084583520889264 7.7293143235146999 6.8394532203674334 5.2679721973836404 4.5992939528077841 3.474332632496953 20.952243468724191 11.248113606125115 6.352824628353118 2.2822831552475682 7.6675536185503006 3.7798676758538958 3.283699117600916 2.8529981682077041 6.5734447240829468 3.1922265365719795 18.61509719397873 3.1034145019948474
leaf_count=23246 37 22 21 24 43 267 258 23 115 9 851 66 28 52 38 36 30 39 175 105 137 26 82 25 17 41 35 24 182 20
internal_value=1.00287e-05 0.00304499 0.0138301 0.00113986 -0.0212251 0.00089698 0.0063412 -0.0147645 -0.00668007 0.010837 0.00536302 0.0238559 0.0125762 0.0220132 -0.00471208 0.00851496 0.0283792 -0.0104893 -0.00839955 -0.0175405 -0.00107575 0.0355136 0.0432692 -0.000295118 -0.00976438 -0.0312839 -0.0426175 -0.0172237 0.0036565 0.00975435
internal_weight=2466.96 225.377 37.4321 23.6128 7.98917 187.945 95.3739 16.7483 14.4699 78.6256 55.3521 23.2735 15.6236 12.1378 92.571 20.1811 9.86727 10.3138 72.3899 32.2004 40.1896 13.8193 11.537 2241.58 41.4007 15.9024 13.0494 6.47593 25.4984 21.7185
internal_count=26074 2484 313 168 64 2171 1344 160 138 1184 860 324 104 80 827 143 66 77 684 280 404 145 119 23590 344 117 76 41 227 202
is_linear=0
shrinkage=0.05


Tree=191
num_leaves=27
num_cat=0
split_feature=2 9 9 2 7 9 4 9 9 1 5 5 1 5 5 2 10 5 8 4 3 2 9 4 7 4
split_gain=0.888552 1.35335 1.01707 1.00613 4.45333 2.82931 1.20587 1.51545 1.84406 1.42527 1.32366 1.74364 1.29664 1.14333 4.81799 3.91728 3.59059 3.17707 2.60295 1.06262 0.91807 1.07701 0.470531 0.257816 0.00705729 0.00106004
threshold=97.118055555555571 9.5000000000000018 1.5000000000000002 96.414215686274517 4.5000000000000009 2.5000000000000004 8514.5000000000018 3.5000000000000004 7.5000000000000009 92.500000000000014 5.7216090559935324 4.8978171455073607 117.50000000000001 3.8563954261401414 3.7155352699629063 68.464102564102589 1.5000000000000002 3.9536576220343611 3.5000000000000004 2693.5000000000005 3.5000000000000004 97.944444444444457 1.5000000000000002 5837.5000000000009 7.5000000000000009 999.50000000000011
decision_type=2 2 2 2 2 2 2 2 2 2 2 2 2 2 2 2 2 2 2 2 2 2 2 2 2 2
left_child=3 2 -2 6 -5 -6 13 10 9 -9 11 -8 -10 14 18 -16 17 -15 -1 -18 21 -4 -12 24 -22 -23
right_child=1 -3 20 4 5 -7 7 8 12 -11 22 -13 -14 16 15 -17 19 -19 -20 -21 23 25 -24 -25 -26 -27
leaf_value=-0.00018952588004344972 -0.034622788791689278 -0.049022253443777405 0.07676322115668506 0.054241614601971889 -0.10485019976962227 -0.013084521197024088 0.054176543909033384 -0.021741667487607991 0.054075235249931998 0.022708240522265048 0.033189390717255698 -0.012823044003975851 -0.012394463085292339 -0.012014355691371407 0.027090783638333754 0.00490390065051826 0.015256192614009997 -0.00093986567036598528 0.023642590274035757 0.059815101876897384 0.053179750559268858 -0.051188087864560139 0.073327269433106704 0.026392714233780402 0.058499597458130527 -0.055750417676934616
leaf_weight=1572.7182495478191 0.56596545028150913 0.63394228159449983 0.22709208726882923 1.3390967503655691 1.4969932632520797 1.9137913913000373 1.5593429289292569 6.700736057944594 2.344791622832417 2.4675098061561584 1.2760762092657387 2.5740706147626042 1.0678063575178383 71.569258062780136 28.531314518651925 65.719883027166361 2.5091995596885672 680.86608078202698 11.541313549474578 2.866434677504003 1.5771820181980736 0.22373094412614591 1.706760402303189 1.0971066076308487 1.0309096574783323 0.29544339561834931
leaf_count=17842 37 12 1 26 14 33 39 84 70 27 21 29 19 619 210 682 18 5946 131 25 41 83 26 19 15 5
internal_value=1.03239e-05 0.0198136 0.0285108 -3.5156e-05 -0.0230251 -0.0533605 9.30591e-06 0.012331 0.00190034 -0.00977857 0.0307714 0.0124528 0.0332768 -9.0312e-05 0.000637479 0.0116202 -0.00170233 -0.00199324 -1.59092e-05 0.0390162 0.0365377 -0.0140582 0.056156 0.0467283 0.0552825 -0.0537843
internal_weight=2466.42 5.65137 5.01743 2460.77 4.74988 3.41078 2456.02 19.6971 12.5808 9.16825 7.11625 4.13341 3.4126 2436.32 1678.51 94.2512 757.811 752.435 1584.26 5.37563 4.45146 0.746266 2.98284 3.7052 2.60809 0.519174
internal_count=26074 213 201 25861 73 47 25788 315 200 111 115 68 89 25473 18865 892 6608 6565 17973 43 164 89 47 75 56 88
is_linear=0
shrinkage=0.05


Tree=192
num_leaves=31
num_cat=0
split_feature=4 0 5 5 11 3 3 4 10 4 1 5 5 9 2 7 5 4 1 0 7 0 9 7 1 7 3 2 5 5
split_gain=0.872694 2.57785 2.75212 3.44333 3.34384 2.52954 5.35443 2.50001 2.47104 2.44417 2.28895 1.76142 5.19174 5.99523 4.2904 4.35294 4.01242 6.40608 3.9823 5.97344 3.89017 3.70205 3.36666 3.0515 2.48912 2.60401 2.41244 3.67107 2.16047 2.07772
threshold=3157.5000000000005 1.5000000000000002 2.5985898008838579 4.5756519166561018 1.0000000180025095e-35 13.500000000000002 15.500000000000002 3501.5000000000005 1.0000000180025095e-35 6225.5000000000009 202.50000000000003 4.7793898552961567 4.3272682160284512 1.0000000180025095e-35 69.964285714285737 3.5000000000000004 4.8978171455073607 737.50000000000011 62.500000000000007 1.0000000180025095e-35 7.5000000000000009 1.0000000180025095e-35 4.5000000000000009 4.5000000000000009 147.50000000000003 10.500000000000002 4.5000000000000009 75.348484848484858 5.4974507795607161 4.9717596053457491
decision_type=2 2 2 2 2 2 2 2 2 2 2 2 2 2 2 2 2 2 2 2 2 2 2 2 2 2 2 2 2 2
left_child=11 2 8 5 10 7 -7 -4 -2 -6 -5 12 -1 20 21 26 22 -18 23 -20 -14 24 -17 -15 25 -13 27 -16 -23 -28
right_child=1 -3 3 4 9 6 -8 -9 -10 -11 -12 14 13 18 15 16 17 -19 19 -21 -22 28 -24 -25 -26 -27 29 -29 -30 -31
leaf_value=-2.7750329813091023e-05 -0.00029164707265846976 0.032067401281232241 0.021673199423687256 -0.0022531264421642872 -0.043104809329469161 -0.028808725206770681 0.0061757160814136782 0.0063520211745184676 -0.051227784340317155 0.005863096849243651 0.049682280064280007 0.0018088169837860478 -0.021989220580207386 0.012032571264652634 0.069502875002711892 0.00032989018415923311 -0.074835908328195297 0.0030182161873357287 -0.010467478148603281 -0.058748234557101514 -0.077716233569677162 -0.012638687862148746 0.05363304422534864 -0.0071825424093108041 0.041842939473800425 -0.031585863322841218 0.013801319445151332 -0.01776829359880602 -0.06113804254968111 0.051318180761510561
leaf_weight=1807.8485654902324 4.9473817460238916 7.1235581440851083 34.721106481738389 119.09367110813037 8.6689010094851238 14.405847795307634 45.422886540181935 114.19299882347696 4.5901702977716923 3.6092530605383208 2.1600098609924308 49.689566425775411 9.2628324198012688 32.405516167433234 1.6123218761058549 5.2343005532165972 2.832322330446913 39.366814206237905 41.145229876419762 7.5878851065644985 4.7312771418655748 5.3672236471902561 6.8247708679991774 57.013576870900579 3.4158776914700857 6.6145882662385693 5.2549184076488045 4.769994501984911 4.0131812653271481 12.395483698695896
leaf_count=19923 40 50 309 1167 61 88 433 1384 39 30 14 369 64 267 17 46 150 322 321 61 32 30 64 469 29 45 38 85 27 100
internal_value=1.0282e-05 0.00228926 0.0016863 0.00242451 -0.00384574 0.00643557 -0.002248 0.00992434 -0.0248059 -0.0287103 -0.00132795 -0.000377879 -0.000774283 -0.00964481 0.00489345 0.0129078 0.00506132 -0.0022072 -0.00648591 -0.0179849 -0.04083 -0.00418681 0.0304965 -0.000218977 0.000399903 -0.00211438 0.0306226 0.00427844 -0.033388 0.0401486
internal_weight=2466.32 358.936 351.812 342.275 133.532 208.743 59.8287 148.914 9.53755 12.2782 121.254 2107.39 1959.99 152.146 147.391 78.2909 54.2582 42.1991 138.152 48.7331 13.9941 69.1004 12.0591 89.4191 59.72 56.3042 24.0327 6.38232 9.3804 17.6504
internal_count=26074 3615 3565 3486 1272 2214 521 1693 79 91 1181 22459 21137 1214 1322 822 582 472 1118 382 96 500 110 736 443 414 240 102 57 138
is_linear=0
shrinkage=0.05


Tree=193
num_leaves=31
num_cat=0
split_feature=1 9 9 4 4 1 2 0 0 7 3 4 1 1 5 5 3 4 3 8 3 1 6 4 5 2 9 5 5 2
split_gain=0.865265 2.33668 2.84668 5.24899 3.66467 2.97269 2.6141 2.46774 4.58143 2.732 3.50485 2.3343 2.41293 2.30568 3.1461 2.29068 2.56836 2.61485 1.84259 1.6877 1.69667 1.65059 1.42173 1.09661 5.55549 4.55278 3.79535 5.20191 3.75975 6.9643
threshold=167.50000000000003 6.5000000000000009 3.5000000000000004 428.50000000000006 1301.5000000000002 202.50000000000003 61.720779220779228 1.5000000000000002 1.0000000180025095e-35 2.5000000000000004 7.5000000000000009 2805.5000000000005 197.50000000000003 185.00000000000003 2.3856841470765526 1.9908582401068629 14.500000000000002 443.50000000000006 6.5000000000000009 1.0000000180025095e-35 6.5000000000000009 152.50000000000003 1.0000000180025095e-35 673.50000000000011 5.151043593538045 81.65151515151517 7.5000000000000009 2.4845015831422645 2.3856841470765526 71.023809523809533
decision_type=2 2 2 2 2 2 2 2 2 2 2 2 2 2 2 2 2 2 2 2 2 2 2 2 2 2 2 2 2 2
left_child=21 2 15 13 6 -6 -5 8 9 22 -11 12 -10 18 -15 19 17 -17 -4 -2 -21 23 -3 24 26 -26 -1 -28 29 -25
right_child=1 7 3 4 5 -7 -8 -9 11 10 -12 -13 -14 14 -16 16 -18 -19 -20 20 -22 -23 -24 28 25 -27 27 -29 -30 -31
leaf_value=-0.0029535896047158325 0.06777379267953286 -0.085102542910294177 0.022849401605757692 -0.05762458727066111 -0.0017519782062360553 0.048544714095037876 -0.0030777333911895513 -0.068682415658316551 0.01010537670044283 -0.038676093085885314 0.018846814678427685 -0.024672592781343122 0.078574239421442579 0.12415073672104021 -0.093935021319177539 -0.038090193806731731 -0.059467814159672387 -0.0022961312348426101 0.099507302787347096 0.078146839578956712 -0.015576053483998466 0.038112408382710718 -0.034542714838126563 -0.0012387998297912985 -0.039295105091964141 -0.19455904292646223 -0.0028729578778740636 0.018503161161872894 3.2920437238186036e-05 0.018855610693910597
leaf_weight=547.07208031046321 1.5624448884918809 2.3712705646758065 1.1029699658101919 2.9580508157378089 6.0724625826114771 5.690820895601064 8.5311145598534477 2.1528241710038847 3.2737601947155772 5.8582326012838148 4.8324330747127533 2.1425739843398333 2.1200552395312116 0.25126114109298203 0.48376862445729785 6.1472707268840159 2.639827460050582 30.014719407947268 2.7097009122371674 0.60692082569585215 2.3628655299544334 2.8674372766690785 3.361451635020785 96.019904372049496 3.2239837095257822 0.55315277882618819 61.247701986460015 53.165814074571244 1525.6836296794354 78.26431320887059
leaf_count=9636 58 25 74 24 38 35 70 20 32 79 32 13 28 35 20 154 12 207 12 95 12 20 26 514 197 24 1051 724 11997 810
internal_value=1.03073e-05 -0.0046121 8.37934e-05 0.0125717 0.00296345 0.0225805 -0.0171216 -0.0174043 -0.0127969 -0.0276077 -0.0126744 0.019479 0.0370173 0.061699 -0.019385 -0.00792761 -0.0118565 -0.00838086 0.0773309 0.0257087 0.00357764 0.000200128 -0.0554562 0.000154166 -0.00156684 -0.0620331 -0.00122157 0.00706012 0.000827662 0.00778482
internal_weight=2465.34 97.2468 71.1342 27.8001 23.2524 11.7633 11.4892 26.1126 23.9598 16.4234 10.6907 7.53639 5.39382 4.5477 0.73503 43.334 38.8018 36.162 3.81267 4.53223 2.96979 2368.1 5.73272 2365.23 665.263 3.77714 661.486 114.414 1699.97 174.284
internal_count=26074 1101 846 308 167 73 94 255 235 162 111 73 60 141 55 538 373 361 86 165 107 24973 51 24953 11632 221 11411 1775 13321 1324
is_linear=0
shrinkage=0.05


Tree=194
num_leaves=31
num_cat=0
split_feature=1 1 3 4 9 4 3 3 3 7 9 4 5 3 3 4 5 3 5 7 5 3 4 10 4 3 9 8 3 2
split_gain=0.872599 3.97332 2.65969 4.83394 4.20061 3.93996 3.77251 3.42443 6.74611 4.33036 3.29512 3.97952 2.13825 1.91993 6.48233 4.87631 4.76481 9.91108 4.51265 4.31767 3.7615 9.63444 8.33369 8.0333 7.86834 6.71842 4.52116 2.93326 2.82963 6.84473
threshold=52.500000000000007 42.500000000000007 9.5000000000000018 6476.0000000000009 7.5000000000000009 2965.5000000000005 8.5000000000000018 4.5000000000000009 6.5000000000000009 2.5000000000000004 3.5000000000000004 1015.5000000000001 3.2082129094412335 10.500000000000002 7.5000000000000009 230.50000000000003 2.187965181134905 9.5000000000000018 2.6205261842530021 2.5000000000000004 3.8563954261401414 5.5000000000000009 769.50000000000011 1.0000000180025095e-35 1164.5000000000002 6.5000000000000009 7.5000000000000009 1.0000000180025095e-35 12.500000000000002 57.031250000000007
decision_type=2 2 2 2 2 2 2 2 2 2 2 2 2 2 2 2 2 2 2 2 2 2 2 2 2 2 2 2 2 2
left_child=1 2 6 4 5 -4 7 9 -9 -1 11 -8 -6 14 20 18 17 -17 27 -18 24 23 -23 -22 26 -26 -2 -16 29 -15
right_child=13 -3 3 -5 12 -7 10 8 -10 -11 -12 -13 -14 28 15 16 19 -19 -20 -21 21 22 -24 -25 25 -27 -28 -29 -30 -31
leaf_value=-0.017712386012805108 -0.0033095801979983065 0.068432156339276407 0.011952643619344883 0.042446984558962148 -0.019742437762660117 -0.036108818922703158 0.012598587194580022 -0.022786572832963023 0.004310242463628179 0.018690183822599789 0.02343422928030867 -0.025070165523664634 -0.075178802043357196 -0.01743149083838488 -0.012443785703634101 -0.044896129546883795 0.0051302996730179474 0.0044238484790969194 0.059494669096210845 -0.0097440921510023593 -0.0068431547637375911 0.034566585498132664 -0.031521683266035203 0.012512259122935195 0.0033737378117176947 0.019955596488779547 0.0083511957500865871 0.019554994263581649 -0.0021563684379159527 0.0058719864032731528
leaf_weight=10.539036776899591 441.95487501102616 2.2859576316550365 10.867201816290626 3.5536048668436697 2.9701858609914771 7.0180276818573466 25.530248058959842 36.932053144089878 60.758115643635392 36.337478858840768 38.391964410431683 9.6660825852304679 4.1978020668029785 34.002781247720122 13.788908194750547 24.774742952547967 61.701346068643034 17.298749042674899 4.2301927432417861 233.1104031028226 155.15093510207953 5.3468113988637915 44.225477292202413 81.909284343069885 168.00914076983463 95.984527960419655 102.38246535361395 14.901512909680605 286.43427413608879 429.90227971831337
leaf_count=247 8267 33 77 35 19 54 275 196 466 934 554 97 30 168 72 129 382 114 22 1396 1468 25 222 786 1095 726 1548 69 1977 4591
internal_value=1.00028e-05 0.00281608 0.00220822 -0.0121267 -0.0198675 -0.00690631 0.00408797 -0.000603113 -0.00593379 0.010506 0.0133038 0.0022535 -0.0522077 -0.000305488 -0.00135905 -0.00708258 -0.0088774 -0.0246179 0.0112843 -0.00663102 0.000573979 -0.00434735 -0.0243935 -0.000155453 0.00231907 0.00940268 -0.00111635 0.00417606 0.00175121 0.00416391
internal_weight=2464.16 249.048 246.762 28.6068 25.0532 17.8852 218.155 144.567 97.6902 46.8765 73.5883 35.1963 7.16799 2215.11 1464.77 369.806 336.885 42.0735 32.9206 294.812 1094.96 286.633 49.5723 237.06 808.331 263.994 544.337 28.6904 750.339 463.905
internal_count=26074 3017 2984 215 180 131 2769 1843 662 1181 926 372 49 23057 16321 2184 2021 243 163 1778 14137 2501 247 2254 11636 1821 9815 141 6736 4759
is_linear=0
shrinkage=0.05


Tree=195
num_leaves=31
num_cat=0
split_feature=8 7 5 5 7 2 2 10 0 2 3 5 4 4 5 5 4 2 3 3 2 1 7 4 4 2 2 4 5 9
split_gain=0.856539 1.35625 3.95674 4.5847 7.27207 6.70679 3.50202 3.35796 4.67275 3.45922 3.07118 2.58167 2.46063 2.12485 2.50129 5.31009 4.56361 4.18176 3.97673 3.36286 3.22657 1.6244 1.54833 2.67073 2.54142 1.13987 3.60396 3.79554 2.88869 3.07705
threshold=1.5000000000000002 7.5000000000000009 2.033573334560177 2.2896643783371475 10.500000000000002 83.759615384615401 47.071428571428577 1.0000000180025095e-35 1.5000000000000002 50.031250000000007 4.5000000000000009 2.2392835272504601 183.50000000000003 4033.0000000000005 2.8043879351837 3.5177208340580135 1387.5000000000002 59.414285714285718 5.5000000000000009 6.5000000000000009 75.20714285714287 172.50000000000003 1.5000000000000002 6776.0000000000009 8514.5000000000018 84.292857142857159 83.513157894736864 2337.5000000000005 1.790947224661009 4.5000000000000009
decision_type=2 2 2 2 2 2 2 2 2 2 2 2 2 2 2 2 2 2 2 2 2 2 2 2 2 2 2 2 2 2
left_child=1 13 6 4 11 -6 -3 9 -9 -5 -8 -4 -12 14 17 18 -17 19 -16 -1 -19 22 23 -15 -24 26 -2 -28 -27 -30
right_child=25 2 3 7 5 -7 10 8 -10 -11 12 -13 -14 21 15 16 -18 20 -20 -21 -22 -23 24 -25 -26 28 27 -29 29 -31
leaf_value=-0.024355410742801564 -0.00089143919188056607 0.088321201672232078 0.0098842551003777077 -0.017399402916650698 -0.023003257401561974 -0.10034196294759337 -0.057542186609577717 -0.0020556334148138524 -0.060298058385609032 0.0071928397617855733 -0.0070008441674399794 -0.023241037746828598 0.024574700243720132 0.030734947769648576 -0.00018522125328259933 0.0083452592617940368 -0.0036911615884643182 0.010962521408497176 -0.014955871143636135 -0.00073536894744659798 -0.00043903002527229058 -0.025659499840037577 0.0016683165640711097 -0.011667120860986417 0.038498012664419511 0.068617149375541697 0.039699140819086459 -0.01173055014186458 -0.014070130896713729 0.00077461921962709498
leaf_weight=22.550104093970731 827.33068805138464 1.6967527825618152 25.451467744540423 15.019126727042019 17.037619025562893 3.3552993369521564 1.4087777057720803 119.39260992425261 3.5460483055794603 298.45366642024601 7.8860491439700118 7.6498738310474428 28.353894055821002 15.412757194601001 70.842260425677523 122.11142799642403 221.77427333686501 127.75402441623737 127.73027326446027 45.423008045181632 120.65543238486862 3.629669275134801 57.976866083219647 4.8923975699581197 5.0957332812249652 1.3105346563388582 10.95502548053628 5.334273610264062 63.898713415517705 76.942809914879035
leaf_count=407 9068 44 250 191 169 41 672 1204 35 2669 41 69 212 179 785 1153 1658 870 911 214 2440 24 644 64 109 25 120 57 806 943
internal_value=1.02845e-05 0.000772849 0.00279964 0.00157446 -0.0122409 -0.035728 0.0180548 0.00326792 -0.00373558 0.00601457 0.014888 0.00222885 0.0177037 -0.000361245 -0.00111555 -0.00317627 0.000582888 0.00241769 -0.00968633 -0.00857133 0.00542465 0.00708438 0.00850982 0.0205184 0.00464384 -0.00113081 -0.000432877 0.0228574 -0.00527278 -0.00596033
internal_weight=2460.87 1475.1 529.251 489.906 53.4943 20.3929 39.3455 436.411 122.939 313.473 37.6487 33.1013 36.2399 945.848 858.841 542.458 343.886 316.383 198.573 67.9731 248.409 87.0074 83.3778 20.3052 63.0726 985.772 843.62 16.2893 142.152 140.842
internal_count=26074 15055 5597 4628 529 210 969 4099 1239 2860 925 319 253 9458 8438 4507 2811 3931 1696 621 3310 1020 996 243 753 11019 9245 177 1774 1749
is_linear=0
shrinkage=0.05


Tree=196
num_leaves=31
num_cat=0
split_feature=4 7 4 1 7 7 10 9 4 5 2 5 2 2 5 4 4 5 3 3 4 3 9 5 10 3 3 2 3 0
split_gain=0.832808 2.40112 2.33053 1.85088 1.19235 1.62204 1.16045 1.6873 1.1045 1.02311 2.09125 2.8492 3.37309 1.81953 2.52541 1.23589 5.53579 4.97381 4.83881 3.61044 2.5446 0.861201 0.816508 0.707122 0.894071 1.22305 0.635634 0.55332 0.467393 0.784378
threshold=18.500000000000004 1.0000000180025095e-35 39.500000000000007 117.50000000000001 7.5000000000000009 3.5000000000000004 1.0000000180025095e-35 8.5000000000000018 25.500000000000004 1.6677927927927929 64.866071428571445 1.6251491646778045 54.612500000000004 80.809090909090926 1.5019379844961243 326.50000000000006 333.50000000000006 4.7793898552961567 11.500000000000002 6.5000000000000009 340.50000000000006 7.5000000000000009 2.5000000000000004 1.2928921568627454 1.0000000180025095e-35 4.5000000000000009 4.5000000000000009 76.809090909090926 4.5000000000000009 2.5000000000000004
decision_type=2 2 2 2 2 2 2 2 2 2 2 2 2 2 2 2 2 2 2 2 2 2 2 2 2 2 2 2 2 2
left_child=1 3 4 6 5 8 26 -8 27 10 11 12 -4 14 -12 17 19 18 -11 -17 -18 -19 23 24 25 -3 -1 -2 29 -6
right_child=2 22 9 -5 28 -7 7 -9 -10 15 13 -13 -14 -15 -16 16 20 21 -20 -21 -22 -23 -24 -25 -26 -27 -28 -29 -30 -31
leaf_value=-0.050080313019653926 -0.060446726244150428 -0.050018555134578792 -0.075806748481731578 -0.055735872445476523 -0.050255341307378049 -0.078751569765216356 0.28776716863871066 0.050354248899146331 0.062337504823943957 -0.00211378635300247 -0.0069211188313610828 0.021671500464632384 0.016018098530315654 -0.012209841262264633 0.062031629015895977 0.086270099382233359 -0.028145543772272321 -0.085385535623203723 -0.061968087351638002 0.016563630208901961 0.00023042018625520002 -0.20184228414575728 -0.063081996764185619 -0.065437886602592629 -0.061666187172640233 0.078599248065977609 0.084417348521376959 0.058216910041747928 0.089608506816995781 0.086399982260157077
leaf_weight=0.138072733534499 0.35045783265377384 0.28106512586236954 2.2877382111619244 0.2990885449689813 0.18231794593157236 0.37655683260527428 0.14729620650177822 0.15213533444330096 1.1781887234828898 238.51561439299257 1.8536510787380374 4.6404130233568139 1.7768983019050208 1.9825695394538341 4.6819033783394843 2.9001409143675101 7.929366127762477 1.0717459091974877 3.4251550659537306 5.1675398461520672 2175.6347095000383 0.1863538771867751 1.8867730497731825 0.48814568173838768 0.34191427944460884 0.53984787315130234 0.24148157238960266 0.1365017801290378 1.1428019404411314 0.24762428045505658
leaf_count=156 74 785 47 127 188 156 38 3 100 4314 41 35 27 31 102 55 89 139 17 39 17549 1 1482 206 257 3 1 3 5 4
internal_value=1.04583e-05 -0.0214419 4.99079e-05 0.0478984 0.0401695 0.0149647 0.0935486 0.167142 0.0361578 -9.23039e-06 0.0121343 -0.00510034 -0.0356646 0.0297471 0.0424749 -9.51296e-05 0.000280121 -0.00347677 -0.00296114 0.0416215 0.000127376 -0.102635 -0.0406123 -0.0149334 0.00626801 0.0345629 0.0354903 -0.0271836 0.0728898 0.028451
internal_weight=2460.18 4.51582 2455.67 0.978074 3.61445 2.04171 0.678986 0.299432 1.66515 2452.05 17.2232 8.70505 4.06464 8.51812 6.53555 2434.83 2191.63 243.199 241.941 8.06768 2183.56 1.2581 3.53775 1.65097 1.16283 0.820913 0.379554 0.48696 1.57274 0.429942
internal_count=26074 3058 23016 325 530 333 198 41 177 22486 283 109 74 174 143 22203 17732 4471 4331 94 17638 140 2733 1251 1045 788 157 77 197 192
is_linear=0
shrinkage=0.05


Tree=197
num_leaves=25
num_cat=0
split_feature=3 3 5 7 3 2 3 9 0 3 3 6 2 2 4 3 5 0 7 4 7 4 5 1
split_gain=0.817093 3.4397 4.60794 2.54199 2.10151 3.75904 7.91425 3.21265 2.46993 2.09871 6.14986 4.21334 3.7721 2.67512 2.66485 1.72001 1.66621 3.82712 2.03418 1.64649 0.931055 0.636581 0.486956 0.341102
threshold=21.500000000000004 20.500000000000004 2.9894381908528551 2.5000000000000004 16.500000000000004 84.89444444444446 18.500000000000004 8.5000000000000018 1.0000000180025095e-35 15.500000000000002 14.500000000000002 1.0000000180025095e-35 58.452991452991462 75.20714285714287 1440.5000000000002 11.500000000000002 3.0005861664712783 1.0000000180025095e-35 5.5000000000000009 6037.0000000000009 5.5000000000000009 3624.5000000000005 4.7529269737141826 82.500000000000014
decision_type=2 2 2 2 2 2 2 2 2 2 2 2 2 2 2 2 2 2 2 2 2 2 2 2
left_child=1 4 -3 23 9 7 -7 8 -6 10 15 14 -12 -13 -11 -1 21 18 -18 20 -5 -2 -21 -4
right_child=16 2 3 19 5 6 -8 -9 -10 11 12 13 -14 -15 -16 -17 17 -19 -20 22 -22 -23 -24 -25
leaf_value=-0.0004369601031182003 0.029012090978966395 -0.05686611509128417 0.040647262648587271 -0.0094861182745091498 -0.018908792688428253 -0.1183164720732868 0.026718652982360966 0.027941669212083759 0.011327123170821841 -0.053806949274006699 0.0093845696696230486 0.034624848323000883 -0.031702292830655524 0.0055199712117892773 -0.00028164569927055381 0.0031567192770174512 -0.074894772785147209 0.011962417698923167 -0.019163909792901779 0.055817096752776497 0.017111681763296482 -0.0055381857495379111 0.016967141279605757 0.067680106875856905
leaf_weight=1890.9993912202772 2.7152747269719866 1.8886524885892892 1.9712635674513901 4.8832599259912994 28.536325519904494 2.2537103141657999 1.6143569462001326 5.9022638350725165 8.8486634418368322 3.1315351352095595 7.2827511578798321 16.345249466598037 23.980046987533569 15.271157287526874 9.033099237829445 404.11560521041974 3.2379751484841091 4.8269070610404015 3.3121952898800373 2.8231594446115191 10.08568445779383 2.6191980987787247 1.1291952198371289 2.8598511479794979
leaf_count=21023 20 11 30 33 150 29 21 33 40 16 33 85 130 194 66 3896 22 26 24 52 76 21 16 27
internal_value=9.78639e-06 8.51598e-05 0.0183019 0.0242788 -0.00010807 -0.0105599 -0.0577853 -0.00633994 -0.0117522 9.98739e-05 -0.000104234 0.0109455 -0.022131 0.0205668 -0.0140606 0.000195802 -0.0110086 -0.0218194 -0.0467136 0.0160137 0.00843479 0.0120481 0.0447176 0.0566498
internal_weight=2459.67 2442.96 25.6411 23.7524 2417.31 47.1553 3.86807 43.2873 37.385 2370.16 2326.38 43.781 31.2628 31.6164 12.1646 2295.11 16.7116 11.3771 6.55017 18.9213 14.9689 5.33447 3.95235 4.83111
internal_count=26074 25961 245 234 25716 273 50 223 190 25443 25082 361 163 279 82 24919 113 72 46 177 109 41 68 57
is_linear=0
shrinkage=0.05


Tree=198
num_leaves=31
num_cat=0
split_feature=1 1 2 3 0 7 4 3 5 3 9 5 10 2 2 5 3 3 9 6 5 10 9 3 7 4 4 2 5 5
split_gain=0.819387 3.69803 2.58554 2.73141 2.52512 2.98336 2.79521 8.04454 5.99418 1.80364 4.53165 5.87751 7.50225 5.62671 6.36936 5.53583 5.00123 4.46395 11.5846 10.2898 11.5526 8.93601 5.66768 5.05618 4.60294 4.05429 4.75706 4.03813 3.92152 4.39842
threshold=52.500000000000007 42.500000000000007 91.023809523809533 13.500000000000002 1.0000000180025095e-35 4.5000000000000009 340.50000000000006 6.5000000000000009 2.4618037135278521 4.5000000000000009 7.5000000000000009 2.5424447270374588 1.5000000000000002 55.035714285714292 64.866071428571445 4.7275819418676575 3.5000000000000004 5.5000000000000009 9.5000000000000018 1.0000000180025095e-35 3.2802931575877179 1.0000000180025095e-35 9.5000000000000018 6.5000000000000009 1.0000000180025095e-35 3624.5000000000005 1661.5000000000002 42.690476190476197 2.1540507364975454 4.7275819418676575
decision_type=2 2 2 2 2 2 2 2 2 2 2 2 2 2 2 2 2 2 2 2 2 2 2 2 2 2 2 2 2 2
left_child=1 2 4 -4 6 -6 7 -1 -8 10 11 12 -2 -13 -15 25 -17 18 19 20 -11 -21 23 24 -19 26 -12 -25 -24 -30
right_child=9 -3 3 -5 5 -7 8 -9 -10 17 15 13 -14 14 -16 16 -18 22 -20 21 -22 -23 28 27 -26 -27 -28 -29 29 -31
leaf_value=-0.058861124172144744 -0.036512255890775579 0.066885321493338354 0.034002764146969913 -0.062082360606406997 0.017382287701016578 -0.034449334286835311 -0.035879244153301862 0.0011710237445200951 0.0067964206298226559 0.0020379832980858448 -0.031097025167871897 -0.031407901279355881 0.18093019312304026 0.029771709199288499 0.00041964152176649817 -0.055477116447971722 0.044769622673703484 0.015211826943821364 -0.047512173303564831 -0.010648355820413577 0.024960080061655204 0.014387501419046121 0.049735436483311413 -0.034840478899526343 -0.013884909677493062 -0.12299200824838868 0.0034999138400697172 -0.00041130307085093364 0.003641816627926966 0.048793353354315665
leaf_weight=6.9186233631044152 14.790900356427297 2.2262600953108622 9.5744936358532833 0.80154832708649415 3.8728247991530216 9.8048637635365576 8.6278561283834261 28.853538958355784 177.67043616849696 110.35806762240827 33.539226302236784 12.071498104778582 0.40761411469429809 20.939777696854435 157.49255036059185 1.5807495740300499 5.8430358283221722 15.282260143198071 10.251015376299618 116.44544186349958 109.51776767335832 51.362977505661547 7.0656800009310237 8.5706349015235883 122.89914153516293 0.9916826356202354 14.118253906490279 1351.1182006888557 39.949074164964259 6.2356769428588441
leaf_count=737 4334 33 252 13 22 69 64 195 1632 560 1262 590 17 410 2639 72 34 74 57 539 763 275 58 108 617 7 93 10077 402 69
internal_value=9.97193e-06 0.00273308 0.0021528 0.0265802 0.00107767 -0.0197733 0.00236192 -0.0104397 0.00482002 -0.000295924 -0.00419279 -0.000758069 -0.0306806 0.00162917 0.00386423 -0.016793 0.023424 0.000227459 0.00495172 0.00633895 0.0134552 -0.00298535 -0.000984537 -0.0015544 -0.0106669 -0.02293 -0.0208479 -0.000628323 0.0150452 0.00973799
internal_weight=2459.18 248.35 246.124 10.376 235.748 13.6777 222.07 35.7722 186.298 2210.83 261.775 205.702 15.1985 190.504 178.432 56.0729 7.42379 1949.06 397.935 387.684 219.876 167.808 1551.12 1497.87 138.181 48.6492 47.6575 1359.69 53.2504 46.1848
internal_count=26074 3017 2984 265 2719 91 2628 932 1696 23057 9458 7990 4351 3639 3049 1468 106 13599 2194 2137 1323 814 11405 10876 691 1362 1355 10185 529 471
is_linear=0
shrinkage=0.05


Tree=199
num_leaves=31
num_cat=0
split_feature=5 5 3 3 3 6 7 11 10 5 4 7 4 4 4 7 5 4 1 4 8 3 5 4 8 2 4 3 4 0
split_gain=0.823969 4.08171 3.80997 6.4415 6.23187 4.23802 4.82604 4.30348 3.56424 3.13242 9.04692 9.06987 5.5931 4.51944 2.93398 9.91585 3.86408 3.42871 2.94391 2.73869 2.65255 2.34677 2.29956 5.13852 4.34794 2.89334 2.28591 7.37208 6.67295 2.02393
threshold=3.8563954261401414 3.7155352699629063 13.500000000000002 19.500000000000004 11.500000000000002 1.0000000180025095e-35 1.5000000000000002 1.0000000180025095e-35 1.5000000000000002 3.9536576220343611 520.50000000000011 8.5000000000000018 2435.0000000000005 813.50000000000011 443.50000000000006 7.5000000000000009 3.9835988151897808 520.50000000000011 152.50000000000003 3689.5000000000005 3.5000000000000004 9.5000000000000018 3.6788922618290227 537.50000000000011 1.0000000180025095e-35 71.577380952380963 1164.5000000000002 7.5000000000000009 1116.5000000000002 1.0000000180025095e-35
decision_type=2 2 2 2 2 2 2 2 2 2 2 2 2 2 2 2 2 2 2 2 2 2 2 2 2 2 2 2 2 2
left_child=1 20 4 19 5 6 -3 -7 9 10 -2 13 -13 -12 15 18 -16 -18 -11 -4 22 -22 26 25 -25 -24 28 -28 -1 -17
right_child=8 2 3 -5 -6 7 -8 -9 -10 14 11 12 -14 -15 16 29 17 -19 -20 -21 21 -23 23 24 -26 -27 27 -29 -30 -31
leaf_value=-0.00060882419883876002 0.062541791001360841 -0.018239498267515343 -0.087878171583780099 0.028478279800589118 0.041758780428440223 -0.0076256439095493721 0.033507173209772416 0.050561143698606197 0.034978395476967516 -0.065527976381770617 -0.073401110587611978 -0.0050756933918358876 0.052714668776746923 -0.022259152133236013 0.022457755723193681 0.042353381804540707 0.041780240256658441 -0.0010927245658051185 0.043940156352112375 -0.017978367776212169 0.042775907387174392 -0.0023323628669972263 -0.0086391287030222492 0.0035034438533466691 -0.035143828292034988 0.090125145787090757 0.0093530820049989947 -0.0023442482863040705 -0.025666665438999599 -0.049162522890359953
leaf_weight=962.52573239001504 3.8960571979987426 5.6910701500019085 2.8732073828577978 4.1330484505742788 16.45084243780002 37.49565194407478 21.633200438081985 3.4719264276791355 6.6988055580295613 7.8251750967465323 4.7887038625776759 13.284190104459414 6.113636238500475 44.122872914071195 18.365496351965703 4.5882580383622544 4.6964960457407861 661.91379805150791 0.66648027233895835 2.7353713251650333 6.7979525290284055 5.0071295406669378 1.2766800283570767 12.270913271931933 17.8842534837313 1.7691415513399986 237.65357237029821 310.9178526038304 27.322916745208204 0.69575820968020696
leaf_count=13447 73 60 16 38 208 314 222 30 64 341 43 96 69 356 163 195 88 5470 9 24 94 48 18 97 132 25 1661 2463 186 24
internal_value=9.57814e-06 0.00063311 0.0107286 -0.0188847 0.0141328 0.00747792 0.0227294 -0.00269442 -0.00133579 -0.00165132 -0.0115658 -0.0157926 0.0131382 -0.0272662 -0.000626804 -0.0234732 -0.000167336 -0.00079067 -0.0569362 -0.0537872 3.07067e-05 0.0236432 -0.000146656 -0.0131658 -0.0194173 0.0487273 0.000134312 0.0027233 -0.0013005 0.0303033
internal_weight=2455.57 1677.91 94.4843 9.74163 84.7427 68.2918 27.3243 40.9676 777.656 770.957 72.2055 68.3094 19.3978 48.9116 698.751 13.7757 684.976 666.61 8.49166 5.60858 1583.43 11.8051 1571.62 33.201 30.1552 3.04582 1538.42 548.571 989.849 5.28402
internal_count=26074 19083 912 78 834 626 282 344 6991 6927 637 564 165 399 6290 569 5721 5558 350 40 18171 142 18029 272 229 43 17757 4124 13633 219
is_linear=0
shrinkage=0.05


end of trees

feature_importances:
num_assessments=1406
total_clicks=974
avg_clicks=957
avg_score=864
studied_credits=430
imd_band_enc=311
region_enc=259
num_of_prev_attempts=210
gender_enc=181
highest_education_enc=177
age_band_enc=133
disability_enc=56

parameters:
[boosting: gbdt]
[objective: binary]
[metric: binary_logloss]
[tree_learner: serial]
[device_type: cpu]
[data_sample_strategy: bagging]
[data: ]
[valid: ]
[num_iterations: 200]
[learning_rate: 0.05]
[num_leaves: 31]
[num_threads: 1]
[seed: 0]
[deterministic: 0]
[force_col_wise: 0]
[force_row_wise: 0]
[histogram_pool_size: -1]
[max_depth: 6]
[min_data_in_leaf: 20]
[min_sum_hessian_in_leaf: 0.001]
[bagging_fraction: 1]
[pos_bagging_fraction: 1]
[neg_bagging_fraction: 1]
[bagging_freq: 0]
[bagging_seed: 3]
[bagging_by_query: 0]
[feature_fraction: 1]
[feature_fraction_bynode: 1]
[feature_fraction_seed: 2]
[extra_trees: 0]
[extra_seed: 6]
[early_stopping_round: 0]
[early_stopping_min_delta: 0]
[first_metric_only: 0]
[max_delta_step: 0]
[lambda_l1: 0]
[lambda_l2: 0]
[linear_lambda: 0]
[min_gain_to_split: 0]
[drop_rate: 0.1]
[max_drop: 50]
[skip_drop: 0.5]
[xgboost_dart_mode: 0]
[uniform_drop: 0]
[drop_seed: 4]
[top_rate: 0.2]
[other_rate: 0.1]
[min_data_per_group: 100]
[max_cat_threshold: 32]
[cat_l2: 10]
[cat_smooth: 10]
[max_cat_to_onehot: 4]
[top_k: 20]
[monotone_constraints: ]
[monotone_constraints_method: basic]
[monotone_penalty: 0]
[feature_contri: ]
[forcedsplits_filename: ]
[refit_decay_rate: 0.9]
[cegb_tradeoff: 1]
[cegb_penalty_split: 0]
[cegb_penalty_feature_lazy: ]
[cegb_penalty_feature_coupled: ]
[path_smooth: 0]
[interaction_constraints: ]
[verbosity: 1]
[saved_feature_importance_type: 0]
[use_quantized_grad: 0]
[num_grad_quant_bins: 4]
[quant_train_renew_leaf: 0]
[stochastic_rounding: 1]
[linear_tree: 0]
[max_bin: 255]
[max_bin_by_feature: ]
[min_data_in_bin: 3]
[bin_construct_sample_cnt: 200000]
[data_random_seed: 1]
[is_enable_sparse: 1]
[enable_bundle: 1]
[use_missing: 1]
[zero_as_missing: 0]
[feature_pre_filter: 1]
[pre_partition: 0]
[two_round: 0]
[header: 0]
[label_column: ]
[weight_column: ]
[group_column: ]
[ignore_column: ]
[categorical_feature: ]
[forcedbins_filename: ]
[precise_float_parser: 0]
[parser_config_file: ]
[objective_seed: 5]
[num_class: 1]
[is_unbalance: 0]
[scale_pos_weight: 1]
[sigmoid: 1]
[boost_from_average: 1]
[reg_sqrt: 0]
[alpha: 0.9]
[fair_c: 1]
[poisson_max_delta_step: 0.7]
[tweedie_variance_power: 1.5]
[lambdarank_truncation_level: 30]
[lambdarank_norm: 1]
[label_gain: ]
[lambdarank_position_bias_regularization: 0]
[eval_at: ]
[multi_error_top_k: 1]
[auc_mu_weights: ]
[num_machines: 1]
[local_listen_port: 12400]
[time_out: 120]
[machine_list_filename: ]
[machines: ]
[gpu_platform_id: -1]
[gpu_device_id: -1]
[gpu_use_dp: 0]
[num_gpu: 1]

end of parameters

pandas_categorical:[]
